task,family,regime,raw_steps,units,decision_gap,oracle_cost,model_regret,regret_ci_low,regret_ci_high,history_benefit,history_ci_low,history_ci_high,advantage_over_best_shared,advantage_ci_low,advantage_ci_high,true_future_encoded_regret,full_error_ratio,current_error_ratio,past_error_ratio,checkpoint_sha256
speed,lewm,original,5,px,3.305257459498938,4.883764074890981,3.305257459498939,2.0692945451294995,4.541220373868379,0.0,0.0,0.0,-5.551115123125783e-16,-7.956598343146956e-16,-2.590520390792032e-16,0.0,1.0,1.0,1.0,53103e123ce03c2fcd8889cbf39a92d1bbd998f2b067342203e38962b2c5c519
speed,lewm,original,10,px,7.777751661310403,2.820744642425173e-05,7.562073017426276,7.204767473467251,7.919376957432987,0.4793053237200285,0.0,0.9586119737711368,0.21567864388412605,-0.14162784800848582,0.5729867153697543,0.0,0.3344770495811786,0.3344770495811786,1.0,53103e123ce03c2fcd8889cbf39a92d1bbd998f2b067342203e38962b2c5c519
speed,lewm,original,15,px,7.777762616644395,2.9099528849959217e-05,7.011111092206597,6.500005420641376,7.522215933722691,1.2222066466832884,0.40740076450745416,2.0370140050673498,0.7666515244377984,0.2555491129557292,1.277757379743788,0.0,0.17473095613720915,0.1860997061276845,0.9794171996097536,53103e123ce03c2fcd8889cbf39a92d1bbd998f2b067342203e38962b2c5c519
speed,lewm,original,20,px,7.777740195636902,0.00010319872752815072,7.6971769565077715,7.25705433192747,7.952157634216644,0.2952180111064485,0.0,0.8856540333193456,0.08056323912913088,-0.17439078105316094,0.5206790500217015,0.0,0.12428483954810582,0.13340985660891314,0.9495232548496165,53103e123ce03c2fcd8889cbf39a92d1bbd998f2b067342203e38962b2c5c519
speed,lewm,original,25,px,7.777696582690825,0.00010716962424339727,7.4443640970679965,6.777681370632814,7.777730486659695,0.531400945301559,0.0,1.594202835904677,0.3333324856228299,0.0,0.9999974568684897,0.0,0.1041706433772704,0.11099480803066446,0.9172948375212236,53103e123ce03c2fcd8889cbf39a92d1bbd998f2b067342203e38962b2c5c519
speed,lewm,scratch,5,px,3.305257459498938,4.883764074890981,1.307666427576704,0.48888564084194913,2.4757847762727354,4.372587707307604,1.6999931997723048,6.876276475191117,1.9975910319222343,0.7433608902825246,3.3288008239534164,0.0,1.0,1.0,1.0,bf8aab90eb010c87650a2733a8075a0975d4c7b4c107d5c2c41f899589d763c2
speed,lewm,scratch,10,px,7.777751661310403,2.820744642425173e-05,3.897139074595543,2.005530572250185,5.883290979926136,14.73625635762639,13.841407732761176,15.6384129341756,3.8806125867148595,1.89446355667456,5.772221750683255,0.0,0.3680035326905701,0.3680035326905701,1.0,bf8aab90eb010c87650a2733a8075a0975d4c7b4c107d5c2c41f899589d763c2
speed,lewm,scratch,15,px,7.777762616644395,2.9099528849959217e-05,4.509941878408528,2.2424466988314737,6.901630789703531,13.733805422946615,12.177594423294067,15.311430671113863,3.267820738235868,0.8761257008270854,5.53532021413432,0.0,0.26216197168390076,0.29299416930479033,0.9722328803023081,bf8aab90eb010c87650a2733a8075a0975d4c7b4c107d5c2c41f899589d763c2
speed,lewm,scratch,20,px,7.777740195636902,0.00010319872752815072,3.7032623840350425,1.5732381586082436,5.833287524125708,14.036842956935288,12.639795263608297,15.433904622788154,4.07447781160186,1.9444479337964566,6.204491305478666,0.0,0.21228001610425343,0.24180215239540484,0.9571713309724023,bf8aab90eb010c87650a2733a8075a0975d4c7b4c107d5c2c41f899589d763c2
speed,lewm,scratch,25,px,7.777696582690825,0.00010716962424339727,4.207804640860963,1.8066972873493794,6.530132356331806,12.972091004708394,11.572162336173479,14.499977076003335,3.5698919418298627,1.2475544756056882,5.970999743603493,0.0,0.18541993212064548,0.20094487561836513,0.8899491415540762,bf8aab90eb010c87650a2733a8075a0975d4c7b4c107d5c2c41f899589d763c2
speed,lewm,frozen,5,px,3.305257459498938,4.883764074890981,0.38332905333572853,0.1055524744016212,0.6611068311135063,5.54357789662562,2.77178822663508,8.093948378306273,2.9219284061632096,1.4609639512168033,4.244003972220727,0.0,1.0,1.0,1.0,a381515ca1d4dfabcecf512402dc691b63b9a4b17896cecfaffa59d42b3f9130
speed,lewm,frozen,10,px,7.777751661310403,2.820744642425173e-05,1.0875666442195022,0.7603326758148291,1.4294240447453075,15.163550882061422,14.413466308072506,15.888803207382713,6.690185017090901,6.348322464063959,7.017421459158263,0.025761922200520832,0.5002139507790829,0.5002139507790829,1.0,a381515ca1d4dfabcecf512402dc691b63b9a4b17896cecfaffa59d42b3f9130
speed,lewm,frozen,15,px,7.777762616644395,2.9099528849959217e-05,1.080061813973569,0.9638829597779477,1.188390533500448,15.825476917960863,15.05868615441937,16.585732565548216,6.697700802670827,6.5893711120289575,6.813879132567409,0.0,0.3344438058166832,0.31957292538070586,0.9895372342922613,a381515ca1d4dfabcecf512402dc691b63b9a4b17896cecfaffa59d42b3f9130
speed,lewm,frozen,20,px,7.777740195636902,0.00010319872752815072,0.9687279471125092,0.6843594334447213,1.2798385900597269,15.447159008108429,14.516844532031328,16.20822696114111,6.809012248524393,6.497899763687909,7.09338549990692,0.025761922200520832,0.2808679958384569,0.30307266731026744,0.9739064087445991,a381515ca1d4dfabcecf512402dc691b63b9a4b17896cecfaffa59d42b3f9130
speed,lewm,frozen,25,px,7.777696582690825,0.00010716962424339727,1.2595944797390581,1.0373696371381003,1.4818193223400158,14.720312118514912,14.370178076501665,14.975472091428754,6.518102102951769,6.295908197332917,6.740296063468708,0.0,0.2739857100773328,0.2758036417066778,0.9042079662534953,a381515ca1d4dfabcecf512402dc691b63b9a4b17896cecfaffa59d42b3f9130
speed,pldm,original,5,px,3.305257459498938,4.883764074890981,3.8016815649312368,2.0692959226590677,5.534067207203407,0.0,0.0,0.0,-0.4964241054322989,-1.333785759078132,-5.181040781584064e-16,0.0,1.0,1.0,1.0,ae5f3709e0b10f8e56202a82db177d48f9d0a5780665c67b559d28b15914a4fd
speed,pldm,original,10,px,7.777751661310403,2.820744642425173e-05,7.9163068570574575,7.010083021508156,8.486569313119817,0.6527821090486314,0.0,1.8750019735760157,-0.1385551957470549,-0.7088162119446979,0.7676693758082062,0.0,0.7058626256189977,0.7058626256189977,1.0,ae5f3709e0b10f8e56202a82db177d48f9d0a5780665c67b559d28b15914a4fd
speed,pldm,original,15,px,7.777762616644395,2.9099528849959217e-05,8.621081091418999,8.38595279742761,8.951137077719167,0.0,0.0,0.0,-0.843318474774605,-1.173372296904037,-0.6081880486325538,0.0,0.5201915368274853,0.5203267193561478,0.9915916742065635,ae5f3709e0b10f8e56202a82db177d48f9d0a5780665c67b559d28b15914a4fd
speed,pldm,original,20,px,7.777740195636902,0.00010319872752815072,8.141116629083829,7.55752688494249,8.556429669333738,0.42512158485462553,0.0,1.2753647545638767,-0.3633764334469259,-0.7786901276590975,0.22021032234285143,0.0,0.4596238766572501,0.45707449430089336,0.9757419227173495,ae5f3709e0b10f8e56202a82db177d48f9d0a5780665c67b559d28b15914a4fd
speed,pldm,original,25,px,7.777696582690825,0.00010716962424339727,8.468485447922529,8.327198803479002,8.578391122229107,0.0,0.0,0.0,-0.6907888652317022,-0.8007223733769736,-0.5494697646039036,0.0,0.4669686306175857,0.4622973244345227,0.9598820571897628,ae5f3709e0b10f8e56202a82db177d48f9d0a5780665c67b559d28b15914a4fd
speed,pldm,scratch,5,px,3.305257459498938,4.883764074890981,0.6800616416840057,0.21731680302238807,1.151800913402494,5.5260808037387,3.1942932208379107,7.777253435717689,2.625195817814932,1.5019785563151038,3.7152615046335593,0.0,1.0,1.0,1.0,7368e19623db2c16eeabad09704e33cf7df59fc81a537c7ca595c4d2d5b9a7e8
speed,pldm,scratch,10,px,7.777751661310403,2.820744642425173e-05,1.5288506664314305,1.101068005557358,1.9964929318905182,14.980597721576892,14.298932179703725,15.736865602452882,6.248900994878972,5.781259391042922,6.6766840573806485,0.0,0.6734987457633259,0.6734987457633259,1.0,7368e19623db2c16eeabad09704e33cf7df59fc81a537c7ca595c4d2d5b9a7e8
speed,pldm,scratch,15,px,7.777762616644395,2.9099528849959217e-05,2.2761217642822276,1.7901768496837274,2.881366019122753,15.018520393525854,13.825090645308592,16.047910765474928,5.501640852362168,4.896393272315234,5.9875823293166635,0.0,0.5023271137266682,0.5042730371999473,0.9456119262011535,7368e19623db2c16eeabad09704e33cf7df59fc81a537c7ca595c4d2d5b9a7e8
speed,pldm,scratch,20,px,7.777740195636902,0.00010319872752815072,2.7810973418842573,1.2831238008495551,4.502556342247569,14.608473851399644,12.856431118624945,15.762981547302237,4.996642853752645,3.275203240516323,6.494609581099616,0.0,0.43159383409733465,0.4435344049977626,0.8883459226589574,7368e19623db2c16eeabad09704e33cf7df59fc81a537c7ca595c4d2d5b9a7e8
speed,pldm,scratch,25,px,7.777696582690825,0.00010716962424339727,2.9752272507200055,1.4721502523793284,4.657334461760507,13.800016892081153,12.518892976972792,14.90542836864026,4.80246933197082,3.1203719588916603,6.305512874604674,0.0,0.3748876289145805,0.38938916709549726,0.8373814246225384,7368e19623db2c16eeabad09704e33cf7df59fc81a537c7ca595c4d2d5b9a7e8
speed,pldm,frozen,5,px,3.305257459498938,4.883764074890981,0.627819097721739,0.322872179179002,0.9589597421437349,5.381258259216945,3.0895957152048745,7.553432414929072,2.677438361777199,1.5013920664787286,3.8006578518284684,0.0,1.0,1.0,1.0,94ec9c74cff5adcd947c7a4b02d2b42a9697cd4a293b77f8d27c2d975bb8a1e0
speed,pldm,frozen,10,px,7.777751661310403,2.820744642425173e-05,1.2212309606701537,0.6545647751396851,1.7878971462006221,15.092392883703118,14.24628609418869,15.8584408546095,6.55652070064025,5.989853590796783,7.123187810483716,0.0,0.5039527677241842,0.5039527677241842,1.0,94ec9c74cff5adcd947c7a4b02d2b42a9697cd4a293b77f8d27c2d975bb8a1e0
speed,pldm,frozen,15,px,7.777762616644395,2.9099528849959217e-05,1.5910017547488071,0.9424808101922383,2.2940894967981267,15.264846253766436,13.888363285860278,16.181555665502753,6.186760861895588,5.483674267155038,6.835279990386678,0.0,0.40703695148316105,0.42253120969203156,0.9008361467688796,94ec9c74cff5adcd947c7a4b02d2b42a9697cd4a293b77f8d27c2d975bb8a1e0
speed,pldm,frozen,20,px,7.777740195636902,0.00010319872752815072,1.8411433321687383,0.9333007608883136,2.920230562284511,14.474977865332525,12.64979419763727,15.958878850570828,5.936596863468164,4.857545309596591,6.844436538923117,0.0,0.25985044346226416,0.2754524940842541,0.797161633094081,94ec9c74cff5adcd947c7a4b02d2b42a9697cd4a293b77f8d27c2d975bb8a1e0
speed,pldm,frozen,25,px,7.777696582690825,0.00010716962424339727,2.3820994139799345,1.2776799539666779,4.090895603446431,13.892291985036637,12.677808815286781,14.975460446271528,5.395597168710892,3.6868150196562053,6.500001588857331,0.0,0.2110394059779966,0.20921537619488875,0.7038189026509768,94ec9c74cff5adcd947c7a4b02d2b42a9697cd4a293b77f8d27c2d975bb8a1e0
speed,dinowm,original,5,px,3.305257459498938,4.883764074890981,3.305257459498939,2.0692945451294995,4.541220373868379,0.0,0.0,0.0,-5.551115123125783e-16,-7.956598343146956e-16,-2.590520390792032e-16,0.07697799470689562,1.0,1.0,1.0,20fe17831fac40bcb77f750104c5790626a218b3932778d02e88d91d9b4be23e
speed,dinowm,original,10,px,7.777751661310403,2.820744642425173e-05,7.90106173898251,7.73308797459342,8.04681013745762,0.1648146336452151,0.0,0.3587131509047039,-0.12331007767210804,-0.26906161856661354,0.044665460960055046,0.0,0.6693599866065654,0.6693599866065654,1.0,20fe17831fac40bcb77f750104c5790626a218b3932778d02e88d91d9b4be23e
speed,dinowm,original,15,px,7.777762616644395,2.9099528849959217e-05,7.925053623770812,7.673205386495283,8.117649519015288,0.2520684629678019,0.0,0.581689346829838,-0.147291007126417,-0.3398840366472792,0.1045563714717197,0.0,0.4906001133747084,0.5125188892187361,0.9716416415429568,20fe17831fac40bcb77f750104c5790626a218b3932778d02e88d91d9b4be23e
speed,dinowm,original,20,px,7.777740195636902,0.00010319872752815072,7.948799183063481,7.739756554415281,8.06661290608382,0.11943772067752434,0.0,0.358313162032573,-0.17105898742657807,-0.28885111481779163,0.03798266096176439,0.0,0.39409055407226434,0.4192993708621641,0.9207897076723294,20fe17831fac40bcb77f750104c5790626a218b3932778d02e88d91d9b4be23e
speed,dinowm,original,25,px,7.777696582690825,0.00010716962424339727,8.091699027665728,7.966084236625141,8.154521198592393,0.0,0.0,0.0,-0.3140024449749032,-0.3768171568994547,-0.18839876943254938,0.0,0.3496153128265121,0.37634902737583553,0.8814586952307953,20fe17831fac40bcb77f750104c5790626a218b3932778d02e88d91d9b4be23e
speed,dinowm,scratch,5,px,3.305257459498938,4.883764074890981,3.305257459498939,2.0692945451294995,4.541220373868379,0.0,0.0,0.0,-5.551115123125783e-16,-7.956598343146956e-16,-2.590520390792032e-16,0.07697799470689562,1.0,1.0,1.0,7887e636b1f37f43f31c185ba0bdf8ba550ba708fdd5e274b2843a43d2cf8439
speed,dinowm,scratch,10,px,7.777751661310403,2.820744642425173e-05,7.609562076287047,7.284289615368632,7.8622850997572735,0.5043594671620263,0.1648146336452151,0.9157980895355043,0.16818958502335604,-0.08453580262458749,0.49346160207844364,0.0,0.6232833797507447,0.6232833797507447,1.0,7887e636b1f37f43f31c185ba0bdf8ba550ba708fdd5e274b2843a43d2cf8439
speed,dinowm,scratch,15,px,7.777762616644395,2.9099528849959217e-05,7.970368568293452,7.874061618631175,8.066673741739274,0.0,0.0,0.0,-0.19260595164905667,-0.2889156636258323,-0.0962943712870277,0.0,0.45893149245973813,0.4739463569402708,0.9763205662576255,7887e636b1f37f43f31c185ba0bdf8ba550ba708fdd5e274b2843a43d2cf8439
speed,dinowm,scratch,20,px,7.777740195636902,0.00010319872752815072,7.89564908335645,7.812604095727793,7.991934731960807,0.0,0.0,0.0,-0.117908887719548,-0.214193514287116,-0.034883287217881996,0.0,0.3768778150418985,0.3929264030621232,0.9412028405948002,7887e636b1f37f43f31c185ba0bdf8ba550ba708fdd5e274b2843a43d2cf8439
speed,dinowm,scratch,25,px,7.777696582690825,0.00010716962424339727,7.840496762844043,7.777677379716704,7.966097587202966,0.0,0.0,0.0,-0.06280018015321624,-0.1884005404596487,0.0,0.0,0.34098216782992574,0.3557602210029411,0.9113860884266467,7887e636b1f37f43f31c185ba0bdf8ba550ba708fdd5e274b2843a43d2cf8439
speed,dinowm,frozen,5,px,3.305257459498938,4.883764074890981,1.1851974229191709,0.6307848372238772,1.8605425192931662,3.466527750094732,1.5860335114929411,5.147021291984452,2.1200600365797677,0.9253069443835149,3.228701848122808,0.07697799470689562,1.0,1.0,1.0,80f4f495b7dc11ba9e9e825528a08ba572521db1365855c76bad9c52ad4007d9
speed,dinowm,frozen,10,px,7.777751661310403,2.820744642425173e-05,3.532933397912226,2.394584982593086,4.765664393388458,9.105037714009288,6.209290903370654,11.9208556148741,4.244818263398176,3.0120875951666277,5.383162619118593,0.0,0.5665568949929384,0.5665568949929384,1.0,80f4f495b7dc11ba9e9e825528a08ba572521db1365855c76bad9c52ad4007d9
speed,dinowm,frozen,15,px,7.777762616644395,2.9099528849959217e-05,3.428578620125942,1.9694292813938874,4.950805711977712,9.17270475872859,5.646993238808036,12.51144112337493,4.3491839965184536,2.8269572390450377,5.808334496286181,0.0,0.41919632670275947,0.4225059810439551,0.9493447051524577,80f4f495b7dc11ba9e9e825528a08ba572521db1365855c76bad9c52ad4007d9
speed,dinowm,frozen,20,px,7.777740195636902,0.00010319872752815072,3.1865017509133193,1.9268332984057552,4.584767125740958,9.54442809077672,6.347375562112171,12.779945420620303,4.591238444723583,3.192957600631214,5.850918448633617,0.0,0.3461937020604306,0.3799676509732896,0.971867655068457,80f4f495b7dc11ba9e9e825528a08ba572521db1365855c76bad9c52ad4007d9
speed,dinowm,frozen,25,px,7.777696582690825,0.00010716962424339727,3.4353661934381106,2.0151053122252858,4.7624998613318885,9.392387238547801,5.895571402626936,13.156395152481208,4.342330389252715,3.0151795016394725,5.762585784754063,0.0,0.305251477766373,0.30782237543417834,1.0001899546207447,80f4f495b7dc11ba9e9e825528a08ba572521db1365855c76bad9c52ad4007d9
action_strength,lewm,original,5,px-equivalent,8.052684624281998,2.703211688917825,12.95822560411277,8.844159576830677,17.935999628478672,0.0,0.0,0.0,-4.905540979830773,-9.625778383025901,-1.4848830100882697,0.0,1.0,1.0,1.0,9f13b2c28bb909338047e08d62bf6eb16ea3616cb53e57cfa9b5072b43db1c59
action_strength,lewm,original,10,px-equivalent,7.200151424153934,15.255827515892245,10.140633317714236,7.75318131181729,12.765098401055957,1.1825026384360968,0.0,3.5475079153082905,-2.940481893560302,-5.205111775084935,-1.107729076233475,1.4555743764965297,0.38948648569460054,0.38948648569460054,1.0,9f13b2c28bb909338047e08d62bf6eb16ea3616cb53e57cfa9b5072b43db1c59
action_strength,lewm,original,15,px-equivalent,7.6120610832871805,16.146893109024077,11.702616031171265,8.827319266471628,15.281679661300547,-1.4298805577994287,-4.289641673398286,0.0,-4.090554947884084,-7.466074397155298,-1.5140500957918406,1.3021669920908492,0.21701812772437987,0.21832966676785082,0.9936857748425596,9f13b2c28bb909338047e08d62bf6eb16ea3616cb53e57cfa9b5072b43db1c59
action_strength,lewm,original,20,px-equivalent,7.6120610832871805,16.146893109024077,10.842718437275376,9.036930629559741,12.900164930459141,1.1760555966051567,0.0,3.52816678981547,-3.230657353988194,-5.333305942923023,-1.5717140471789621,1.3021669920908492,0.1253118000358937,0.12750034656054554,0.9834383650689518,9f13b2c28bb909338047e08d62bf6eb16ea3616cb53e57cfa9b5072b43db1c59
action_strength,lewm,original,25,px-equivalent,7.6120610832871805,16.146893109024077,9.875828491354838,8.54411354553603,11.167561198214026,0.0,0.0,0.0,-2.2637674080676584,-3.4910451884110945,-1.1666377863964057,1.3021669920908492,0.08392020169271808,0.08498741188002631,0.9717753209758501,9f13b2c28bb909338047e08d62bf6eb16ea3616cb53e57cfa9b5072b43db1c59
action_strength,lewm,scratch,5,px-equivalent,8.052684624281998,2.703211688917825,22.244192812901048,10.315028988440753,38.83200725038456,1.5353556349506154,0.0,4.606066904851846,-14.191508188619053,-29.067352801593756,-3.5376422952189475,5.1651459415570695,1.0,1.0,1.0,aa296d32cdd20bf817545f7feb027f4bdc5cd87ee99547bb990c433e8915bed1
action_strength,lewm,scratch,10,px-equivalent,7.200151424153934,15.255827515892245,23.230049885681563,10.077601929158126,46.163052420725286,0.4268239692093877,0.0,1.2804719076281632,-16.02989846152763,-37.93517581266438,-3.8636792856295132,19.220200101796028,0.7522270692451232,0.7522270692451232,1.0,aa296d32cdd20bf817545f7feb027f4bdc5cd87ee99547bb990c433e8915bed1
action_strength,lewm,scratch,15,px-equivalent,7.6120610832871805,16.146893109024077,23.543937634860082,10.690955333182524,45.51900637388468,0.24281668365132147,0.0,0.7284500509539644,-15.9318765515729,-37.540768035507426,-3.6853391245965637,37.20645066621404,0.4040825032228548,0.40643271803528996,0.9825829225348354,aa296d32cdd20bf817545f7feb027f4bdc5cd87ee99547bb990c433e8915bed1
action_strength,lewm,scratch,20,px-equivalent,7.6120610832871805,16.146893109024077,22.41389681313201,9.092021962847792,45.615092711072194,1.2944469852180205,0.0,3.8833409556540612,-14.80183572984483,-37.47173969567104,-2.143123574836992,77.29369484071643,0.16496347809159487,0.16520774764855253,0.9750711024559106,aa296d32cdd20bf817545f7feb027f4bdc5cd87ee99547bb990c433e8915bed1
action_strength,lewm,scratch,25,px-equivalent,7.6120610832871805,16.146893109024077,23.052646268535444,9.994241944301756,45.968682144950826,0.8789308950026178,0.0,2.6367926850078534,-15.440585185248262,-37.88975298507741,-2.9250826793989626,101.46480550104835,0.09315215631325183,0.09594377193837571,0.9732423139011339,aa296d32cdd20bf817545f7feb027f4bdc5cd87ee99547bb990c433e8915bed1
action_strength,lewm,frozen,5,px-equivalent,8.052684624281998,2.703211688917825,5.944861691288576,2.0840399985317832,11.203097380954596,22.683614234679382,15.156873613061306,31.019276516629294,2.1078229329934204,-2.2113177894927722,5.926942328237139,0.0,1.0,1.0,1.0,0097aa2e5c352e957cb17382c7518a49c8a266f42a8dc1384d41934a5515d225
action_strength,lewm,frozen,10,px-equivalent,7.200151424153934,15.255827515892245,3.0841961688045414,1.1268086665029393,5.519711018636638,15.386079941723477,10.333390902002106,20.744157485964454,4.115955255349393,2.3071000739711516,5.9099868017112875,0.6680147060674557,0.7785902430088651,0.7785902430088651,1.0,0097aa2e5c352e957cb17382c7518a49c8a266f42a8dc1384d41934a5515d225
action_strength,lewm,frozen,15,px-equivalent,7.6120610832871805,16.146893109024077,2.497663352299086,0.5457059854791632,4.798996221264095,15.74564694284718,10.50780318584726,21.121221495668635,5.114397730988095,2.9854144326247614,7.080293776562596,5.22078326868997,0.30633651252973776,0.3077574650100156,0.9943856361184858,0097aa2e5c352e957cb17382c7518a49c8a266f42a8dc1384d41934a5515d225
action_strength,lewm,frozen,20,px-equivalent,7.6120610832871805,16.146893109024077,3.304540295789607,1.0012178997802539,5.886821972104665,14.315766385047752,8.837441698494713,20.11713811522982,4.307520787497574,2.068008935371501,6.465567562033165,0.6609149291489906,0.16732083422032892,0.17066650628382093,0.9789003054247337,0097aa2e5c352e957cb17382c7518a49c8a266f42a8dc1384d41934a5515d225
action_strength,lewm,frozen,25,px-equivalent,7.6120610832871805,16.146893109024077,7.136827679858024,1.5867272982621996,15.44429329436755,11.825631767048847,3.8294842309270045,19.45207226387302,0.475233403429157,-8.225361248091138,6.167048827561032,0.6609149291489906,0.0957416636461988,0.09865845876038588,0.9531605149214051,0097aa2e5c352e957cb17382c7518a49c8a266f42a8dc1384d41934a5515d225
action_strength,pldm,original,5,px-equivalent,8.052684624281998,2.703211688917825,8.672142417325613,6.643779102060416,10.905063484250624,0.0,0.0,0.0,-0.6194577930436163,-1.8583733791308492,2.498001805406602e-16,0.0,1.0,1.0,1.0,8227ebb275f1a7ce0348b863b87b5c1fc534068eced1e352c060738d3c96dc04
action_strength,pldm,original,10,px-equivalent,7.200151424153934,15.255827515892245,11.034881739944634,8.167974132787712,15.095749781124383,-2.0085223232445557,-6.025566969733667,0.0,-3.8347303157907016,-7.466285040932013,-1.4031260032884822,1.6571719849581703,0.4551995151432492,0.4551995151432492,1.0,8227ebb275f1a7ce0348b863b87b5c1fc534068eced1e352c060738d3c96dc04
action_strength,pldm,original,15,px-equivalent,7.6120610832871805,16.146893109024077,10.785694819405379,8.669377615901272,13.480787058857425,0.0,0.0,0.0,-3.1736337361181977,-5.742637693982265,-1.2484300226116685,1.4569364283059534,0.296739564434951,0.3020836063624091,0.9854600696138225,8227ebb275f1a7ce0348b863b87b5c1fc534068eced1e352c060738d3c96dc04
action_strength,pldm,original,20,px-equivalent,7.6120610832871805,16.146893109024077,11.475261759544685,8.833285492368557,15.172792355360553,-2.163576447346774,-6.490729342040321,0.0,-3.8632006762575037,-7.392530235808376,-1.4909716691273318,1.4569364283059534,0.18271153147589456,0.1878537200246308,0.9624735677370785,8227ebb275f1a7ce0348b863b87b5c1fc534068eced1e352c060738d3c96dc04
action_strength,pldm,original,25,px-equivalent,7.6120610832871805,16.146893109024077,16.5650610987625,9.505670163332852,27.036858679701716,-2.163576447346774,-6.490729342040321,0.0,-8.95300001547532,-19.702146786838536,-1.7478210414423132,1.4569364283059534,0.14715945943975622,0.1514358645479578,0.9323853329990679,8227ebb275f1a7ce0348b863b87b5c1fc534068eced1e352c060738d3c96dc04
action_strength,pldm,scratch,5,px-equivalent,8.052684624281998,2.703211688917825,43.71352031499653,28.5431539665141,64.18697891529786,5.211640900715842,-0.13302112918733502,10.950419478887136,-35.66083569071453,-54.62072914438724,-21.637297309785893,11.132294520191932,1.0,1.0,1.0,b3e4cb257ae822501909e6ab99fe0919f35e60ee50eff08b6075cbb22f476594
action_strength,pldm,scratch,10,px-equivalent,7.200151424153934,15.255827515892245,85.22303496503937,51.57327454597509,124.73598184589767,-4.230814478199789,-13.899365022026393,2.232450153751138,-78.02288354088543,-116.38281593444293,-45.230238286159924,21.870240958208846,0.9414898986334781,0.9414898986334781,1.0,b3e4cb257ae822501909e6ab99fe0919f35e60ee50eff08b6075cbb22f476594
action_strength,pldm,scratch,15,px-equivalent,7.6120610832871805,16.146893109024077,123.0324824889746,70.95579576525442,181.5883553408058,-0.35834916900271363,-9.63799482409317,8.53738577844151,-115.42042140568742,-172.72659738209433,-64.0158158254279,23.70608331618068,0.8361833218543656,0.8371825720119455,0.9887658862497556,b3e4cb257ae822501909e6ab99fe0919f35e60ee50eff08b6075cbb22f476594
action_strength,pldm,scratch,20,px-equivalent,7.6120610832871805,16.146893109024077,141.2599723186177,80.4860093453595,208.1151355062222,-12.638779096693412,-32.61555890133612,3.873324542306961,-133.64791123533055,-199.52821943541267,-73.20760119217115,37.32641342898491,0.8136138051463327,0.8277547812139231,0.9368657370332029,b3e4cb257ae822501909e6ab99fe0919f35e60ee50eff08b6075cbb22f476594
action_strength,pldm,scratch,25,px-equivalent,7.6120610832871805,16.146893109024077,188.85551973523468,105.59802926808398,288.6325538411228,-8.749717111630911,-30.20793609412678,11.328212860610902,-181.2434586519475,-280.0763421300173,-98.76510324185045,46.30782266616299,0.7617280112917005,0.8111768259322579,0.9477696488794383,b3e4cb257ae822501909e6ab99fe0919f35e60ee50eff08b6075cbb22f476594
action_strength,pldm,frozen,5,px-equivalent,8.052684624281998,2.703211688917825,0.0,0.0,0.0,26.50712013781594,21.103190582203442,32.48235348285491,8.052684624281996,6.278673422306388,10.041320460129201,0.0,1.0,1.0,1.0,0d87bc00ac008d1467dd1a964de580c4fb68b616daff70fe35fab27d20089e8a
action_strength,pldm,frozen,10,px-equivalent,7.200151424153934,15.255827515892245,1.1740630489322406,0.4640351789990952,2.074387776762632,21.526483243731825,16.962547244303334,26.697546289146278,6.026088375221694,4.728300668837109,7.566777355755737,3.367302202010544,0.7892685798815329,0.7892685798815329,1.0,0d87bc00ac008d1467dd1a964de580c4fb68b616daff70fe35fab27d20089e8a
action_strength,pldm,frozen,15,px-equivalent,7.6120610832871805,16.146893109024077,1.8530392450568742,0.0,3.982252688390707,16.98255443357916,11.645150140945109,22.403686056591635,5.759021838230307,4.008531333045128,7.422502996284378,3.709819184489276,0.37544035634300227,0.3790357912654017,0.9899584683381671,0d87bc00ac008d1467dd1a964de580c4fb68b616daff70fe35fab27d20089e8a
action_strength,pldm,frozen,20,px-equivalent,7.6120610832871805,16.146893109024077,1.2936829199639905,0.0,3.344141450224837,18.06941395801841,13.144065228525445,23.020510495148635,6.318378163323191,4.7096779847609875,7.819422948893582,3.709819184488593,0.22672715299156254,0.23577366795632465,0.9555468024714705,0d87bc00ac008d1467dd1a964de580c4fb68b616daff70fe35fab27d20089e8a
action_strength,pldm,frozen,25,px-equivalent,7.6120610832871805,16.146893109024077,4.278102077320979,1.6424074668603628,7.26601578194026,13.294458731746865,7.214502682855392,19.769169743308094,3.333959005966202,0.4979942092361691,6.052379476017334,3.709819184488593,0.16653696010668392,0.17857503735449792,0.9064284627760791,0d87bc00ac008d1467dd1a964de580c4fb68b616daff70fe35fab27d20089e8a
action_strength,dinowm,original,5,px-equivalent,8.052684624281998,2.703211688917825,7.083635084457525,5.263193130622477,8.976219104433657,2.6864348389975565,0.0,8.05930451699267,0.9690495398244722,-3.0531133177191805e-16,2.907148619473417,0.0,1.0,1.0,1.0,d6656af4ba7a6f514e4384c518a43cc2931dd574bd5125d83f4c4cdbeec29886
action_strength,dinowm,original,10,px-equivalent,7.200151424153934,15.255827515892245,16.669846374075178,11.866251158525545,22.082207429959926,-5.242144279898958,-11.492129289885735,0.0,-9.469694949921244,-13.795530544748427,-5.563334231928402,15.902684732249812,0.5939013923418317,0.5939013923418317,1.0,d6656af4ba7a6f514e4384c518a43cc2931dd574bd5125d83f4c4cdbeec29886
action_strength,dinowm,original,15,px-equivalent,7.6120610832871805,16.146893109024077,14.298607447945727,9.829426984718413,19.562119623406208,-2.3600491838546613,-9.129677813101871,4.072935253978629,-6.686546364658545,-11.470332664032256,-2.623128259450928,37.06159161399902,0.41556660425522773,0.43325066249409555,0.975654123117147,d6656af4ba7a6f514e4384c518a43cc2931dd574bd5125d83f4c4cdbeec29886
action_strength,dinowm,original,20,px-equivalent,7.6120610832871805,16.146893109024077,14.298607447945727,9.829426984718413,19.562119623406208,-2.3600491838546613,-9.129677813101871,4.072935253978629,-6.686546364658545,-11.470332664032256,-2.623128259450928,52.088978094624224,0.3169386206849869,0.340227486779631,0.9461232280836014,d6656af4ba7a6f514e4384c518a43cc2931dd574bd5125d83f4c4cdbeec29886
action_strength,dinowm,original,25,px-equivalent,7.6120610832871805,16.146893109024077,14.85796377303861,10.435753733512955,20.075383119513923,-3.4469087082939085,-11.026227550223446,3.877943050336215,-7.2459026897514285,-11.82571158946938,-3.2370382786564624,67.12107667498637,0.25415020035686864,0.27074053250170677,0.896547824116406,d6656af4ba7a6f514e4384c518a43cc2931dd574bd5125d83f4c4cdbeec29886
action_strength,dinowm,scratch,5,px-equivalent,8.052684624281998,2.703211688917825,2.165754131155169,0.0,4.684458420216755,21.899416506425464,15.664768018583855,27.982009848404733,5.886930493126827,3.2516465347412993,8.406010616903016,0.0,1.0,1.0,1.0,2508fa27309d4c01ab86e03ec375572af084f5ea1e87eb43a6961197fc165c7d
action_strength,dinowm,scratch,10,px-equivalent,7.200151424153934,15.255827515892245,2.5897677125834706,0.8784749654900813,4.7450656378240685,19.475954619670162,13.94860859379711,25.11115572866721,4.610383711570464,2.117549682164203,6.791408304651749,15.902684732249812,0.8416025261881617,0.8416025261881617,1.0,2508fa27309d4c01ab86e03ec375572af084f5ea1e87eb43a6961197fc165c7d
action_strength,dinowm,scratch,15,px-equivalent,7.6120610832871805,16.146893109024077,1.866763529070317,0.0,4.173853081540298,19.14441091393855,12.975503450400884,25.424596074593637,5.745297554216864,2.939472820787292,8.152945783137152,37.06159161399902,0.5146828396787453,0.5247931119256583,0.9792677196475085,2508fa27309d4c01ab86e03ec375572af084f5ea1e87eb43a6961197fc165c7d
action_strength,dinowm,scratch,20,px-equivalent,7.6120610832871805,16.146893109024077,2.1316609690345354,0.4555119143010906,4.44517591760681,18.699256844930222,12.313090957243514,25.224269477179703,5.480400114252646,2.6454595485843613,7.980271195830396,52.088978094624224,0.3953892933508168,0.42443350962764237,0.9429313659417901,2508fa27309d4c01ab86e03ec375572af084f5ea1e87eb43a6961197fc165c7d
action_strength,dinowm,scratch,25,px-equivalent,7.6120610832871805,16.146893109024077,8.629312318941434,1.4112516147692262,20.548115822834767,21.042715306102014,11.170521981916599,33.316434575394766,-1.0172512356542533,-13.169692691897604,6.743400671288997,67.12107667498637,0.3063461431901064,0.34139567979870095,0.8816600552640668,2508fa27309d4c01ab86e03ec375572af084f5ea1e87eb43a6961197fc165c7d
robot_arm_mass,lewm,original,5,m,0.0,0.003061900778379616,0.04154766451726162,0.03271803802657336,0.05028773718118927,8.697181754617424e-05,0.0,0.0002609154526385227,-0.04154766451726162,-0.05028773718118927,-0.03271803802657336,0.0,1.0,1.0,1.0,105b5f5890637cfee0bc5ef7a2db00808f718be375f425a6619e43843b290135
robot_arm_mass,lewm,original,10,m,0.0,0.00798009332208889,0.03812899942522778,0.03172134063840232,0.045053376328642133,0.0,0.0,0.0,-0.03812899942522778,-0.045053376328642133,-0.03172134063840232,0.0,0.6803025439041408,0.6803025439041408,1.0,105b5f5890637cfee0bc5ef7a2db00808f718be375f425a6619e43843b290135
robot_arm_mass,lewm,original,15,m,0.0,0.022884422543134476,0.024231337147143178,0.016735188987125074,0.031722627221572576,0.0,0.0,0.0,-0.024231337147143178,-0.03172262722157257,-0.016735188987125074,9.119093476148165e-05,0.5562213136521351,0.5577389054785024,0.9914873255236561,105b5f5890637cfee0bc5ef7a2db00808f718be375f425a6619e43843b290135
robot_arm_mass,lewm,original,20,m,0.0,0.023614150689321413,0.022624887877672164,0.014690742651625253,0.030694656137712273,0.0,0.0,0.0,-0.022624887877672164,-0.03069465613771227,-0.01469074265162525,0.0002633722052731316,0.5004663778857589,0.5026112971955619,0.9861150531194504,105b5f5890637cfee0bc5ef7a2db00808f718be375f425a6619e43843b290135
robot_arm_mass,lewm,original,25,m,0.0,0.023793861941954434,0.022454384990842437,0.014522455964351734,0.030553399131985758,0.0,0.0,0.0,-0.022454384990842437,-0.030553399131985754,-0.014522455964351732,0.0003115714918240863,0.47684836359043775,0.47972423903755573,0.9711819618112106,105b5f5890637cfee0bc5ef7a2db00808f718be375f425a6619e43843b290135
robot_arm_mass,lewm,scratch,5,m,0.0,0.003061900778379616,0.0,0.0,0.0,0.0,0.0,0.0,0.0,0.0,0.0,0.0,1.0,1.0,1.0,951295a4d630340034362a32af462e9c2470ee91162a1ab3a476cb13b6174da7
robot_arm_mass,lewm,scratch,10,m,0.0,0.00798009332208889,0.009521279623861293,0.006559816575035169,0.012553346062018193,6.771416415429605e-05,0.0,0.00017017346616106984,-0.009521279623861293,-0.012553346062018191,-0.006559816575035169,0.0,0.9572665139311437,0.9572665139311437,1.0,951295a4d630340034362a32af462e9c2470ee91162a1ab3a476cb13b6174da7
robot_arm_mass,lewm,scratch,15,m,0.0,0.022884422543134476,0.001272219821939867,0.0,0.0030304469350652787,0.0003095875679719427,0.0,0.0007811294640868796,-0.001272219821939867,-0.0030304469350652787,0.0,9.119093476148165e-05,0.5278532267238166,0.526163733740276,0.9983917344760715,951295a4d630340034362a32af462e9c2470ee91162a1ab3a476cb13b6174da7
robot_arm_mass,lewm,scratch,20,m,0.0,0.023614150689321413,0.0002633722052731316,0.0,0.0007901166158193948,0.0,0.0,0.0,-0.0002633722052731316,-0.0007901166158193948,0.0,0.0002633722052731316,0.40948397874525955,0.3972273104215712,0.9166677582462858,951295a4d630340034362a32af462e9c2470ee91162a1ab3a476cb13b6174da7
robot_arm_mass,lewm,scratch,25,m,0.0,0.023793861941954434,0.0003115714918240863,0.0,0.0009347144754722589,0.0,0.0,0.0,-0.0003115714918240863,-0.0009347144754722589,0.0,0.0003115714918240863,0.30764058535798355,0.3140521310848985,0.8273913099932461,951295a4d630340034362a32af462e9c2470ee91162a1ab3a476cb13b6174da7
robot_arm_mass,lewm,frozen,5,m,0.0,0.003061900778379616,0.0,0.0,0.0,0.0,0.0,0.0,0.0,0.0,0.0,0.0,1.0,1.0,1.0,3886b3ff7b0f081505f31786fe29979c1ff9d212220f93d7f0fd3f61beef61bf
robot_arm_mass,lewm,frozen,10,m,0.0,0.00798009332208889,0.007713029197646782,0.005124084188730903,0.010220356477379759,-0.0001811094108267699,-0.000378608925207924,-3.162670847940501e-05,-0.007713029197646782,-0.010220356477379757,-0.005124084188730902,0.0,0.9166892051465192,0.9166892051465192,1.0,3886b3ff7b0f081505f31786fe29979c1ff9d212220f93d7f0fd3f61beef61bf
robot_arm_mass,lewm,frozen,15,m,0.0,0.022884422543134476,9.119093476148165e-05,0.0,0.00027357280428444495,0.0,0.0,0.0,-9.119093476148165e-05,-0.00027357280428444495,0.0,9.119093476148165e-05,0.4444134027233002,0.45014447161062826,0.9849196823739156,3886b3ff7b0f081505f31786fe29979c1ff9d212220f93d7f0fd3f61beef61bf
robot_arm_mass,lewm,frozen,20,m,0.0,0.023614150689321413,0.0002633722052731316,0.0,0.0007901166158193948,0.0,0.0,0.0,-0.0002633722052731316,-0.0007901166158193948,0.0,0.0002633722052731316,0.27456851624035766,0.2966633640199717,0.8644147774164449,3886b3ff7b0f081505f31786fe29979c1ff9d212220f93d7f0fd3f61beef61bf
robot_arm_mass,lewm,frozen,25,m,0.0,0.023793861941954434,0.0003115714918240863,0.0,0.0009347144754722589,0.0,0.0,0.0,-0.0003115714918240863,-0.0009347144754722589,0.0,0.0003115714918240863,0.20000852988660225,0.22658307776872832,0.7395411914212818,3886b3ff7b0f081505f31786fe29979c1ff9d212220f93d7f0fd3f61beef61bf
robot_arm_mass,pldm,original,5,m,0.0,0.003061900778379616,0.0,0.0,0.0,0.0,0.0,0.0,0.0,0.0,0.0,0.0,1.0,1.0,1.0,f35bdaeb181a2622294b9d7b3c6dc8af880dda527f3e83323d8ebcb476b48e6c
robot_arm_mass,pldm,original,10,m,0.0,0.00798009332208889,0.0,0.0,0.0,0.0,0.0,0.0,0.0,0.0,0.0,0.0,0.7063959460075517,0.7063959460075517,1.0,f35bdaeb181a2622294b9d7b3c6dc8af880dda527f3e83323d8ebcb476b48e6c
robot_arm_mass,pldm,original,15,m,0.0,0.022884422543134476,9.119093476148165e-05,0.0,0.00027357280428444495,0.0,0.0,0.0,-9.119093476148165e-05,-0.00027357280428444495,0.0,9.119093476148165e-05,0.46171603926540356,0.462472331705115,0.9786922935016477,f35bdaeb181a2622294b9d7b3c6dc8af880dda527f3e83323d8ebcb476b48e6c
robot_arm_mass,pldm,original,20,m,0.0,0.023614150689321413,0.0002633722052731316,0.0,0.0007901166158193948,0.0,0.0,0.0,-0.0002633722052731316,-0.0007901166158193948,0.0,0.0002633722052731316,0.4008433916508032,0.42251312607626823,0.9083583353822848,f35bdaeb181a2622294b9d7b3c6dc8af880dda527f3e83323d8ebcb476b48e6c
robot_arm_mass,pldm,original,25,m,0.0,0.023793861941954434,0.0003115714918240863,0.0,0.0009347144754722589,0.0,0.0,0.0,-0.0003115714918240863,-0.0009347144754722589,0.0,0.0003115714918240863,0.32964486492783546,0.35562310338859593,0.8356984682209476,f35bdaeb181a2622294b9d7b3c6dc8af880dda527f3e83323d8ebcb476b48e6c
robot_arm_mass,pldm,scratch,5,m,0.0,0.003061900778379616,0.0007495104199681833,0.0,0.00224853125990455,6.673571654999507e-05,0.0,0.0002002071496499852,-0.0007495104199681833,-0.00224853125990455,0.0,0.00031127307041077897,1.0,1.0,1.0,3d691fb4f31c990650eaff35774b5dec430e10dea1489bdec4ed49b8c425b7b1
robot_arm_mass,pldm,scratch,10,m,0.0,0.00798009332208889,0.010998455958250757,0.006438836620133562,0.015934677057266096,0.00011102942117337104,0.0,0.0003330882635201131,-0.010998455958250757,-0.015934677057266096,-0.0064388366201335616,0.0036734337872913842,0.995291725587127,0.995291725587127,1.0,3d691fb4f31c990650eaff35774b5dec430e10dea1489bdec4ed49b8c425b7b1
robot_arm_mass,pldm,scratch,15,m,0.0,0.022884422543134476,0.00624768560542526,0.0027128322250293178,0.010543309909336775,0.0009392762746648715,0.0003344477699962459,0.0015994524238543268,-0.00624768560542526,-0.010543309909336773,-0.0027128322250293173,0.05960914442485001,0.8694187286248231,0.8739171570013348,0.9960917733558361,3d691fb4f31c990650eaff35774b5dec430e10dea1489bdec4ed49b8c425b7b1
robot_arm_mass,pldm,scratch,20,m,0.0,0.023614150689321413,0.002199906239790739,0.0,0.006336346514099085,7.861431111628146e-05,0.0,0.0002358429333488444,-0.002199906239790739,-0.006336346514099085,0.0,0.08538361070220046,0.7040864494863489,0.7062379347261682,0.9592403154462009,3d691fb4f31c990650eaff35774b5dec430e10dea1489bdec4ed49b8c425b7b1
robot_arm_mass,pldm,scratch,25,m,0.0,0.023793861941954434,0.0011903247102134184,0.0,0.003259402638816169,0.0,0.0,0.0,-0.0011903247102134184,-0.003259402638816169,0.0,0.10685963943977939,0.5398218741621166,0.5898306501471863,0.8925268389262053,3d691fb4f31c990650eaff35774b5dec430e10dea1489bdec4ed49b8c425b7b1
robot_arm_mass,pldm,frozen,5,m,0.0,0.003061900778379616,0.0,0.0,0.0,0.0,0.0,0.0,0.0,0.0,0.0,0.0,1.0,1.0,1.0,3998f78dbc1b4293afa6cac0fd8e8c4cf020d1e143923103fe70a5a0be2cc1a7
robot_arm_mass,pldm,frozen,10,m,0.0,0.00798009332208889,0.0008718763572368052,0.0,0.0018453393889967533,-7.41494931313176e-05,-0.0002224484793939528,0.0,-0.0008718763572368052,-0.0018453393889967533,0.0,0.0,0.8419285480963242,0.8419285480963242,1.0,3998f78dbc1b4293afa6cac0fd8e8c4cf020d1e143923103fe70a5a0be2cc1a7
robot_arm_mass,pldm,frozen,15,m,0.0,0.022884422543134476,9.119093476148165e-05,0.0,0.00027357280428444495,0.0,0.0,0.0,-9.119093476148165e-05,-0.00027357280428444495,0.0,9.119093476148165e-05,0.4172925082532463,0.42025907474946134,0.9940717108472297,3998f78dbc1b4293afa6cac0fd8e8c4cf020d1e143923103fe70a5a0be2cc1a7
robot_arm_mass,pldm,frozen,20,m,0.0,0.023614150689321413,0.0002633722052731316,0.0,0.0007901166158193948,0.0,0.0,0.0,-0.0002633722052731316,-0.0007901166158193948,0.0,0.0002633722052731316,0.2558891554593675,0.27736885974214415,0.9138271615377002,3998f78dbc1b4293afa6cac0fd8e8c4cf020d1e143923103fe70a5a0be2cc1a7
robot_arm_mass,pldm,frozen,25,m,0.0,0.023793861941954434,0.0003115714918240863,0.0,0.0009347144754722589,0.0,0.0,0.0,-0.0003115714918240863,-0.0009347144754722589,0.0,0.0003115714918240863,0.17798951245995867,0.20572368091662016,0.8222849453248094,3998f78dbc1b4293afa6cac0fd8e8c4cf020d1e143923103fe70a5a0be2cc1a7
robot_arm_mass,dinowm,original,5,m,0.0,0.003061900778379616,0.0,0.0,0.0,0.0,0.0,0.0,0.0,0.0,0.0,0.00020474083988776103,1.0,1.0,1.0,b63826313dc2a4b4d10d4b6f902726b34eb35f6321c76e5eddb16cf644286d27
robot_arm_mass,dinowm,original,10,m,0.0,0.00798009332208889,0.00032973714731576655,0.0,0.0009892114419472998,0.0,0.0,0.0,-0.00032973714731576655,-0.0009892114419472998,0.0,0.0005351455622513203,0.7680004545282385,0.7680004545282385,1.0,b63826313dc2a4b4d10d4b6f902726b34eb35f6321c76e5eddb16cf644286d27
robot_arm_mass,dinowm,original,15,m,0.0,0.022884422543134476,9.119093476148165e-05,0.0,0.00027357280428444495,0.0,0.0,0.0,-9.119093476148165e-05,-0.00027357280428444495,0.0,0.00047405568461323245,0.689093261400624,0.6887938966961826,1.0010797703634648,b63826313dc2a4b4d10d4b6f902726b34eb35f6321c76e5eddb16cf644286d27
robot_arm_mass,dinowm,original,20,m,0.0,0.023614150689321413,0.0005756876677997516,0.0,0.001463690798126123,0.0,0.0,0.0,-0.0005756876677997516,-0.001463690798126123,0.0,0.0005756876677997516,0.6492487760891114,0.6503618639703287,1.0002907971842148,b63826313dc2a4b4d10d4b6f902726b34eb35f6321c76e5eddb16cf644286d27
robot_arm_mass,dinowm,original,25,m,0.0,0.023793861941954434,0.0006078846241279576,0.0,0.0015273407400800015,0.0,0.0,0.0,-0.0006078846241279576,-0.0015273407400800015,0.0,0.0006078846241279576,0.6322276430452575,0.6326568542828522,0.9978901051392987,b63826313dc2a4b4d10d4b6f902726b34eb35f6321c76e5eddb16cf644286d27
robot_arm_mass,dinowm,scratch,5,m,0.0,0.003061900778379616,0.0005150753269782722,0.0,0.0012450922816431159,0.0016153671784449235,0.0,0.004004716541624573,-0.0005150753269782722,-0.0012450922816431159,0.0,0.00020474083988776103,1.0,1.0,1.0,019ff7e803c1f6c6c8dd54fae94d0357bbb66f8c5ca3adf426add6ad683f4a30
robot_arm_mass,dinowm,scratch,10,m,0.0,0.00798009332208889,0.008410681133356745,0.005250980161781061,0.011717252750718452,0.00012924924758498085,0.0,0.0003026610096744076,-0.008410681133356745,-0.011717252750718452,-0.0052509801617810605,0.0005351455622513203,0.9639269347849666,0.9639269347849666,1.0,019ff7e803c1f6c6c8dd54fae94d0357bbb66f8c5ca3adf426add6ad683f4a30
robot_arm_mass,dinowm,scratch,15,m,0.0,0.022884422543134476,9.119093476148165e-05,0.0,0.00027357280428444495,0.0,0.0,0.0,-9.119093476148165e-05,-0.00027357280428444495,0.0,0.00047405568461323245,0.625155662439399,0.6428929246693701,0.9868618568287338,019ff7e803c1f6c6c8dd54fae94d0357bbb66f8c5ca3adf426add6ad683f4a30
robot_arm_mass,dinowm,scratch,20,m,0.0,0.023614150689321413,0.0002633722052731316,0.0,0.0007901166158193948,0.0,0.0,0.0,-0.0002633722052731316,-0.0007901166158193948,0.0,0.0005756876677997516,0.4585935918989978,0.5373704615239513,0.8837495426827773,019ff7e803c1f6c6c8dd54fae94d0357bbb66f8c5ca3adf426add6ad683f4a30
robot_arm_mass,dinowm,scratch,25,m,0.0,0.023793861941954434,0.0003115714918240863,0.0,0.0009347144754722589,0.0,0.0,0.0,-0.0003115714918240863,-0.0009347144754722589,0.0,0.0006078846241279576,0.3539538851444955,0.4267714081212312,0.7907162570012795,019ff7e803c1f6c6c8dd54fae94d0357bbb66f8c5ca3adf426add6ad683f4a30
action_delay,lewm,scratch,5,px,0.0,42.95454545454546,0.0,0.0,0.0,0.0,0.0,0.0,0.0,0.0,0.0,0.0,1.0,1.0,1.0,72684787f14ef3b84f6fa47814bd8dc367ea34f5acb2839d6b5e726efdff1e09
action_delay,lewm,scratch,10,px,1.9034090909090895,21.159090909090914,1.903409090909091,1.6988636363636367,2.0681818181818183,0.0,0.0,0.0,-1.5404344466674047e-15,-1.7763568394002505e-15,-1.2351231148954867e-15,0.0,0.585580034875499,0.585580034875499,1.0,72684787f14ef3b84f6fa47814bd8dc367ea34f5acb2839d6b5e726efdff1e09
action_delay,lewm,scratch,15,px,7.3281250000000036,6.014204545454546,1.6321022727272727,0.9758167613636364,2.352308238636364,9.462073863636363,7.6184375,11.20100497159091,5.696022727272728,4.533948863636364,6.737286931818182,0.03125,0.6140094739683383,0.5915859193408918,0.9959110012329846,72684787f14ef3b84f6fa47814bd8dc367ea34f5acb2839d6b5e726efdff1e09
action_delay,lewm,scratch,20,px,2.417613636363636,2.355113636363636,2.7144886363636367,2.3267045454545454,3.1818536931818184,9.413920454545455,7.629801136363637,11.057144886363638,-0.29687500000000017,-0.7542968750000001,0.07954545454545447,0.03125,0.4147030789162549,0.4080341902461062,0.9965982174308727,72684787f14ef3b84f6fa47814bd8dc367ea34f5acb2839d6b5e726efdff1e09
action_delay,lewm,scratch,25,px,0.0,0.0,9.252840909090908,7.9715198863636365,10.66338778409091,4.7644886363636365,3.2912109375,6.136796875,-9.252840909090908,-10.66338778409091,-7.9715198863636365,0.0,0.3002726017685909,0.3110552189951845,0.977933155747458,72684787f14ef3b84f6fa47814bd8dc367ea34f5acb2839d6b5e726efdff1e09
action_delay,pldm,scratch,5,px,0.0,42.95454545454546,10.487215909090908,8.59090909090909,12.11796875,0.7765624999999999,-1.0960582386363635,2.689524147727272,-10.487215909090908,-12.11796875,-8.59090909090909,6.244318181818182,1.0,1.0,1.0,e4041d758e21c48161f4297966e051e36be780a5bdfecbe6b8ff9ec02246c853
action_delay,pldm,scratch,10,px,1.9034090909090895,21.159090909090914,1.903409090909091,1.6988636363636367,2.0681818181818183,0.0,0.0,0.0,-1.5404344466674047e-15,-1.7763568394002505e-15,-1.2351231148954867e-15,6.305397727272727,0.650185248732585,0.650185248732585,1.0,e4041d758e21c48161f4297966e051e36be780a5bdfecbe6b8ff9ec02246c853
action_delay,pldm,scratch,15,px,7.3281250000000036,6.014204545454546,2.4019886363636362,1.870703125,2.955965909090909,8.33309659090909,6.563490767045454,10.104630681818183,4.926136363636364,3.938920454545455,5.859375000000001,0.10653409090909091,0.5832855845652284,0.5758337878538178,0.993260616159109,e4041d758e21c48161f4297966e051e36be780a5bdfecbe6b8ff9ec02246c853
action_delay,pldm,scratch,20,px,2.417613636363636,2.355113636363636,3.2244318181818183,2.798259943181818,3.6676136363636367,9.837784090909091,8.663490767045456,10.969360795454547,-0.8068181818181819,-1.2613636363636365,-0.3678977272727275,0.045454545454545456,0.418860294190157,0.41622717642614016,0.9821522615391278,e4041d758e21c48161f4297966e051e36be780a5bdfecbe6b8ff9ec02246c853
action_delay,pldm,scratch,25,px,0.0,0.0,10.921875,10.046768465909091,11.822443181818182,3.7441761363636368,2.8161186079545457,4.707581676136363,-10.921875,-11.822443181818182,-10.046768465909091,0.0,0.30279236087916794,0.2942634909815826,0.9647890672201456,e4041d758e21c48161f4297966e051e36be780a5bdfecbe6b8ff9ec02246c853
action_delay,dinowm,scratch,5,px,0.0,42.95454545454546,7.15625,3.5795454545454546,10.735795454545453,0.0,0.0,0.0,-7.15625,-10.735795454545453,-3.5795454545454546,0.0,1.0,1.0,1.0,2b8a8a7395a7845f44355261e0d89fe0b8af6bee78504d0b3a9cb1f65791d94d
action_delay,dinowm,scratch,10,px,1.9034090909090895,21.159090909090914,22.150568181818183,12.163281250000002,32.8526278409091,-0.39375,-0.990340909090909,0.0,-20.247159090909093,-30.889346590909096,-10.42599431818182,0.0,0.9979528710218281,0.9979528710218281,1.0,2b8a8a7395a7845f44355261e0d89fe0b8af6bee78504d0b3a9cb1f65791d94d
action_delay,dinowm,scratch,15,px,7.3281250000000036,6.014204545454546,44.81818181818182,28.206818181818186,61.70205965909091,0.0,0.0,0.0,-37.49005681818182,-53.906569602272725,-21.088991477272724,0.03125,0.9978182454063649,0.9977630247713031,0.9999082077707314,2b8a8a7395a7845f44355261e0d89fe0b8af6bee78504d0b3a9cb1f65791d94d
action_delay,dinowm,scratch,20,px,2.417613636363636,2.355113636363636,61.93181818181819,43.79453125,80.08245738636363,0.0,0.0,0.0,-59.51420454545454,-77.67940340909091,-41.3645596590909,0.03125,0.9977308242585127,0.9976560451637576,0.9998504841501238,2b8a8a7395a7845f44355261e0d89fe0b8af6bee78504d0b3a9cb1f65791d94d
action_delay,dinowm,scratch,25,px,0.0,0.0,75.41193181818183,54.1703125,95.82024147727273,-0.019034090909090917,-0.05710227272727275,0.0,-75.41193181818183,-95.82024147727272,-54.1703125,0.0,0.9977861756986321,0.9976015557425104,0.9998920457952606,2b8a8a7395a7845f44355261e0d89fe0b8af6bee78504d0b3a9cb1f65791d94d
contact_friction,lewm,original,5,px-equivalent,0.0,2.3777205773408814,5.630068287531877,1.807756334081773,10.053181049474501,0.0,0.0,0.0,-5.630068287531877,-10.053181049474501,-1.807756334081773,0.7543463719803845,1.0,1.0,1.0,9f13b2c28bb909338047e08d62bf6eb16ea3616cb53e57cfa9b5072b43db1c59
contact_friction,lewm,original,10,px-equivalent,0.0229801193034834,2.354741411713244,3.853240715134698,0.044774286135521535,9.561330550726964,-0.00501082149962237,-0.01503246449886711,0.0,-3.8302605958312146,-9.539016537273845,-0.02160359763297989,0.023373452338340026,0.6334303938044235,0.6334303938044235,1.0,9f13b2c28bb909338047e08d62bf6eb16ea3616cb53e57cfa9b5072b43db1c59
contact_friction,lewm,original,15,px-equivalent,0.0,2.3777215310167277,5.016366040034178,0.0,10.729256464948437,0.0,0.0,0.0,-5.016366040034178,-10.729256464948437,0.0,0.0,0.267418999393951,0.2677353814193916,0.998869931210135,9f13b2c28bb909338047e08d62bf6eb16ea3616cb53e57cfa9b5072b43db1c59
contact_friction,lewm,original,20,px-equivalent,0.0,2.3777215310167277,3.8085929994325514,0.0,9.521482807169855,0.0,0.0,0.0,-3.8085929994325514,-9.521482807169855,0.0,0.0,0.13228261225810065,0.13174501142884967,0.9918451258428971,9f13b2c28bb909338047e08d62bf6eb16ea3616cb53e57cfa9b5072b43db1c59
contact_friction,lewm,original,25,px-equivalent,0.0,2.3777215310167277,3.8085929994325514,0.0,9.521482807169855,0.0,0.0,0.0,-3.8085929994325514,-9.521482807169855,0.0,0.0,0.07436725921004181,0.07466750479706473,0.9736434223494088,9f13b2c28bb909338047e08d62bf6eb16ea3616cb53e57cfa9b5072b43db1c59
contact_friction,lewm,scratch,5,px-equivalent,0.0,2.3777205773408814,0.0,0.0,0.0,0.0,0.0,0.0,0.0,0.0,0.0,3.3878362838897846,1.0,1.0,1.0,35d3be0df20fce7a073710549de0487f5816db55e1c2608848dcd4fe8ec597b0
contact_friction,lewm,scratch,10,px-equivalent,0.0229801193034834,2.354741411713244,39.322642938763025,39.31986276124401,39.32473277584479,0.0,0.0,0.0,-39.29966281945954,-39.300952104317425,-39.297948982406886,8.474607465965933,0.7075498139088608,0.7075498139088608,1.0,35d3be0df20fce7a073710549de0487f5816db55e1c2608848dcd4fe8ec597b0
contact_friction,lewm,scratch,15,px-equivalent,0.0,2.3777215310167277,86.44424824238732,79.15160024561696,97.25928754481667,0.0,0.0,0.0,-86.44424824238732,-97.25928754481667,-79.15160024561696,13.523553252475995,0.2880808808768059,0.28826438818879657,1.000671290135045,35d3be0df20fce7a073710549de0487f5816db55e1c2608848dcd4fe8ec597b0
contact_friction,lewm,scratch,20,px-equivalent,0.0,2.3777215310167277,127.44748127812363,118.06884843302753,141.2096700485301,0.0,0.0,0.0,-127.44748127812363,-141.2096700485301,-118.06884843302753,15.696810797623929,0.0974662046392789,0.09792099375346111,0.9992538111172332,35d3be0df20fce7a073710549de0487f5816db55e1c2608848dcd4fe8ec597b0
contact_friction,lewm,scratch,25,px-equivalent,0.0,2.3777215310167277,170.69303229781966,155.73173419496453,185.92714184659224,0.0,0.0,0.0,-170.69303229781966,-185.92714184659224,-155.73173419496453,24.704717155294066,0.05843011213900961,0.058903314183461036,0.9936727560141425,35d3be0df20fce7a073710549de0487f5816db55e1c2608848dcd4fe8ec597b0
contact_friction,lewm,frozen,5,px-equivalent,0.0,2.3777205773408814,6.9607970149625515,3.5241142368875464,10.707520842202328,-0.30604514145350625,-1.4333047369355842,0.7168644970703989,-6.9607970149625515,-10.707520842202328,-3.5241142368875464,0.0,1.0,1.0,1.0,aa413e9634c6b2ea9b3d20c1cb4900f9bfa5cc3ba158a735093058d73bc9535a
contact_friction,lewm,frozen,10,px-equivalent,0.0229801193034834,2.354741411713244,19.483729883751582,11.254188903549373,27.317042043726964,0.279680954908752,-0.37246768721726364,1.2057083828271984,-19.460749764448096,-27.29407532219276,-11.230696285025571,0.023373447485688745,0.7872045492573306,0.7872045492573306,1.0,aa413e9634c6b2ea9b3d20c1cb4900f9bfa5cc3ba158a735093058d73bc9535a
contact_friction,lewm,frozen,15,px-equivalent,0.0,2.3777215310167277,35.850960932630564,25.134776097255603,46.058042468314014,0.6883658768565661,0.005427487305737166,1.5126471024167916,-35.850960932630564,-46.058042468314014,-25.134776097255603,0.0,0.398313120145501,0.3986043689792767,0.9948346824449239,aa413e9634c6b2ea9b3d20c1cb4900f9bfa5cc3ba158a735093058d73bc9535a
contact_friction,lewm,frozen,20,px-equivalent,0.0,2.3777215310167277,62.29446082522873,47.15214380234189,76.84837869222196,0.5709800023994724,-1.0836184387570365,2.3399831408125773,-62.29446082522873,-76.84837869222196,-47.15214380234189,0.0,0.20731673178953264,0.21093152759067188,0.9627962217824112,aa413e9634c6b2ea9b3d20c1cb4900f9bfa5cc3ba158a735093058d73bc9535a
contact_friction,lewm,frozen,25,px-equivalent,0.0,2.3777215310167277,77.73340862633326,59.054637164096356,96.94393865248811,1.8592325882493275,0.35230405676598675,3.92860577443141,-77.73340862633326,-96.9439386524881,-59.05463716409635,0.0,0.1183321857915157,0.12448939474708874,0.9235280792158853,aa413e9634c6b2ea9b3d20c1cb4900f9bfa5cc3ba158a735093058d73bc9535a
contact_friction,pldm,original,5,px-equivalent,0.0,2.3777205773408814,6.044363136645716,2.4177439408701185,10.879853892687766,0.0,0.0,0.0,-6.044363136645716,-10.879853892687766,-2.4177439408701185,0.0,1.0,1.0,1.0,8227ebb275f1a7ce0348b863b87b5c1fc534068eced1e352c060738d3c96dc04
contact_friction,pldm,original,10,px-equivalent,0.0229801193034834,2.354741411713244,4.961957765937871,0.0512883024285844,12.325363782328548,0.0,0.0,0.0,-4.938977646634388,-12.302035857652237,-0.02836742893235854,0.021870356457758353,0.568292273912289,0.568292273912289,1.0,8227ebb275f1a7ce0348b863b87b5c1fc534068eced1e352c060738d3c96dc04
contact_friction,pldm,original,15,px-equivalent,0.0,2.3777215310167277,7.246387645839162,2.415544238733278,12.077234506246073,0.0,0.0,0.0,-7.246387645839162,-12.077234506246073,-2.415544238733278,0.0,0.31410756892758124,0.3193563216975322,0.9860965191411633,8227ebb275f1a7ce0348b863b87b5c1fc534068eced1e352c060738d3c96dc04
contact_friction,pldm,original,20,px-equivalent,0.0,2.3777215310167277,9.827250113710182,2.4568121649673174,19.654496511524556,0.0,0.0,0.0,-9.827250113710182,-19.654496511524556,-2.4568121649673174,0.0,0.2006769633670792,0.20540771442713432,0.957921365090641,8227ebb275f1a7ce0348b863b87b5c1fc534068eced1e352c060738d3c96dc04
contact_friction,pldm,original,25,px-equivalent,0.0,2.3777215310167277,7.369007391212403,0.0,14.738015667563811,0.0,0.0,0.0,-7.369007391212403,-14.738015667563811,0.0,0.0,0.16246146056738983,0.1655303654894726,0.9192711598702782,8227ebb275f1a7ce0348b863b87b5c1fc534068eced1e352c060738d3c96dc04
contact_friction,pldm,scratch,5,px-equivalent,0.0,2.3777205773408814,0.0,0.0,0.0,0.0,0.0,0.0,0.0,0.0,0.0,0.0,1.0,1.0,1.0,a38fddcce2121d218719c224b4849f41866488b9c296ab627db4d4a6b49c573f
contact_friction,pldm,scratch,10,px-equivalent,0.0229801193034834,2.354741411713244,64.58658337302272,44.98985377587555,83.95606292198839,0.0,0.0,0.0,-64.56360325371924,-83.93385297614373,-44.967666910031504,0.0221370557122854,0.7473205009796969,0.7473205009796969,1.0,a38fddcce2121d218719c224b4849f41866488b9c296ab627db4d4a6b49c573f
contact_friction,pldm,scratch,15,px-equivalent,0.0,2.3777215310167277,126.30105753503175,103.96774474032043,147.69379587759695,-0.1431545630482174,-0.42946368914465216,0.0,-126.30105753503175,-147.69379587759695,-103.96774474032043,0.0,0.4697179506979616,0.4680261383297164,1.0019988634308916,a38fddcce2121d218719c224b4849f41866488b9c296ab627db4d4a6b49c573f
contact_friction,pldm,scratch,20,px-equivalent,0.0,2.3777215310167277,124.12314942983416,89.74265221385585,156.75625954131465,0.0,0.0,0.0,-124.12314942983416,-156.75625954131465,-89.74265221385585,0.0,0.39579522649846527,0.3875949118516886,1.0096633195264368,a38fddcce2121d218719c224b4849f41866488b9c296ab627db4d4a6b49c573f
contact_friction,pldm,scratch,25,px-equivalent,0.0,2.3777215310167277,98.6059531839648,55.98987392252053,146.68568409214114,0.0,0.0,0.0,-98.6059531839648,-146.68568409214114,-55.98987392252052,0.0,0.36028369271340893,0.34682254146679337,1.0101625923643327,a38fddcce2121d218719c224b4849f41866488b9c296ab627db4d4a6b49c573f
contact_friction,pldm,frozen,5,px-equivalent,0.0,2.3777205773408814,2.1574980063260356,0.0,5.340973294936553,0.2971439470110255,-2.231548119624449e-07,0.7428600824133769,-2.1574980063260356,-5.340973294936553,0.0,0.0,1.0,1.0,1.0,9a9ee650ba7fd16ecaf9b4b04f94cc84e97d01fbaa94ac9c1d5008bd4585bfb4
contact_friction,pldm,frozen,10,px-equivalent,0.0229801193034834,2.354741411713244,10.435219786846586,3.8544538475607912,17.167336609240465,0.14857198177451147,0.0,0.4457159453235344,-10.412239667543101,-17.144354348521365,-3.8310053859457986,0.020633959831703727,0.7555472366852289,0.7555472366852289,1.0,9a9ee650ba7fd16ecaf9b4b04f94cc84e97d01fbaa94ac9c1d5008bd4585bfb4
contact_friction,pldm,frozen,15,px-equivalent,0.0,2.3777215310167277,20.163603037381172,11.423949395458243,29.057820299909526,0.005417422489131685,-0.42946368914465216,0.4457159566120472,-20.163603037381172,-29.057820299909515,-11.423949395458243,0.0,0.4704127096700047,0.47254569823150283,0.9917452290522453,9a9ee650ba7fd16ecaf9b4b04f94cc84e97d01fbaa94ac9c1d5008bd4585bfb4
contact_friction,pldm,frozen,20,px-equivalent,0.0,2.3777215310167277,22.314050057987068,8.492762602792572,38.920709311006306,0.14857285700235345,0.0,0.44571857100706036,-22.314050057987068,-38.920709311006284,-8.492762602792572,0.0,0.3210653567456722,0.33074188405619115,0.9657693134969038,9a9ee650ba7fd16ecaf9b4b04f94cc84e97d01fbaa94ac9c1d5008bd4585bfb4
contact_friction,pldm,frozen,25,px-equivalent,0.0,2.3777215310167277,26.93064039261476,9.517801169849433,49.00363508996434,-0.39662857024607256,-1.1898857107382177,0.0,-26.93064039261476,-49.00363508996434,-9.517801169849433,0.0,0.22924762467449714,0.23910149214446544,0.9300634580784567,9a9ee650ba7fd16ecaf9b4b04f94cc84e97d01fbaa94ac9c1d5008bd4585bfb4
contact_friction,dinowm,original,5,px-equivalent,0.0,2.3777205773408814,7.423191721340931,2.710673764466916,13.038736549342318,0.0,0.0,0.0,-7.423191721340931,-13.038736549342318,-2.710673764466916,0.3771736565102799,1.0,1.0,1.0,d6656af4ba7a6f514e4384c518a43cc2931dd574bd5125d83f4c4cdbeec29886
contact_friction,dinowm,original,10,px-equivalent,0.0229801193034834,2.354741411713244,9.560733286257346,3.848344802839913,17.168901341295683,0.0,0.0,0.0,-9.537753166953863,-17.146124012154672,-3.8247010812972664,0.8995409349865129,0.6014438570569032,0.6014438570569032,1.0,d6656af4ba7a6f514e4384c518a43cc2931dd574bd5125d83f4c4cdbeec29886
contact_friction,dinowm,original,15,px-equivalent,0.0,2.3777215310167277,15.046350525171844,8.127519538310876,21.965183352126793,0.0,0.0,0.0,-15.046350525171844,-21.965183352126793,-8.127519538310876,0.6917312008943286,0.4141708417223904,0.42783386038122584,0.9843187355236298,d6656af4ba7a6f514e4384c518a43cc2931dd574bd5125d83f4c4cdbeec29886
contact_friction,dinowm,original,20,px-equivalent,0.0,2.3777215310167277,16.259781595868866,9.516911041036831,22.999933810471504,0.3968514101659866,0.0,1.1905542304979597,-16.259781595868866,-22.999933810471504,-9.516911041036831,0.8774046913481618,0.30110116573561,0.30700203768698886,0.9647934424924167,d6656af4ba7a6f514e4384c518a43cc2931dd574bd5125d83f4c4cdbeec29886
contact_friction,dinowm,original,25,px-equivalent,0.0,2.3777215310167277,27.292082151559942,11.421208190357214,53.319108775917435,0.0,0.0,0.0,-27.292082151559942,-53.319108775917435,-11.421208190357214,0.8774046913481618,0.22295091834793837,0.2270882309647923,0.9404653389175447,d6656af4ba7a6f514e4384c518a43cc2931dd574bd5125d83f4c4cdbeec29886
contact_friction,dinowm,scratch,5,px-equivalent,0.0,2.3777205773408814,2.3246437224999985,0.3780620972565688,4.6475122107106435,0.2707238624720692,-0.3502676376862366,0.8915739584375351,-2.3246437224999985,-4.6475122107106435,-0.3780620972565688,0.3771736565102799,1.0,1.0,1.0,f195be116b759e18edae824684fa4cb7098077ed9f83e3008eefef19a3806dec
contact_friction,dinowm,scratch,10,px-equivalent,0.0229801193034834,2.354741411713244,13.199323767370124,6.46190593458676,20.520936639059393,0.3021537979320763,0.0,0.7428599276867454,-13.176343648066641,-20.498201350514606,-6.43839098379216,0.8995409349865129,0.8248785884848322,0.8248785884848322,1.0,f195be116b759e18edae824684fa4cb7098077ed9f83e3008eefef19a3806dec
contact_friction,dinowm,scratch,15,px-equivalent,0.0,2.3777215310167277,27.18278885084033,20.993893535505844,32.00006423335202,-0.3912115949633794,-1.1898865524704456,0.01625176758030733,-27.18278885084033,-32.00006423335202,-20.993893535505844,0.6917312008943286,0.5637713815640223,0.5738078566862705,0.9784431956263007,f195be116b759e18edae824684fa4cb7098077ed9f83e3008eefef19a3806dec
contact_friction,dinowm,scratch,20,px-equivalent,0.0,2.3777215310167277,30.58427543882193,24.751499922236636,36.536723709678284,0.5488154581975795,0.0,1.642832203398185,-30.58427543882193,-36.536723709678284,-24.751499922236636,0.8774046913481618,0.4096391033625776,0.4337598058679776,0.9232437406505388,f195be116b759e18edae824684fa4cb7098077ed9f83e3008eefef19a3806dec
contact_friction,dinowm,scratch,25,px-equivalent,0.0,2.3777215310167277,37.703154727360214,27.825554536300352,54.82525793353066,-0.1458615919918207,-0.4457187665864224,0.008133990610960318,-37.703154727360214,-54.82525793353066,-27.825554536300352,0.8774046913481618,0.3124727067035131,0.335841288961641,0.8558356770391898,f195be116b759e18edae824684fa4cb7098077ed9f83e3008eefef19a3806dec
motion_damping,lewm,original,5,px-equivalent,0.0,1.439031205562862,0.0,0.0,0.0,0.0,0.0,0.0,0.0,0.0,0.0,0.0,1.0,1.0,1.0,9f13b2c28bb909338047e08d62bf6eb16ea3616cb53e57cfa9b5072b43db1c59
motion_damping,lewm,original,10,px-equivalent,0.0,7.567545479534528,4.476444576070711,0.0,13.429333728212132,0.0,0.0,0.0,-4.476444576070711,-13.429333728212132,0.0,0.0,0.6761405005803427,0.6761405005803427,1.0,9f13b2c28bb909338047e08d62bf6eb16ea3616cb53e57cfa9b5072b43db1c59
motion_damping,lewm,original,15,px-equivalent,0.0,12.89499693081078,0.0,0.0,0.0,0.0,0.0,0.0,0.0,0.0,0.0,0.0,0.46049231732285917,0.4594220109792129,1.0009231978419892,9f13b2c28bb909338047e08d62bf6eb16ea3616cb53e57cfa9b5072b43db1c59
motion_damping,lewm,original,20,px-equivalent,0.0,17.86420571911199,0.0,0.0,0.0,0.0,0.0,0.0,0.0,0.0,0.0,0.0,0.2925019916281968,0.2913416406448253,0.9938319438462241,9f13b2c28bb909338047e08d62bf6eb16ea3616cb53e57cfa9b5072b43db1c59
motion_damping,lewm,original,25,px-equivalent,0.0,22.673201583951094,0.0,0.0,0.0,0.0,0.0,0.0,0.0,0.0,0.0,0.0,0.1569695177865842,0.15788400374461128,0.9756411343870817,9f13b2c28bb909338047e08d62bf6eb16ea3616cb53e57cfa9b5072b43db1c59
motion_damping,lewm,scratch,5,px-equivalent,0.0,1.439031205562862,0.0,0.0,0.0,0.0,0.0,0.0,0.0,0.0,0.0,0.0,1.0,1.0,1.0,d23cc3c543e708bb497d670040c7d24e402b29e019c1e6b1414e6ede4cb36c31
motion_damping,lewm,scratch,10,px-equivalent,0.0,7.567545479534528,0.0,0.0,0.0,0.0,0.0,0.0,0.0,0.0,0.0,0.0,0.705290999968757,0.705290999968757,1.0,d23cc3c543e708bb497d670040c7d24e402b29e019c1e6b1414e6ede4cb36c31
motion_damping,lewm,scratch,15,px-equivalent,0.0,12.89499693081078,0.0,0.0,0.0,0.0,0.0,0.0,0.0,0.0,0.0,0.0,0.6693598897764176,0.6696021221931481,0.9989673065796411,d23cc3c543e708bb497d670040c7d24e402b29e019c1e6b1414e6ede4cb36c31
motion_damping,lewm,scratch,20,px-equivalent,0.0,17.86420571911199,0.0,0.0,0.0,0.0,0.0,0.0,0.0,0.0,0.0,0.0,0.4190935642126979,0.41976993754072855,0.9973806030180848,d23cc3c543e708bb497d670040c7d24e402b29e019c1e6b1414e6ede4cb36c31
motion_damping,lewm,scratch,25,px-equivalent,0.0,22.673201583951094,0.0,0.0,0.0,0.0,0.0,0.0,0.0,0.0,0.0,0.0,0.23430210810598787,0.2340598898129404,0.9972842824817464,d23cc3c543e708bb497d670040c7d24e402b29e019c1e6b1414e6ede4cb36c31
motion_damping,lewm,frozen,5,px-equivalent,0.0,1.439031205562862,0.0,0.0,0.0,0.0,0.0,0.0,0.0,0.0,0.0,0.0,1.0,1.0,1.0,ddf46bc04647c66156668e2cecf01bbd14b113ff1b1655509294f92269671ec9
motion_damping,lewm,frozen,10,px-equivalent,0.0,7.567545479534528,0.0,0.0,0.0,0.0,0.0,0.0,0.0,0.0,0.0,0.0,0.5997176518326872,0.5997176518326872,1.0,ddf46bc04647c66156668e2cecf01bbd14b113ff1b1655509294f92269671ec9
motion_damping,lewm,frozen,15,px-equivalent,0.0,12.89499693081078,0.0,0.0,0.0,0.0,0.0,0.0,0.0,0.0,0.0,0.0,0.38497205076700575,0.3835936329503644,1.000368480191644,ddf46bc04647c66156668e2cecf01bbd14b113ff1b1655509294f92269671ec9
motion_damping,lewm,frozen,20,px-equivalent,0.0,17.86420571911199,0.0,0.0,0.0,0.0,0.0,0.0,0.0,0.0,0.0,0.0,0.25564388472629046,0.2534934152326567,0.9978224763838223,ddf46bc04647c66156668e2cecf01bbd14b113ff1b1655509294f92269671ec9
motion_damping,lewm,frozen,25,px-equivalent,0.0,22.673201583951094,3.9184394494608723,0.0,11.755318348382616,5.075401158154732,0.0,15.226203474464196,-3.9184394494608723,-11.755318348382616,0.0,0.0,0.15308981325776105,0.15305914020623468,0.985633483792554,ddf46bc04647c66156668e2cecf01bbd14b113ff1b1655509294f92269671ec9
motion_damping,pldm,original,5,px-equivalent,0.0,1.439031205562862,0.0,0.0,0.0,0.0,0.0,0.0,0.0,0.0,0.0,0.0,1.0,1.0,1.0,8227ebb275f1a7ce0348b863b87b5c1fc534068eced1e352c060738d3c96dc04
motion_damping,pldm,original,10,px-equivalent,0.0,7.567545479534528,3.691288415928895,0.0,11.073865247786685,0.0,0.0,0.0,-3.691288415928895,-11.073865247786685,0.0,0.0,0.7449601888074927,0.7449601888074927,1.0,8227ebb275f1a7ce0348b863b87b5c1fc534068eced1e352c060738d3c96dc04
motion_damping,pldm,original,15,px-equivalent,0.0,12.89499693081078,0.0,0.0,0.0,0.0,0.0,0.0,0.0,0.0,0.0,0.0,0.4613290016643934,0.4646152924488017,0.9931521595351289,8227ebb275f1a7ce0348b863b87b5c1fc534068eced1e352c060738d3c96dc04
motion_damping,pldm,original,20,px-equivalent,0.0,17.86420571911199,0.0,0.0,0.0,0.0,0.0,0.0,0.0,0.0,0.0,0.0,0.3057900554391885,0.3090600569255852,0.9720264917981831,8227ebb275f1a7ce0348b863b87b5c1fc534068eced1e352c060738d3c96dc04
motion_damping,pldm,original,25,px-equivalent,0.0,22.673201583951094,0.0,0.0,0.0,0.0,0.0,0.0,0.0,0.0,0.0,0.0,0.19706706249500264,0.20098022592607442,0.9391374650609942,8227ebb275f1a7ce0348b863b87b5c1fc534068eced1e352c060738d3c96dc04
motion_damping,pldm,scratch,5,px-equivalent,0.0,1.439031205562862,2.338168707015301,0.0,5.811928959754615,-0.035354056155725955,-0.3070213656007288,0.20095919713355093,-2.338168707015301,-5.811928959754615,0.0,10.207269200203939,1.0,1.0,1.0,b8f1d59e881aac0b34e36fd94ef7c1ca54eb36510011cc4efb96bbacb780f178
motion_damping,pldm,scratch,10,px-equivalent,0.0,7.567545479534528,4.604510446538503,0.0,13.81353133961551,0.0,0.0,0.0,-4.604510446538503,-13.81353133961551,0.0,80.4599185431669,0.5431803410213799,0.5431803410213799,1.0,b8f1d59e881aac0b34e36fd94ef7c1ca54eb36510011cc4efb96bbacb780f178
motion_damping,pldm,scratch,15,px-equivalent,0.0,12.89499693081078,25.591158217153076,7.579966485417341,46.15412470598797,-1.3707830192128365,-6.848437843144158,3.8416640099017334,-25.591158217153076,-46.15412470598796,-7.579966485417341,132.45869782932954,0.4187791935313408,0.3974415506171426,1.0027775003142652,b8f1d59e881aac0b34e36fd94ef7c1ca54eb36510011cc4efb96bbacb780f178
motion_damping,pldm,scratch,20,px-equivalent,0.0,17.86420571911199,22.99964033809662,0.0,60.001099162691276,0.0,0.0,0.0,-22.99964033809662,-60.001099162691276,0.0,128.2569725012379,0.3342112070151626,0.31307107183161353,1.0032301600096796,b8f1d59e881aac0b34e36fd94ef7c1ca54eb36510011cc4efb96bbacb780f178
motion_damping,pldm,scratch,25,px-equivalent,0.0,22.673201583951094,29.736646374441243,0.0,78.71264530904668,0.0,0.0,0.0,-29.736646374441243,-78.71264530904668,0.0,172.1161387283115,0.2959506210516633,0.2686290085665052,1.0190528018216245,b8f1d59e881aac0b34e36fd94ef7c1ca54eb36510011cc4efb96bbacb780f178
motion_damping,pldm,frozen,5,px-equivalent,0.0,1.439031205562862,0.0,0.0,0.0,0.0,0.0,0.0,0.0,0.0,0.0,0.0,1.0,1.0,1.0,58229053b8b49e1e652ffcb172e33e53373411727c378c0a4cc745ad73cb99a6
motion_damping,pldm,frozen,10,px-equivalent,0.0,7.567545479534528,0.0,0.0,0.0,0.0,0.0,0.0,0.0,0.0,0.0,0.0,0.7541681663137366,0.7541681663137366,1.0,58229053b8b49e1e652ffcb172e33e53373411727c378c0a4cc745ad73cb99a6
motion_damping,pldm,frozen,15,px-equivalent,0.0,12.89499693081078,0.0,0.0,0.0,0.0,0.0,0.0,0.0,0.0,0.0,0.0,0.4735258966881755,0.47499456611633195,0.9939518117268872,58229053b8b49e1e652ffcb172e33e53373411727c378c0a4cc745ad73cb99a6
motion_damping,pldm,frozen,20,px-equivalent,0.0,17.86420571911199,0.0,0.0,0.0,0.0,0.0,0.0,0.0,0.0,0.0,0.0,0.326416940542306,0.32701002130385964,0.9761374934320463,58229053b8b49e1e652ffcb172e33e53373411727c378c0a4cc745ad73cb99a6
motion_damping,pldm,frozen,25,px-equivalent,0.0,22.673201583951094,0.0,0.0,0.0,0.0,0.0,0.0,0.0,0.0,0.0,0.0,0.2042504142276066,0.20943036191194353,0.9506580350071743,58229053b8b49e1e652ffcb172e33e53373411727c378c0a4cc745ad73cb99a6
motion_damping,dinowm,original,5,px-equivalent,0.0,1.439031205562862,0.0,0.0,0.0,0.0,0.0,0.0,0.0,0.0,0.0,0.0,1.0,1.0,1.0,d6656af4ba7a6f514e4384c518a43cc2931dd574bd5125d83f4c4cdbeec29886
motion_damping,dinowm,original,10,px-equivalent,0.0,7.567545479534528,0.0,0.0,0.0,0.0,0.0,0.0,0.0,0.0,0.0,0.0,0.7319696700169703,0.7319696700169703,1.0,d6656af4ba7a6f514e4384c518a43cc2931dd574bd5125d83f4c4cdbeec29886
motion_damping,dinowm,original,15,px-equivalent,0.0,12.89499693081078,0.0,0.0,0.0,0.0,0.0,0.0,0.0,0.0,0.0,0.0,0.4801041902582319,0.48711018139066525,0.9883720734980178,d6656af4ba7a6f514e4384c518a43cc2931dd574bd5125d83f4c4cdbeec29886
motion_damping,dinowm,original,20,px-equivalent,0.0,17.86420571911199,0.0,0.0,0.0,0.0,0.0,0.0,0.0,0.0,0.0,0.0,0.358051670111134,0.36718546835214866,0.967260256891556,d6656af4ba7a6f514e4384c518a43cc2931dd574bd5125d83f4c4cdbeec29886
motion_damping,dinowm,original,25,px-equivalent,0.0,22.673201583951094,0.0,0.0,0.0,0.0,0.0,0.0,0.0,0.0,0.0,0.0,0.28217046942911317,0.2887153560927738,0.9419349324660038,d6656af4ba7a6f514e4384c518a43cc2931dd574bd5125d83f4c4cdbeec29886
motion_damping,dinowm,scratch,5,px-equivalent,0.0,1.439031205562862,22.82253962706653,9.643302199838155,38.13726542697129,-0.025898068539651486,-0.47346733316101997,0.3916604912155841,-22.82253962706653,-38.13726542697128,-9.643302199838155,0.0,1.0,1.0,1.0,3a4bcfe495619f503323c248363b1538e52590bb3bc685e03469bfd4d30a45ad
motion_damping,dinowm,scratch,10,px-equivalent,0.0,7.567545479534528,78.07407138408013,51.269408027553965,103.99752646871698,-2.958743028884501,-5.630892826969841,-0.6860942890613606,-78.07407138408013,-103.99752646871697,-51.269408027553965,0.0,0.6713527285443149,0.6713527285443149,1.0,3a4bcfe495619f503323c248363b1538e52590bb3bc685e03469bfd4d30a45ad
motion_damping,dinowm,scratch,15,px-equivalent,0.0,12.89499693081078,172.40289939013715,150.7738238150769,193.7155111935179,-10.842627486132356,-15.277029357253781,-6.503925207530521,-172.40289939013715,-193.7155111935179,-150.7738238150769,0.0,0.4369779509723886,0.4390480535046922,0.9680558054278479,3a4bcfe495619f503323c248363b1538e52590bb3bc685e03469bfd4d30a45ad
motion_damping,dinowm,scratch,20,px-equivalent,0.0,17.86420571911199,248.5266550036476,223.61286812434764,272.9264526788958,-9.713177110623839,-16.653135361348497,-3.0665558485406503,-248.5266550036476,-272.9264526788958,-223.61286812434764,0.0,0.3278305235158267,0.3343314684592608,0.9303630324665916,3a4bcfe495619f503323c248363b1538e52590bb3bc685e03469bfd4d30a45ad
motion_damping,dinowm,scratch,25,px-equivalent,0.0,22.673201583951094,274.1063407413516,243.52882452755216,306.2369756219209,-9.506652281744653,-23.019388769307902,5.094148411369316,-274.1063407413516,-306.2369756219209,-243.52882452755216,0.0,0.23401025549220408,0.24224988678314546,0.9040468636615155,3a4bcfe495619f503323c248363b1538e52590bb3bc685e03469bfd4d30a45ad
motion_damping,dinowm,frozen,5,px-equivalent,0.0,1.439031205562862,20.217857088692064,9.620594085570925,31.178800260988346,-0.04654569733400127,-0.42399802528130814,0.3232184508358622,-20.217857088692064,-31.178800260988346,-9.620594085570925,0.0,1.0,1.0,1.0,05603ddd7243332be89f50408152bbf837ea98848ed0268209cc8cfe82043346
motion_damping,dinowm,frozen,10,px-equivalent,0.0,7.567545479534528,44.64359652818266,23.99549864051031,65.87618292362858,-3.5507279684172377,-5.562120751072836,-1.6826498320444114,-44.64359652818266,-65.87618292362858,-23.99549864051031,0.0,0.6671260181062728,0.6671260181062728,1.0,05603ddd7243332be89f50408152bbf837ea98848ed0268209cc8cfe82043346
motion_damping,dinowm,frozen,15,px-equivalent,0.0,12.89499693081078,75.43932788995983,35.63207852946792,118.36393272604268,-4.25507721875994,-8.017769177498165,-0.7822972385600195,-75.43932788995983,-118.36393272604268,-35.6320785294679,0.0,0.451265087244579,0.45321890650056806,0.9793213501799175,05603ddd7243332be89f50408152bbf837ea98848ed0268209cc8cfe82043346
motion_damping,dinowm,frozen,20,px-equivalent,0.0,17.86420571911199,118.0689119620916,54.361613261667166,187.61596324854142,-5.766267249318723,-14.423778542550073,0.43837162771534643,-118.0689119620916,-187.61596324854142,-54.361613261667145,0.0,0.3383733437919837,0.3450538807475462,0.9546162405209717,05603ddd7243332be89f50408152bbf837ea98848ed0268209cc8cfe82043346
motion_damping,dinowm,frozen,25,px-equivalent,0.0,22.673201583951094,189.46449467672483,103.26485714304224,285.19353144540725,-13.372015152434084,-23.919581944337168,-4.8073265452567515,-189.46449467672483,-285.1935314454072,-103.26485714304218,0.0,0.24460951494394015,0.2559524638652688,0.9321164581076918,05603ddd7243332be89f50408152bbf837ea98848ed0268209cc8cfe82043346
cube_gripper_carry,lewm,original,5,m,0.0014475201423554765,0.0014475201423554765,0.006566685130465422,0.00506675184983299,0.008299146423819645,0.0,0.0,0.0,-0.005119164988109946,-0.006879878473565938,-0.0035590300025623535,0.0022309228569606637,1.0,1.0,1.0,d10f75cc62e8de0aab21ee486719127cb593bb5ed6a86902f2a6ad213d8ba0d8
cube_gripper_carry,lewm,original,10,m,0.0001492511691801332,0.0034645864461372235,0.010225549370910005,0.007922920993622613,0.012881699021896788,0.0003937751753255725,0.0,0.0011813255259767175,-0.010076298201729872,-0.012738296262652656,-0.007756826221988101,0.0009981696661976903,0.4199984956186901,0.4199984956186901,1.0,d10f75cc62e8de0aab21ee486719127cb593bb5ed6a86902f2a6ad213d8ba0d8
cube_gripper_carry,lewm,original,15,m,3.237645141674814e-05,0.005412828123583752,0.015637243003918312,0.011934078958074676,0.019369587400032286,0.0007875503506511449,0.0,0.001968875876627862,-0.015604866552501564,-0.01936272711897654,-0.011882755682154853,0.00040989344435281424,0.24676019629244567,0.2576850926792257,0.971709202650345,d10f75cc62e8de0aab21ee486719127cb593bb5ed6a86902f2a6ad213d8ba0d8
cube_gripper_carry,lewm,original,20,m,2.649184734257275e-05,0.008036578104924738,0.021259366578069455,0.015395086293288696,0.027053451057027236,0.0,0.0,0.0,-0.02123287473072688,-0.027042221891570642,-0.015332797935875827,0.0033095265289572917,0.1771680441041807,0.1912323943314557,0.9278030472428005,d10f75cc62e8de0aab21ee486719127cb593bb5ed6a86902f2a6ad213d8ba0d8
cube_gripper_carry,lewm,original,25,m,3.282101914982272e-05,0.010937822024978727,0.02478460481918316,0.018078291903206277,0.03228519662617695,0.0,0.0,0.0,-0.024751783800033338,-0.032284909120768396,-0.01804445984790602,0.002428835899525096,0.12235792298189758,0.13426281677098467,0.8839414606924246,d10f75cc62e8de0aab21ee486719127cb593bb5ed6a86902f2a6ad213d8ba0d8
cube_gripper_carry,lewm,scratch,5,m,0.0014475201423554765,0.0014475201423554765,0.005511680629370029,0.004837594862423082,0.006441041891687205,0.0,0.0,0.0,-0.004064160487014553,-0.004955899488050009,-0.003373559494804847,0.004697623967484301,1.0,1.0,1.0,d09b23a91747229e57e2b9cf7d474ff50c8876885748d5f22f24d3b522a90a5c
cube_gripper_carry,lewm,scratch,10,m,0.0001492511691801332,0.0034645864461372235,0.01356116449473203,0.012152383990810239,0.014901377153599658,0.0,0.0,0.0,-0.013411913325551897,-0.014789693568793413,-0.01196992365989963,0.0011740123561751062,0.42187623621939024,0.42187623621939024,1.0,d09b23a91747229e57e2b9cf7d474ff50c8876885748d5f22f24d3b522a90a5c
cube_gripper_carry,lewm,scratch,15,m,3.237645141674814e-05,0.005412828123583752,0.020977348788619503,0.017149106762097792,0.024375167846226824,0.0,0.0,0.0,-0.02094497233720275,-0.024336097364530795,-0.017108861023161163,0.0008366253497246034,0.2328648977055202,0.23318381571676536,0.9992223606375532,d09b23a91747229e57e2b9cf7d474ff50c8876885748d5f22f24d3b522a90a5c
cube_gripper_carry,lewm,scratch,20,m,2.649184734257275e-05,0.008036578104924738,0.027073282900099662,0.021005297431936694,0.0331682514040062,0.0,0.0,0.0,-0.02704679105275709,-0.033164368175399,-0.020952683161287986,0.0020166484864209792,0.15110520469942165,0.1512496819667794,0.9985406119516114,d09b23a91747229e57e2b9cf7d474ff50c8876885748d5f22f24d3b522a90a5c
cube_gripper_carry,lewm,scratch,25,m,3.282101914982272e-05,0.010937822024978727,0.03291307871046383,0.02323698259494352,0.0423559287831276,0.0,0.0,0.0,-0.03288025769131401,-0.04235175705711308,-0.02319267575768377,0.0013279390978934622,0.10594517219227614,0.10599613368467249,0.9980604212402521,d09b23a91747229e57e2b9cf7d474ff50c8876885748d5f22f24d3b522a90a5c
cube_gripper_carry,lewm,frozen,5,m,0.0014475201423554765,0.0014475201423554765,0.005378371026512783,0.003977213121439879,0.006945322159846524,5.82076608592573e-11,-0.0011813259334303439,0.0011813257588073611,-0.003930850884157306,-0.005582581841310789,-0.0024418933066040626,0.0027093338810088748,1.0,1.0,1.0,610a005d05712f9bf3defe88e911cb63a75411ba2c439de1337f8980a50305c4
cube_gripper_carry,lewm,frozen,10,m,0.0001492511691801332,0.0034645864461372235,0.009275702743426765,0.007192434014210608,0.012111941634817559,0.0011813256423920393,-0.0015751009341329334,0.003937752218917012,-0.009126451574246634,-0.012020391557476676,-0.006981930739711106,0.0005840181968517631,0.4767325936240699,0.4767325936240699,1.0,610a005d05712f9bf3defe88e911cb63a75411ba2c439de1337f8980a50305c4
cube_gripper_carry,lewm,frozen,15,m,3.237645141674814e-05,0.005412828123583752,0.016888311030560002,0.012640802495686802,0.02180430284811749,-0.0011813256423920395,-0.004134640097618103,0.0009844382293522358,-0.016855934579143254,-0.021782694281999252,-0.01261787507686795,0.00044569783749764746,0.29750518543272386,0.305401086344999,0.9691481450034247,610a005d05712f9bf3defe88e911cb63a75411ba2c439de1337f8980a50305c4
cube_gripper_carry,lewm,frozen,20,m,2.649184734257275e-05,0.008036578104924738,0.024095551562314233,0.018678338833548146,0.03040173402261353,-1.0842021724855044e-19,-0.004331527627073228,0.0035439772764220834,-0.02406905971497166,-0.030378763226956016,-0.018642229418277777,0.0004575788433417227,0.2221577931662708,0.2471028751114599,0.93635460638013,610a005d05712f9bf3defe88e911cb63a75411ba2c439de1337f8980a50305c4
cube_gripper_carry,lewm,frozen,25,m,3.282101914982272e-05,0.010937822024978727,0.03233493685672758,0.025194562976861658,0.04057501518373498,-0.0017719886964187026,-0.006103516323491931,0.0009844378801062705,-0.032302115837577756,-0.04057501518373498,-0.025167955753607096,0.00201752368278453,0.16598592403457615,0.1941435280152536,0.9164538690876728,610a005d05712f9bf3defe88e911cb63a75411ba2c439de1337f8980a50305c4
cube_gripper_carry,pldm,original,5,m,0.0014475201423554765,0.0014475201423554765,0.006950635505887244,0.004799522411643838,0.009235602499761035,0.0,0.0,0.0,-0.0055031153635317675,-0.007830237671347414,-0.003326808357320784,0.004879183165445533,1.0,1.0,1.0,9212dda85d4e6cb9ecb45f9916a4eac6ff6531cba6b39641210c4f23d757ebc6
cube_gripper_carry,pldm,original,10,m,0.0001492511691801332,0.0034645864461372235,0.008347774425166671,0.004700660735955155,0.012007864372153303,0.0,0.0,0.0,-0.008198523255986537,-0.011854127038134793,-0.004523824546500114,0.0044851287588365315,0.5692210241070395,0.5692210241070395,1.0,9212dda85d4e6cb9ecb45f9916a4eac6ff6531cba6b39641210c4f23d757ebc6
cube_gripper_carry,pldm,original,15,m,3.237645141674814e-05,0.005412828123583752,0.01247658257049624,0.006099073209047629,0.018847717217426136,0.0,0.0,0.0,-0.012444206119079494,-0.018822195113324017,-0.006084554103983947,0.002659781766454478,0.3462114617321058,0.35171538620677684,0.9733171309779223,9212dda85d4e6cb9ecb45f9916a4eac6ff6531cba6b39641210c4f23d757ebc6
cube_gripper_carry,pldm,original,20,m,2.649184734257275e-05,0.008036578104924738,0.010540698932062182,0.0031811001787480286,0.018966129421633504,0.0,0.0,0.0,-0.01051420708471961,-0.018957850282368006,-0.0031281164840628833,0.002504992996021683,0.23583159893743874,0.25405918442148445,0.9105972898757249,9212dda85d4e6cb9ecb45f9916a4eac6ff6531cba6b39641210c4f23d757ebc6
cube_gripper_carry,pldm,original,25,m,3.282101914982272e-05,0.010937822024978727,0.01317687553041805,0.003971813896860495,0.02370397165534524,0.0,0.0,0.0,-0.013144054511268228,-0.023671150636195418,-0.00390617185856085,0.0008437871110019832,0.16473192105384174,0.1797948054530739,0.8202343911442647,9212dda85d4e6cb9ecb45f9916a4eac6ff6531cba6b39641210c4f23d757ebc6
cube_gripper_carry,pldm,scratch,5,m,0.0014475201423554765,0.0014475201423554765,0.006581200944514193,0.004571887107702838,0.008935591838467831,0.0,0.0,0.0,-0.005133680802158716,-0.007507796022214213,-0.0030913331880135252,0.004528559883207159,1.0,1.0,1.0,acff28a8c08d1052416844dbea0446b06e4b2f58f5e67462c80da6bff03eb4b5
cube_gripper_carry,pldm,scratch,10,m,0.0001492511691801332,0.0034645864461372235,0.009394236141105322,0.006642891094779605,0.01205887023414282,0.00039377529174089426,0.0,0.0011813258752226827,-0.009244984971925189,-0.011920834263104833,-0.006488711354923157,0.0024875512054686926,0.4190334580999054,0.4190334580999054,1.0,acff28a8c08d1052416844dbea0446b06e4b2f58f5e67462c80da6bff03eb4b5
cube_gripper_carry,pldm,scratch,15,m,3.237645141674814e-05,0.005412828123583752,0.016966912681294376,0.012138782701672424,0.021493335209116834,0.0,0.0,0.0,-0.016934536229877627,-0.02147450999554585,-0.012070776816290658,0.003693628090952515,0.258965642379853,0.2597077493881225,0.9991548399770783,acff28a8c08d1052416844dbea0446b06e4b2f58f5e67462c80da6bff03eb4b5
cube_gripper_carry,pldm,scratch,20,m,2.649184734257275e-05,0.008036578104924738,0.02914022907782357,0.02252093260329237,0.03471550017177091,0.0,0.0,0.0,-0.029113737230480996,-0.03469715630323484,-0.022468078516458004,0.002370315380177396,0.17058176355188484,0.17157901949740265,1.0023765581788844,acff28a8c08d1052416844dbea0446b06e4b2f58f5e67462c80da6bff03eb4b5
cube_gripper_carry,pldm,scratch,25,m,3.282101914982272e-05,0.010937822024978727,0.046565043446256484,0.039676386153480334,0.054996561728490774,0.0,0.0,0.0,-0.04653222242710666,-0.05496502855426242,-0.03963361531542397,0.0031703121910130255,0.12966805428760073,0.13001837803164085,1.0078209866076924,acff28a8c08d1052416844dbea0446b06e4b2f58f5e67462c80da6bff03eb4b5
cube_gripper_carry,pldm,frozen,5,m,0.0014475201423554765,0.0014475201423554765,0.005736111579109361,0.005011045002459623,0.006619330318445513,0.0,0.0,0.0,-0.004288591436753884,-0.005164052289075104,-0.003549154422958776,0.004879183281860855,1.0,1.0,1.0,141343ab42c552ed4228254d59afa4aad8eb9c2afdd5948653b0768a444b7857
cube_gripper_carry,pldm,frozen,10,m,0.0001492511691801332,0.0034645864461372235,0.00811498762069211,0.00441476210161966,0.01187128892240376,0.0003937751898774876,0.0,0.0011813255696324627,-0.007965736451511975,-0.01178207858662164,-0.0042161488827223165,0.004007403542898266,0.4803907400599844,0.4803907400599844,1.0,141343ab42c552ed4228254d59afa4aad8eb9c2afdd5948653b0768a444b7857
cube_gripper_carry,pldm,frozen,15,m,3.237645141674814e-05,0.005412828123583752,0.014444998075300915,0.007680884701439683,0.021494405320651035,0.0,0.0,0.0,-0.014412621623884169,-0.021448302271811243,-0.007643640582457618,0.0013833606365543272,0.2711387149642936,0.2723099437001529,0.9854202718421297,141343ab42c552ed4228254d59afa4aad8eb9c2afdd5948653b0768a444b7857
cube_gripper_carry,pldm,frozen,20,m,2.649184734257275e-05,0.008036578104924738,0.022662706974942513,0.014378175001522268,0.030316076102779164,0.0015751009341329336,0.0,0.004725302802398801,-0.02263621512759994,-0.030289584255436593,-0.014339957454486471,0.0012579855747175018,0.18157614183169804,0.20423197426290865,0.9231400506613197,141343ab42c552ed4228254d59afa4aad8eb9c2afdd5948653b0768a444b7857
cube_gripper_carry,pldm,frozen,25,m,3.282101914982272e-05,0.010937822024978727,0.03058893559607275,0.020864129613816656,0.039318522447182085,0.001968876225873828,0.0,0.005906628677621484,-0.03055611457692293,-0.039267074496196985,-0.020833090025805124,0.001215593476806433,0.1278282153394866,0.14206679240564848,0.8676689157234145,141343ab42c552ed4228254d59afa4aad8eb9c2afdd5948653b0768a444b7857
cube_gripper_carry,dinowm,original,5,m,0.0014475201423554765,0.0014475201423554765,0.010623688023609301,0.008432120249413014,0.012752268439463074,0.0,0.0,0.0,-0.009176167881253826,-0.011239622785080845,-0.007036087878890522,0.004852884857300961,1.0,1.0,1.0,dcb65a10f6328290cf74b25b4044bd8c5b26569eb49af27fc221bfef25923780
cube_gripper_carry,dinowm,original,10,m,0.0001492511691801332,0.0034645864461372235,0.019203887281069344,0.016144152664787352,0.022387354211146036,-0.00039377517532557244,-0.0011813255259767173,0.0,-0.019054636111889213,-0.022272595037747117,-0.01597287452986992,0.0017800462544829265,0.6786641620729513,0.6786641620729513,1.0,dcb65a10f6328290cf74b25b4044bd8c5b26569eb49af27fc221bfef25923780
cube_gripper_carry,dinowm,original,15,m,3.237645141674814e-05,0.005412828123583752,0.023460197653854983,0.01864998027780504,0.028619913264075116,0.0,0.0,0.0,-0.023427821202438234,-0.02859606692652858,-0.01859762415423374,1.4278760992872343e-05,0.579437766971227,0.5758496180877687,0.9979426174200332,dcb65a10f6328290cf74b25b4044bd8c5b26569eb49af27fc221bfef25923780
cube_gripper_carry,dinowm,original,20,m,2.649184734257275e-05,0.008036578104924738,0.026103295792003604,0.02025314237252729,0.03267589471794726,0.0,0.0,0.0,-0.026076803944661033,-0.03267152192108481,-0.020226472673516255,0.0012791740587916906,0.5301010907987576,0.5246499359116078,0.9924472634564578,dcb65a10f6328290cf74b25b4044bd8c5b26569eb49af27fc221bfef25923780
cube_gripper_carry,dinowm,original,25,m,3.282101914982272e-05,0.010937822024978727,0.025571635198429164,0.01685335106632087,0.035226901433462264,-0.000984438054729253,-0.002953314164187759,0.0,-0.02553881417927934,-0.03519238542405129,-0.01682026749854473,0.0013412679002544937,0.5024908137832754,0.498378905167535,0.9846204784680811,dcb65a10f6328290cf74b25b4044bd8c5b26569eb49af27fc221bfef25923780
cube_gripper_carry,dinowm,scratch,5,m,0.0014475201423554765,0.0014475201423554765,0.005775930271490549,0.003933696064926633,0.007663719096299415,-2.9103830456733704e-11,-0.0009844380256254226,0.000787550350651145,-0.004328410129135072,-0.006255000520236733,-0.002466439409855983,0.004852884857300961,1.0,1.0,1.0,1506fa3b8074dafda3149b797fbc31276cb864ed01d18b9361e523a07f00e8a6
cube_gripper_carry,dinowm,scratch,10,m,0.0001492511691801332,0.0034645864461372235,0.007833752731980441,0.004697356370727794,0.011292791557805567,0.001181325817015022,0.0,0.0023626516922377046,-0.007684501562800307,-0.011165474351904726,-0.004535968568994279,0.0017800462544829265,0.7679635650444105,0.7679635650444105,1.0,1506fa3b8074dafda3149b797fbc31276cb864ed01d18b9361e523a07f00e8a6
cube_gripper_carry,dinowm,scratch,15,m,3.237645141674814e-05,0.005412828123583752,0.011175783976276861,0.005533402928169692,0.017306077752430447,0.0,0.0,0.0,-0.011143407524860113,-0.017264657747798465,-0.005507365932786727,1.4278760992872343e-05,0.6368692722839044,0.6404344759160568,0.9844592855945189,1506fa3b8074dafda3149b797fbc31276cb864ed01d18b9361e523a07f00e8a6
cube_gripper_carry,dinowm,scratch,20,m,2.649184734257275e-05,0.008036578104924738,0.019966668627851243,0.012695810134734559,0.027162298380153858,-0.0007875505252741276,-0.0023626515758223827,0.0,-0.019940176780508672,-0.02714375018358428,-0.012694485542367424,0.0012791740587916906,0.5612613902492735,0.5679413705662572,0.9621673869593047,1506fa3b8074dafda3149b797fbc31276cb864ed01d18b9361e523a07f00e8a6
cube_gripper_carry,dinowm,scratch,25,m,3.282101914982272e-05,0.010937822024978727,0.02561153911171778,0.01563316349136356,0.03538413338189263,0.0,0.0,0.0,-0.025578718092567957,-0.035347706850455615,-0.015600599034177574,0.0013412679002544937,0.4919473818689581,0.5027675348376283,0.938087701685927,1506fa3b8074dafda3149b797fbc31276cb864ed01d18b9361e523a07f00e8a6
cube_gripper_carry,dinowm,frozen,5,m,0.0014475201423554765,0.0014475201423554765,0.005160668325920719,0.00345573636734924,0.007065133839716425,0.0009844379383139312,0.00019688758766278625,0.0019688758766278625,-0.003713148183565243,-0.005659223027817844,-0.0019575124477403017,0.004852884857300961,1.0,1.0,1.0,009ae0366585b9d449a9999218f5a0d1dd738c35349e8ad94b66c822227a2442
cube_gripper_carry,dinowm,frozen,10,m,0.0001492511691801332,0.0034645864461372235,0.012017111762948316,0.008532537387689724,0.015960713158174687,0.0003937752917408942,0.0,0.0011813258752226825,-0.011867860593768181,-0.015817630566185112,-0.008360302409074196,0.0017800462544829265,0.7838270425025137,0.7838270425025137,1.0,009ae0366585b9d449a9999218f5a0d1dd738c35349e8ad94b66c822227a2442
cube_gripper_carry,dinowm,frozen,15,m,3.237645141674814e-05,0.005412828123583752,0.02040885417462703,0.014509027641396543,0.026496553833148792,0.0,0.0,0.0,-0.02037647772321028,-0.026474644916392922,-0.014468608228763405,1.4278760992872343e-05,0.6610188441134646,0.6702063413513131,0.9810672953205718,009ae0366585b9d449a9999218f5a0d1dd738c35349e8ad94b66c822227a2442
cube_gripper_carry,dinowm,frozen,20,m,2.649184734257275e-05,0.008036578104924738,0.029736753725073374,0.023085661239600055,0.03638301116070615,0.0,0.0,0.0,-0.0297102618777308,-0.036356519313363575,-0.023049258036381182,0.0012791740587916906,0.5799266398218457,0.5937171953547561,0.9571725788437411,009ae0366585b9d449a9999218f5a0d1dd738c35349e8ad94b66c822227a2442
cube_gripper_carry,dinowm,frozen,25,m,3.282101914982272e-05,0.010937822024978727,0.03400145053445028,0.02711457569084089,0.03981833093290154,0.0,0.0,0.0,-0.033968629515300455,-0.039806279173271286,-0.027083153256750588,0.0013412679002544937,0.5096059792092609,0.5318197637631144,0.9273712116092993,009ae0366585b9d449a9999218f5a0d1dd738c35349e8ad94b66c822227a2442
door,lewm,original,5,px,0.0,12.5,3.515625,1.953125,5.078125,0.0,0.0,0.0,-3.515625,-5.078125,-1.953125,5.177669529663689,1.0,1.0,1.0,53103e123ce03c2fcd8889cbf39a92d1bbd998f2b067342203e38962b2c5c519
door,lewm,original,10,px,0.0,12.5,6.439563036811942,2.990958691207961,10.211771728019903,1.1048543456039805,-0.9152913087920389,3.4486043456039805,-6.439563036811942,-10.211771728019903,-2.990958691207961,5.177669529663689,0.8296296782809497,0.8296296782809497,1.0,53103e123ce03c2fcd8889cbf39a92d1bbd998f2b067342203e38962b2c5c519
door,lewm,original,15,px,0.0,12.5,7.421875,2.734375,12.890625,2.34375,0.0,5.859375,-7.421875,-12.890625,-2.734375,5.177669529663689,0.5575687787696444,0.5554455657068237,0.9953721741669614,53103e123ce03c2fcd8889cbf39a92d1bbd998f2b067342203e38962b2c5c519
door,lewm,original,20,px,0.0,12.5,7.8125,3.125,13.28125,3.125,0.0,7.8125,-7.8125,-13.28125,-3.125,5.177669529663689,0.5275355821274267,0.5257335110526897,0.9901702695183029,53103e123ce03c2fcd8889cbf39a92d1bbd998f2b067342203e38962b2c5c519
door,lewm,original,25,px,0.0,12.5,12.4375,5.073828125000001,20.36210937500001,-0.109375,-0.328125,0.0,-12.4375,-20.362109375,-5.073828124999984,5.177669529663689,0.5083469017761105,0.5070188088123186,0.9892123730130963,53103e123ce03c2fcd8889cbf39a92d1bbd998f2b067342203e38962b2c5c519
door,lewm,scratch,5,px,0.0,12.5,13.671875,12.5,14.84375,11.328125,10.15625,12.5,-13.671875,-14.84375,-12.5,0.0,1.0,1.0,1.0,8699017e30ce6fd4aab2f8e55de2b09293543702586dd0f3ef76d5c397acc8a5
door,lewm,scratch,10,px,0.0,12.5,14.84375,7.011718750000007,24.21875,7.03125,3.90625,10.15625,-14.84375,-24.21875,-7.011718749999929,0.0,0.7778491217169657,0.7778491217169657,1.0,8699017e30ce6fd4aab2f8e55de2b09293543702586dd0f3ef76d5c397acc8a5
door,lewm,scratch,15,px,0.0,12.5,25.390625,14.453125,36.328125,16.015625,14.453125,17.578125,-25.390625,-36.328125,-14.453125,0.0,0.380504034639318,0.4005577814915772,0.9800135882566028,8699017e30ce6fd4aab2f8e55de2b09293543702586dd0f3ef76d5c397acc8a5
door,lewm,scratch,20,px,0.0,12.5,35.140625,27.0,43.390625,14.0625,12.5,17.1875,-35.140625,-43.390625,-27.0,0.0,0.287562932304376,0.3630050299407552,0.9079474437782862,8699017e30ce6fd4aab2f8e55de2b09293543702586dd0f3ef76d5c397acc8a5
door,lewm,scratch,25,px,0.0,12.5,18.46875,15.234375,23.765625,5.46875,2.34375,8.59375,-18.46875,-23.765625,-15.234375,0.0,0.2301414760434985,0.2925260618156033,0.8096234477928457,8699017e30ce6fd4aab2f8e55de2b09293543702586dd0f3ef76d5c397acc8a5
door,lewm,frozen,5,px,0.0,12.5,2.265230419227864,0.9708130368119416,3.559647801643786,8.984375,7.421875,10.546875,-2.265230419227864,-3.559647801643786,-0.9708130368119416,5.177669529663689,1.0,1.0,1.0,d13d077363c681cfc3d9e586d07ce51625ca0ad61edcb5fe63ec0d565f6fce29
door,lewm,frozen,10,px,0.0,12.5,2.34375,0.0,4.6875,12.5,12.5,12.5,-2.34375,-4.6875,0.0,5.177669529663689,0.8560860530698969,0.8560860530698969,1.0,d13d077363c681cfc3d9e586d07ce51625ca0ad61edcb5fe63ec0d565f6fce29
door,lewm,frozen,15,px,0.0,12.5,1.171875,0.0,3.125,12.109375,11.328125,12.5,-1.171875,-3.125,0.0,5.177669529663689,0.5046720446328313,0.5115841181126503,0.9714574164658667,d13d077363c681cfc3d9e586d07ce51625ca0ad61edcb5fe63ec0d565f6fce29
door,lewm,frozen,20,px,0.0,12.5,5.46875,2.34375,8.59375,14.84375,10.9375,18.75,-5.46875,-8.59375,-2.34375,5.177669529663689,0.4313000302330837,0.4359542807510351,0.9286892001684728,d13d077363c681cfc3d9e586d07ce51625ca0ad61edcb5fe63ec0d565f6fce29
door,lewm,frozen,25,px,0.0,12.5,3.125,0.78125,6.25,17.96875,15.234375,21.09375,-3.125,-6.25,-0.78125,5.177669529663689,0.3373531617684341,0.33771078090725426,0.8922377756439354,d13d077363c681cfc3d9e586d07ce51625ca0ad61edcb5fe63ec0d565f6fce29
door,pldm,original,5,px,0.0,12.5,8.570752147247767,2.856917382415922,14.284586912079611,0.0,0.0,0.0,-8.570752147247767,-14.284586912079611,-2.856917382415922,0.0,1.0,1.0,1.0,ae5f3709e0b10f8e56202a82db177d48f9d0a5780665c67b559d28b15914a4fd
door,pldm,original,10,px,0.0,12.5,9.69860434560398,6.897208691207961,12.365958691207961,0.78125,0.0,2.34375,-9.69860434560398,-12.365958691207961,-6.897208691207961,0.0,0.8128734524798837,0.8128734524798837,1.0,ae5f3709e0b10f8e56202a82db177d48f9d0a5780665c67b559d28b15914a4fd
door,pldm,original,15,px,0.0,12.5,17.96875,14.84375,21.09375,0.0,0.0,0.0,-17.96875,-21.09375,-14.84375,0.0,0.7235908189327337,0.7259200480411839,1.0001387016503698,ae5f3709e0b10f8e56202a82db177d48f9d0a5780665c67b559d28b15914a4fd
door,pldm,original,20,px,0.0,12.5,59.34375,45.96875,73.5,0.0,0.0,0.0,-59.34375,-73.5,-45.96875,0.0,0.7328551597535217,0.7303891134705688,0.9997513683842918,ae5f3709e0b10f8e56202a82db177d48f9d0a5780665c67b559d28b15914a4fd
door,pldm,original,25,px,0.0,12.5,61.671875,48.734375,74.71875,0.0,0.0,0.0,-61.671875,-74.71875,-48.734375,0.0,0.6961574471510601,0.6950237101298276,0.9995939126636803,ae5f3709e0b10f8e56202a82db177d48f9d0a5780665c67b559d28b15914a4fd
door,pldm,scratch,5,px,0.0,12.5,5.177669529663689,5.177669529663689,5.177669529663689,12.5,12.5,12.5,-5.177669529663689,-5.177669529663689,-5.177669529663689,12.5,1.0,1.0,1.0,4bf4caa4d9848b95ba9dde777e39a57503a388df7fbe92e2d86b2e09d5309856
door,pldm,scratch,10,px,0.0,12.5,10.646419529663689,7.521419529663689,13.771419529663689,1.8535804703363112,-1.2714195296636888,4.978580470336311,-10.646419529663689,-13.771419529663689,-7.521419529663689,19.53125,0.7151617887884723,0.7151617887884723,1.0,4bf4caa4d9848b95ba9dde777e39a57503a388df7fbe92e2d86b2e09d5309856
door,pldm,scratch,15,px,0.0,12.5,37.28743911043583,26.08185649285175,48.4930217280199,-5.46875,-8.59375,-2.34375,-37.28743911043583,-48.4930217280199,-26.08185649285175,26.5625,0.2755687302609963,0.2641141641027795,0.9994937035262859,4bf4caa4d9848b95ba9dde777e39a57503a388df7fbe92e2d86b2e09d5309856
door,pldm,scratch,20,px,0.0,12.5,48.80100107362389,37.291959764831844,60.31004238241593,-13.335057429093618,-18.24710247636454,-8.423012381822698,-48.80100107362389,-60.31004238241593,-37.291959764831844,27.546875,0.25644420413909547,0.24104080696820257,0.9851180095277831,4bf4caa4d9848b95ba9dde777e39a57503a388df7fbe92e2d86b2e09d5309856
door,pldm,scratch,25,px,0.0,12.5,50.99056411043583,39.12873149285174,62.85513110301992,-12.627586143640428,-18.54236556591135,-6.715541096369508,-50.99056411043583,-62.85513110301991,-39.12873149285174,27.546875,0.27726239815156417,0.2889410052896083,0.9201693840373137,4bf4caa4d9848b95ba9dde777e39a57503a388df7fbe92e2d86b2e09d5309856
door,pldm,frozen,5,px,0.0,12.5,9.296480419227864,7.465897801643786,11.127063036811942,12.5,12.5,12.5,-9.296480419227864,-11.127063036811942,-7.465897801643786,6.115958691207961,1.0,1.0,1.0,44e49cf4f7b5210ca49f0a9e837e9c5a5804c92f71f7517b81cb7235b80141e9
door,pldm,frozen,10,px,0.0,12.5,0.0,0.0,0.0,12.5,12.5,12.5,0.0,0.0,0.0,6.115958691207961,0.8508381046570946,0.8508381046570946,1.0,44e49cf4f7b5210ca49f0a9e837e9c5a5804c92f71f7517b81cb7235b80141e9
door,pldm,frozen,15,px,0.0,12.5,3.125,0.78125,6.25,12.5,12.5,12.5,-3.125,-6.25,-0.78125,6.115958691207961,0.4764277007414715,0.4744996371617127,1.0008072024658625,44e49cf4f7b5210ca49f0a9e837e9c5a5804c92f71f7517b81cb7235b80141e9
door,pldm,frozen,20,px,0.0,12.5,6.5736043456039805,3.125,9.888167382415922,13.14207376181773,12.5,14.426221285453192,-6.5736043456039805,-9.888167382415922,-3.125,6.115958691207961,0.3843660601355414,0.27119801449753317,0.9786610158512187,44e49cf4f7b5210ca49f0a9e837e9c5a5804c92f71f7517b81cb7235b80141e9
door,pldm,frozen,25,px,0.0,12.5,7.3548543456039805,3.90625,10.47985434560398,13.14207376181773,12.5,14.426221285453192,-7.3548543456039805,-10.47985434560398,-3.90625,6.115958691207961,0.3124709501246088,0.23808772779109932,0.9901432527309997,44e49cf4f7b5210ca49f0a9e837e9c5a5804c92f71f7517b81cb7235b80141e9
door,dinowm,original,5,px,0.0,12.5,0.0,0.0,0.0,0.78125,0.0,1.953125,0.0,0.0,0.0,0.0,1.0,1.0,1.0,20fe17831fac40bcb77f750104c5790626a218b3932778d02e88d91d9b4be23e
door,dinowm,original,10,px,0.0,12.5,17.67766952966369,17.67766952966369,17.67766952966369,-0.32360434560398055,-0.9708130368119416,0.0,-17.67766952966369,-17.67766952966369,-17.67766952966369,0.0,0.34915803603633044,0.34915803603633044,1.0,20fe17831fac40bcb77f750104c5790626a218b3932778d02e88d91d9b4be23e
door,dinowm,original,15,px,0.0,12.5,25.0,25.0,25.0,0.0,0.0,0.0,-25.0,-25.0,-25.0,0.0,0.2641402394647851,0.2722443977189131,0.9317331590421527,20fe17831fac40bcb77f750104c5790626a218b3932778d02e88d91d9b4be23e
door,dinowm,original,20,px,0.0,12.5,37.5,37.5,37.5,0.0,0.0,0.0,-37.5,-37.5,-37.5,0.0,0.26582521914472756,0.27324245373585954,0.7963257820149151,20fe17831fac40bcb77f750104c5790626a218b3932778d02e88d91d9b4be23e
door,dinowm,original,25,px,0.0,12.5,39.25,39.25,39.25,0.0,0.0,0.0,-39.25,-39.25,-39.25,0.0,0.24170965069961028,0.24181316544140075,0.732866384662263,20fe17831fac40bcb77f750104c5790626a218b3932778d02e88d91d9b4be23e
door,dinowm,scratch,5,px,0.0,12.5,0.32360434560398055,0.0,0.9708130368119416,0.78125,0.0,2.34375,-0.32360434560398055,-0.9708130368119416,0.0,0.0,1.0,1.0,1.0,35ef1aae3de106a700684d5253c20308435623ddc48c55793cf23021a3c74bd1
door,dinowm,scratch,10,px,0.0,12.5,5.177669529663689,5.177669529663689,5.177669529663689,7.322330470336311,7.322330470336311,7.322330470336311,-5.177669529663689,-5.177669529663689,-5.177669529663689,0.0,0.6999870798894909,0.6999870798894909,1.0,35ef1aae3de106a700684d5253c20308435623ddc48c55793cf23021a3c74bd1
door,dinowm,scratch,15,px,0.0,12.5,8.693294529663689,7.130794529663689,10.255794529663689,8.984375,7.421875,10.546875,-8.693294529663689,-10.255794529663689,-7.130794529663689,0.0,0.5533800828689448,0.5915444101781433,0.938051730326884,35ef1aae3de106a700684d5253c20308435623ddc48c55793cf23021a3c74bd1
door,dinowm,scratch,20,px,0.0,12.5,6.740169529663689,5.177669529663689,9.083919529663689,21.210680189083682,18.866930189083682,22.773180189083682,-6.740169529663689,-9.083919529663689,-5.177669529663689,0.0,0.3840393812005599,0.4067708842604078,0.8816645067513933,35ef1aae3de106a700684d5253c20308435623ddc48c55793cf23021a3c74bd1
door,dinowm,scratch,25,px,0.0,12.5,5.177669529663689,5.177669529663689,5.177669529663689,22.773180189083682,22.773180189083682,22.773180189083682,-5.177669529663689,-5.177669529663689,-5.177669529663689,0.0,0.25249806214263426,0.26867874947707887,0.83921496003181,35ef1aae3de106a700684d5253c20308435623ddc48c55793cf23021a3c74bd1
portal_exit,lewm,original,5,px,0.0,7.5,27.589157979723943,17.14417116192812,37.50962050998644,0.0,0.0,0.0,-27.589157979723943,-37.50962050998643,-17.14417116192812,2.383517573365844,1.0,1.0,1.0,53103e123ce03c2fcd8889cbf39a92d1bbd998f2b067342203e38962b2c5c519
portal_exit,lewm,original,10,px,5.0,1.25,17.462773741526135,12.57752152838432,22.842871095853607,0.0,0.0,0.0,-12.462773741526139,-17.842871095853603,-7.577521528384318,0.1171875,0.9221135083537499,0.9221135083537499,1.0,53103e123ce03c2fcd8889cbf39a92d1bbd998f2b067342203e38962b2c5c519
portal_exit,lewm,original,15,px,5.0,1.25,17.93570021829542,12.967662830165793,23.21352193291796,0.0,0.0,0.0,-12.93570021829542,-18.21352193291796,-7.967662830165794,0.1171875,0.8953784021232989,0.8963079462877248,0.9992177622899764,53103e123ce03c2fcd8889cbf39a92d1bbd998f2b067342203e38962b2c5c519
portal_exit,lewm,original,20,px,5.0,1.25,20.39144139872564,11.306247440689056,33.88294584806217,0.0,0.0,0.0,-15.39144139872564,-28.882945848062167,-6.306247440689055,0.1171875,0.8918736216801162,0.8927459302288911,0.9989682189241964,53103e123ce03c2fcd8889cbf39a92d1bbd998f2b067342203e38962b2c5c519
portal_exit,lewm,original,25,px,5.0,1.25,21.151034392510887,11.888151375372418,34.536164642240216,0.0,0.0,0.0,-16.151034392510883,-29.536164642240212,-6.888151375372416,0.1171875,0.8862067271435506,0.88687110409584,0.9982694371210065,53103e123ce03c2fcd8889cbf39a92d1bbd998f2b067342203e38962b2c5c519
portal_exit,lewm,scratch,5,px,0.0,7.5,16.332643659064054,7.884324171932203,24.933303838728417,0.0,0.0,0.0,-16.332643659064054,-24.933303838728417,-7.884324171932203,6.960062089698236,1.0,1.0,1.0,e4d8af10bc6a30f389ae8cb86ea9830592dff0a04ded10cdd3b8c156b8a94479
portal_exit,lewm,scratch,10,px,5.0,1.25,23.683886513351176,16.555979440335907,32.83849727832447,0.0,0.0,0.0,-18.683886513351176,-27.838497278324468,-11.555979440335907,1.5486554937852461,0.6945245902186298,0.6945245902186298,1.0,e4d8af10bc6a30f389ae8cb86ea9830592dff0a04ded10cdd3b8c156b8a94479
portal_exit,lewm,scratch,15,px,5.0,1.25,35.699959838358666,24.05860812181999,49.2505991554149,0.0,0.0,0.0,-30.699959838358666,-44.2505991554149,-19.05860812181999,1.3833838915213499,0.34766842221684496,0.35360236345290974,0.9811183936103143,e4d8af10bc6a30f389ae8cb86ea9830592dff0a04ded10cdd3b8c156b8a94479
portal_exit,lewm,scratch,20,px,5.0,1.25,42.845062599138416,27.8372793666688,59.01454693897489,0.0,0.0,0.0,-37.845062599138416,-54.01454693897488,-22.837279366668792,1.5486554937852461,0.25359314213975603,0.2652925602606685,0.9224922378463258,e4d8af10bc6a30f389ae8cb86ea9830592dff0a04ded10cdd3b8c156b8a94479
portal_exit,lewm,scratch,25,px,5.0,1.25,49.72988943616855,33.440551864368736,65.65512790245093,0.15021799378524614,0.0,0.4506539813557384,-44.72988943616855,-60.65512790245092,-28.440551864368732,1.5486554937852461,0.19111519064885726,0.200225604380448,0.8494061793055865,e4d8af10bc6a30f389ae8cb86ea9830592dff0a04ded10cdd3b8c156b8a94479
portal_exit,lewm,frozen,5,px,0.0,7.5,5.251148737699831,1.4327796555998105,9.897508719362312,1.40625,0.0,2.8125,-5.251148737699831,-9.897508719362307,-1.4327796555998105,1.3851569979999863,1.0,1.0,1.0,072b37b9f8c330da9d45855de5873d7a4f9e91f0c92495b2393771220327f3ac
portal_exit,lewm,frozen,10,px,5.0,1.25,19.871147931637708,17.382190869222583,21.8590839192082,0.15021799378524625,0.0,0.45065398135573875,-14.871147931637708,-16.8590839192082,-12.38219086922258,0.1171875,0.9428820518162807,0.9428820518162807,1.0,072b37b9f8c330da9d45855de5873d7a4f9e91f0c92495b2393771220327f3ac
portal_exit,lewm,frozen,15,px,5.0,1.25,35.4899088519435,23.0546944495011,49.55992220732722,-0.06902404872413637,-0.36750733938071967,0.16043519320831057,-30.489908851943493,-44.55992220732721,-18.0546944495011,0.1171875,0.7093966928826906,0.7336991504653326,0.953345770042269,072b37b9f8c330da9d45855de5873d7a4f9e91f0c92495b2393771220327f3ac
portal_exit,lewm,frozen,20,px,5.0,1.25,52.510319096690004,36.89734862641135,68.77584836739403,-0.46462059899131947,-1.316797252921529,0.0,-47.510319096690004,-63.77584836739401,-31.89734862641135,0.1171875,0.37861646284341477,0.6754173205639773,0.5747256760062002,072b37b9f8c330da9d45855de5873d7a4f9e91f0c92495b2393771220327f3ac
portal_exit,lewm,frozen,25,px,5.0,1.25,60.98268193576899,43.107172277920405,77.77330714981255,0.0,0.0,0.0,-55.98268193576899,-72.77330714981255,-38.1071722779204,0.1171875,0.3628189477747242,0.5897529707165132,0.5384889468357085,072b37b9f8c330da9d45855de5873d7a4f9e91f0c92495b2393771220327f3ac
portal_exit,pldm,original,5,px,0.0,7.5,30.973301372529164,24.704878550733312,37.241724194325016,0.0,0.0,0.0,-30.973301372529164,-37.241724194325016,-24.704878550733312,1.4327796555998105,1.0,1.0,1.0,ae5f3709e0b10f8e56202a82db177d48f9d0a5780665c67b559d28b15914a4fd
portal_exit,pldm,original,10,px,5.0,1.25,24.374660443227512,14.588360684638573,35.927160725010786,0.0,0.0,0.0,-19.374660443227512,-30.927160725010786,-9.588360684638573,0.0,0.911928606544725,0.911928606544725,1.0,ae5f3709e0b10f8e56202a82db177d48f9d0a5780665c67b559d28b15914a4fd
portal_exit,pldm,original,15,px,5.0,1.25,30.753618043982623,18.165098083296925,45.67807111585777,0.0,0.0,0.0,-25.753618043982623,-40.67807111585777,-13.165098083296925,0.0,0.8767158256850929,0.8801550101724255,0.9991767272383569,ae5f3709e0b10f8e56202a82db177d48f9d0a5780665c67b559d28b15914a4fd
portal_exit,pldm,original,20,px,5.0,1.25,35.150041302598225,21.631604863366537,51.26665814226874,-0.546875,-1.640625,0.0,-30.15004130259823,-46.26665814226873,-16.63160486336654,0.0,0.8667564530558773,0.8713130528401453,0.9975661525813856,ae5f3709e0b10f8e56202a82db177d48f9d0a5780665c67b559d28b15914a4fd
portal_exit,pldm,original,25,px,5.0,1.25,40.65546169967831,24.632679810002752,58.57400051345592,0.0,0.0,0.0,-35.65546169967831,-53.574000513455914,-19.632679810002752,0.0,0.8603993455596287,0.8649570562807599,0.9963235629238473,ae5f3709e0b10f8e56202a82db177d48f9d0a5780665c67b559d28b15914a4fd
portal_exit,pldm,scratch,5,px,0.0,7.5,8.743528152463838,1.743351911899939,17.645180228559802,1.40625,0.0,2.8125,-8.743528152463838,-17.645180228559802,-1.743351911899939,0.0,1.0,1.0,1.0,95ac984c211d6b97e7a965307617637ae9e8c2feb9e636a29e9ccceec47fd91f
portal_exit,pldm,scratch,10,px,5.0,1.25,26.221907591672654,17.69548194260472,36.23390797873775,-0.8727346466158767,-2.814698877312144,0.9237468024347727,-21.221907591672654,-31.233907978737747,-12.695481942604719,9.977489237911126,0.7348576732500584,0.7348576732500584,1.0,95ac984c211d6b97e7a965307617637ae9e8c2feb9e636a29e9ccceec47fd91f
portal_exit,pldm,scratch,15,px,5.0,1.25,45.295746492293944,30.069748246146972,61.891162026331074,0.0,0.0,0.0,-40.295746492293944,-56.891162026331074,-25.069748246146972,11.561304183201402,0.5519109755388893,0.699585174806321,0.8387370940012066,95ac984c211d6b97e7a965307617637ae9e8c2feb9e636a29e9ccceec47fd91f
portal_exit,pldm,scratch,20,px,5.0,1.25,61.30121324376633,43.59312611799831,79.77482397026334,0.0,0.0,0.0,-56.30121324376633,-74.77482397026336,-38.5931261179983,16.01394013522487,0.2844707444998722,0.4442703768365838,0.698233473541911,95ac984c211d6b97e7a965307617637ae9e8c2feb9e636a29e9ccceec47fd91f
portal_exit,pldm,scratch,25,px,5.0,1.25,79.86397148091771,63.90764382990539,92.89856037636983,0.0,0.0,0.0,-74.86397148091771,-87.89856037636982,-58.90764382990538,15.91993956914987,0.1824248281099004,0.4569744323558039,0.5267558426404193,95ac984c211d6b97e7a965307617637ae9e8c2feb9e636a29e9ccceec47fd91f
portal_exit,pldm,frozen,5,px,0.0,7.5,1.3851569979999865,0.0,3.1285089098999252,1.40625,0.0,2.8125,-1.3851569979999865,-3.1285089098999252,0.0,1.9777000018660675,1.0,1.0,1.0,de4859d916624f3f511fb84f2daada5e420c9f1bef5c8a1ee0193dde3e5d436f
portal_exit,pldm,frozen,10,px,5.0,1.25,20.915551912993447,18.402397931637708,23.02848790056394,0.31853200621475375,0.0,0.9555960186442612,-15.915551912993447,-18.02848790056394,-13.402397931637708,0.390625,0.9444682295263661,0.9444682295263661,1.0,de4859d916624f3f511fb84f2daada5e420c9f1bef5c8a1ee0193dde3e5d436f
portal_exit,pldm,frozen,15,px,5.0,1.25,25.343961767814932,18.87512092382527,31.500048574839443,-0.14255116201841034,-0.9833115659692676,0.583373627239043,-20.343961767814932,-26.500048574839443,-13.875120923825271,0.390625,0.6657484594299322,0.71622980380713,0.9423612910749031,de4859d916624f3f511fb84f2daada5e420c9f1bef5c8a1ee0193dde3e5d436f
portal_exit,pldm,frozen,20,px,5.0,1.25,47.743967147252874,36.31025570632489,59.93841110746994,-0.05644857645785595,-0.26974142290791736,0.12242588025025669,-42.743967147252874,-54.93841110746994,-31.310255706324885,0.390625,0.39005039295323163,0.6592514948971357,0.6098252121330998,de4859d916624f3f511fb84f2daada5e420c9f1bef5c8a1ee0193dde3e5d436f
portal_exit,pldm,frozen,25,px,5.0,1.25,56.55725183445317,44.62865901136145,68.81135381893614,-0.3398946944530514,-1.263265918542484,0.32477578024443954,-51.55725183445317,-63.81135381893615,-39.62865901136144,0.390625,0.3187290303775378,0.5533542921545963,0.5016827011550894,de4859d916624f3f511fb84f2daada5e420c9f1bef5c8a1ee0193dde3e5d436f
portal_exit,dinowm,original,5,px,0.0,7.5,9.25984698999592,0.0,18.51969397999184,0.0,0.0,0.0,-9.25984698999592,-18.51969397999184,0.0,0.0,1.0,1.0,1.0,20fe17831fac40bcb77f750104c5790626a218b3932778d02e88d91d9b4be23e
portal_exit,dinowm,original,10,px,5.0,1.25,17.669298147985955,14.810282548920293,20.23060234568994,0.0,-0.45065398135573875,0.45065398135573875,-12.669298147985955,-15.230602345689942,-9.81028254892029,0.0,0.7627914301143736,0.7627914301143736,1.0,20fe17831fac40bcb77f750104c5790626a218b3932778d02e88d91d9b4be23e
portal_exit,dinowm,original,15,px,5.0,1.25,26.092871849426388,19.823498714893734,32.536597632111075,0.20369639152134977,0.0,0.5576107768279458,-21.092871849426384,-27.536597632111064,-14.823498714893732,0.0,0.6982736464176398,0.6926430576091115,0.9950020967782214,20fe17831fac40bcb77f750104c5790626a218b3932778d02e88d91d9b4be23e
portal_exit,dinowm,original,20,px,5.0,1.25,35.981797361052145,25.749477318769728,48.695377286851496,0.018119092396294723,0.0,0.05435727718888417,-30.98179736105215,-43.695377286851496,-20.749477318769724,0.0,0.6825265834982138,0.6692296118400393,0.9957466292251548,20fe17831fac40bcb77f750104c5790626a218b3932778d02e88d91d9b4be23e
portal_exit,dinowm,original,25,px,5.0,1.25,33.97560663324407,26.446855538608556,41.849357234897575,0.15021799378524614,-0.10800689198802105,0.5046574273497489,-28.975606633244073,-36.84935723489757,-21.44685553860855,0.0,0.6688150181233073,0.654767689268738,0.9951178951520798,20fe17831fac40bcb77f750104c5790626a218b3932778d02e88d91d9b4be23e
portal_exit,dinowm,scratch,5,px,0.0,7.5,10.07913021060104,9.147413441700655,10.700274723201296,7.5,7.5,7.5,-10.07913021060104,-10.700274723201296,-9.147413441700655,0.0,1.0,1.0,1.0,bff5f6ecc2575d7828b11dc3b7e1ad4735ae203112d950e58b35dd0289f34a6c
portal_exit,dinowm,scratch,10,px,5.0,1.25,18.92750978170772,16.0519471066254,20.852981150516623,-0.7241485686556104,-1.9957348123935421,1.0948753501646422,-13.92750978170772,-15.852981150516623,-11.0519471066254,0.0,0.9942289043201871,0.9942289043201871,1.0,bff5f6ecc2575d7828b11dc3b7e1ad4735ae203112d950e58b35dd0289f34a6c
portal_exit,dinowm,scratch,15,px,5.0,1.25,15.617542855385896,12.20028667458557,18.91761153618622,0.3659783977361035,0.0,0.9128533977361035,-10.617542855385894,-13.917611536186218,-7.200286674585571,0.0,0.8479292871489962,0.8751439387228801,0.970284944866754,bff5f6ecc2575d7828b11dc3b7e1ad4735ae203112d950e58b35dd0289f34a6c
portal_exit,dinowm,scratch,20,px,5.0,1.25,35.235804820778,28.669888414465564,41.978957890577114,-0.5266048318823934,-1.0435676800749216,0.05597055731848901,-30.235804820778,-36.978957890577114,-23.669888414465564,0.0,0.5725796773109996,0.7741637971917597,0.772910417708646,bff5f6ecc2575d7828b11dc3b7e1ad4735ae203112d950e58b35dd0289f34a6c
portal_exit,dinowm,scratch,25,px,5.0,1.25,13.454757226170432,10.410353244814692,17.39119230773548,-0.009863582796723891,-0.6548754211349955,0.6469405997383331,-8.45475722617043,-12.391192307735473,-5.410353244814692,0.0,0.561402212722745,0.7715192408778635,0.7331586022031674,bff5f6ecc2575d7828b11dc3b7e1ad4735ae203112d950e58b35dd0289f34a6c
