task,source_family,object,task_relevant_object,control,parameter,tau,tau_units,equivalent_256px,horizon_steps,accuracy,accuracy_percent,calibration_error_percent,history_blind_ceiling,history_blind_ceiling_percent,accuracy_minus_ceiling_pp,scene_count,macro_weighting
action_strength,visible_pusht_futures_2026-10-08,agent,True,condition_mean_common_privileged,mean_across_hidden_conditions,2.0,512-world-pixels,1.0,5,0.10989090119949496,10.989090119949497,89.0109098800505,0.5549454505997474,55.49454505997474,-44.505454940025245,256,equal scenes; within each scene equal conditions and equal candidates; horizons reported separately
action_strength,visible_pusht_futures_2026-10-08,agent,True,condition_mean_common_privileged,mean_across_hidden_conditions,2.0,512-world-pixels,1.0,10,0.1972330729166667,19.72330729166667,80.27669270833333,0.5986165364583333,59.861653645833336,-40.138346354166664,256,equal scenes; within each scene equal conditions and equal candidates; horizons reported separately
action_strength,visible_pusht_futures_2026-10-08,agent,True,condition_mean_common_privileged,mean_across_hidden_conditions,2.0,512-world-pixels,1.0,15,0.10162859059343435,10.162859059343434,89.83714094065657,0.5508142952967171,55.08142952967171,-44.91857047032828,256,equal scenes; within each scene equal conditions and equal candidates; horizons reported separately
action_strength,visible_pusht_futures_2026-10-08,agent,True,condition_mean_common_privileged,mean_across_hidden_conditions,2.0,512-world-pixels,1.0,20,0.0997030855429293,9.970308554292929,90.02969144570707,0.5498515427714646,54.985154277146464,-45.014845722853536,256,equal scenes; within each scene equal conditions and equal candidates; horizons reported separately
action_strength,visible_pusht_futures_2026-10-08,agent,True,condition_mean_common_privileged,mean_across_hidden_conditions,2.0,512-world-pixels,1.0,25,0.0993124605429293,9.93124605429293,90.06875394570707,0.5496562302714646,54.96562302714646,-45.03437697285353,256,equal scenes; within each scene equal conditions and equal candidates; horizons reported separately
action_strength,visible_pusht_futures_2026-10-08,agent,True,condition_mean_common_privileged,mean_across_hidden_conditions,4.0,512-world-pixels,2.0,5,0.1553415009469697,15.534150094696969,84.46584990530303,0.5776707504734848,57.767075047348484,-42.232924952651516,256,equal scenes; within each scene equal conditions and equal candidates; horizons reported separately
action_strength,visible_pusht_futures_2026-10-08,agent,True,condition_mean_common_privileged,mean_across_hidden_conditions,4.0,512-world-pixels,2.0,10,0.20482066761363638,20.482066761363637,79.51793323863636,0.6024103338068182,60.24103338068182,-39.75896661931818,256,equal scenes; within each scene equal conditions and equal candidates; horizons reported separately
action_strength,visible_pusht_futures_2026-10-08,agent,True,condition_mean_common_privileged,mean_across_hidden_conditions,4.0,512-world-pixels,2.0,15,0.11405362215909093,11.405362215909093,88.5946377840909,0.5570268110795454,55.70268110795455,-44.29731889204545,256,equal scenes; within each scene equal conditions and equal candidates; horizons reported separately
action_strength,visible_pusht_futures_2026-10-08,agent,True,condition_mean_common_privileged,mean_across_hidden_conditions,4.0,512-world-pixels,2.0,20,0.10233881786616161,10.23388178661616,89.76611821338383,0.5511694089330808,55.116940893308076,-44.88305910669192,256,equal scenes; within each scene equal conditions and equal candidates; horizons reported separately
action_strength,visible_pusht_futures_2026-10-08,agent,True,condition_mean_common_privileged,mean_across_hidden_conditions,4.0,512-world-pixels,2.0,25,0.10127347695707072,10.127347695707071,89.87265230429293,0.5506367384785353,55.063673847853536,-44.936326152146464,256,equal scenes; within each scene equal conditions and equal candidates; horizons reported separately
action_strength,visible_pusht_futures_2026-10-08,agent,True,condition_mean_common_privileged,mean_across_hidden_conditions,8.0,512-world-pixels,4.0,5,0.3551836726641414,35.51836726641414,64.48163273358585,0.6775918363320707,67.75918363320706,-32.24081636679293,256,equal scenes; within each scene equal conditions and equal candidates; horizons reported separately
action_strength,visible_pusht_futures_2026-10-08,agent,True,condition_mean_common_privileged,mean_across_hidden_conditions,8.0,512-world-pixels,4.0,10,0.2457376499368687,24.57376499368687,75.42623500631314,0.6228688249684343,62.28688249684343,-37.71311750315656,256,equal scenes; within each scene equal conditions and equal candidates; horizons reported separately
action_strength,visible_pusht_futures_2026-10-08,agent,True,condition_mean_common_privileged,mean_across_hidden_conditions,8.0,512-world-pixels,4.0,15,0.16579762468434345,16.579762468434346,83.42023753156566,0.5828988123421717,58.28988123421717,-41.71011876578282,256,equal scenes; within each scene equal conditions and equal candidates; horizons reported separately
action_strength,visible_pusht_futures_2026-10-08,agent,True,condition_mean_common_privileged,mean_across_hidden_conditions,8.0,512-world-pixels,4.0,20,0.12462417140151516,12.462417140151516,87.53758285984848,0.5623120857007576,56.231208570075765,-43.76879142992425,256,equal scenes; within each scene equal conditions and equal candidates; horizons reported separately
action_strength,visible_pusht_futures_2026-10-08,agent,True,condition_mean_common_privileged,mean_across_hidden_conditions,8.0,512-world-pixels,4.0,25,0.1167169744318182,11.67169744318182,88.32830255681819,0.5583584872159091,55.83584872159091,-44.16415127840909,256,equal scenes; within each scene equal conditions and equal candidates; horizons reported separately
action_strength,visible_pusht_futures_2026-10-08,agent,True,condition_mean_common_privileged,mean_across_hidden_conditions,16.0,512-world-pixels,8.0,5,0.8288756707702021,82.88756707702021,17.112432922979792,0.914437835385101,91.4437835385101,-8.556216461489896,256,equal scenes; within each scene equal conditions and equal candidates; horizons reported separately
action_strength,visible_pusht_futures_2026-10-08,agent,True,condition_mean_common_privileged,mean_across_hidden_conditions,16.0,512-world-pixels,8.0,10,0.45879004892676767,45.87900489267677,54.12099510732323,0.7293950244633838,72.93950244633838,-27.060497553661612,256,equal scenes; within each scene equal conditions and equal candidates; horizons reported separately
action_strength,visible_pusht_futures_2026-10-08,agent,True,condition_mean_common_privileged,mean_across_hidden_conditions,16.0,512-world-pixels,8.0,15,0.34352410827020197,34.35241082702019,65.6475891729798,0.671762054135101,67.1762054135101,-32.82379458648991,256,equal scenes; within each scene equal conditions and equal candidates; horizons reported separately
action_strength,visible_pusht_futures_2026-10-08,agent,True,condition_mean_common_privileged,mean_across_hidden_conditions,16.0,512-world-pixels,8.0,20,0.25625295928030306,25.625295928030305,74.37470407196969,0.6281264796401516,62.812647964015156,-37.18735203598485,256,equal scenes; within each scene equal conditions and equal candidates; horizons reported separately
action_strength,visible_pusht_futures_2026-10-08,agent,True,condition_mean_common_privileged,mean_across_hidden_conditions,16.0,512-world-pixels,8.0,25,0.21876874210858588,21.87687421085859,78.12312578914141,0.6093843710542929,60.93843710542929,-39.0615628945707,256,equal scenes; within each scene equal conditions and equal candidates; horizons reported separately
action_strength,visible_pusht_futures_2026-10-08,agent,True,condition_mean_common_privileged,mean_across_hidden_conditions,32.0,512-world-pixels,16.0,5,0.9959635416666666,99.59635416666666,0.4036458333333437,0.9979817708333334,99.79817708333334,-0.20182291666668295,256,equal scenes; within each scene equal conditions and equal candidates; horizons reported separately
action_strength,visible_pusht_futures_2026-10-08,agent,True,condition_mean_common_privileged,mean_across_hidden_conditions,32.0,512-world-pixels,16.0,10,0.8493607954545455,84.93607954545455,15.063920454545453,0.9246803977272726,92.46803977272727,-7.531960227272716,256,equal scenes; within each scene equal conditions and equal candidates; horizons reported separately
action_strength,visible_pusht_futures_2026-10-08,agent,True,condition_mean_common_privileged,mean_across_hidden_conditions,32.0,512-world-pixels,16.0,15,0.6582435684974748,65.82435684974747,34.17564315025252,0.8291217842487374,82.91217842487374,-17.08782157512626,256,equal scenes; within each scene equal conditions and equal candidates; horizons reported separately
action_strength,visible_pusht_futures_2026-10-08,agent,True,condition_mean_common_privileged,mean_across_hidden_conditions,32.0,512-world-pixels,16.0,20,0.5555338541666667,55.553385416666664,44.446614583333336,0.7777669270833334,77.77669270833334,-22.22330729166667,256,equal scenes; within each scene equal conditions and equal candidates; horizons reported separately
action_strength,visible_pusht_futures_2026-10-08,agent,True,condition_mean_common_privileged,mean_across_hidden_conditions,32.0,512-world-pixels,16.0,25,0.484799163510101,48.4799163510101,51.5200836489899,0.7423995817550505,74.23995817550505,-25.76004182449495,256,equal scenes; within each scene equal conditions and equal candidates; horizons reported separately
action_strength,visible_pusht_futures_2026-10-08,agent,True,current_state_displacement_scale,0,2.0,512-world-pixels,1.0,5,0.10182784880050505,10.182784880050505,89.8172151199495,0.5549454505997474,55.49454505997474,-45.311760179924235,256,equal scenes; within each scene equal conditions and equal candidates; horizons reported separately
action_strength,visible_pusht_futures_2026-10-08,agent,True,current_state_displacement_scale,0,2.0,512-world-pixels,1.0,10,0.17599925031565655,17.599925031565654,82.40007496843434,0.5986165364583333,59.861653645833336,-42.26172861426768,256,equal scenes; within each scene equal conditions and equal candidates; horizons reported separately
action_strength,visible_pusht_futures_2026-10-08,agent,True,current_state_displacement_scale,0,2.0,512-world-pixels,1.0,15,0.10009765625,10.009765625,89.990234375,0.5508142952967171,55.08142952967171,-45.07166390467171,256,equal scenes; within each scene equal conditions and equal candidates; horizons reported separately
action_strength,visible_pusht_futures_2026-10-08,agent,True,current_state_displacement_scale,0,2.0,512-world-pixels,1.0,20,0.0993124605429293,9.93124605429293,90.06875394570707,0.5498515427714646,54.985154277146464,-45.053908222853536,256,equal scenes; within each scene equal conditions and equal candidates; horizons reported separately
action_strength,visible_pusht_futures_2026-10-08,agent,True,current_state_displacement_scale,0,2.0,512-world-pixels,1.0,25,0.0993124605429293,9.93124605429293,90.06875394570707,0.5496562302714646,54.96562302714646,-45.03437697285353,256,equal scenes; within each scene equal conditions and equal candidates; horizons reported separately
action_strength,visible_pusht_futures_2026-10-08,agent,True,current_state_displacement_scale,0,4.0,512-world-pixels,2.0,5,0.11251085069444444,11.251085069444445,88.74891493055556,0.5776707504734848,57.767075047348484,-46.515989977904034,256,equal scenes; within each scene equal conditions and equal candidates; horizons reported separately
action_strength,visible_pusht_futures_2026-10-08,agent,True,current_state_displacement_scale,0,4.0,512-world-pixels,2.0,10,0.19536280776515152,19.536280776515152,80.46371922348486,0.6024103338068182,60.24103338068182,-40.704752604166664,256,equal scenes; within each scene equal conditions and equal candidates; horizons reported separately
action_strength,visible_pusht_futures_2026-10-08,agent,True,current_state_displacement_scale,0,4.0,512-world-pixels,2.0,15,0.10261304450757577,10.261304450757578,89.73869554924242,0.5570268110795454,55.70268110795455,-45.44137665719696,256,equal scenes; within each scene equal conditions and equal candidates; horizons reported separately
action_strength,visible_pusht_futures_2026-10-08,agent,True,current_state_displacement_scale,0,4.0,512-world-pixels,2.0,20,0.1001154119318182,10.01154119318182,89.98845880681819,0.5511694089330808,55.116940893308076,-45.105399700126256,256,equal scenes; within each scene equal conditions and equal candidates; horizons reported separately
action_strength,visible_pusht_futures_2026-10-08,agent,True,current_state_displacement_scale,0,4.0,512-world-pixels,2.0,25,0.09950777304292929,9.950777304292929,90.04922269570707,0.5506367384785353,55.063673847853536,-45.1128965435606,256,equal scenes; within each scene equal conditions and equal candidates; horizons reported separately
action_strength,visible_pusht_futures_2026-10-08,agent,True,current_state_displacement_scale,0,8.0,512-world-pixels,4.0,5,0.16180654198232325,16.180654198232325,83.81934580176768,0.6775918363320707,67.75918363320706,-51.57852943497474,256,equal scenes; within each scene equal conditions and equal candidates; horizons reported separately
action_strength,visible_pusht_futures_2026-10-08,agent,True,current_state_displacement_scale,0,8.0,512-world-pixels,4.0,10,0.2063772490530303,20.637724905303028,79.36227509469698,0.6228688249684343,62.28688249684343,-41.6491575915404,256,equal scenes; within each scene equal conditions and equal candidates; horizons reported separately
action_strength,visible_pusht_futures_2026-10-08,agent,True,current_state_displacement_scale,0,8.0,512-world-pixels,4.0,15,0.11473031092171718,11.473031092171718,88.52696890782829,0.5828988123421717,58.28988123421717,-46.81685014204545,256,equal scenes; within each scene equal conditions and equal candidates; horizons reported separately
action_strength,visible_pusht_futures_2026-10-08,agent,True,current_state_displacement_scale,0,8.0,512-world-pixels,4.0,20,0.10371389678030303,10.371389678030303,89.62861032196969,0.5623120857007576,56.231208570075765,-45.85981889204546,256,equal scenes; within each scene equal conditions and equal candidates; horizons reported separately
action_strength,visible_pusht_futures_2026-10-08,agent,True,current_state_displacement_scale,0,8.0,512-world-pixels,4.0,25,0.10119850852272727,10.119850852272727,89.88014914772727,0.5583584872159091,55.83584872159091,-45.71599786931818,256,equal scenes; within each scene equal conditions and equal candidates; horizons reported separately
action_strength,visible_pusht_futures_2026-10-08,agent,True,current_state_displacement_scale,0,16.0,512-world-pixels,8.0,5,0.3542046440972222,35.42046440972222,64.57953559027779,0.914437835385101,91.4437835385101,-56.02331912878788,256,equal scenes; within each scene equal conditions and equal candidates; horizons reported separately
action_strength,visible_pusht_futures_2026-10-08,agent,True,current_state_displacement_scale,0,16.0,512-world-pixels,8.0,10,0.2555072206439394,25.550722064393938,74.44927793560606,0.7293950244633838,72.93950244633838,-47.38878038194444,256,equal scenes; within each scene equal conditions and equal candidates; horizons reported separately
action_strength,visible_pusht_futures_2026-10-08,agent,True,current_state_displacement_scale,0,16.0,512-world-pixels,8.0,15,0.16796776357323231,16.796776357323232,83.20322364267678,0.671762054135101,67.1762054135101,-50.37942905618687,256,equal scenes; within each scene equal conditions and equal candidates; horizons reported separately
action_strength,visible_pusht_futures_2026-10-08,agent,True,current_state_displacement_scale,0,16.0,512-world-pixels,8.0,20,0.1319138652146465,13.191386521464649,86.80861347853535,0.6281264796401516,62.812647964015156,-49.621261442550505,256,equal scenes; within each scene equal conditions and equal candidates; horizons reported separately
action_strength,visible_pusht_futures_2026-10-08,agent,True,current_state_displacement_scale,0,16.0,512-world-pixels,8.0,25,0.12171026672979798,12.171026672979798,87.8289733270202,0.6093843710542929,60.93843710542929,-48.76741043244949,256,equal scenes; within each scene equal conditions and equal candidates; horizons reported separately
action_strength,visible_pusht_futures_2026-10-08,agent,True,current_state_displacement_scale,0,32.0,512-world-pixels,16.0,5,0.694439512310606,69.4439512310606,30.556048768939405,0.9979817708333334,99.79817708333334,-30.35422585227274,256,equal scenes; within each scene equal conditions and equal candidates; horizons reported separately
action_strength,visible_pusht_futures_2026-10-08,agent,True,current_state_displacement_scale,0,32.0,512-world-pixels,16.0,10,0.4396622474747474,43.96622474747474,56.03377525252527,0.9246803977272726,92.46803977272727,-48.50181502525252,256,equal scenes; within each scene equal conditions and equal candidates; horizons reported separately
action_strength,visible_pusht_futures_2026-10-08,agent,True,current_state_displacement_scale,0,32.0,512-world-pixels,16.0,15,0.32088117503156566,32.08811750315657,67.91188249684343,0.8291217842487374,82.91217842487374,-50.82406092171718,256,equal scenes; within each scene equal conditions and equal candidates; horizons reported separately
action_strength,visible_pusht_futures_2026-10-08,agent,True,current_state_displacement_scale,0,32.0,512-world-pixels,16.0,20,0.24656575520833332,24.656575520833332,75.34342447916667,0.7777669270833334,77.77669270833334,-53.12011718750001,256,equal scenes; within each scene equal conditions and equal candidates; horizons reported separately
action_strength,visible_pusht_futures_2026-10-08,agent,True,current_state_displacement_scale,0,32.0,512-world-pixels,16.0,25,0.211117522885101,21.1117522885101,78.8882477114899,0.7423995817550505,74.23995817550505,-53.12820588699495,256,equal scenes; within each scene equal conditions and equal candidates; horizons reported separately
action_strength,visible_pusht_futures_2026-10-08,agent,True,current_state_displacement_scale,0.5,2.0,512-world-pixels,1.0,5,0.11251085069444444,11.251085069444445,88.74891493055556,0.5549454505997474,55.49454505997474,-44.2434599905303,256,equal scenes; within each scene equal conditions and equal candidates; horizons reported separately
action_strength,visible_pusht_futures_2026-10-08,agent,True,current_state_displacement_scale,0.5,2.0,512-world-pixels,1.0,10,0.19536280776515152,19.536280776515152,80.46371922348486,0.5986165364583333,59.861653645833336,-40.32537286931818,256,equal scenes; within each scene equal conditions and equal candidates; horizons reported separately
action_strength,visible_pusht_futures_2026-10-08,agent,True,current_state_displacement_scale,0.5,2.0,512-world-pixels,1.0,15,0.10261304450757577,10.261304450757578,89.73869554924242,0.5508142952967171,55.08142952967171,-44.82012507891413,256,equal scenes; within each scene equal conditions and equal candidates; horizons reported separately
action_strength,visible_pusht_futures_2026-10-08,agent,True,current_state_displacement_scale,0.5,2.0,512-world-pixels,1.0,20,0.1001154119318182,10.01154119318182,89.98845880681819,0.5498515427714646,54.985154277146464,-44.97361308396465,256,equal scenes; within each scene equal conditions and equal candidates; horizons reported separately
action_strength,visible_pusht_futures_2026-10-08,agent,True,current_state_displacement_scale,0.5,2.0,512-world-pixels,1.0,25,0.09950777304292929,9.950777304292929,90.04922269570707,0.5496562302714646,54.96562302714646,-45.01484572285353,256,equal scenes; within each scene equal conditions and equal candidates; horizons reported separately
action_strength,visible_pusht_futures_2026-10-08,agent,True,current_state_displacement_scale,0.5,4.0,512-world-pixels,2.0,5,0.16180654198232325,16.180654198232325,83.81934580176768,0.5776707504734848,57.767075047348484,-41.58642084911616,256,equal scenes; within each scene equal conditions and equal candidates; horizons reported separately
action_strength,visible_pusht_futures_2026-10-08,agent,True,current_state_displacement_scale,0.5,4.0,512-world-pixels,2.0,10,0.2063772490530303,20.637724905303028,79.36227509469698,0.6024103338068182,60.24103338068182,-39.60330847537879,256,equal scenes; within each scene equal conditions and equal candidates; horizons reported separately
action_strength,visible_pusht_futures_2026-10-08,agent,True,current_state_displacement_scale,0.5,4.0,512-world-pixels,2.0,15,0.11473031092171718,11.473031092171718,88.52696890782829,0.5570268110795454,55.70268110795455,-44.22965001578283,256,equal scenes; within each scene equal conditions and equal candidates; horizons reported separately
action_strength,visible_pusht_futures_2026-10-08,agent,True,current_state_displacement_scale,0.5,4.0,512-world-pixels,2.0,20,0.10371389678030303,10.371389678030303,89.62861032196969,0.5511694089330808,55.116940893308076,-44.74555121527777,256,equal scenes; within each scene equal conditions and equal candidates; horizons reported separately
action_strength,visible_pusht_futures_2026-10-08,agent,True,current_state_displacement_scale,0.5,4.0,512-world-pixels,2.0,25,0.10119850852272727,10.119850852272727,89.88014914772727,0.5506367384785353,55.063673847853536,-44.94382299558081,256,equal scenes; within each scene equal conditions and equal candidates; horizons reported separately
action_strength,visible_pusht_futures_2026-10-08,agent,True,current_state_displacement_scale,0.5,8.0,512-world-pixels,4.0,5,0.3542046440972222,35.42046440972222,64.57953559027779,0.6775918363320707,67.75918363320706,-32.338719223484844,256,equal scenes; within each scene equal conditions and equal candidates; horizons reported separately
action_strength,visible_pusht_futures_2026-10-08,agent,True,current_state_displacement_scale,0.5,8.0,512-world-pixels,4.0,10,0.2555072206439394,25.550722064393938,74.44927793560606,0.6228688249684343,62.28688249684343,-36.736160432449495,256,equal scenes; within each scene equal conditions and equal candidates; horizons reported separately
action_strength,visible_pusht_futures_2026-10-08,agent,True,current_state_displacement_scale,0.5,8.0,512-world-pixels,4.0,15,0.16796776357323231,16.796776357323232,83.20322364267678,0.5828988123421717,58.28988123421717,-41.49310487689394,256,equal scenes; within each scene equal conditions and equal candidates; horizons reported separately
action_strength,visible_pusht_futures_2026-10-08,agent,True,current_state_displacement_scale,0.5,8.0,512-world-pixels,4.0,20,0.1319138652146465,13.191386521464649,86.80861347853535,0.5623120857007576,56.231208570075765,-43.039822048611114,256,equal scenes; within each scene equal conditions and equal candidates; horizons reported separately
action_strength,visible_pusht_futures_2026-10-08,agent,True,current_state_displacement_scale,0.5,8.0,512-world-pixels,4.0,25,0.12171026672979798,12.171026672979798,87.8289733270202,0.5583584872159091,55.83584872159091,-43.66482204861111,256,equal scenes; within each scene equal conditions and equal candidates; horizons reported separately
action_strength,visible_pusht_futures_2026-10-08,agent,True,current_state_displacement_scale,0.5,16.0,512-world-pixels,8.0,5,0.694439512310606,69.4439512310606,30.556048768939405,0.914437835385101,91.4437835385101,-21.99983230744951,256,equal scenes; within each scene equal conditions and equal candidates; horizons reported separately
action_strength,visible_pusht_futures_2026-10-08,agent,True,current_state_displacement_scale,0.5,16.0,512-world-pixels,8.0,10,0.4396622474747474,43.96622474747474,56.03377525252527,0.7293950244633838,72.93950244633838,-28.973277698863637,256,equal scenes; within each scene equal conditions and equal candidates; horizons reported separately
action_strength,visible_pusht_futures_2026-10-08,agent,True,current_state_displacement_scale,0.5,16.0,512-world-pixels,8.0,15,0.32088117503156566,32.08811750315657,67.91188249684343,0.671762054135101,67.1762054135101,-35.088087910353536,256,equal scenes; within each scene equal conditions and equal candidates; horizons reported separately
action_strength,visible_pusht_futures_2026-10-08,agent,True,current_state_displacement_scale,0.5,16.0,512-world-pixels,8.0,20,0.24656575520833332,24.656575520833332,75.34342447916667,0.6281264796401516,62.812647964015156,-38.15607244318182,256,equal scenes; within each scene equal conditions and equal candidates; horizons reported separately
action_strength,visible_pusht_futures_2026-10-08,agent,True,current_state_displacement_scale,0.5,16.0,512-world-pixels,8.0,25,0.211117522885101,21.1117522885101,78.8882477114899,0.6093843710542929,60.93843710542929,-39.82668481691919,256,equal scenes; within each scene equal conditions and equal candidates; horizons reported separately
action_strength,visible_pusht_futures_2026-10-08,agent,True,current_state_displacement_scale,0.5,32.0,512-world-pixels,16.0,5,0.9531092171717173,95.31092171717172,4.689078282828274,0.9979817708333334,99.79817708333334,-4.487255366161613,256,equal scenes; within each scene equal conditions and equal candidates; horizons reported separately
action_strength,visible_pusht_futures_2026-10-08,agent,True,current_state_displacement_scale,0.5,32.0,512-world-pixels,16.0,10,0.7471521859217172,74.71521859217172,25.284781407828284,0.9246803977272726,92.46803977272727,-17.752821180555543,256,equal scenes; within each scene equal conditions and equal candidates; horizons reported separately
action_strength,visible_pusht_futures_2026-10-08,agent,True,current_state_displacement_scale,0.5,32.0,512-world-pixels,16.0,15,0.607977233270202,60.7977233270202,39.2022766729798,0.8291217842487374,82.91217842487374,-22.114455097853536,256,equal scenes; within each scene equal conditions and equal candidates; horizons reported separately
action_strength,visible_pusht_futures_2026-10-08,agent,True,current_state_displacement_scale,0.5,32.0,512-world-pixels,16.0,20,0.5038643268623737,50.38643268623737,49.61356731376263,0.7777669270833334,77.77669270833334,-27.39026002209597,256,equal scenes; within each scene equal conditions and equal candidates; horizons reported separately
action_strength,visible_pusht_futures_2026-10-08,agent,True,current_state_displacement_scale,0.5,32.0,512-world-pixels,16.0,25,0.4471768465909091,44.717684659090914,55.28231534090908,0.7423995817550505,74.23995817550505,-29.52227351641414,256,equal scenes; within each scene equal conditions and equal candidates; horizons reported separately
action_strength,visible_pusht_futures_2026-10-08,agent,True,current_state_displacement_scale,1,2.0,512-world-pixels,1.0,5,1.0,100.0,0.0,0.5549454505997474,55.49454505997474,44.50545494002526,256,equal scenes; within each scene equal conditions and equal candidates; horizons reported separately
action_strength,visible_pusht_futures_2026-10-08,agent,True,current_state_displacement_scale,1,2.0,512-world-pixels,1.0,10,1.0,100.0,0.0,0.5986165364583333,59.861653645833336,40.138346354166664,256,equal scenes; within each scene equal conditions and equal candidates; horizons reported separately
action_strength,visible_pusht_futures_2026-10-08,agent,True,current_state_displacement_scale,1,2.0,512-world-pixels,1.0,15,1.0,100.0,0.0,0.5508142952967171,55.08142952967171,44.91857047032829,256,equal scenes; within each scene equal conditions and equal candidates; horizons reported separately
action_strength,visible_pusht_futures_2026-10-08,agent,True,current_state_displacement_scale,1,2.0,512-world-pixels,1.0,20,1.0,100.0,0.0,0.5498515427714646,54.985154277146464,45.014845722853536,256,equal scenes; within each scene equal conditions and equal candidates; horizons reported separately
action_strength,visible_pusht_futures_2026-10-08,agent,True,current_state_displacement_scale,1,2.0,512-world-pixels,1.0,25,1.0,100.0,0.0,0.5496562302714646,54.96562302714646,45.03437697285354,256,equal scenes; within each scene equal conditions and equal candidates; horizons reported separately
action_strength,visible_pusht_futures_2026-10-08,agent,True,current_state_displacement_scale,1,4.0,512-world-pixels,2.0,5,1.0,100.0,0.0,0.5776707504734848,57.767075047348484,42.232924952651516,256,equal scenes; within each scene equal conditions and equal candidates; horizons reported separately
action_strength,visible_pusht_futures_2026-10-08,agent,True,current_state_displacement_scale,1,4.0,512-world-pixels,2.0,10,1.0,100.0,0.0,0.6024103338068182,60.24103338068182,39.75896661931818,256,equal scenes; within each scene equal conditions and equal candidates; horizons reported separately
action_strength,visible_pusht_futures_2026-10-08,agent,True,current_state_displacement_scale,1,4.0,512-world-pixels,2.0,15,1.0,100.0,0.0,0.5570268110795454,55.70268110795455,44.29731889204545,256,equal scenes; within each scene equal conditions and equal candidates; horizons reported separately
action_strength,visible_pusht_futures_2026-10-08,agent,True,current_state_displacement_scale,1,4.0,512-world-pixels,2.0,20,1.0,100.0,0.0,0.5511694089330808,55.116940893308076,44.883059106691924,256,equal scenes; within each scene equal conditions and equal candidates; horizons reported separately
action_strength,visible_pusht_futures_2026-10-08,agent,True,current_state_displacement_scale,1,4.0,512-world-pixels,2.0,25,1.0,100.0,0.0,0.5506367384785353,55.063673847853536,44.936326152146464,256,equal scenes; within each scene equal conditions and equal candidates; horizons reported separately
action_strength,visible_pusht_futures_2026-10-08,agent,True,current_state_displacement_scale,1,8.0,512-world-pixels,4.0,5,1.0,100.0,0.0,0.6775918363320707,67.75918363320706,32.240816366792934,256,equal scenes; within each scene equal conditions and equal candidates; horizons reported separately
action_strength,visible_pusht_futures_2026-10-08,agent,True,current_state_displacement_scale,1,8.0,512-world-pixels,4.0,10,1.0,100.0,0.0,0.6228688249684343,62.28688249684343,37.71311750315657,256,equal scenes; within each scene equal conditions and equal candidates; horizons reported separately
action_strength,visible_pusht_futures_2026-10-08,agent,True,current_state_displacement_scale,1,8.0,512-world-pixels,4.0,15,1.0,100.0,0.0,0.5828988123421717,58.28988123421717,41.71011876578283,256,equal scenes; within each scene equal conditions and equal candidates; horizons reported separately
action_strength,visible_pusht_futures_2026-10-08,agent,True,current_state_displacement_scale,1,8.0,512-world-pixels,4.0,20,1.0,100.0,0.0,0.5623120857007576,56.231208570075765,43.768791429924235,256,equal scenes; within each scene equal conditions and equal candidates; horizons reported separately
action_strength,visible_pusht_futures_2026-10-08,agent,True,current_state_displacement_scale,1,8.0,512-world-pixels,4.0,25,1.0,100.0,0.0,0.5583584872159091,55.83584872159091,44.16415127840909,256,equal scenes; within each scene equal conditions and equal candidates; horizons reported separately
action_strength,visible_pusht_futures_2026-10-08,agent,True,current_state_displacement_scale,1,16.0,512-world-pixels,8.0,5,1.0,100.0,0.0,0.914437835385101,91.4437835385101,8.556216461489896,256,equal scenes; within each scene equal conditions and equal candidates; horizons reported separately
action_strength,visible_pusht_futures_2026-10-08,agent,True,current_state_displacement_scale,1,16.0,512-world-pixels,8.0,10,1.0,100.0,0.0,0.7293950244633838,72.93950244633838,27.060497553661623,256,equal scenes; within each scene equal conditions and equal candidates; horizons reported separately
action_strength,visible_pusht_futures_2026-10-08,agent,True,current_state_displacement_scale,1,16.0,512-world-pixels,8.0,15,1.0,100.0,0.0,0.671762054135101,67.1762054135101,32.823794586489896,256,equal scenes; within each scene equal conditions and equal candidates; horizons reported separately
action_strength,visible_pusht_futures_2026-10-08,agent,True,current_state_displacement_scale,1,16.0,512-world-pixels,8.0,20,1.0,100.0,0.0,0.6281264796401516,62.812647964015156,37.187352035984844,256,equal scenes; within each scene equal conditions and equal candidates; horizons reported separately
action_strength,visible_pusht_futures_2026-10-08,agent,True,current_state_displacement_scale,1,16.0,512-world-pixels,8.0,25,1.0,100.0,0.0,0.6093843710542929,60.93843710542929,39.06156289457071,256,equal scenes; within each scene equal conditions and equal candidates; horizons reported separately
action_strength,visible_pusht_futures_2026-10-08,agent,True,current_state_displacement_scale,1,32.0,512-world-pixels,16.0,5,1.0,100.0,0.0,0.9979817708333334,99.79817708333334,0.20182291666666075,256,equal scenes; within each scene equal conditions and equal candidates; horizons reported separately
action_strength,visible_pusht_futures_2026-10-08,agent,True,current_state_displacement_scale,1,32.0,512-world-pixels,16.0,10,1.0,100.0,0.0,0.9246803977272726,92.46803977272727,7.531960227272738,256,equal scenes; within each scene equal conditions and equal candidates; horizons reported separately
action_strength,visible_pusht_futures_2026-10-08,agent,True,current_state_displacement_scale,1,32.0,512-world-pixels,16.0,15,1.0,100.0,0.0,0.8291217842487374,82.91217842487374,17.08782157512626,256,equal scenes; within each scene equal conditions and equal candidates; horizons reported separately
action_strength,visible_pusht_futures_2026-10-08,agent,True,current_state_displacement_scale,1,32.0,512-world-pixels,16.0,20,1.0,100.0,0.0,0.7777669270833334,77.77669270833334,22.22330729166666,256,equal scenes; within each scene equal conditions and equal candidates; horizons reported separately
action_strength,visible_pusht_futures_2026-10-08,agent,True,current_state_displacement_scale,1,32.0,512-world-pixels,16.0,25,1.0,100.0,0.0,0.7423995817550505,74.23995817550505,25.76004182449495,256,equal scenes; within each scene equal conditions and equal candidates; horizons reported separately
action_strength,visible_pusht_futures_2026-10-08,agent,True,current_state_displacement_scale,1.5,2.0,512-world-pixels,1.0,5,0.11251085069444444,11.251085069444445,88.74891493055556,0.5549454505997474,55.49454505997474,-44.2434599905303,256,equal scenes; within each scene equal conditions and equal candidates; horizons reported separately
action_strength,visible_pusht_futures_2026-10-08,agent,True,current_state_displacement_scale,1.5,2.0,512-world-pixels,1.0,10,0.19536280776515152,19.536280776515152,80.46371922348486,0.5986165364583333,59.861653645833336,-40.32537286931818,256,equal scenes; within each scene equal conditions and equal candidates; horizons reported separately
action_strength,visible_pusht_futures_2026-10-08,agent,True,current_state_displacement_scale,1.5,2.0,512-world-pixels,1.0,15,0.10261304450757577,10.261304450757578,89.73869554924242,0.5508142952967171,55.08142952967171,-44.82012507891413,256,equal scenes; within each scene equal conditions and equal candidates; horizons reported separately
action_strength,visible_pusht_futures_2026-10-08,agent,True,current_state_displacement_scale,1.5,2.0,512-world-pixels,1.0,20,0.1001154119318182,10.01154119318182,89.98845880681819,0.5498515427714646,54.985154277146464,-44.97361308396465,256,equal scenes; within each scene equal conditions and equal candidates; horizons reported separately
action_strength,visible_pusht_futures_2026-10-08,agent,True,current_state_displacement_scale,1.5,2.0,512-world-pixels,1.0,25,0.09950777304292929,9.950777304292929,90.04922269570707,0.5496562302714646,54.96562302714646,-45.01484572285353,256,equal scenes; within each scene equal conditions and equal candidates; horizons reported separately
action_strength,visible_pusht_futures_2026-10-08,agent,True,current_state_displacement_scale,1.5,4.0,512-world-pixels,2.0,5,0.16180654198232325,16.180654198232325,83.81934580176768,0.5776707504734848,57.767075047348484,-41.58642084911616,256,equal scenes; within each scene equal conditions and equal candidates; horizons reported separately
action_strength,visible_pusht_futures_2026-10-08,agent,True,current_state_displacement_scale,1.5,4.0,512-world-pixels,2.0,10,0.2063772490530303,20.637724905303028,79.36227509469698,0.6024103338068182,60.24103338068182,-39.60330847537879,256,equal scenes; within each scene equal conditions and equal candidates; horizons reported separately
action_strength,visible_pusht_futures_2026-10-08,agent,True,current_state_displacement_scale,1.5,4.0,512-world-pixels,2.0,15,0.11473031092171718,11.473031092171718,88.52696890782829,0.5570268110795454,55.70268110795455,-44.22965001578283,256,equal scenes; within each scene equal conditions and equal candidates; horizons reported separately
action_strength,visible_pusht_futures_2026-10-08,agent,True,current_state_displacement_scale,1.5,4.0,512-world-pixels,2.0,20,0.10371389678030303,10.371389678030303,89.62861032196969,0.5511694089330808,55.116940893308076,-44.74555121527777,256,equal scenes; within each scene equal conditions and equal candidates; horizons reported separately
action_strength,visible_pusht_futures_2026-10-08,agent,True,current_state_displacement_scale,1.5,4.0,512-world-pixels,2.0,25,0.10119850852272727,10.119850852272727,89.88014914772727,0.5506367384785353,55.063673847853536,-44.94382299558081,256,equal scenes; within each scene equal conditions and equal candidates; horizons reported separately
action_strength,visible_pusht_futures_2026-10-08,agent,True,current_state_displacement_scale,1.5,8.0,512-world-pixels,4.0,5,0.3542046440972222,35.42046440972222,64.57953559027779,0.6775918363320707,67.75918363320706,-32.338719223484844,256,equal scenes; within each scene equal conditions and equal candidates; horizons reported separately
action_strength,visible_pusht_futures_2026-10-08,agent,True,current_state_displacement_scale,1.5,8.0,512-world-pixels,4.0,10,0.2555072206439394,25.550722064393938,74.44927793560606,0.6228688249684343,62.28688249684343,-36.736160432449495,256,equal scenes; within each scene equal conditions and equal candidates; horizons reported separately
action_strength,visible_pusht_futures_2026-10-08,agent,True,current_state_displacement_scale,1.5,8.0,512-world-pixels,4.0,15,0.16796776357323231,16.796776357323232,83.20322364267678,0.5828988123421717,58.28988123421717,-41.49310487689394,256,equal scenes; within each scene equal conditions and equal candidates; horizons reported separately
action_strength,visible_pusht_futures_2026-10-08,agent,True,current_state_displacement_scale,1.5,8.0,512-world-pixels,4.0,20,0.1319138652146465,13.191386521464649,86.80861347853535,0.5623120857007576,56.231208570075765,-43.039822048611114,256,equal scenes; within each scene equal conditions and equal candidates; horizons reported separately
action_strength,visible_pusht_futures_2026-10-08,agent,True,current_state_displacement_scale,1.5,8.0,512-world-pixels,4.0,25,0.12171026672979798,12.171026672979798,87.8289733270202,0.5583584872159091,55.83584872159091,-43.66482204861111,256,equal scenes; within each scene equal conditions and equal candidates; horizons reported separately
action_strength,visible_pusht_futures_2026-10-08,agent,True,current_state_displacement_scale,1.5,16.0,512-world-pixels,8.0,5,0.694439512310606,69.4439512310606,30.556048768939405,0.914437835385101,91.4437835385101,-21.99983230744951,256,equal scenes; within each scene equal conditions and equal candidates; horizons reported separately
action_strength,visible_pusht_futures_2026-10-08,agent,True,current_state_displacement_scale,1.5,16.0,512-world-pixels,8.0,10,0.4396622474747474,43.96622474747474,56.03377525252527,0.7293950244633838,72.93950244633838,-28.973277698863637,256,equal scenes; within each scene equal conditions and equal candidates; horizons reported separately
action_strength,visible_pusht_futures_2026-10-08,agent,True,current_state_displacement_scale,1.5,16.0,512-world-pixels,8.0,15,0.32088117503156566,32.08811750315657,67.91188249684343,0.671762054135101,67.1762054135101,-35.088087910353536,256,equal scenes; within each scene equal conditions and equal candidates; horizons reported separately
action_strength,visible_pusht_futures_2026-10-08,agent,True,current_state_displacement_scale,1.5,16.0,512-world-pixels,8.0,20,0.24656575520833332,24.656575520833332,75.34342447916667,0.6281264796401516,62.812647964015156,-38.15607244318182,256,equal scenes; within each scene equal conditions and equal candidates; horizons reported separately
action_strength,visible_pusht_futures_2026-10-08,agent,True,current_state_displacement_scale,1.5,16.0,512-world-pixels,8.0,25,0.211117522885101,21.1117522885101,78.8882477114899,0.6093843710542929,60.93843710542929,-39.82668481691919,256,equal scenes; within each scene equal conditions and equal candidates; horizons reported separately
action_strength,visible_pusht_futures_2026-10-08,agent,True,current_state_displacement_scale,1.5,32.0,512-world-pixels,16.0,5,0.9531092171717173,95.31092171717172,4.689078282828274,0.9979817708333334,99.79817708333334,-4.487255366161613,256,equal scenes; within each scene equal conditions and equal candidates; horizons reported separately
action_strength,visible_pusht_futures_2026-10-08,agent,True,current_state_displacement_scale,1.5,32.0,512-world-pixels,16.0,10,0.7471521859217172,74.71521859217172,25.284781407828284,0.9246803977272726,92.46803977272727,-17.752821180555543,256,equal scenes; within each scene equal conditions and equal candidates; horizons reported separately
action_strength,visible_pusht_futures_2026-10-08,agent,True,current_state_displacement_scale,1.5,32.0,512-world-pixels,16.0,15,0.607977233270202,60.7977233270202,39.2022766729798,0.8291217842487374,82.91217842487374,-22.114455097853536,256,equal scenes; within each scene equal conditions and equal candidates; horizons reported separately
action_strength,visible_pusht_futures_2026-10-08,agent,True,current_state_displacement_scale,1.5,32.0,512-world-pixels,16.0,20,0.5038643268623737,50.38643268623737,49.61356731376263,0.7777669270833334,77.77669270833334,-27.39026002209597,256,equal scenes; within each scene equal conditions and equal candidates; horizons reported separately
action_strength,visible_pusht_futures_2026-10-08,agent,True,current_state_displacement_scale,1.5,32.0,512-world-pixels,16.0,25,0.4471768465909091,44.717684659090914,55.28231534090908,0.7423995817550505,74.23995817550505,-29.52227351641414,256,equal scenes; within each scene equal conditions and equal candidates; horizons reported separately
action_strength,visible_pusht_futures_2026-10-08,agent,True,current_state_displacement_scale,2,2.0,512-world-pixels,1.0,5,0.10182784880050505,10.182784880050505,89.8172151199495,0.5549454505997474,55.49454505997474,-45.311760179924235,256,equal scenes; within each scene equal conditions and equal candidates; horizons reported separately
action_strength,visible_pusht_futures_2026-10-08,agent,True,current_state_displacement_scale,2,2.0,512-world-pixels,1.0,10,0.17599925031565655,17.599925031565654,82.40007496843434,0.5986165364583333,59.861653645833336,-42.26172861426768,256,equal scenes; within each scene equal conditions and equal candidates; horizons reported separately
action_strength,visible_pusht_futures_2026-10-08,agent,True,current_state_displacement_scale,2,2.0,512-world-pixels,1.0,15,0.10009765625,10.009765625,89.990234375,0.5508142952967171,55.08142952967171,-45.07166390467171,256,equal scenes; within each scene equal conditions and equal candidates; horizons reported separately
action_strength,visible_pusht_futures_2026-10-08,agent,True,current_state_displacement_scale,2,2.0,512-world-pixels,1.0,20,0.0993124605429293,9.93124605429293,90.06875394570707,0.5498515427714646,54.985154277146464,-45.053908222853536,256,equal scenes; within each scene equal conditions and equal candidates; horizons reported separately
action_strength,visible_pusht_futures_2026-10-08,agent,True,current_state_displacement_scale,2,2.0,512-world-pixels,1.0,25,0.0993124605429293,9.93124605429293,90.06875394570707,0.5496562302714646,54.96562302714646,-45.03437697285353,256,equal scenes; within each scene equal conditions and equal candidates; horizons reported separately
action_strength,visible_pusht_futures_2026-10-08,agent,True,current_state_displacement_scale,2,4.0,512-world-pixels,2.0,5,0.11251085069444444,11.251085069444445,88.74891493055556,0.5776707504734848,57.767075047348484,-46.515989977904034,256,equal scenes; within each scene equal conditions and equal candidates; horizons reported separately
action_strength,visible_pusht_futures_2026-10-08,agent,True,current_state_displacement_scale,2,4.0,512-world-pixels,2.0,10,0.19536280776515152,19.536280776515152,80.46371922348486,0.6024103338068182,60.24103338068182,-40.704752604166664,256,equal scenes; within each scene equal conditions and equal candidates; horizons reported separately
action_strength,visible_pusht_futures_2026-10-08,agent,True,current_state_displacement_scale,2,4.0,512-world-pixels,2.0,15,0.10261304450757577,10.261304450757578,89.73869554924242,0.5570268110795454,55.70268110795455,-45.44137665719696,256,equal scenes; within each scene equal conditions and equal candidates; horizons reported separately
action_strength,visible_pusht_futures_2026-10-08,agent,True,current_state_displacement_scale,2,4.0,512-world-pixels,2.0,20,0.1001154119318182,10.01154119318182,89.98845880681819,0.5511694089330808,55.116940893308076,-45.105399700126256,256,equal scenes; within each scene equal conditions and equal candidates; horizons reported separately
action_strength,visible_pusht_futures_2026-10-08,agent,True,current_state_displacement_scale,2,4.0,512-world-pixels,2.0,25,0.09950777304292929,9.950777304292929,90.04922269570707,0.5506367384785353,55.063673847853536,-45.1128965435606,256,equal scenes; within each scene equal conditions and equal candidates; horizons reported separately
action_strength,visible_pusht_futures_2026-10-08,agent,True,current_state_displacement_scale,2,8.0,512-world-pixels,4.0,5,0.16180654198232325,16.180654198232325,83.81934580176768,0.6775918363320707,67.75918363320706,-51.57852943497474,256,equal scenes; within each scene equal conditions and equal candidates; horizons reported separately
action_strength,visible_pusht_futures_2026-10-08,agent,True,current_state_displacement_scale,2,8.0,512-world-pixels,4.0,10,0.2063772490530303,20.637724905303028,79.36227509469698,0.6228688249684343,62.28688249684343,-41.6491575915404,256,equal scenes; within each scene equal conditions and equal candidates; horizons reported separately
action_strength,visible_pusht_futures_2026-10-08,agent,True,current_state_displacement_scale,2,8.0,512-world-pixels,4.0,15,0.11473031092171718,11.473031092171718,88.52696890782829,0.5828988123421717,58.28988123421717,-46.81685014204545,256,equal scenes; within each scene equal conditions and equal candidates; horizons reported separately
action_strength,visible_pusht_futures_2026-10-08,agent,True,current_state_displacement_scale,2,8.0,512-world-pixels,4.0,20,0.10371389678030303,10.371389678030303,89.62861032196969,0.5623120857007576,56.231208570075765,-45.85981889204546,256,equal scenes; within each scene equal conditions and equal candidates; horizons reported separately
action_strength,visible_pusht_futures_2026-10-08,agent,True,current_state_displacement_scale,2,8.0,512-world-pixels,4.0,25,0.10119850852272727,10.119850852272727,89.88014914772727,0.5583584872159091,55.83584872159091,-45.71599786931818,256,equal scenes; within each scene equal conditions and equal candidates; horizons reported separately
action_strength,visible_pusht_futures_2026-10-08,agent,True,current_state_displacement_scale,2,16.0,512-world-pixels,8.0,5,0.3542046440972222,35.42046440972222,64.57953559027779,0.914437835385101,91.4437835385101,-56.02331912878788,256,equal scenes; within each scene equal conditions and equal candidates; horizons reported separately
action_strength,visible_pusht_futures_2026-10-08,agent,True,current_state_displacement_scale,2,16.0,512-world-pixels,8.0,10,0.2555072206439394,25.550722064393938,74.44927793560606,0.7293950244633838,72.93950244633838,-47.38878038194444,256,equal scenes; within each scene equal conditions and equal candidates; horizons reported separately
action_strength,visible_pusht_futures_2026-10-08,agent,True,current_state_displacement_scale,2,16.0,512-world-pixels,8.0,15,0.16796776357323231,16.796776357323232,83.20322364267678,0.671762054135101,67.1762054135101,-50.37942905618687,256,equal scenes; within each scene equal conditions and equal candidates; horizons reported separately
action_strength,visible_pusht_futures_2026-10-08,agent,True,current_state_displacement_scale,2,16.0,512-world-pixels,8.0,20,0.1319138652146465,13.191386521464649,86.80861347853535,0.6281264796401516,62.812647964015156,-49.621261442550505,256,equal scenes; within each scene equal conditions and equal candidates; horizons reported separately
action_strength,visible_pusht_futures_2026-10-08,agent,True,current_state_displacement_scale,2,16.0,512-world-pixels,8.0,25,0.12171026672979798,12.171026672979798,87.8289733270202,0.6093843710542929,60.93843710542929,-48.76741043244949,256,equal scenes; within each scene equal conditions and equal candidates; horizons reported separately
action_strength,visible_pusht_futures_2026-10-08,agent,True,current_state_displacement_scale,2,32.0,512-world-pixels,16.0,5,0.694439512310606,69.4439512310606,30.556048768939405,0.9979817708333334,99.79817708333334,-30.35422585227274,256,equal scenes; within each scene equal conditions and equal candidates; horizons reported separately
action_strength,visible_pusht_futures_2026-10-08,agent,True,current_state_displacement_scale,2,32.0,512-world-pixels,16.0,10,0.4396622474747474,43.96622474747474,56.03377525252527,0.9246803977272726,92.46803977272727,-48.50181502525252,256,equal scenes; within each scene equal conditions and equal candidates; horizons reported separately
action_strength,visible_pusht_futures_2026-10-08,agent,True,current_state_displacement_scale,2,32.0,512-world-pixels,16.0,15,0.32088117503156566,32.08811750315657,67.91188249684343,0.8291217842487374,82.91217842487374,-50.82406092171718,256,equal scenes; within each scene equal conditions and equal candidates; horizons reported separately
action_strength,visible_pusht_futures_2026-10-08,agent,True,current_state_displacement_scale,2,32.0,512-world-pixels,16.0,20,0.24656575520833332,24.656575520833332,75.34342447916667,0.7777669270833334,77.77669270833334,-53.12011718750001,256,equal scenes; within each scene equal conditions and equal candidates; horizons reported separately
action_strength,visible_pusht_futures_2026-10-08,agent,True,current_state_displacement_scale,2,32.0,512-world-pixels,16.0,25,0.211117522885101,21.1117522885101,78.8882477114899,0.7423995817550505,74.23995817550505,-53.12820588699495,256,equal scenes; within each scene equal conditions and equal candidates; horizons reported separately
action_strength,visible_pusht_futures_2026-10-08,agent,True,exact_truth,,2.0,512-world-pixels,1.0,5,1.0,100.0,0.0,0.5549454505997474,55.49454505997474,44.50545494002526,256,equal scenes; within each scene equal conditions and equal candidates; horizons reported separately
action_strength,visible_pusht_futures_2026-10-08,agent,True,exact_truth,,2.0,512-world-pixels,1.0,10,1.0,100.0,0.0,0.5986165364583333,59.861653645833336,40.138346354166664,256,equal scenes; within each scene equal conditions and equal candidates; horizons reported separately
action_strength,visible_pusht_futures_2026-10-08,agent,True,exact_truth,,2.0,512-world-pixels,1.0,15,1.0,100.0,0.0,0.5508142952967171,55.08142952967171,44.91857047032829,256,equal scenes; within each scene equal conditions and equal candidates; horizons reported separately
action_strength,visible_pusht_futures_2026-10-08,agent,True,exact_truth,,2.0,512-world-pixels,1.0,20,1.0,100.0,0.0,0.5498515427714646,54.985154277146464,45.014845722853536,256,equal scenes; within each scene equal conditions and equal candidates; horizons reported separately
action_strength,visible_pusht_futures_2026-10-08,agent,True,exact_truth,,2.0,512-world-pixels,1.0,25,1.0,100.0,0.0,0.5496562302714646,54.96562302714646,45.03437697285354,256,equal scenes; within each scene equal conditions and equal candidates; horizons reported separately
action_strength,visible_pusht_futures_2026-10-08,agent,True,exact_truth,,4.0,512-world-pixels,2.0,5,1.0,100.0,0.0,0.5776707504734848,57.767075047348484,42.232924952651516,256,equal scenes; within each scene equal conditions and equal candidates; horizons reported separately
action_strength,visible_pusht_futures_2026-10-08,agent,True,exact_truth,,4.0,512-world-pixels,2.0,10,1.0,100.0,0.0,0.6024103338068182,60.24103338068182,39.75896661931818,256,equal scenes; within each scene equal conditions and equal candidates; horizons reported separately
action_strength,visible_pusht_futures_2026-10-08,agent,True,exact_truth,,4.0,512-world-pixels,2.0,15,1.0,100.0,0.0,0.5570268110795454,55.70268110795455,44.29731889204545,256,equal scenes; within each scene equal conditions and equal candidates; horizons reported separately
action_strength,visible_pusht_futures_2026-10-08,agent,True,exact_truth,,4.0,512-world-pixels,2.0,20,1.0,100.0,0.0,0.5511694089330808,55.116940893308076,44.883059106691924,256,equal scenes; within each scene equal conditions and equal candidates; horizons reported separately
action_strength,visible_pusht_futures_2026-10-08,agent,True,exact_truth,,4.0,512-world-pixels,2.0,25,1.0,100.0,0.0,0.5506367384785353,55.063673847853536,44.936326152146464,256,equal scenes; within each scene equal conditions and equal candidates; horizons reported separately
action_strength,visible_pusht_futures_2026-10-08,agent,True,exact_truth,,8.0,512-world-pixels,4.0,5,1.0,100.0,0.0,0.6775918363320707,67.75918363320706,32.240816366792934,256,equal scenes; within each scene equal conditions and equal candidates; horizons reported separately
action_strength,visible_pusht_futures_2026-10-08,agent,True,exact_truth,,8.0,512-world-pixels,4.0,10,1.0,100.0,0.0,0.6228688249684343,62.28688249684343,37.71311750315657,256,equal scenes; within each scene equal conditions and equal candidates; horizons reported separately
action_strength,visible_pusht_futures_2026-10-08,agent,True,exact_truth,,8.0,512-world-pixels,4.0,15,1.0,100.0,0.0,0.5828988123421717,58.28988123421717,41.71011876578283,256,equal scenes; within each scene equal conditions and equal candidates; horizons reported separately
action_strength,visible_pusht_futures_2026-10-08,agent,True,exact_truth,,8.0,512-world-pixels,4.0,20,1.0,100.0,0.0,0.5623120857007576,56.231208570075765,43.768791429924235,256,equal scenes; within each scene equal conditions and equal candidates; horizons reported separately
action_strength,visible_pusht_futures_2026-10-08,agent,True,exact_truth,,8.0,512-world-pixels,4.0,25,1.0,100.0,0.0,0.5583584872159091,55.83584872159091,44.16415127840909,256,equal scenes; within each scene equal conditions and equal candidates; horizons reported separately
action_strength,visible_pusht_futures_2026-10-08,agent,True,exact_truth,,16.0,512-world-pixels,8.0,5,1.0,100.0,0.0,0.914437835385101,91.4437835385101,8.556216461489896,256,equal scenes; within each scene equal conditions and equal candidates; horizons reported separately
action_strength,visible_pusht_futures_2026-10-08,agent,True,exact_truth,,16.0,512-world-pixels,8.0,10,1.0,100.0,0.0,0.7293950244633838,72.93950244633838,27.060497553661623,256,equal scenes; within each scene equal conditions and equal candidates; horizons reported separately
action_strength,visible_pusht_futures_2026-10-08,agent,True,exact_truth,,16.0,512-world-pixels,8.0,15,1.0,100.0,0.0,0.671762054135101,67.1762054135101,32.823794586489896,256,equal scenes; within each scene equal conditions and equal candidates; horizons reported separately
action_strength,visible_pusht_futures_2026-10-08,agent,True,exact_truth,,16.0,512-world-pixels,8.0,20,1.0,100.0,0.0,0.6281264796401516,62.812647964015156,37.187352035984844,256,equal scenes; within each scene equal conditions and equal candidates; horizons reported separately
action_strength,visible_pusht_futures_2026-10-08,agent,True,exact_truth,,16.0,512-world-pixels,8.0,25,1.0,100.0,0.0,0.6093843710542929,60.93843710542929,39.06156289457071,256,equal scenes; within each scene equal conditions and equal candidates; horizons reported separately
action_strength,visible_pusht_futures_2026-10-08,agent,True,exact_truth,,32.0,512-world-pixels,16.0,5,1.0,100.0,0.0,0.9979817708333334,99.79817708333334,0.20182291666666075,256,equal scenes; within each scene equal conditions and equal candidates; horizons reported separately
action_strength,visible_pusht_futures_2026-10-08,agent,True,exact_truth,,32.0,512-world-pixels,16.0,10,1.0,100.0,0.0,0.9246803977272726,92.46803977272727,7.531960227272738,256,equal scenes; within each scene equal conditions and equal candidates; horizons reported separately
action_strength,visible_pusht_futures_2026-10-08,agent,True,exact_truth,,32.0,512-world-pixels,16.0,15,1.0,100.0,0.0,0.8291217842487374,82.91217842487374,17.08782157512626,256,equal scenes; within each scene equal conditions and equal candidates; horizons reported separately
action_strength,visible_pusht_futures_2026-10-08,agent,True,exact_truth,,32.0,512-world-pixels,16.0,20,1.0,100.0,0.0,0.7777669270833334,77.77669270833334,22.22330729166666,256,equal scenes; within each scene equal conditions and equal candidates; horizons reported separately
action_strength,visible_pusht_futures_2026-10-08,agent,True,exact_truth,,32.0,512-world-pixels,16.0,25,1.0,100.0,0.0,0.7423995817550505,74.23995817550505,25.76004182449495,256,equal scenes; within each scene equal conditions and equal candidates; horizons reported separately
action_strength,visible_pusht_futures_2026-10-08,agent,True,fixed_norm_offset,1,2.0,512-world-pixels,1.0,5,1.0,100.0,0.0,0.5549454505997474,55.49454505997474,44.50545494002526,256,equal scenes; within each scene equal conditions and equal candidates; horizons reported separately
action_strength,visible_pusht_futures_2026-10-08,agent,True,fixed_norm_offset,1,2.0,512-world-pixels,1.0,10,1.0,100.0,0.0,0.5986165364583333,59.861653645833336,40.138346354166664,256,equal scenes; within each scene equal conditions and equal candidates; horizons reported separately
action_strength,visible_pusht_futures_2026-10-08,agent,True,fixed_norm_offset,1,2.0,512-world-pixels,1.0,15,1.0,100.0,0.0,0.5508142952967171,55.08142952967171,44.91857047032829,256,equal scenes; within each scene equal conditions and equal candidates; horizons reported separately
action_strength,visible_pusht_futures_2026-10-08,agent,True,fixed_norm_offset,1,2.0,512-world-pixels,1.0,20,1.0,100.0,0.0,0.5498515427714646,54.985154277146464,45.014845722853536,256,equal scenes; within each scene equal conditions and equal candidates; horizons reported separately
action_strength,visible_pusht_futures_2026-10-08,agent,True,fixed_norm_offset,1,2.0,512-world-pixels,1.0,25,1.0,100.0,0.0,0.5496562302714646,54.96562302714646,45.03437697285354,256,equal scenes; within each scene equal conditions and equal candidates; horizons reported separately
action_strength,visible_pusht_futures_2026-10-08,agent,True,fixed_norm_offset,1,4.0,512-world-pixels,2.0,5,1.0,100.0,0.0,0.5776707504734848,57.767075047348484,42.232924952651516,256,equal scenes; within each scene equal conditions and equal candidates; horizons reported separately
action_strength,visible_pusht_futures_2026-10-08,agent,True,fixed_norm_offset,1,4.0,512-world-pixels,2.0,10,1.0,100.0,0.0,0.6024103338068182,60.24103338068182,39.75896661931818,256,equal scenes; within each scene equal conditions and equal candidates; horizons reported separately
action_strength,visible_pusht_futures_2026-10-08,agent,True,fixed_norm_offset,1,4.0,512-world-pixels,2.0,15,1.0,100.0,0.0,0.5570268110795454,55.70268110795455,44.29731889204545,256,equal scenes; within each scene equal conditions and equal candidates; horizons reported separately
action_strength,visible_pusht_futures_2026-10-08,agent,True,fixed_norm_offset,1,4.0,512-world-pixels,2.0,20,1.0,100.0,0.0,0.5511694089330808,55.116940893308076,44.883059106691924,256,equal scenes; within each scene equal conditions and equal candidates; horizons reported separately
action_strength,visible_pusht_futures_2026-10-08,agent,True,fixed_norm_offset,1,4.0,512-world-pixels,2.0,25,1.0,100.0,0.0,0.5506367384785353,55.063673847853536,44.936326152146464,256,equal scenes; within each scene equal conditions and equal candidates; horizons reported separately
action_strength,visible_pusht_futures_2026-10-08,agent,True,fixed_norm_offset,1,8.0,512-world-pixels,4.0,5,1.0,100.0,0.0,0.6775918363320707,67.75918363320706,32.240816366792934,256,equal scenes; within each scene equal conditions and equal candidates; horizons reported separately
action_strength,visible_pusht_futures_2026-10-08,agent,True,fixed_norm_offset,1,8.0,512-world-pixels,4.0,10,1.0,100.0,0.0,0.6228688249684343,62.28688249684343,37.71311750315657,256,equal scenes; within each scene equal conditions and equal candidates; horizons reported separately
action_strength,visible_pusht_futures_2026-10-08,agent,True,fixed_norm_offset,1,8.0,512-world-pixels,4.0,15,1.0,100.0,0.0,0.5828988123421717,58.28988123421717,41.71011876578283,256,equal scenes; within each scene equal conditions and equal candidates; horizons reported separately
action_strength,visible_pusht_futures_2026-10-08,agent,True,fixed_norm_offset,1,8.0,512-world-pixels,4.0,20,1.0,100.0,0.0,0.5623120857007576,56.231208570075765,43.768791429924235,256,equal scenes; within each scene equal conditions and equal candidates; horizons reported separately
action_strength,visible_pusht_futures_2026-10-08,agent,True,fixed_norm_offset,1,8.0,512-world-pixels,4.0,25,1.0,100.0,0.0,0.5583584872159091,55.83584872159091,44.16415127840909,256,equal scenes; within each scene equal conditions and equal candidates; horizons reported separately
action_strength,visible_pusht_futures_2026-10-08,agent,True,fixed_norm_offset,1,16.0,512-world-pixels,8.0,5,1.0,100.0,0.0,0.914437835385101,91.4437835385101,8.556216461489896,256,equal scenes; within each scene equal conditions and equal candidates; horizons reported separately
action_strength,visible_pusht_futures_2026-10-08,agent,True,fixed_norm_offset,1,16.0,512-world-pixels,8.0,10,1.0,100.0,0.0,0.7293950244633838,72.93950244633838,27.060497553661623,256,equal scenes; within each scene equal conditions and equal candidates; horizons reported separately
action_strength,visible_pusht_futures_2026-10-08,agent,True,fixed_norm_offset,1,16.0,512-world-pixels,8.0,15,1.0,100.0,0.0,0.671762054135101,67.1762054135101,32.823794586489896,256,equal scenes; within each scene equal conditions and equal candidates; horizons reported separately
action_strength,visible_pusht_futures_2026-10-08,agent,True,fixed_norm_offset,1,16.0,512-world-pixels,8.0,20,1.0,100.0,0.0,0.6281264796401516,62.812647964015156,37.187352035984844,256,equal scenes; within each scene equal conditions and equal candidates; horizons reported separately
action_strength,visible_pusht_futures_2026-10-08,agent,True,fixed_norm_offset,1,16.0,512-world-pixels,8.0,25,1.0,100.0,0.0,0.6093843710542929,60.93843710542929,39.06156289457071,256,equal scenes; within each scene equal conditions and equal candidates; horizons reported separately
action_strength,visible_pusht_futures_2026-10-08,agent,True,fixed_norm_offset,1,32.0,512-world-pixels,16.0,5,1.0,100.0,0.0,0.9979817708333334,99.79817708333334,0.20182291666666075,256,equal scenes; within each scene equal conditions and equal candidates; horizons reported separately
action_strength,visible_pusht_futures_2026-10-08,agent,True,fixed_norm_offset,1,32.0,512-world-pixels,16.0,10,1.0,100.0,0.0,0.9246803977272726,92.46803977272727,7.531960227272738,256,equal scenes; within each scene equal conditions and equal candidates; horizons reported separately
action_strength,visible_pusht_futures_2026-10-08,agent,True,fixed_norm_offset,1,32.0,512-world-pixels,16.0,15,1.0,100.0,0.0,0.8291217842487374,82.91217842487374,17.08782157512626,256,equal scenes; within each scene equal conditions and equal candidates; horizons reported separately
action_strength,visible_pusht_futures_2026-10-08,agent,True,fixed_norm_offset,1,32.0,512-world-pixels,16.0,20,1.0,100.0,0.0,0.7777669270833334,77.77669270833334,22.22330729166666,256,equal scenes; within each scene equal conditions and equal candidates; horizons reported separately
action_strength,visible_pusht_futures_2026-10-08,agent,True,fixed_norm_offset,1,32.0,512-world-pixels,16.0,25,1.0,100.0,0.0,0.7423995817550505,74.23995817550505,25.76004182449495,256,equal scenes; within each scene equal conditions and equal candidates; horizons reported separately
action_strength,visible_pusht_futures_2026-10-08,agent,True,fixed_norm_offset,16,2.0,512-world-pixels,1.0,5,0.0,0.0,100.0,0.5549454505997474,55.49454505997474,-55.49454505997474,256,equal scenes; within each scene equal conditions and equal candidates; horizons reported separately
action_strength,visible_pusht_futures_2026-10-08,agent,True,fixed_norm_offset,16,2.0,512-world-pixels,1.0,10,0.0,0.0,100.0,0.5986165364583333,59.861653645833336,-59.861653645833336,256,equal scenes; within each scene equal conditions and equal candidates; horizons reported separately
action_strength,visible_pusht_futures_2026-10-08,agent,True,fixed_norm_offset,16,2.0,512-world-pixels,1.0,15,0.0,0.0,100.0,0.5508142952967171,55.08142952967171,-55.08142952967171,256,equal scenes; within each scene equal conditions and equal candidates; horizons reported separately
action_strength,visible_pusht_futures_2026-10-08,agent,True,fixed_norm_offset,16,2.0,512-world-pixels,1.0,20,0.0,0.0,100.0,0.5498515427714646,54.985154277146464,-54.985154277146464,256,equal scenes; within each scene equal conditions and equal candidates; horizons reported separately
action_strength,visible_pusht_futures_2026-10-08,agent,True,fixed_norm_offset,16,2.0,512-world-pixels,1.0,25,0.0,0.0,100.0,0.5496562302714646,54.96562302714646,-54.96562302714646,256,equal scenes; within each scene equal conditions and equal candidates; horizons reported separately
action_strength,visible_pusht_futures_2026-10-08,agent,True,fixed_norm_offset,16,4.0,512-world-pixels,2.0,5,0.0,0.0,100.0,0.5776707504734848,57.767075047348484,-57.767075047348484,256,equal scenes; within each scene equal conditions and equal candidates; horizons reported separately
action_strength,visible_pusht_futures_2026-10-08,agent,True,fixed_norm_offset,16,4.0,512-world-pixels,2.0,10,0.0,0.0,100.0,0.6024103338068182,60.24103338068182,-60.24103338068182,256,equal scenes; within each scene equal conditions and equal candidates; horizons reported separately
action_strength,visible_pusht_futures_2026-10-08,agent,True,fixed_norm_offset,16,4.0,512-world-pixels,2.0,15,0.0,0.0,100.0,0.5570268110795454,55.70268110795455,-55.70268110795455,256,equal scenes; within each scene equal conditions and equal candidates; horizons reported separately
action_strength,visible_pusht_futures_2026-10-08,agent,True,fixed_norm_offset,16,4.0,512-world-pixels,2.0,20,0.0,0.0,100.0,0.5511694089330808,55.116940893308076,-55.116940893308076,256,equal scenes; within each scene equal conditions and equal candidates; horizons reported separately
action_strength,visible_pusht_futures_2026-10-08,agent,True,fixed_norm_offset,16,4.0,512-world-pixels,2.0,25,0.0,0.0,100.0,0.5506367384785353,55.063673847853536,-55.063673847853536,256,equal scenes; within each scene equal conditions and equal candidates; horizons reported separately
action_strength,visible_pusht_futures_2026-10-08,agent,True,fixed_norm_offset,16,8.0,512-world-pixels,4.0,5,0.0,0.0,100.0,0.6775918363320707,67.75918363320706,-67.75918363320706,256,equal scenes; within each scene equal conditions and equal candidates; horizons reported separately
action_strength,visible_pusht_futures_2026-10-08,agent,True,fixed_norm_offset,16,8.0,512-world-pixels,4.0,10,0.0,0.0,100.0,0.6228688249684343,62.28688249684343,-62.28688249684343,256,equal scenes; within each scene equal conditions and equal candidates; horizons reported separately
action_strength,visible_pusht_futures_2026-10-08,agent,True,fixed_norm_offset,16,8.0,512-world-pixels,4.0,15,0.0,0.0,100.0,0.5828988123421717,58.28988123421717,-58.28988123421717,256,equal scenes; within each scene equal conditions and equal candidates; horizons reported separately
action_strength,visible_pusht_futures_2026-10-08,agent,True,fixed_norm_offset,16,8.0,512-world-pixels,4.0,20,0.0,0.0,100.0,0.5623120857007576,56.231208570075765,-56.231208570075765,256,equal scenes; within each scene equal conditions and equal candidates; horizons reported separately
action_strength,visible_pusht_futures_2026-10-08,agent,True,fixed_norm_offset,16,8.0,512-world-pixels,4.0,25,0.0,0.0,100.0,0.5583584872159091,55.83584872159091,-55.83584872159091,256,equal scenes; within each scene equal conditions and equal candidates; horizons reported separately
action_strength,visible_pusht_futures_2026-10-08,agent,True,fixed_norm_offset,16,16.0,512-world-pixels,8.0,5,0.028186158459595958,2.8186158459595956,97.1813841540404,0.914437835385101,91.4437835385101,-88.6251676925505,256,equal scenes; within each scene equal conditions and equal candidates; horizons reported separately
action_strength,visible_pusht_futures_2026-10-08,agent,True,fixed_norm_offset,16,16.0,512-world-pixels,8.0,10,0.02572009154040404,2.572009154040404,97.4279908459596,0.7293950244633838,72.93950244633838,-70.36749329229798,256,equal scenes; within each scene equal conditions and equal candidates; horizons reported separately
action_strength,visible_pusht_futures_2026-10-08,agent,True,fixed_norm_offset,16,16.0,512-world-pixels,8.0,15,0.025390625,2.5390625,97.4609375,0.671762054135101,67.1762054135101,-64.6371429135101,256,equal scenes; within each scene equal conditions and equal candidates; horizons reported separately
action_strength,visible_pusht_futures_2026-10-08,agent,True,fixed_norm_offset,16,16.0,512-world-pixels,8.0,20,0.026325757575757575,2.6325757575757573,97.36742424242424,0.6281264796401516,62.812647964015156,-60.18007220643939,256,equal scenes; within each scene equal conditions and equal candidates; horizons reported separately
action_strength,visible_pusht_futures_2026-10-08,agent,True,fixed_norm_offset,16,16.0,512-world-pixels,8.0,25,0.03376538825757576,3.376538825757576,96.62346117424242,0.6093843710542929,60.93843710542929,-57.56189827967171,256,equal scenes; within each scene equal conditions and equal candidates; horizons reported separately
action_strength,visible_pusht_futures_2026-10-08,agent,True,fixed_norm_offset,16,32.0,512-world-pixels,16.0,5,1.0,100.0,0.0,0.9979817708333334,99.79817708333334,0.20182291666666075,256,equal scenes; within each scene equal conditions and equal candidates; horizons reported separately
action_strength,visible_pusht_futures_2026-10-08,agent,True,fixed_norm_offset,16,32.0,512-world-pixels,16.0,10,1.0,100.0,0.0,0.9246803977272726,92.46803977272727,7.531960227272738,256,equal scenes; within each scene equal conditions and equal candidates; horizons reported separately
action_strength,visible_pusht_futures_2026-10-08,agent,True,fixed_norm_offset,16,32.0,512-world-pixels,16.0,15,1.0,100.0,0.0,0.8291217842487374,82.91217842487374,17.08782157512626,256,equal scenes; within each scene equal conditions and equal candidates; horizons reported separately
action_strength,visible_pusht_futures_2026-10-08,agent,True,fixed_norm_offset,16,32.0,512-world-pixels,16.0,20,1.0,100.0,0.0,0.7777669270833334,77.77669270833334,22.22330729166666,256,equal scenes; within each scene equal conditions and equal candidates; horizons reported separately
action_strength,visible_pusht_futures_2026-10-08,agent,True,fixed_norm_offset,16,32.0,512-world-pixels,16.0,25,1.0,100.0,0.0,0.7423995817550505,74.23995817550505,25.76004182449495,256,equal scenes; within each scene equal conditions and equal candidates; horizons reported separately
action_strength,visible_pusht_futures_2026-10-08,agent,True,fixed_norm_offset,2,2.0,512-world-pixels,1.0,5,0.0033104482323232324,0.33104482323232326,99.66895517676768,0.5549454505997474,55.49454505997474,-55.16350023674242,256,equal scenes; within each scene equal conditions and equal candidates; horizons reported separately
action_strength,visible_pusht_futures_2026-10-08,agent,True,fixed_norm_offset,2,2.0,512-world-pixels,1.0,10,0.0028981218434343437,0.28981218434343436,99.71018781565657,0.5986165364583333,59.861653645833336,-59.5718414614899,256,equal scenes; within each scene equal conditions and equal candidates; horizons reported separately
action_strength,visible_pusht_futures_2026-10-08,agent,True,fixed_norm_offset,2,2.0,512-world-pixels,1.0,15,0.003261126893939394,0.3261126893939394,99.67388731060606,0.5508142952967171,55.08142952967171,-54.75531684027777,256,equal scenes; within each scene equal conditions and equal candidates; horizons reported separately
action_strength,visible_pusht_futures_2026-10-08,agent,True,fixed_norm_offset,2,2.0,512-world-pixels,1.0,20,0.0036122948232323233,0.3612294823232323,99.63877051767676,0.5498515427714646,54.985154277146464,-54.62392479482323,256,equal scenes; within each scene equal conditions and equal candidates; horizons reported separately
action_strength,visible_pusht_futures_2026-10-08,agent,True,fixed_norm_offset,2,2.0,512-world-pixels,1.0,25,0.004653961489898989,0.46539614898989895,99.5346038510101,0.5496562302714646,54.96562302714646,-54.50022687815657,256,equal scenes; within each scene equal conditions and equal candidates; horizons reported separately
action_strength,visible_pusht_futures_2026-10-08,agent,True,fixed_norm_offset,2,4.0,512-world-pixels,2.0,5,1.0,100.0,0.0,0.5776707504734848,57.767075047348484,42.232924952651516,256,equal scenes; within each scene equal conditions and equal candidates; horizons reported separately
action_strength,visible_pusht_futures_2026-10-08,agent,True,fixed_norm_offset,2,4.0,512-world-pixels,2.0,10,1.0,100.0,0.0,0.6024103338068182,60.24103338068182,39.75896661931818,256,equal scenes; within each scene equal conditions and equal candidates; horizons reported separately
action_strength,visible_pusht_futures_2026-10-08,agent,True,fixed_norm_offset,2,4.0,512-world-pixels,2.0,15,1.0,100.0,0.0,0.5570268110795454,55.70268110795455,44.29731889204545,256,equal scenes; within each scene equal conditions and equal candidates; horizons reported separately
action_strength,visible_pusht_futures_2026-10-08,agent,True,fixed_norm_offset,2,4.0,512-world-pixels,2.0,20,1.0,100.0,0.0,0.5511694089330808,55.116940893308076,44.883059106691924,256,equal scenes; within each scene equal conditions and equal candidates; horizons reported separately
action_strength,visible_pusht_futures_2026-10-08,agent,True,fixed_norm_offset,2,4.0,512-world-pixels,2.0,25,1.0,100.0,0.0,0.5506367384785353,55.063673847853536,44.936326152146464,256,equal scenes; within each scene equal conditions and equal candidates; horizons reported separately
action_strength,visible_pusht_futures_2026-10-08,agent,True,fixed_norm_offset,2,8.0,512-world-pixels,4.0,5,1.0,100.0,0.0,0.6775918363320707,67.75918363320706,32.240816366792934,256,equal scenes; within each scene equal conditions and equal candidates; horizons reported separately
action_strength,visible_pusht_futures_2026-10-08,agent,True,fixed_norm_offset,2,8.0,512-world-pixels,4.0,10,1.0,100.0,0.0,0.6228688249684343,62.28688249684343,37.71311750315657,256,equal scenes; within each scene equal conditions and equal candidates; horizons reported separately
action_strength,visible_pusht_futures_2026-10-08,agent,True,fixed_norm_offset,2,8.0,512-world-pixels,4.0,15,1.0,100.0,0.0,0.5828988123421717,58.28988123421717,41.71011876578283,256,equal scenes; within each scene equal conditions and equal candidates; horizons reported separately
action_strength,visible_pusht_futures_2026-10-08,agent,True,fixed_norm_offset,2,8.0,512-world-pixels,4.0,20,1.0,100.0,0.0,0.5623120857007576,56.231208570075765,43.768791429924235,256,equal scenes; within each scene equal conditions and equal candidates; horizons reported separately
action_strength,visible_pusht_futures_2026-10-08,agent,True,fixed_norm_offset,2,8.0,512-world-pixels,4.0,25,1.0,100.0,0.0,0.5583584872159091,55.83584872159091,44.16415127840909,256,equal scenes; within each scene equal conditions and equal candidates; horizons reported separately
action_strength,visible_pusht_futures_2026-10-08,agent,True,fixed_norm_offset,2,16.0,512-world-pixels,8.0,5,1.0,100.0,0.0,0.914437835385101,91.4437835385101,8.556216461489896,256,equal scenes; within each scene equal conditions and equal candidates; horizons reported separately
action_strength,visible_pusht_futures_2026-10-08,agent,True,fixed_norm_offset,2,16.0,512-world-pixels,8.0,10,1.0,100.0,0.0,0.7293950244633838,72.93950244633838,27.060497553661623,256,equal scenes; within each scene equal conditions and equal candidates; horizons reported separately
action_strength,visible_pusht_futures_2026-10-08,agent,True,fixed_norm_offset,2,16.0,512-world-pixels,8.0,15,1.0,100.0,0.0,0.671762054135101,67.1762054135101,32.823794586489896,256,equal scenes; within each scene equal conditions and equal candidates; horizons reported separately
action_strength,visible_pusht_futures_2026-10-08,agent,True,fixed_norm_offset,2,16.0,512-world-pixels,8.0,20,1.0,100.0,0.0,0.6281264796401516,62.812647964015156,37.187352035984844,256,equal scenes; within each scene equal conditions and equal candidates; horizons reported separately
action_strength,visible_pusht_futures_2026-10-08,agent,True,fixed_norm_offset,2,16.0,512-world-pixels,8.0,25,1.0,100.0,0.0,0.6093843710542929,60.93843710542929,39.06156289457071,256,equal scenes; within each scene equal conditions and equal candidates; horizons reported separately
action_strength,visible_pusht_futures_2026-10-08,agent,True,fixed_norm_offset,2,32.0,512-world-pixels,16.0,5,1.0,100.0,0.0,0.9979817708333334,99.79817708333334,0.20182291666666075,256,equal scenes; within each scene equal conditions and equal candidates; horizons reported separately
action_strength,visible_pusht_futures_2026-10-08,agent,True,fixed_norm_offset,2,32.0,512-world-pixels,16.0,10,1.0,100.0,0.0,0.9246803977272726,92.46803977272727,7.531960227272738,256,equal scenes; within each scene equal conditions and equal candidates; horizons reported separately
action_strength,visible_pusht_futures_2026-10-08,agent,True,fixed_norm_offset,2,32.0,512-world-pixels,16.0,15,1.0,100.0,0.0,0.8291217842487374,82.91217842487374,17.08782157512626,256,equal scenes; within each scene equal conditions and equal candidates; horizons reported separately
action_strength,visible_pusht_futures_2026-10-08,agent,True,fixed_norm_offset,2,32.0,512-world-pixels,16.0,20,1.0,100.0,0.0,0.7777669270833334,77.77669270833334,22.22330729166666,256,equal scenes; within each scene equal conditions and equal candidates; horizons reported separately
action_strength,visible_pusht_futures_2026-10-08,agent,True,fixed_norm_offset,2,32.0,512-world-pixels,16.0,25,1.0,100.0,0.0,0.7423995817550505,74.23995817550505,25.76004182449495,256,equal scenes; within each scene equal conditions and equal candidates; horizons reported separately
action_strength,visible_pusht_futures_2026-10-08,agent,True,fixed_norm_offset,32,2.0,512-world-pixels,1.0,5,0.0,0.0,100.0,0.5549454505997474,55.49454505997474,-55.49454505997474,256,equal scenes; within each scene equal conditions and equal candidates; horizons reported separately
action_strength,visible_pusht_futures_2026-10-08,agent,True,fixed_norm_offset,32,2.0,512-world-pixels,1.0,10,0.0,0.0,100.0,0.5986165364583333,59.861653645833336,-59.861653645833336,256,equal scenes; within each scene equal conditions and equal candidates; horizons reported separately
action_strength,visible_pusht_futures_2026-10-08,agent,True,fixed_norm_offset,32,2.0,512-world-pixels,1.0,15,0.0,0.0,100.0,0.5508142952967171,55.08142952967171,-55.08142952967171,256,equal scenes; within each scene equal conditions and equal candidates; horizons reported separately
action_strength,visible_pusht_futures_2026-10-08,agent,True,fixed_norm_offset,32,2.0,512-world-pixels,1.0,20,0.0,0.0,100.0,0.5498515427714646,54.985154277146464,-54.985154277146464,256,equal scenes; within each scene equal conditions and equal candidates; horizons reported separately
action_strength,visible_pusht_futures_2026-10-08,agent,True,fixed_norm_offset,32,2.0,512-world-pixels,1.0,25,0.0,0.0,100.0,0.5496562302714646,54.96562302714646,-54.96562302714646,256,equal scenes; within each scene equal conditions and equal candidates; horizons reported separately
action_strength,visible_pusht_futures_2026-10-08,agent,True,fixed_norm_offset,32,4.0,512-world-pixels,2.0,5,0.0,0.0,100.0,0.5776707504734848,57.767075047348484,-57.767075047348484,256,equal scenes; within each scene equal conditions and equal candidates; horizons reported separately
action_strength,visible_pusht_futures_2026-10-08,agent,True,fixed_norm_offset,32,4.0,512-world-pixels,2.0,10,0.0,0.0,100.0,0.6024103338068182,60.24103338068182,-60.24103338068182,256,equal scenes; within each scene equal conditions and equal candidates; horizons reported separately
action_strength,visible_pusht_futures_2026-10-08,agent,True,fixed_norm_offset,32,4.0,512-world-pixels,2.0,15,0.0,0.0,100.0,0.5570268110795454,55.70268110795455,-55.70268110795455,256,equal scenes; within each scene equal conditions and equal candidates; horizons reported separately
action_strength,visible_pusht_futures_2026-10-08,agent,True,fixed_norm_offset,32,4.0,512-world-pixels,2.0,20,0.0,0.0,100.0,0.5511694089330808,55.116940893308076,-55.116940893308076,256,equal scenes; within each scene equal conditions and equal candidates; horizons reported separately
action_strength,visible_pusht_futures_2026-10-08,agent,True,fixed_norm_offset,32,4.0,512-world-pixels,2.0,25,0.0,0.0,100.0,0.5506367384785353,55.063673847853536,-55.063673847853536,256,equal scenes; within each scene equal conditions and equal candidates; horizons reported separately
action_strength,visible_pusht_futures_2026-10-08,agent,True,fixed_norm_offset,32,8.0,512-world-pixels,4.0,5,0.0,0.0,100.0,0.6775918363320707,67.75918363320706,-67.75918363320706,256,equal scenes; within each scene equal conditions and equal candidates; horizons reported separately
action_strength,visible_pusht_futures_2026-10-08,agent,True,fixed_norm_offset,32,8.0,512-world-pixels,4.0,10,0.0,0.0,100.0,0.6228688249684343,62.28688249684343,-62.28688249684343,256,equal scenes; within each scene equal conditions and equal candidates; horizons reported separately
action_strength,visible_pusht_futures_2026-10-08,agent,True,fixed_norm_offset,32,8.0,512-world-pixels,4.0,15,0.0,0.0,100.0,0.5828988123421717,58.28988123421717,-58.28988123421717,256,equal scenes; within each scene equal conditions and equal candidates; horizons reported separately
action_strength,visible_pusht_futures_2026-10-08,agent,True,fixed_norm_offset,32,8.0,512-world-pixels,4.0,20,0.0,0.0,100.0,0.5623120857007576,56.231208570075765,-56.231208570075765,256,equal scenes; within each scene equal conditions and equal candidates; horizons reported separately
action_strength,visible_pusht_futures_2026-10-08,agent,True,fixed_norm_offset,32,8.0,512-world-pixels,4.0,25,0.0,0.0,100.0,0.5583584872159091,55.83584872159091,-55.83584872159091,256,equal scenes; within each scene equal conditions and equal candidates; horizons reported separately
action_strength,visible_pusht_futures_2026-10-08,agent,True,fixed_norm_offset,32,16.0,512-world-pixels,8.0,5,0.0,0.0,100.0,0.914437835385101,91.4437835385101,-91.4437835385101,256,equal scenes; within each scene equal conditions and equal candidates; horizons reported separately
action_strength,visible_pusht_futures_2026-10-08,agent,True,fixed_norm_offset,32,16.0,512-world-pixels,8.0,10,0.0,0.0,100.0,0.7293950244633838,72.93950244633838,-72.93950244633838,256,equal scenes; within each scene equal conditions and equal candidates; horizons reported separately
action_strength,visible_pusht_futures_2026-10-08,agent,True,fixed_norm_offset,32,16.0,512-world-pixels,8.0,15,0.0,0.0,100.0,0.671762054135101,67.1762054135101,-67.1762054135101,256,equal scenes; within each scene equal conditions and equal candidates; horizons reported separately
action_strength,visible_pusht_futures_2026-10-08,agent,True,fixed_norm_offset,32,16.0,512-world-pixels,8.0,20,0.0,0.0,100.0,0.6281264796401516,62.812647964015156,-62.812647964015156,256,equal scenes; within each scene equal conditions and equal candidates; horizons reported separately
action_strength,visible_pusht_futures_2026-10-08,agent,True,fixed_norm_offset,32,16.0,512-world-pixels,8.0,25,0.0,0.0,100.0,0.6093843710542929,60.93843710542929,-60.93843710542929,256,equal scenes; within each scene equal conditions and equal candidates; horizons reported separately
action_strength,visible_pusht_futures_2026-10-08,agent,True,fixed_norm_offset,32,32.0,512-world-pixels,16.0,5,0.04910037878787879,4.910037878787879,95.08996212121212,0.9979817708333334,99.79817708333334,-94.88813920454547,256,equal scenes; within each scene equal conditions and equal candidates; horizons reported separately
action_strength,visible_pusht_futures_2026-10-08,agent,True,fixed_norm_offset,32,32.0,512-world-pixels,16.0,10,0.045689315025252523,4.568931502525253,95.43106849747474,0.9246803977272726,92.46803977272727,-87.899108270202,256,equal scenes; within each scene equal conditions and equal candidates; horizons reported separately
action_strength,visible_pusht_futures_2026-10-08,agent,True,fixed_norm_offset,32,32.0,512-world-pixels,16.0,15,0.05039851641414141,5.039851641414141,94.96014835858585,0.8291217842487374,82.91217842487374,-77.8723267834596,256,equal scenes; within each scene equal conditions and equal candidates; horizons reported separately
action_strength,visible_pusht_futures_2026-10-08,agent,True,fixed_norm_offset,32,32.0,512-world-pixels,16.0,20,0.0491082702020202,4.91082702020202,95.08917297979798,0.7777669270833334,77.77669270833334,-72.86586568813132,256,equal scenes; within each scene equal conditions and equal candidates; horizons reported separately
action_strength,visible_pusht_futures_2026-10-08,agent,True,fixed_norm_offset,32,32.0,512-world-pixels,16.0,25,0.06349629103535354,6.349629103535354,93.65037089646464,0.7423995817550505,74.23995817550505,-67.8903290719697,256,equal scenes; within each scene equal conditions and equal candidates; horizons reported separately
action_strength,visible_pusht_futures_2026-10-08,agent,True,fixed_norm_offset,4,2.0,512-world-pixels,1.0,5,0.0,0.0,100.0,0.5549454505997474,55.49454505997474,-55.49454505997474,256,equal scenes; within each scene equal conditions and equal candidates; horizons reported separately
action_strength,visible_pusht_futures_2026-10-08,agent,True,fixed_norm_offset,4,2.0,512-world-pixels,1.0,10,0.0,0.0,100.0,0.5986165364583333,59.861653645833336,-59.861653645833336,256,equal scenes; within each scene equal conditions and equal candidates; horizons reported separately
action_strength,visible_pusht_futures_2026-10-08,agent,True,fixed_norm_offset,4,2.0,512-world-pixels,1.0,15,0.0,0.0,100.0,0.5508142952967171,55.08142952967171,-55.08142952967171,256,equal scenes; within each scene equal conditions and equal candidates; horizons reported separately
action_strength,visible_pusht_futures_2026-10-08,agent,True,fixed_norm_offset,4,2.0,512-world-pixels,1.0,20,0.0,0.0,100.0,0.5498515427714646,54.985154277146464,-54.985154277146464,256,equal scenes; within each scene equal conditions and equal candidates; horizons reported separately
action_strength,visible_pusht_futures_2026-10-08,agent,True,fixed_norm_offset,4,2.0,512-world-pixels,1.0,25,0.0,0.0,100.0,0.5496562302714646,54.96562302714646,-54.96562302714646,256,equal scenes; within each scene equal conditions and equal candidates; horizons reported separately
action_strength,visible_pusht_futures_2026-10-08,agent,True,fixed_norm_offset,4,4.0,512-world-pixels,2.0,5,0.0075797032828282835,0.7579703282828284,99.24202967171716,0.5776707504734848,57.767075047348484,-57.009104719065654,256,equal scenes; within each scene equal conditions and equal candidates; horizons reported separately
action_strength,visible_pusht_futures_2026-10-08,agent,True,fixed_norm_offset,4,4.0,512-world-pixels,2.0,10,0.0070963541666666675,0.7096354166666667,99.29036458333333,0.6024103338068182,60.24103338068182,-59.531397964015156,256,equal scenes; within each scene equal conditions and equal candidates; horizons reported separately
action_strength,visible_pusht_futures_2026-10-08,agent,True,fixed_norm_offset,4,4.0,512-world-pixels,2.0,15,0.0064275568181818175,0.6427556818181818,99.35724431818181,0.5570268110795454,55.70268110795455,-55.05992542613636,256,equal scenes; within each scene equal conditions and equal candidates; horizons reported separately
action_strength,visible_pusht_futures_2026-10-08,agent,True,fixed_norm_offset,4,4.0,512-world-pixels,2.0,20,0.006843828914141415,0.6843828914141415,99.31561710858587,0.5511694089330808,55.116940893308076,-54.43255800189394,256,equal scenes; within each scene equal conditions and equal candidates; horizons reported separately
action_strength,visible_pusht_futures_2026-10-08,agent,True,fixed_norm_offset,4,4.0,512-world-pixels,2.0,25,0.009029750631313132,0.9029750631313131,99.09702493686868,0.5506367384785353,55.063673847853536,-54.160698784722214,256,equal scenes; within each scene equal conditions and equal candidates; horizons reported separately
action_strength,visible_pusht_futures_2026-10-08,agent,True,fixed_norm_offset,4,8.0,512-world-pixels,4.0,5,1.0,100.0,0.0,0.6775918363320707,67.75918363320706,32.240816366792934,256,equal scenes; within each scene equal conditions and equal candidates; horizons reported separately
action_strength,visible_pusht_futures_2026-10-08,agent,True,fixed_norm_offset,4,8.0,512-world-pixels,4.0,10,1.0,100.0,0.0,0.6228688249684343,62.28688249684343,37.71311750315657,256,equal scenes; within each scene equal conditions and equal candidates; horizons reported separately
action_strength,visible_pusht_futures_2026-10-08,agent,True,fixed_norm_offset,4,8.0,512-world-pixels,4.0,15,1.0,100.0,0.0,0.5828988123421717,58.28988123421717,41.71011876578283,256,equal scenes; within each scene equal conditions and equal candidates; horizons reported separately
action_strength,visible_pusht_futures_2026-10-08,agent,True,fixed_norm_offset,4,8.0,512-world-pixels,4.0,20,1.0,100.0,0.0,0.5623120857007576,56.231208570075765,43.768791429924235,256,equal scenes; within each scene equal conditions and equal candidates; horizons reported separately
action_strength,visible_pusht_futures_2026-10-08,agent,True,fixed_norm_offset,4,8.0,512-world-pixels,4.0,25,1.0,100.0,0.0,0.5583584872159091,55.83584872159091,44.16415127840909,256,equal scenes; within each scene equal conditions and equal candidates; horizons reported separately
action_strength,visible_pusht_futures_2026-10-08,agent,True,fixed_norm_offset,4,16.0,512-world-pixels,8.0,5,1.0,100.0,0.0,0.914437835385101,91.4437835385101,8.556216461489896,256,equal scenes; within each scene equal conditions and equal candidates; horizons reported separately
action_strength,visible_pusht_futures_2026-10-08,agent,True,fixed_norm_offset,4,16.0,512-world-pixels,8.0,10,1.0,100.0,0.0,0.7293950244633838,72.93950244633838,27.060497553661623,256,equal scenes; within each scene equal conditions and equal candidates; horizons reported separately
action_strength,visible_pusht_futures_2026-10-08,agent,True,fixed_norm_offset,4,16.0,512-world-pixels,8.0,15,1.0,100.0,0.0,0.671762054135101,67.1762054135101,32.823794586489896,256,equal scenes; within each scene equal conditions and equal candidates; horizons reported separately
action_strength,visible_pusht_futures_2026-10-08,agent,True,fixed_norm_offset,4,16.0,512-world-pixels,8.0,20,1.0,100.0,0.0,0.6281264796401516,62.812647964015156,37.187352035984844,256,equal scenes; within each scene equal conditions and equal candidates; horizons reported separately
action_strength,visible_pusht_futures_2026-10-08,agent,True,fixed_norm_offset,4,16.0,512-world-pixels,8.0,25,1.0,100.0,0.0,0.6093843710542929,60.93843710542929,39.06156289457071,256,equal scenes; within each scene equal conditions and equal candidates; horizons reported separately
action_strength,visible_pusht_futures_2026-10-08,agent,True,fixed_norm_offset,4,32.0,512-world-pixels,16.0,5,1.0,100.0,0.0,0.9979817708333334,99.79817708333334,0.20182291666666075,256,equal scenes; within each scene equal conditions and equal candidates; horizons reported separately
action_strength,visible_pusht_futures_2026-10-08,agent,True,fixed_norm_offset,4,32.0,512-world-pixels,16.0,10,1.0,100.0,0.0,0.9246803977272726,92.46803977272727,7.531960227272738,256,equal scenes; within each scene equal conditions and equal candidates; horizons reported separately
action_strength,visible_pusht_futures_2026-10-08,agent,True,fixed_norm_offset,4,32.0,512-world-pixels,16.0,15,1.0,100.0,0.0,0.8291217842487374,82.91217842487374,17.08782157512626,256,equal scenes; within each scene equal conditions and equal candidates; horizons reported separately
action_strength,visible_pusht_futures_2026-10-08,agent,True,fixed_norm_offset,4,32.0,512-world-pixels,16.0,20,1.0,100.0,0.0,0.7777669270833334,77.77669270833334,22.22330729166666,256,equal scenes; within each scene equal conditions and equal candidates; horizons reported separately
action_strength,visible_pusht_futures_2026-10-08,agent,True,fixed_norm_offset,4,32.0,512-world-pixels,16.0,25,1.0,100.0,0.0,0.7423995817550505,74.23995817550505,25.76004182449495,256,equal scenes; within each scene equal conditions and equal candidates; horizons reported separately
action_strength,visible_pusht_futures_2026-10-08,agent,True,fixed_norm_offset,64,2.0,512-world-pixels,1.0,5,0.0,0.0,100.0,0.5549454505997474,55.49454505997474,-55.49454505997474,256,equal scenes; within each scene equal conditions and equal candidates; horizons reported separately
action_strength,visible_pusht_futures_2026-10-08,agent,True,fixed_norm_offset,64,2.0,512-world-pixels,1.0,10,0.0,0.0,100.0,0.5986165364583333,59.861653645833336,-59.861653645833336,256,equal scenes; within each scene equal conditions and equal candidates; horizons reported separately
action_strength,visible_pusht_futures_2026-10-08,agent,True,fixed_norm_offset,64,2.0,512-world-pixels,1.0,15,0.0,0.0,100.0,0.5508142952967171,55.08142952967171,-55.08142952967171,256,equal scenes; within each scene equal conditions and equal candidates; horizons reported separately
action_strength,visible_pusht_futures_2026-10-08,agent,True,fixed_norm_offset,64,2.0,512-world-pixels,1.0,20,0.0,0.0,100.0,0.5498515427714646,54.985154277146464,-54.985154277146464,256,equal scenes; within each scene equal conditions and equal candidates; horizons reported separately
action_strength,visible_pusht_futures_2026-10-08,agent,True,fixed_norm_offset,64,2.0,512-world-pixels,1.0,25,0.0,0.0,100.0,0.5496562302714646,54.96562302714646,-54.96562302714646,256,equal scenes; within each scene equal conditions and equal candidates; horizons reported separately
action_strength,visible_pusht_futures_2026-10-08,agent,True,fixed_norm_offset,64,4.0,512-world-pixels,2.0,5,0.0,0.0,100.0,0.5776707504734848,57.767075047348484,-57.767075047348484,256,equal scenes; within each scene equal conditions and equal candidates; horizons reported separately
action_strength,visible_pusht_futures_2026-10-08,agent,True,fixed_norm_offset,64,4.0,512-world-pixels,2.0,10,0.0,0.0,100.0,0.6024103338068182,60.24103338068182,-60.24103338068182,256,equal scenes; within each scene equal conditions and equal candidates; horizons reported separately
action_strength,visible_pusht_futures_2026-10-08,agent,True,fixed_norm_offset,64,4.0,512-world-pixels,2.0,15,0.0,0.0,100.0,0.5570268110795454,55.70268110795455,-55.70268110795455,256,equal scenes; within each scene equal conditions and equal candidates; horizons reported separately
action_strength,visible_pusht_futures_2026-10-08,agent,True,fixed_norm_offset,64,4.0,512-world-pixels,2.0,20,0.0,0.0,100.0,0.5511694089330808,55.116940893308076,-55.116940893308076,256,equal scenes; within each scene equal conditions and equal candidates; horizons reported separately
action_strength,visible_pusht_futures_2026-10-08,agent,True,fixed_norm_offset,64,4.0,512-world-pixels,2.0,25,0.0,0.0,100.0,0.5506367384785353,55.063673847853536,-55.063673847853536,256,equal scenes; within each scene equal conditions and equal candidates; horizons reported separately
action_strength,visible_pusht_futures_2026-10-08,agent,True,fixed_norm_offset,64,8.0,512-world-pixels,4.0,5,0.0,0.0,100.0,0.6775918363320707,67.75918363320706,-67.75918363320706,256,equal scenes; within each scene equal conditions and equal candidates; horizons reported separately
action_strength,visible_pusht_futures_2026-10-08,agent,True,fixed_norm_offset,64,8.0,512-world-pixels,4.0,10,0.0,0.0,100.0,0.6228688249684343,62.28688249684343,-62.28688249684343,256,equal scenes; within each scene equal conditions and equal candidates; horizons reported separately
action_strength,visible_pusht_futures_2026-10-08,agent,True,fixed_norm_offset,64,8.0,512-world-pixels,4.0,15,0.0,0.0,100.0,0.5828988123421717,58.28988123421717,-58.28988123421717,256,equal scenes; within each scene equal conditions and equal candidates; horizons reported separately
action_strength,visible_pusht_futures_2026-10-08,agent,True,fixed_norm_offset,64,8.0,512-world-pixels,4.0,20,0.0,0.0,100.0,0.5623120857007576,56.231208570075765,-56.231208570075765,256,equal scenes; within each scene equal conditions and equal candidates; horizons reported separately
action_strength,visible_pusht_futures_2026-10-08,agent,True,fixed_norm_offset,64,8.0,512-world-pixels,4.0,25,0.0,0.0,100.0,0.5583584872159091,55.83584872159091,-55.83584872159091,256,equal scenes; within each scene equal conditions and equal candidates; horizons reported separately
action_strength,visible_pusht_futures_2026-10-08,agent,True,fixed_norm_offset,64,16.0,512-world-pixels,8.0,5,0.0,0.0,100.0,0.914437835385101,91.4437835385101,-91.4437835385101,256,equal scenes; within each scene equal conditions and equal candidates; horizons reported separately
action_strength,visible_pusht_futures_2026-10-08,agent,True,fixed_norm_offset,64,16.0,512-world-pixels,8.0,10,0.0,0.0,100.0,0.7293950244633838,72.93950244633838,-72.93950244633838,256,equal scenes; within each scene equal conditions and equal candidates; horizons reported separately
action_strength,visible_pusht_futures_2026-10-08,agent,True,fixed_norm_offset,64,16.0,512-world-pixels,8.0,15,0.0,0.0,100.0,0.671762054135101,67.1762054135101,-67.1762054135101,256,equal scenes; within each scene equal conditions and equal candidates; horizons reported separately
action_strength,visible_pusht_futures_2026-10-08,agent,True,fixed_norm_offset,64,16.0,512-world-pixels,8.0,20,0.0,0.0,100.0,0.6281264796401516,62.812647964015156,-62.812647964015156,256,equal scenes; within each scene equal conditions and equal candidates; horizons reported separately
action_strength,visible_pusht_futures_2026-10-08,agent,True,fixed_norm_offset,64,16.0,512-world-pixels,8.0,25,0.0,0.0,100.0,0.6093843710542929,60.93843710542929,-60.93843710542929,256,equal scenes; within each scene equal conditions and equal candidates; horizons reported separately
action_strength,visible_pusht_futures_2026-10-08,agent,True,fixed_norm_offset,64,32.0,512-world-pixels,16.0,5,0.0,0.0,100.0,0.9979817708333334,99.79817708333334,-99.79817708333334,256,equal scenes; within each scene equal conditions and equal candidates; horizons reported separately
action_strength,visible_pusht_futures_2026-10-08,agent,True,fixed_norm_offset,64,32.0,512-world-pixels,16.0,10,0.0,0.0,100.0,0.9246803977272726,92.46803977272727,-92.46803977272727,256,equal scenes; within each scene equal conditions and equal candidates; horizons reported separately
action_strength,visible_pusht_futures_2026-10-08,agent,True,fixed_norm_offset,64,32.0,512-world-pixels,16.0,15,0.0,0.0,100.0,0.8291217842487374,82.91217842487374,-82.91217842487374,256,equal scenes; within each scene equal conditions and equal candidates; horizons reported separately
action_strength,visible_pusht_futures_2026-10-08,agent,True,fixed_norm_offset,64,32.0,512-world-pixels,16.0,20,0.0,0.0,100.0,0.7777669270833334,77.77669270833334,-77.77669270833334,256,equal scenes; within each scene equal conditions and equal candidates; horizons reported separately
action_strength,visible_pusht_futures_2026-10-08,agent,True,fixed_norm_offset,64,32.0,512-world-pixels,16.0,25,0.0,0.0,100.0,0.7423995817550505,74.23995817550505,-74.23995817550505,256,equal scenes; within each scene equal conditions and equal candidates; horizons reported separately
action_strength,visible_pusht_futures_2026-10-08,agent,True,fixed_norm_offset,8,2.0,512-world-pixels,1.0,5,0.0,0.0,100.0,0.5549454505997474,55.49454505997474,-55.49454505997474,256,equal scenes; within each scene equal conditions and equal candidates; horizons reported separately
action_strength,visible_pusht_futures_2026-10-08,agent,True,fixed_norm_offset,8,2.0,512-world-pixels,1.0,10,0.0,0.0,100.0,0.5986165364583333,59.861653645833336,-59.861653645833336,256,equal scenes; within each scene equal conditions and equal candidates; horizons reported separately
action_strength,visible_pusht_futures_2026-10-08,agent,True,fixed_norm_offset,8,2.0,512-world-pixels,1.0,15,0.0,0.0,100.0,0.5508142952967171,55.08142952967171,-55.08142952967171,256,equal scenes; within each scene equal conditions and equal candidates; horizons reported separately
action_strength,visible_pusht_futures_2026-10-08,agent,True,fixed_norm_offset,8,2.0,512-world-pixels,1.0,20,0.0,0.0,100.0,0.5498515427714646,54.985154277146464,-54.985154277146464,256,equal scenes; within each scene equal conditions and equal candidates; horizons reported separately
action_strength,visible_pusht_futures_2026-10-08,agent,True,fixed_norm_offset,8,2.0,512-world-pixels,1.0,25,0.0,0.0,100.0,0.5496562302714646,54.96562302714646,-54.96562302714646,256,equal scenes; within each scene equal conditions and equal candidates; horizons reported separately
action_strength,visible_pusht_futures_2026-10-08,agent,True,fixed_norm_offset,8,4.0,512-world-pixels,2.0,5,0.0,0.0,100.0,0.5776707504734848,57.767075047348484,-57.767075047348484,256,equal scenes; within each scene equal conditions and equal candidates; horizons reported separately
action_strength,visible_pusht_futures_2026-10-08,agent,True,fixed_norm_offset,8,4.0,512-world-pixels,2.0,10,0.0,0.0,100.0,0.6024103338068182,60.24103338068182,-60.24103338068182,256,equal scenes; within each scene equal conditions and equal candidates; horizons reported separately
action_strength,visible_pusht_futures_2026-10-08,agent,True,fixed_norm_offset,8,4.0,512-world-pixels,2.0,15,0.0,0.0,100.0,0.5570268110795454,55.70268110795455,-55.70268110795455,256,equal scenes; within each scene equal conditions and equal candidates; horizons reported separately
action_strength,visible_pusht_futures_2026-10-08,agent,True,fixed_norm_offset,8,4.0,512-world-pixels,2.0,20,0.0,0.0,100.0,0.5511694089330808,55.116940893308076,-55.116940893308076,256,equal scenes; within each scene equal conditions and equal candidates; horizons reported separately
action_strength,visible_pusht_futures_2026-10-08,agent,True,fixed_norm_offset,8,4.0,512-world-pixels,2.0,25,0.0,0.0,100.0,0.5506367384785353,55.063673847853536,-55.063673847853536,256,equal scenes; within each scene equal conditions and equal candidates; horizons reported separately
action_strength,visible_pusht_futures_2026-10-08,agent,True,fixed_norm_offset,8,8.0,512-world-pixels,4.0,5,0.01371725063131313,1.3717250631313131,98.62827493686869,0.6775918363320707,67.75918363320706,-66.38745857007575,256,equal scenes; within each scene equal conditions and equal candidates; horizons reported separately
action_strength,visible_pusht_futures_2026-10-08,agent,True,fixed_norm_offset,8,8.0,512-world-pixels,4.0,10,0.01108151830808081,1.1081518308080809,98.89184816919192,0.6228688249684343,62.28688249684343,-61.17873066603535,256,equal scenes; within each scene equal conditions and equal candidates; horizons reported separately
action_strength,visible_pusht_futures_2026-10-08,agent,True,fixed_norm_offset,8,8.0,512-world-pixels,4.0,15,0.012209990530303031,1.2209990530303032,98.7790009469697,0.5828988123421717,58.28988123421717,-57.068882181186865,256,equal scenes; within each scene equal conditions and equal candidates; horizons reported separately
action_strength,visible_pusht_futures_2026-10-08,agent,True,fixed_norm_offset,8,8.0,512-world-pixels,4.0,20,0.013085937499999999,1.3085937499999998,98.69140625,0.5623120857007576,56.231208570075765,-54.922614820075765,256,equal scenes; within each scene equal conditions and equal candidates; horizons reported separately
action_strength,visible_pusht_futures_2026-10-08,agent,True,fixed_norm_offset,8,8.0,512-world-pixels,4.0,25,0.016812657828282826,1.6812657828282827,98.31873421717172,0.5583584872159091,55.83584872159091,-54.15458293876263,256,equal scenes; within each scene equal conditions and equal candidates; horizons reported separately
action_strength,visible_pusht_futures_2026-10-08,agent,True,fixed_norm_offset,8,16.0,512-world-pixels,8.0,5,1.0,100.0,0.0,0.914437835385101,91.4437835385101,8.556216461489896,256,equal scenes; within each scene equal conditions and equal candidates; horizons reported separately
action_strength,visible_pusht_futures_2026-10-08,agent,True,fixed_norm_offset,8,16.0,512-world-pixels,8.0,10,1.0,100.0,0.0,0.7293950244633838,72.93950244633838,27.060497553661623,256,equal scenes; within each scene equal conditions and equal candidates; horizons reported separately
action_strength,visible_pusht_futures_2026-10-08,agent,True,fixed_norm_offset,8,16.0,512-world-pixels,8.0,15,1.0,100.0,0.0,0.671762054135101,67.1762054135101,32.823794586489896,256,equal scenes; within each scene equal conditions and equal candidates; horizons reported separately
action_strength,visible_pusht_futures_2026-10-08,agent,True,fixed_norm_offset,8,16.0,512-world-pixels,8.0,20,1.0,100.0,0.0,0.6281264796401516,62.812647964015156,37.187352035984844,256,equal scenes; within each scene equal conditions and equal candidates; horizons reported separately
action_strength,visible_pusht_futures_2026-10-08,agent,True,fixed_norm_offset,8,16.0,512-world-pixels,8.0,25,1.0,100.0,0.0,0.6093843710542929,60.93843710542929,39.06156289457071,256,equal scenes; within each scene equal conditions and equal candidates; horizons reported separately
action_strength,visible_pusht_futures_2026-10-08,agent,True,fixed_norm_offset,8,32.0,512-world-pixels,16.0,5,1.0,100.0,0.0,0.9979817708333334,99.79817708333334,0.20182291666666075,256,equal scenes; within each scene equal conditions and equal candidates; horizons reported separately
action_strength,visible_pusht_futures_2026-10-08,agent,True,fixed_norm_offset,8,32.0,512-world-pixels,16.0,10,1.0,100.0,0.0,0.9246803977272726,92.46803977272727,7.531960227272738,256,equal scenes; within each scene equal conditions and equal candidates; horizons reported separately
action_strength,visible_pusht_futures_2026-10-08,agent,True,fixed_norm_offset,8,32.0,512-world-pixels,16.0,15,1.0,100.0,0.0,0.8291217842487374,82.91217842487374,17.08782157512626,256,equal scenes; within each scene equal conditions and equal candidates; horizons reported separately
action_strength,visible_pusht_futures_2026-10-08,agent,True,fixed_norm_offset,8,32.0,512-world-pixels,16.0,20,1.0,100.0,0.0,0.7777669270833334,77.77669270833334,22.22330729166666,256,equal scenes; within each scene equal conditions and equal candidates; horizons reported separately
action_strength,visible_pusht_futures_2026-10-08,agent,True,fixed_norm_offset,8,32.0,512-world-pixels,16.0,25,1.0,100.0,0.0,0.7423995817550505,74.23995817550505,25.76004182449495,256,equal scenes; within each scene equal conditions and equal candidates; horizons reported separately
action_strength,visible_pusht_futures_2026-10-08,agent,True,temporal_lag_prepend_current,one_horizon,2.0,512-world-pixels,1.0,5,0.10182784880050505,10.182784880050505,89.8172151199495,0.5549454505997474,55.49454505997474,-45.311760179924235,256,equal scenes; within each scene equal conditions and equal candidates; horizons reported separately
action_strength,visible_pusht_futures_2026-10-08,agent,True,temporal_lag_prepend_current,one_horizon,2.0,512-world-pixels,1.0,10,0.15901446101641412,15.901446101641412,84.09855389835859,0.5986165364583333,59.861653645833336,-43.96020754419192,256,equal scenes; within each scene equal conditions and equal candidates; horizons reported separately
action_strength,visible_pusht_futures_2026-10-08,agent,True,temporal_lag_prepend_current,one_horizon,2.0,512-world-pixels,1.0,15,0.25960335779671717,25.960335779671716,74.03966422032828,0.5508142952967171,55.08142952967171,-29.121093749999993,256,equal scenes; within each scene equal conditions and equal candidates; horizons reported separately
action_strength,visible_pusht_futures_2026-10-08,agent,True,temporal_lag_prepend_current,one_horizon,2.0,512-world-pixels,1.0,20,0.36225783222853536,36.225783222853536,63.774216777146464,0.5498515427714646,54.985154277146464,-18.759371054292927,256,equal scenes; within each scene equal conditions and equal candidates; horizons reported separately
action_strength,visible_pusht_futures_2026-10-08,agent,True,temporal_lag_prepend_current,one_horizon,2.0,512-world-pixels,1.0,25,0.4649774108270202,46.49774108270202,53.502258917297986,0.5496562302714646,54.96562302714646,-8.46788194444444,256,equal scenes; within each scene equal conditions and equal candidates; horizons reported separately
action_strength,visible_pusht_futures_2026-10-08,agent,True,temporal_lag_prepend_current,one_horizon,4.0,512-world-pixels,2.0,5,0.11251085069444444,11.251085069444445,88.74891493055556,0.5776707504734848,57.767075047348484,-46.515989977904034,256,equal scenes; within each scene equal conditions and equal candidates; horizons reported separately
action_strength,visible_pusht_futures_2026-10-08,agent,True,temporal_lag_prepend_current,one_horizon,4.0,512-world-pixels,2.0,10,0.2012093592171717,20.12093592171717,79.87906407828282,0.6024103338068182,60.24103338068182,-40.12009745896465,256,equal scenes; within each scene equal conditions and equal candidates; horizons reported separately
action_strength,visible_pusht_futures_2026-10-08,agent,True,temporal_lag_prepend_current,one_horizon,4.0,512-world-pixels,2.0,15,0.30040147569444436,30.040147569444436,69.95985243055556,0.5570268110795454,55.70268110795455,-25.662533538510107,256,equal scenes; within each scene equal conditions and equal candidates; horizons reported separately
action_strength,visible_pusht_futures_2026-10-08,agent,True,temporal_lag_prepend_current,one_horizon,4.0,512-world-pixels,2.0,20,0.4016019570707071,40.16019570707071,59.83980429292929,0.5511694089330808,55.116940893308076,-14.956745186237363,256,equal scenes; within each scene equal conditions and equal candidates; horizons reported separately
action_strength,visible_pusht_futures_2026-10-08,agent,True,temporal_lag_prepend_current,one_horizon,4.0,512-world-pixels,2.0,25,0.5021947995580808,50.219479955808076,49.780520044191924,0.5506367384785353,55.063673847853536,-4.844193892045457,256,equal scenes; within each scene equal conditions and equal candidates; horizons reported separately
action_strength,visible_pusht_futures_2026-10-08,agent,True,temporal_lag_prepend_current,one_horizon,8.0,512-world-pixels,4.0,5,0.16180654198232325,16.180654198232325,83.81934580176768,0.6775918363320707,67.75918363320706,-51.57852943497474,256,equal scenes; within each scene equal conditions and equal candidates; horizons reported separately
action_strength,visible_pusht_futures_2026-10-08,agent,True,temporal_lag_prepend_current,one_horizon,8.0,512-world-pixels,4.0,10,0.25464409722222225,25.464409722222225,74.53559027777777,0.6228688249684343,62.28688249684343,-36.822472774621204,256,equal scenes; within each scene equal conditions and equal candidates; horizons reported separately
action_strength,visible_pusht_futures_2026-10-08,agent,True,temporal_lag_prepend_current,one_horizon,8.0,512-world-pixels,4.0,15,0.3509084990530303,35.09084990530303,64.90915009469698,0.5828988123421717,58.28988123421717,-23.19903132891414,256,equal scenes; within each scene equal conditions and equal candidates; horizons reported separately
action_strength,visible_pusht_futures_2026-10-08,agent,True,temporal_lag_prepend_current,one_horizon,8.0,512-world-pixels,4.0,20,0.4500434027777779,45.004340277777786,54.995659722222214,0.5623120857007576,56.231208570075765,-11.226868292297976,256,equal scenes; within each scene equal conditions and equal candidates; horizons reported separately
action_strength,visible_pusht_futures_2026-10-08,agent,True,temporal_lag_prepend_current,one_horizon,8.0,512-world-pixels,4.0,25,0.5483102509469697,54.83102509469697,45.16897490530303,0.5583584872159091,55.83584872159091,-1.004823626893936,256,equal scenes; within each scene equal conditions and equal candidates; horizons reported separately
action_strength,visible_pusht_futures_2026-10-08,agent,True,temporal_lag_prepend_current,one_horizon,16.0,512-world-pixels,8.0,5,0.3542046440972222,35.42046440972222,64.57953559027779,0.914437835385101,91.4437835385101,-56.02331912878788,256,equal scenes; within each scene equal conditions and equal candidates; horizons reported separately
action_strength,visible_pusht_futures_2026-10-08,agent,True,temporal_lag_prepend_current,one_horizon,16.0,512-world-pixels,8.0,10,0.4238927359532828,42.389273595328284,57.610726404671716,0.7293950244633838,72.93950244633838,-30.550228851010097,256,equal scenes; within each scene equal conditions and equal candidates; horizons reported separately
action_strength,visible_pusht_futures_2026-10-08,agent,True,temporal_lag_prepend_current,one_horizon,16.0,512-world-pixels,8.0,15,0.5043979837436868,50.439798374368685,49.560201625631315,0.671762054135101,67.1762054135101,-16.736407039141422,256,equal scenes; within each scene equal conditions and equal candidates; horizons reported separately
action_strength,visible_pusht_futures_2026-10-08,agent,True,temporal_lag_prepend_current,one_horizon,16.0,512-world-pixels,8.0,20,0.5896301886047979,58.963018860479785,41.036981139520215,0.6281264796401516,62.812647964015156,-3.849629103535368,256,equal scenes; within each scene equal conditions and equal candidates; horizons reported separately
action_strength,visible_pusht_futures_2026-10-08,agent,True,temporal_lag_prepend_current,one_horizon,16.0,512-world-pixels,8.0,25,0.6712599629103535,67.12599629103535,32.87400370896465,0.6093843710542929,60.93843710542929,6.187559185606062,256,equal scenes; within each scene equal conditions and equal candidates; horizons reported separately
action_strength,visible_pusht_futures_2026-10-08,agent,True,temporal_lag_prepend_current,one_horizon,32.0,512-world-pixels,16.0,5,0.694439512310606,69.4439512310606,30.556048768939405,0.9979817708333334,99.79817708333334,-30.35422585227274,256,equal scenes; within each scene equal conditions and equal candidates; horizons reported separately
action_strength,visible_pusht_futures_2026-10-08,agent,True,temporal_lag_prepend_current,one_horizon,32.0,512-world-pixels,16.0,10,0.7241783065025251,72.41783065025251,27.58216934974749,0.9246803977272726,92.46803977272727,-20.050209122474747,256,equal scenes; within each scene equal conditions and equal candidates; horizons reported separately
action_strength,visible_pusht_futures_2026-10-08,agent,True,temporal_lag_prepend_current,one_horizon,32.0,512-world-pixels,16.0,15,0.7663298019255049,76.63298019255049,23.36701980744951,0.8291217842487374,82.91217842487374,-6.279198232323246,256,equal scenes; within each scene equal conditions and equal candidates; horizons reported separately
action_strength,visible_pusht_futures_2026-10-08,agent,True,temporal_lag_prepend_current,one_horizon,32.0,512-world-pixels,16.0,20,0.8111683238636365,81.11683238636364,18.883167613636353,0.7777669270833334,77.77669270833334,3.340139678030307,256,equal scenes; within each scene equal conditions and equal candidates; horizons reported separately
action_strength,visible_pusht_futures_2026-10-08,agent,True,temporal_lag_prepend_current,one_horizon,32.0,512-world-pixels,16.0,25,0.852230804135101,85.2230804135101,14.7769195864899,0.7423995817550505,74.23995817550505,10.98312223800505,256,equal scenes; within each scene equal conditions and equal candidates; horizons reported separately
action_strength,visible_pusht_futures_2026-10-08,agent,True,wrong_condition_true_future,cyclic_shift_by_1,2.0,512-world-pixels,1.0,5,0.10080393781565658,10.080393781565657,89.91960621843434,0.5549454505997474,55.49454505997474,-45.414151278409086,256,equal scenes; within each scene equal conditions and equal candidates; horizons reported separately
action_strength,visible_pusht_futures_2026-10-08,agent,True,wrong_condition_true_future,cyclic_shift_by_1,2.0,512-world-pixels,1.0,10,0.18674143781565655,18.674143781565654,81.32585621843434,0.5986165364583333,59.861653645833336,-41.18750986426768,256,equal scenes; within each scene equal conditions and equal candidates; horizons reported separately
action_strength,visible_pusht_futures_2026-10-08,agent,True,wrong_condition_true_future,cyclic_shift_by_1,2.0,512-world-pixels,1.0,15,0.0997030855429293,9.970308554292929,90.02969144570707,0.5508142952967171,55.08142952967171,-45.11112097537878,256,equal scenes; within each scene equal conditions and equal candidates; horizons reported separately
action_strength,visible_pusht_futures_2026-10-08,agent,True,wrong_condition_true_future,cyclic_shift_by_1,2.0,512-world-pixels,1.0,20,0.0993124605429293,9.93124605429293,90.06875394570707,0.5498515427714646,54.985154277146464,-45.053908222853536,256,equal scenes; within each scene equal conditions and equal candidates; horizons reported separately
action_strength,visible_pusht_futures_2026-10-08,agent,True,wrong_condition_true_future,cyclic_shift_by_1,2.0,512-world-pixels,1.0,25,0.0993124605429293,9.93124605429293,90.06875394570707,0.5496562302714646,54.96562302714646,-45.03437697285353,256,equal scenes; within each scene equal conditions and equal candidates; horizons reported separately
action_strength,visible_pusht_futures_2026-10-08,agent,True,wrong_condition_true_future,cyclic_shift_by_1,4.0,512-world-pixels,2.0,5,0.10989090119949496,10.989090119949497,89.0109098800505,0.5776707504734848,57.767075047348484,-46.77798492739898,256,equal scenes; within each scene equal conditions and equal candidates; horizons reported separately
action_strength,visible_pusht_futures_2026-10-08,agent,True,wrong_condition_true_future,cyclic_shift_by_1,4.0,512-world-pixels,2.0,10,0.1972330729166667,19.72330729166667,80.27669270833333,0.6024103338068182,60.24103338068182,-40.51772608901515,256,equal scenes; within each scene equal conditions and equal candidates; horizons reported separately
action_strength,visible_pusht_futures_2026-10-08,agent,True,wrong_condition_true_future,cyclic_shift_by_1,4.0,512-world-pixels,2.0,15,0.10162859059343435,10.162859059343434,89.83714094065657,0.5570268110795454,55.70268110795455,-45.539822048611114,256,equal scenes; within each scene equal conditions and equal candidates; horizons reported separately
action_strength,visible_pusht_futures_2026-10-08,agent,True,wrong_condition_true_future,cyclic_shift_by_1,4.0,512-world-pixels,2.0,20,0.0997030855429293,9.970308554292929,90.02969144570707,0.5511694089330808,55.116940893308076,-45.14663233901515,256,equal scenes; within each scene equal conditions and equal candidates; horizons reported separately
action_strength,visible_pusht_futures_2026-10-08,agent,True,wrong_condition_true_future,cyclic_shift_by_1,4.0,512-world-pixels,2.0,25,0.0993124605429293,9.93124605429293,90.06875394570707,0.5506367384785353,55.063673847853536,-45.1324277935606,256,equal scenes; within each scene equal conditions and equal candidates; horizons reported separately
action_strength,visible_pusht_futures_2026-10-08,agent,True,wrong_condition_true_future,cyclic_shift_by_1,8.0,512-world-pixels,4.0,5,0.1553415009469697,15.534150094696969,84.46584990530303,0.6775918363320707,67.75918363320706,-52.22503353851009,256,equal scenes; within each scene equal conditions and equal candidates; horizons reported separately
action_strength,visible_pusht_futures_2026-10-08,agent,True,wrong_condition_true_future,cyclic_shift_by_1,8.0,512-world-pixels,4.0,10,0.20482066761363638,20.482066761363637,79.51793323863636,0.6228688249684343,62.28688249684343,-41.80481573547979,256,equal scenes; within each scene equal conditions and equal candidates; horizons reported separately
action_strength,visible_pusht_futures_2026-10-08,agent,True,wrong_condition_true_future,cyclic_shift_by_1,8.0,512-world-pixels,4.0,15,0.11405362215909093,11.405362215909093,88.5946377840909,0.5828988123421717,58.28988123421717,-46.884519018308076,256,equal scenes; within each scene equal conditions and equal candidates; horizons reported separately
action_strength,visible_pusht_futures_2026-10-08,agent,True,wrong_condition_true_future,cyclic_shift_by_1,8.0,512-world-pixels,4.0,20,0.10233881786616161,10.23388178661616,89.76611821338383,0.5623120857007576,56.231208570075765,-45.9973267834596,256,equal scenes; within each scene equal conditions and equal candidates; horizons reported separately
action_strength,visible_pusht_futures_2026-10-08,agent,True,wrong_condition_true_future,cyclic_shift_by_1,8.0,512-world-pixels,4.0,25,0.10127347695707072,10.127347695707071,89.87265230429293,0.5583584872159091,55.83584872159091,-45.708501025883834,256,equal scenes; within each scene equal conditions and equal candidates; horizons reported separately
action_strength,visible_pusht_futures_2026-10-08,agent,True,wrong_condition_true_future,cyclic_shift_by_1,16.0,512-world-pixels,8.0,5,0.3551836726641414,35.51836726641414,64.48163273358585,0.914437835385101,91.4437835385101,-55.925416272095966,256,equal scenes; within each scene equal conditions and equal candidates; horizons reported separately
action_strength,visible_pusht_futures_2026-10-08,agent,True,wrong_condition_true_future,cyclic_shift_by_1,16.0,512-world-pixels,8.0,10,0.2457376499368687,24.57376499368687,75.42623500631314,0.7293950244633838,72.93950244633838,-48.36573745265151,256,equal scenes; within each scene equal conditions and equal candidates; horizons reported separately
action_strength,visible_pusht_futures_2026-10-08,agent,True,wrong_condition_true_future,cyclic_shift_by_1,16.0,512-world-pixels,8.0,15,0.16579762468434345,16.579762468434346,83.42023753156566,0.671762054135101,67.1762054135101,-50.59644294507576,256,equal scenes; within each scene equal conditions and equal candidates; horizons reported separately
action_strength,visible_pusht_futures_2026-10-08,agent,True,wrong_condition_true_future,cyclic_shift_by_1,16.0,512-world-pixels,8.0,20,0.12462417140151516,12.462417140151516,87.53758285984848,0.6281264796401516,62.812647964015156,-50.35023082386364,256,equal scenes; within each scene equal conditions and equal candidates; horizons reported separately
action_strength,visible_pusht_futures_2026-10-08,agent,True,wrong_condition_true_future,cyclic_shift_by_1,16.0,512-world-pixels,8.0,25,0.1167169744318182,11.67169744318182,88.32830255681819,0.6093843710542929,60.93843710542929,-49.266739662247474,256,equal scenes; within each scene equal conditions and equal candidates; horizons reported separately
action_strength,visible_pusht_futures_2026-10-08,agent,True,wrong_condition_true_future,cyclic_shift_by_1,32.0,512-world-pixels,16.0,5,0.8288756707702021,82.88756707702021,17.112432922979792,0.9979817708333334,99.79817708333334,-16.91061000631313,256,equal scenes; within each scene equal conditions and equal candidates; horizons reported separately
action_strength,visible_pusht_futures_2026-10-08,agent,True,wrong_condition_true_future,cyclic_shift_by_1,32.0,512-world-pixels,16.0,10,0.45879004892676767,45.87900489267677,54.12099510732323,0.9246803977272726,92.46803977272727,-46.5890348800505,256,equal scenes; within each scene equal conditions and equal candidates; horizons reported separately
action_strength,visible_pusht_futures_2026-10-08,agent,True,wrong_condition_true_future,cyclic_shift_by_1,32.0,512-world-pixels,16.0,15,0.34352410827020197,34.35241082702019,65.6475891729798,0.8291217842487374,82.91217842487374,-48.55976759785354,256,equal scenes; within each scene equal conditions and equal candidates; horizons reported separately
action_strength,visible_pusht_futures_2026-10-08,agent,True,wrong_condition_true_future,cyclic_shift_by_1,32.0,512-world-pixels,16.0,20,0.25625295928030306,25.625295928030305,74.37470407196969,0.7777669270833334,77.77669270833334,-52.15139678030303,256,equal scenes; within each scene equal conditions and equal candidates; horizons reported separately
action_strength,visible_pusht_futures_2026-10-08,agent,True,wrong_condition_true_future,cyclic_shift_by_1,32.0,512-world-pixels,16.0,25,0.21876874210858588,21.87687421085859,78.12312578914141,0.7423995817550505,74.23995817550505,-52.363083964646464,256,equal scenes; within each scene equal conditions and equal candidates; horizons reported separately
action_strength,visible_pusht_futures_2026-10-08,block,False,condition_mean_common_privileged,mean_across_hidden_conditions,2.0,512-world-pixels,1.0,5,0.28109513099747474,28.109513099747474,71.89048690025253,0.6405475654987374,64.05475654987373,-35.94524345012626,256,equal scenes; within each scene equal conditions and equal candidates; horizons reported separately
action_strength,visible_pusht_futures_2026-10-08,block,False,condition_mean_common_privileged,mean_across_hidden_conditions,2.0,512-world-pixels,1.0,10,0.25826132417929293,25.826132417929294,74.17386758207071,0.6291306620896464,62.91306620896464,-37.08693379103535,256,equal scenes; within each scene equal conditions and equal candidates; horizons reported separately
action_strength,visible_pusht_futures_2026-10-08,block,False,condition_mean_common_privileged,mean_across_hidden_conditions,2.0,512-world-pixels,1.0,15,0.27165305397727274,27.165305397727273,72.83469460227272,0.6358265269886363,63.582652698863626,-36.41734730113635,256,equal scenes; within each scene equal conditions and equal candidates; horizons reported separately
action_strength,visible_pusht_futures_2026-10-08,block,False,condition_mean_common_privileged,mean_across_hidden_conditions,2.0,512-world-pixels,1.0,20,0.2868242976641414,28.682429766414142,71.31757023358585,0.6434121488320707,64.34121488320706,-35.65878511679293,256,equal scenes; within each scene equal conditions and equal candidates; horizons reported separately
action_strength,visible_pusht_futures_2026-10-08,block,False,condition_mean_common_privileged,mean_across_hidden_conditions,2.0,512-world-pixels,1.0,25,0.3089320943813131,30.893209438131308,69.10679056186869,0.6544660471906566,65.44660471906566,-34.55339528093435,256,equal scenes; within each scene equal conditions and equal candidates; horizons reported separately
action_strength,visible_pusht_futures_2026-10-08,block,False,condition_mean_common_privileged,mean_across_hidden_conditions,4.0,512-world-pixels,2.0,5,0.3825274226641414,38.25274226641414,61.74725773358586,0.6912637113320708,69.12637113320707,-30.873628866792934,256,equal scenes; within each scene equal conditions and equal candidates; horizons reported separately
action_strength,visible_pusht_futures_2026-10-08,block,False,condition_mean_common_privileged,mean_across_hidden_conditions,4.0,512-world-pixels,2.0,10,0.32441110321969696,32.441110321969695,67.5588896780303,0.6622055516098484,66.22055516098484,-33.77944483901514,256,equal scenes; within each scene equal conditions and equal candidates; horizons reported separately
action_strength,visible_pusht_futures_2026-10-08,block,False,condition_mean_common_privileged,mean_across_hidden_conditions,4.0,512-world-pixels,2.0,15,0.33681147411616164,33.681147411616166,66.31885258838383,0.6684057370580807,66.84057370580807,-33.15942629419191,256,equal scenes; within each scene equal conditions and equal candidates; horizons reported separately
action_strength,visible_pusht_futures_2026-10-08,block,False,condition_mean_common_privileged,mean_across_hidden_conditions,4.0,512-world-pixels,2.0,20,0.3592901672979798,35.92901672979798,64.07098327020202,0.6796450836489899,67.96450836489899,-32.03549163510101,256,equal scenes; within each scene equal conditions and equal candidates; horizons reported separately
action_strength,visible_pusht_futures_2026-10-08,block,False,condition_mean_common_privileged,mean_across_hidden_conditions,4.0,512-world-pixels,2.0,25,0.3815202809343434,38.15202809343434,61.84797190656566,0.6907601404671718,69.07601404671718,-30.92398595328284,256,equal scenes; within each scene equal conditions and equal candidates; horizons reported separately
action_strength,visible_pusht_futures_2026-10-08,block,False,condition_mean_common_privileged,mean_across_hidden_conditions,8.0,512-world-pixels,4.0,5,0.6363932291666667,63.63932291666667,36.36067708333333,0.8181966145833334,81.81966145833334,-18.180338541666664,256,equal scenes; within each scene equal conditions and equal candidates; horizons reported separately
action_strength,visible_pusht_futures_2026-10-08,block,False,condition_mean_common_privileged,mean_across_hidden_conditions,8.0,512-world-pixels,4.0,10,0.471880918560606,47.1880918560606,52.8119081439394,0.7359404592803029,73.5940459280303,-26.405954071969695,256,equal scenes; within each scene equal conditions and equal candidates; horizons reported separately
action_strength,visible_pusht_futures_2026-10-08,block,False,condition_mean_common_privileged,mean_across_hidden_conditions,8.0,512-world-pixels,4.0,15,0.4611525410353535,46.11525410353535,53.88474589646465,0.7305762705176767,73.05762705176767,-26.942372948232318,256,equal scenes; within each scene equal conditions and equal candidates; horizons reported separately
action_strength,visible_pusht_futures_2026-10-08,block,False,condition_mean_common_privileged,mean_across_hidden_conditions,8.0,512-world-pixels,4.0,20,0.4856159248737374,48.56159248737374,51.43840751262626,0.7428079624368686,74.28079624368686,-25.719203756313124,256,equal scenes; within each scene equal conditions and equal candidates; horizons reported separately
action_strength,visible_pusht_futures_2026-10-08,block,False,condition_mean_common_privileged,mean_across_hidden_conditions,8.0,512-world-pixels,4.0,25,0.5042949021464647,50.429490214646464,49.570509785353536,0.7521474510732323,75.21474510732324,-24.785254892676768,256,equal scenes; within each scene equal conditions and equal candidates; horizons reported separately
action_strength,visible_pusht_futures_2026-10-08,block,False,condition_mean_common_privileged,mean_across_hidden_conditions,16.0,512-world-pixels,8.0,5,0.9297427398989899,92.97427398989899,7.025726010101008,0.964871369949495,96.4871369949495,-3.512863005050504,256,equal scenes; within each scene equal conditions and equal candidates; horizons reported separately
action_strength,visible_pusht_futures_2026-10-08,block,False,condition_mean_common_privileged,mean_across_hidden_conditions,16.0,512-world-pixels,8.0,10,0.7292732007575757,72.92732007575758,27.072679924242426,0.864636600378788,86.4636600378788,-13.536339962121225,256,equal scenes; within each scene equal conditions and equal candidates; horizons reported separately
action_strength,visible_pusht_futures_2026-10-08,block,False,condition_mean_common_privileged,mean_across_hidden_conditions,16.0,512-world-pixels,8.0,15,0.6870541351010101,68.70541351010101,31.29458648989899,0.843527067550505,84.3527067550505,-15.64729324494949,256,equal scenes; within each scene equal conditions and equal candidates; horizons reported separately
action_strength,visible_pusht_futures_2026-10-08,block,False,condition_mean_common_privileged,mean_across_hidden_conditions,16.0,512-world-pixels,8.0,20,0.6896188446969698,68.96188446969698,31.038115530303024,0.8448094223484848,84.48094223484847,-15.519057765151501,256,equal scenes; within each scene equal conditions and equal candidates; horizons reported separately
action_strength,visible_pusht_futures_2026-10-08,block,False,condition_mean_common_privileged,mean_across_hidden_conditions,16.0,512-world-pixels,8.0,25,0.7015743371212122,70.15743371212122,29.842566287878782,0.8507871685606061,85.07871685606061,-14.921283143939391,256,equal scenes; within each scene equal conditions and equal candidates; horizons reported separately
action_strength,visible_pusht_futures_2026-10-08,block,False,condition_mean_common_privileged,mean_across_hidden_conditions,32.0,512-world-pixels,16.0,5,1.0,100.0,0.0,1.0,100.0,0.0,256,equal scenes; within each scene equal conditions and equal candidates; horizons reported separately
action_strength,visible_pusht_futures_2026-10-08,block,False,condition_mean_common_privileged,mean_across_hidden_conditions,32.0,512-world-pixels,16.0,10,0.9528132891414142,95.28132891414141,4.718671085858583,0.976406644570707,97.6406644570707,-2.359335542929286,256,equal scenes; within each scene equal conditions and equal candidates; horizons reported separately
action_strength,visible_pusht_futures_2026-10-08,block,False,condition_mean_common_privileged,mean_across_hidden_conditions,32.0,512-world-pixels,16.0,15,0.8963147095959596,89.63147095959596,10.36852904040404,0.9481573547979798,94.81573547979798,-5.18426452020202,256,equal scenes; within each scene equal conditions and equal candidates; horizons reported separately
action_strength,visible_pusht_futures_2026-10-08,block,False,condition_mean_common_privileged,mean_across_hidden_conditions,32.0,512-world-pixels,16.0,20,0.8716066919191918,87.16066919191918,12.839330808080817,0.935803345959596,93.5803345959596,-6.41966540404042,256,equal scenes; within each scene equal conditions and equal candidates; horizons reported separately
action_strength,visible_pusht_futures_2026-10-08,block,False,condition_mean_common_privileged,mean_across_hidden_conditions,32.0,512-world-pixels,16.0,25,0.8699928977272727,86.99928977272727,13.000710227272727,0.9349964488636364,93.49964488636364,-6.500355113636369,256,equal scenes; within each scene equal conditions and equal candidates; horizons reported separately
action_strength,visible_pusht_futures_2026-10-08,block,False,current_state_displacement_scale,0,2.0,512-world-pixels,1.0,5,0.32361407039141415,32.36140703914142,67.63859296085859,0.6405475654987374,64.05475654987373,-31.69334951073232,256,equal scenes; within each scene equal conditions and equal candidates; horizons reported separately
action_strength,visible_pusht_futures_2026-10-08,block,False,current_state_displacement_scale,0,2.0,512-world-pixels,1.0,10,0.24302694917929293,24.302694917929294,75.69730508207071,0.6291306620896464,62.91306620896464,-38.61037129103535,256,equal scenes; within each scene equal conditions and equal candidates; horizons reported separately
action_strength,visible_pusht_futures_2026-10-08,block,False,current_state_displacement_scale,0,2.0,512-world-pixels,1.0,15,0.2318369239267677,23.183692392676768,76.81630760732322,0.6358265269886363,63.582652698863626,-40.39896030618686,256,equal scenes; within each scene equal conditions and equal candidates; horizons reported separately
action_strength,visible_pusht_futures_2026-10-08,block,False,current_state_displacement_scale,0,2.0,512-world-pixels,1.0,20,0.22856987847222224,22.856987847222225,77.14301215277779,0.6434121488320707,64.34121488320706,-41.484227035984844,256,equal scenes; within each scene equal conditions and equal candidates; horizons reported separately
action_strength,visible_pusht_futures_2026-10-08,block,False,current_state_displacement_scale,0,2.0,512-world-pixels,1.0,25,0.22774522569444444,22.774522569444443,77.22547743055556,0.6544660471906566,65.44660471906566,-42.67208214962122,256,equal scenes; within each scene equal conditions and equal candidates; horizons reported separately
action_strength,visible_pusht_futures_2026-10-08,block,False,current_state_displacement_scale,0,4.0,512-world-pixels,2.0,5,0.393914733270202,39.3914733270202,60.6085266729798,0.6912637113320708,69.12637113320707,-29.73489780618688,256,equal scenes; within each scene equal conditions and equal candidates; horizons reported separately
action_strength,visible_pusht_futures_2026-10-08,block,False,current_state_displacement_scale,0,4.0,512-world-pixels,2.0,10,0.2794714725378788,27.94714725378788,72.05285274621211,0.6622055516098484,66.22055516098484,-38.27340790719696,256,equal scenes; within each scene equal conditions and equal candidates; horizons reported separately
action_strength,visible_pusht_futures_2026-10-08,block,False,current_state_displacement_scale,0,4.0,512-world-pixels,2.0,15,0.25802852746212124,25.802852746212125,74.19714725378788,0.6684057370580807,66.84057370580807,-41.037720959595944,256,equal scenes; within each scene equal conditions and equal candidates; horizons reported separately
action_strength,visible_pusht_futures_2026-10-08,block,False,current_state_displacement_scale,0,4.0,512-world-pixels,2.0,20,0.2537494081439394,25.37494081439394,74.62505918560606,0.6796450836489899,67.96450836489899,-42.589567550505045,256,equal scenes; within each scene equal conditions and equal candidates; horizons reported separately
action_strength,visible_pusht_futures_2026-10-08,block,False,current_state_displacement_scale,0,4.0,512-world-pixels,2.0,25,0.2519620028409091,25.196200284090907,74.8037997159091,0.6907601404671718,69.07601404671718,-43.87981376262628,256,equal scenes; within each scene equal conditions and equal candidates; horizons reported separately
action_strength,visible_pusht_futures_2026-10-08,block,False,current_state_displacement_scale,0,8.0,512-world-pixels,4.0,5,0.5228150647095959,52.28150647095959,47.71849352904041,0.8181966145833334,81.81966145833334,-29.538154987373744,256,equal scenes; within each scene equal conditions and equal candidates; horizons reported separately
action_strength,visible_pusht_futures_2026-10-08,block,False,current_state_displacement_scale,0,8.0,512-world-pixels,4.0,10,0.3510801373106061,35.10801373106061,64.89198626893939,0.7359404592803029,73.5940459280303,-38.48603219696968,256,equal scenes; within each scene equal conditions and equal candidates; horizons reported separately
action_strength,visible_pusht_futures_2026-10-08,block,False,current_state_displacement_scale,0,8.0,512-world-pixels,4.0,15,0.31918106849747474,31.918106849747474,68.08189315025253,0.7305762705176767,73.05762705176767,-41.13952020202019,256,equal scenes; within each scene equal conditions and equal candidates; horizons reported separately
action_strength,visible_pusht_futures_2026-10-08,block,False,current_state_displacement_scale,0,8.0,512-world-pixels,4.0,20,0.3085513336489899,30.85513336489899,69.14486663510101,0.7428079624368686,74.28079624368686,-43.425662878787875,256,equal scenes; within each scene equal conditions and equal candidates; horizons reported separately
action_strength,visible_pusht_futures_2026-10-08,block,False,current_state_displacement_scale,0,8.0,512-world-pixels,4.0,25,0.30572226167929295,30.572226167929294,69.4277738320707,0.7521474510732323,75.21474510732324,-44.64251893939394,256,equal scenes; within each scene equal conditions and equal candidates; horizons reported separately
action_strength,visible_pusht_futures_2026-10-08,block,False,current_state_displacement_scale,0,16.0,512-world-pixels,8.0,5,0.7137784090909091,71.3778409090909,28.622159090909093,0.964871369949495,96.4871369949495,-25.10929608585859,256,equal scenes; within each scene equal conditions and equal candidates; horizons reported separately
action_strength,visible_pusht_futures_2026-10-08,block,False,current_state_displacement_scale,0,16.0,512-world-pixels,8.0,10,0.49747178819444443,49.74717881944444,50.252821180555564,0.864636600378788,86.4636600378788,-36.71648121843435,256,equal scenes; within each scene equal conditions and equal candidates; horizons reported separately
action_strength,visible_pusht_futures_2026-10-08,block,False,current_state_displacement_scale,0,16.0,512-world-pixels,8.0,15,0.43368351483585854,43.368351483585855,56.631648516414145,0.843527067550505,84.3527067550505,-40.98435527146464,256,equal scenes; within each scene equal conditions and equal candidates; horizons reported separately
action_strength,visible_pusht_futures_2026-10-08,block,False,current_state_displacement_scale,0,16.0,512-world-pixels,8.0,20,0.41321318655303024,41.321318655303024,58.67868134469698,0.8448094223484848,84.48094223484847,-43.15962357954545,256,equal scenes; within each scene equal conditions and equal candidates; horizons reported separately
action_strength,visible_pusht_futures_2026-10-08,block,False,current_state_displacement_scale,0,16.0,512-world-pixels,8.0,25,0.40643446180555554,40.64344618055556,59.35655381944444,0.8507871685606061,85.07871685606061,-44.43527067550506,256,equal scenes; within each scene equal conditions and equal candidates; horizons reported separately
action_strength,visible_pusht_futures_2026-10-08,block,False,current_state_displacement_scale,0,32.0,512-world-pixels,16.0,5,0.9064714528093434,90.64714528093434,9.352854719065661,1.0,100.0,-9.352854719065661,256,equal scenes; within each scene equal conditions and equal candidates; horizons reported separately
action_strength,visible_pusht_futures_2026-10-08,block,False,current_state_displacement_scale,0,32.0,512-world-pixels,16.0,10,0.726126006155303,72.6126006155303,27.387399384469703,0.976406644570707,97.6406644570707,-25.028063841540405,256,equal scenes; within each scene equal conditions and equal candidates; horizons reported separately
action_strength,visible_pusht_futures_2026-10-08,block,False,current_state_displacement_scale,0,32.0,512-world-pixels,16.0,15,0.6269906092171718,62.69906092171718,37.30093907828282,0.9481573547979798,94.81573547979798,-32.1166745580808,256,equal scenes; within each scene equal conditions and equal candidates; horizons reported separately
action_strength,visible_pusht_futures_2026-10-08,block,False,current_state_displacement_scale,0,32.0,512-world-pixels,16.0,20,0.5916390467171717,59.16390467171717,40.83609532828283,0.935803345959596,93.5803345959596,-34.41642992424243,256,equal scenes; within each scene equal conditions and equal candidates; horizons reported separately
action_strength,visible_pusht_futures_2026-10-08,block,False,current_state_displacement_scale,0,32.0,512-world-pixels,16.0,25,0.5706025094696969,57.060250946969695,42.939749053030305,0.9349964488636364,93.49964488636364,-36.43939393939395,256,equal scenes; within each scene equal conditions and equal candidates; horizons reported separately
action_strength,visible_pusht_futures_2026-10-08,block,False,current_state_displacement_scale,0.5,2.0,512-world-pixels,1.0,5,0.393914733270202,39.3914733270202,60.6085266729798,0.6405475654987374,64.05475654987373,-24.663283222853536,256,equal scenes; within each scene equal conditions and equal candidates; horizons reported separately
action_strength,visible_pusht_futures_2026-10-08,block,False,current_state_displacement_scale,0.5,2.0,512-world-pixels,1.0,10,0.2794714725378788,27.94714725378788,72.05285274621211,0.6291306620896464,62.91306620896464,-34.96591895517676,256,equal scenes; within each scene equal conditions and equal candidates; horizons reported separately
action_strength,visible_pusht_futures_2026-10-08,block,False,current_state_displacement_scale,0.5,2.0,512-world-pixels,1.0,15,0.25802852746212124,25.802852746212125,74.19714725378788,0.6358265269886363,63.582652698863626,-37.7797999526515,256,equal scenes; within each scene equal conditions and equal candidates; horizons reported separately
action_strength,visible_pusht_futures_2026-10-08,block,False,current_state_displacement_scale,0.5,2.0,512-world-pixels,1.0,20,0.2537494081439394,25.37494081439394,74.62505918560606,0.6434121488320707,64.34121488320706,-38.96627406881312,256,equal scenes; within each scene equal conditions and equal candidates; horizons reported separately
action_strength,visible_pusht_futures_2026-10-08,block,False,current_state_displacement_scale,0.5,2.0,512-world-pixels,1.0,25,0.2519620028409091,25.196200284090907,74.8037997159091,0.6544660471906566,65.44660471906566,-40.250404434974755,256,equal scenes; within each scene equal conditions and equal candidates; horizons reported separately
action_strength,visible_pusht_futures_2026-10-08,block,False,current_state_displacement_scale,0.5,4.0,512-world-pixels,2.0,5,0.5228150647095959,52.28150647095959,47.71849352904041,0.6912637113320708,69.12637113320707,-16.84486466224748,256,equal scenes; within each scene equal conditions and equal candidates; horizons reported separately
action_strength,visible_pusht_futures_2026-10-08,block,False,current_state_displacement_scale,0.5,4.0,512-world-pixels,2.0,10,0.3510801373106061,35.10801373106061,64.89198626893939,0.6622055516098484,66.22055516098484,-31.112541429924228,256,equal scenes; within each scene equal conditions and equal candidates; horizons reported separately
action_strength,visible_pusht_futures_2026-10-08,block,False,current_state_displacement_scale,0.5,4.0,512-world-pixels,2.0,15,0.31918106849747474,31.918106849747474,68.08189315025253,0.6684057370580807,66.84057370580807,-34.922466856060595,256,equal scenes; within each scene equal conditions and equal candidates; horizons reported separately
action_strength,visible_pusht_futures_2026-10-08,block,False,current_state_displacement_scale,0.5,4.0,512-world-pixels,2.0,20,0.3085513336489899,30.85513336489899,69.14486663510101,0.6796450836489899,67.96450836489899,-37.109375,256,equal scenes; within each scene equal conditions and equal candidates; horizons reported separately
action_strength,visible_pusht_futures_2026-10-08,block,False,current_state_displacement_scale,0.5,4.0,512-world-pixels,2.0,25,0.30572226167929295,30.572226167929294,69.4277738320707,0.6907601404671718,69.07601404671718,-38.50378787878789,256,equal scenes; within each scene equal conditions and equal candidates; horizons reported separately
action_strength,visible_pusht_futures_2026-10-08,block,False,current_state_displacement_scale,0.5,8.0,512-world-pixels,4.0,5,0.7137784090909091,71.3778409090909,28.622159090909093,0.8181966145833334,81.81966145833334,-10.441820549242431,256,equal scenes; within each scene equal conditions and equal candidates; horizons reported separately
action_strength,visible_pusht_futures_2026-10-08,block,False,current_state_displacement_scale,0.5,8.0,512-world-pixels,4.0,10,0.49747178819444443,49.74717881944444,50.252821180555564,0.7359404592803029,73.5940459280303,-23.84686710858585,256,equal scenes; within each scene equal conditions and equal candidates; horizons reported separately
action_strength,visible_pusht_futures_2026-10-08,block,False,current_state_displacement_scale,0.5,8.0,512-world-pixels,4.0,15,0.43368351483585854,43.368351483585855,56.631648516414145,0.7305762705176767,73.05762705176767,-29.689275568181817,256,equal scenes; within each scene equal conditions and equal candidates; horizons reported separately
action_strength,visible_pusht_futures_2026-10-08,block,False,current_state_displacement_scale,0.5,8.0,512-world-pixels,4.0,20,0.41321318655303024,41.321318655303024,58.67868134469698,0.7428079624368686,74.28079624368686,-32.95947758838384,256,equal scenes; within each scene equal conditions and equal candidates; horizons reported separately
action_strength,visible_pusht_futures_2026-10-08,block,False,current_state_displacement_scale,0.5,8.0,512-world-pixels,4.0,25,0.40643446180555554,40.64344618055556,59.35655381944444,0.7521474510732323,75.21474510732324,-34.57129892676768,256,equal scenes; within each scene equal conditions and equal candidates; horizons reported separately
action_strength,visible_pusht_futures_2026-10-08,block,False,current_state_displacement_scale,0.5,16.0,512-world-pixels,8.0,5,0.9064714528093434,90.64714528093434,9.352854719065661,0.964871369949495,96.4871369949495,-5.839991714015158,256,equal scenes; within each scene equal conditions and equal candidates; horizons reported separately
action_strength,visible_pusht_futures_2026-10-08,block,False,current_state_displacement_scale,0.5,16.0,512-world-pixels,8.0,10,0.726126006155303,72.6126006155303,27.387399384469703,0.864636600378788,86.4636600378788,-13.851059422348499,256,equal scenes; within each scene equal conditions and equal candidates; horizons reported separately
action_strength,visible_pusht_futures_2026-10-08,block,False,current_state_displacement_scale,0.5,16.0,512-world-pixels,8.0,15,0.6269906092171718,62.69906092171718,37.30093907828282,0.843527067550505,84.3527067550505,-21.653645833333325,256,equal scenes; within each scene equal conditions and equal candidates; horizons reported separately
action_strength,visible_pusht_futures_2026-10-08,block,False,current_state_displacement_scale,0.5,16.0,512-world-pixels,8.0,20,0.5916390467171717,59.16390467171717,40.83609532828283,0.8448094223484848,84.48094223484847,-25.317037563131308,256,equal scenes; within each scene equal conditions and equal candidates; horizons reported separately
action_strength,visible_pusht_futures_2026-10-08,block,False,current_state_displacement_scale,0.5,16.0,512-world-pixels,8.0,25,0.5706025094696969,57.060250946969695,42.939749053030305,0.8507871685606061,85.07871685606061,-28.018465909090917,256,equal scenes; within each scene equal conditions and equal candidates; horizons reported separately
action_strength,visible_pusht_futures_2026-10-08,block,False,current_state_displacement_scale,0.5,32.0,512-world-pixels,16.0,5,0.9928128945707071,99.28128945707071,0.7187105429292906,1.0,100.0,-0.7187105429292906,256,equal scenes; within each scene equal conditions and equal candidates; horizons reported separately
action_strength,visible_pusht_futures_2026-10-08,block,False,current_state_displacement_scale,0.5,32.0,512-world-pixels,16.0,10,0.9026436237373737,90.26436237373737,9.735637626262628,0.976406644570707,97.6406644570707,-7.37630208333333,256,equal scenes; within each scene equal conditions and equal candidates; horizons reported separately
action_strength,visible_pusht_futures_2026-10-08,block,False,current_state_displacement_scale,0.5,32.0,512-world-pixels,16.0,15,0.8432488952020203,84.32488952020203,15.675110479797972,0.9481573547979798,94.81573547979798,-10.490845959595951,256,equal scenes; within each scene equal conditions and equal candidates; horizons reported separately
action_strength,visible_pusht_futures_2026-10-08,block,False,current_state_displacement_scale,0.5,32.0,512-world-pixels,16.0,20,0.7981277619949495,79.81277619949495,20.18722380050505,0.935803345959596,93.5803345959596,-13.767558396464652,256,equal scenes; within each scene equal conditions and equal candidates; horizons reported separately
action_strength,visible_pusht_futures_2026-10-08,block,False,current_state_displacement_scale,0.5,32.0,512-world-pixels,16.0,25,0.7785294349747475,77.85294349747474,22.147056502525253,0.9349964488636364,93.49964488636364,-15.646701388888895,256,equal scenes; within each scene equal conditions and equal candidates; horizons reported separately
action_strength,visible_pusht_futures_2026-10-08,block,False,current_state_displacement_scale,1,2.0,512-world-pixels,1.0,5,1.0,100.0,0.0,0.6405475654987374,64.05475654987373,35.94524345012626,256,equal scenes; within each scene equal conditions and equal candidates; horizons reported separately
action_strength,visible_pusht_futures_2026-10-08,block,False,current_state_displacement_scale,1,2.0,512-world-pixels,1.0,10,1.0,100.0,0.0,0.6291306620896464,62.91306620896464,37.08693379103536,256,equal scenes; within each scene equal conditions and equal candidates; horizons reported separately
action_strength,visible_pusht_futures_2026-10-08,block,False,current_state_displacement_scale,1,2.0,512-world-pixels,1.0,15,1.0,100.0,0.0,0.6358265269886363,63.582652698863626,36.417347301136374,256,equal scenes; within each scene equal conditions and equal candidates; horizons reported separately
action_strength,visible_pusht_futures_2026-10-08,block,False,current_state_displacement_scale,1,2.0,512-world-pixels,1.0,20,1.0,100.0,0.0,0.6434121488320707,64.34121488320706,35.658785116792934,256,equal scenes; within each scene equal conditions and equal candidates; horizons reported separately
action_strength,visible_pusht_futures_2026-10-08,block,False,current_state_displacement_scale,1,2.0,512-world-pixels,1.0,25,1.0,100.0,0.0,0.6544660471906566,65.44660471906566,34.55339528093434,256,equal scenes; within each scene equal conditions and equal candidates; horizons reported separately
action_strength,visible_pusht_futures_2026-10-08,block,False,current_state_displacement_scale,1,4.0,512-world-pixels,2.0,5,1.0,100.0,0.0,0.6912637113320708,69.12637113320707,30.873628866792924,256,equal scenes; within each scene equal conditions and equal candidates; horizons reported separately
action_strength,visible_pusht_futures_2026-10-08,block,False,current_state_displacement_scale,1,4.0,512-world-pixels,2.0,10,1.0,100.0,0.0,0.6622055516098484,66.22055516098484,33.77944483901516,256,equal scenes; within each scene equal conditions and equal candidates; horizons reported separately
action_strength,visible_pusht_futures_2026-10-08,block,False,current_state_displacement_scale,1,4.0,512-world-pixels,2.0,15,1.0,100.0,0.0,0.6684057370580807,66.84057370580807,33.15942629419193,256,equal scenes; within each scene equal conditions and equal candidates; horizons reported separately
action_strength,visible_pusht_futures_2026-10-08,block,False,current_state_displacement_scale,1,4.0,512-world-pixels,2.0,20,1.0,100.0,0.0,0.6796450836489899,67.96450836489899,32.03549163510101,256,equal scenes; within each scene equal conditions and equal candidates; horizons reported separately
action_strength,visible_pusht_futures_2026-10-08,block,False,current_state_displacement_scale,1,4.0,512-world-pixels,2.0,25,1.0,100.0,0.0,0.6907601404671718,69.07601404671718,30.923985953282816,256,equal scenes; within each scene equal conditions and equal candidates; horizons reported separately
action_strength,visible_pusht_futures_2026-10-08,block,False,current_state_displacement_scale,1,8.0,512-world-pixels,4.0,5,1.0,100.0,0.0,0.8181966145833334,81.81966145833334,18.180338541666664,256,equal scenes; within each scene equal conditions and equal candidates; horizons reported separately
action_strength,visible_pusht_futures_2026-10-08,block,False,current_state_displacement_scale,1,8.0,512-world-pixels,4.0,10,1.0,100.0,0.0,0.7359404592803029,73.5940459280303,26.405954071969706,256,equal scenes; within each scene equal conditions and equal candidates; horizons reported separately
action_strength,visible_pusht_futures_2026-10-08,block,False,current_state_displacement_scale,1,8.0,512-world-pixels,4.0,15,1.0,100.0,0.0,0.7305762705176767,73.05762705176767,26.94237294823233,256,equal scenes; within each scene equal conditions and equal candidates; horizons reported separately
action_strength,visible_pusht_futures_2026-10-08,block,False,current_state_displacement_scale,1,8.0,512-world-pixels,4.0,20,1.0,100.0,0.0,0.7428079624368686,74.28079624368686,25.719203756313135,256,equal scenes; within each scene equal conditions and equal candidates; horizons reported separately
action_strength,visible_pusht_futures_2026-10-08,block,False,current_state_displacement_scale,1,8.0,512-world-pixels,4.0,25,1.0,100.0,0.0,0.7521474510732323,75.21474510732324,24.785254892676768,256,equal scenes; within each scene equal conditions and equal candidates; horizons reported separately
action_strength,visible_pusht_futures_2026-10-08,block,False,current_state_displacement_scale,1,16.0,512-world-pixels,8.0,5,1.0,100.0,0.0,0.964871369949495,96.4871369949495,3.512863005050504,256,equal scenes; within each scene equal conditions and equal candidates; horizons reported separately
action_strength,visible_pusht_futures_2026-10-08,block,False,current_state_displacement_scale,1,16.0,512-world-pixels,8.0,10,1.0,100.0,0.0,0.864636600378788,86.4636600378788,13.536339962121202,256,equal scenes; within each scene equal conditions and equal candidates; horizons reported separately
action_strength,visible_pusht_futures_2026-10-08,block,False,current_state_displacement_scale,1,16.0,512-world-pixels,8.0,15,1.0,100.0,0.0,0.843527067550505,84.3527067550505,15.6472932449495,256,equal scenes; within each scene equal conditions and equal candidates; horizons reported separately
action_strength,visible_pusht_futures_2026-10-08,block,False,current_state_displacement_scale,1,16.0,512-world-pixels,8.0,20,1.0,100.0,0.0,0.8448094223484848,84.48094223484847,15.519057765151523,256,equal scenes; within each scene equal conditions and equal candidates; horizons reported separately
action_strength,visible_pusht_futures_2026-10-08,block,False,current_state_displacement_scale,1,16.0,512-world-pixels,8.0,25,1.0,100.0,0.0,0.8507871685606061,85.07871685606061,14.921283143939391,256,equal scenes; within each scene equal conditions and equal candidates; horizons reported separately
action_strength,visible_pusht_futures_2026-10-08,block,False,current_state_displacement_scale,1,32.0,512-world-pixels,16.0,5,1.0,100.0,0.0,1.0,100.0,0.0,256,equal scenes; within each scene equal conditions and equal candidates; horizons reported separately
action_strength,visible_pusht_futures_2026-10-08,block,False,current_state_displacement_scale,1,32.0,512-world-pixels,16.0,10,1.0,100.0,0.0,0.976406644570707,97.6406644570707,2.3593355429292973,256,equal scenes; within each scene equal conditions and equal candidates; horizons reported separately
action_strength,visible_pusht_futures_2026-10-08,block,False,current_state_displacement_scale,1,32.0,512-world-pixels,16.0,15,1.0,100.0,0.0,0.9481573547979798,94.81573547979798,5.18426452020202,256,equal scenes; within each scene equal conditions and equal candidates; horizons reported separately
action_strength,visible_pusht_futures_2026-10-08,block,False,current_state_displacement_scale,1,32.0,512-world-pixels,16.0,20,1.0,100.0,0.0,0.935803345959596,93.5803345959596,6.419665404040398,256,equal scenes; within each scene equal conditions and equal candidates; horizons reported separately
action_strength,visible_pusht_futures_2026-10-08,block,False,current_state_displacement_scale,1,32.0,512-world-pixels,16.0,25,1.0,100.0,0.0,0.9349964488636364,93.49964488636364,6.500355113636358,256,equal scenes; within each scene equal conditions and equal candidates; horizons reported separately
action_strength,visible_pusht_futures_2026-10-08,block,False,current_state_displacement_scale,1.5,2.0,512-world-pixels,1.0,5,0.393914733270202,39.3914733270202,60.6085266729798,0.6405475654987374,64.05475654987373,-24.663283222853536,256,equal scenes; within each scene equal conditions and equal candidates; horizons reported separately
action_strength,visible_pusht_futures_2026-10-08,block,False,current_state_displacement_scale,1.5,2.0,512-world-pixels,1.0,10,0.2794714725378788,27.94714725378788,72.05285274621211,0.6291306620896464,62.91306620896464,-34.96591895517676,256,equal scenes; within each scene equal conditions and equal candidates; horizons reported separately
action_strength,visible_pusht_futures_2026-10-08,block,False,current_state_displacement_scale,1.5,2.0,512-world-pixels,1.0,15,0.25802852746212124,25.802852746212125,74.19714725378788,0.6358265269886363,63.582652698863626,-37.7797999526515,256,equal scenes; within each scene equal conditions and equal candidates; horizons reported separately
action_strength,visible_pusht_futures_2026-10-08,block,False,current_state_displacement_scale,1.5,2.0,512-world-pixels,1.0,20,0.2537494081439394,25.37494081439394,74.62505918560606,0.6434121488320707,64.34121488320706,-38.96627406881312,256,equal scenes; within each scene equal conditions and equal candidates; horizons reported separately
action_strength,visible_pusht_futures_2026-10-08,block,False,current_state_displacement_scale,1.5,2.0,512-world-pixels,1.0,25,0.2519620028409091,25.196200284090907,74.8037997159091,0.6544660471906566,65.44660471906566,-40.250404434974755,256,equal scenes; within each scene equal conditions and equal candidates; horizons reported separately
action_strength,visible_pusht_futures_2026-10-08,block,False,current_state_displacement_scale,1.5,4.0,512-world-pixels,2.0,5,0.5228150647095959,52.28150647095959,47.71849352904041,0.6912637113320708,69.12637113320707,-16.84486466224748,256,equal scenes; within each scene equal conditions and equal candidates; horizons reported separately
action_strength,visible_pusht_futures_2026-10-08,block,False,current_state_displacement_scale,1.5,4.0,512-world-pixels,2.0,10,0.3510801373106061,35.10801373106061,64.89198626893939,0.6622055516098484,66.22055516098484,-31.112541429924228,256,equal scenes; within each scene equal conditions and equal candidates; horizons reported separately
action_strength,visible_pusht_futures_2026-10-08,block,False,current_state_displacement_scale,1.5,4.0,512-world-pixels,2.0,15,0.31918106849747474,31.918106849747474,68.08189315025253,0.6684057370580807,66.84057370580807,-34.922466856060595,256,equal scenes; within each scene equal conditions and equal candidates; horizons reported separately
action_strength,visible_pusht_futures_2026-10-08,block,False,current_state_displacement_scale,1.5,4.0,512-world-pixels,2.0,20,0.3085513336489899,30.85513336489899,69.14486663510101,0.6796450836489899,67.96450836489899,-37.109375,256,equal scenes; within each scene equal conditions and equal candidates; horizons reported separately
action_strength,visible_pusht_futures_2026-10-08,block,False,current_state_displacement_scale,1.5,4.0,512-world-pixels,2.0,25,0.30572226167929295,30.572226167929294,69.4277738320707,0.6907601404671718,69.07601404671718,-38.50378787878789,256,equal scenes; within each scene equal conditions and equal candidates; horizons reported separately
action_strength,visible_pusht_futures_2026-10-08,block,False,current_state_displacement_scale,1.5,8.0,512-world-pixels,4.0,5,0.7137784090909091,71.3778409090909,28.622159090909093,0.8181966145833334,81.81966145833334,-10.441820549242431,256,equal scenes; within each scene equal conditions and equal candidates; horizons reported separately
action_strength,visible_pusht_futures_2026-10-08,block,False,current_state_displacement_scale,1.5,8.0,512-world-pixels,4.0,10,0.49747178819444443,49.74717881944444,50.252821180555564,0.7359404592803029,73.5940459280303,-23.84686710858585,256,equal scenes; within each scene equal conditions and equal candidates; horizons reported separately
action_strength,visible_pusht_futures_2026-10-08,block,False,current_state_displacement_scale,1.5,8.0,512-world-pixels,4.0,15,0.43368351483585854,43.368351483585855,56.631648516414145,0.7305762705176767,73.05762705176767,-29.689275568181817,256,equal scenes; within each scene equal conditions and equal candidates; horizons reported separately
action_strength,visible_pusht_futures_2026-10-08,block,False,current_state_displacement_scale,1.5,8.0,512-world-pixels,4.0,20,0.41321318655303024,41.321318655303024,58.67868134469698,0.7428079624368686,74.28079624368686,-32.95947758838384,256,equal scenes; within each scene equal conditions and equal candidates; horizons reported separately
action_strength,visible_pusht_futures_2026-10-08,block,False,current_state_displacement_scale,1.5,8.0,512-world-pixels,4.0,25,0.40643446180555554,40.64344618055556,59.35655381944444,0.7521474510732323,75.21474510732324,-34.57129892676768,256,equal scenes; within each scene equal conditions and equal candidates; horizons reported separately
action_strength,visible_pusht_futures_2026-10-08,block,False,current_state_displacement_scale,1.5,16.0,512-world-pixels,8.0,5,0.9064714528093434,90.64714528093434,9.352854719065661,0.964871369949495,96.4871369949495,-5.839991714015158,256,equal scenes; within each scene equal conditions and equal candidates; horizons reported separately
action_strength,visible_pusht_futures_2026-10-08,block,False,current_state_displacement_scale,1.5,16.0,512-world-pixels,8.0,10,0.726126006155303,72.6126006155303,27.387399384469703,0.864636600378788,86.4636600378788,-13.851059422348499,256,equal scenes; within each scene equal conditions and equal candidates; horizons reported separately
action_strength,visible_pusht_futures_2026-10-08,block,False,current_state_displacement_scale,1.5,16.0,512-world-pixels,8.0,15,0.6269906092171718,62.69906092171718,37.30093907828282,0.843527067550505,84.3527067550505,-21.653645833333325,256,equal scenes; within each scene equal conditions and equal candidates; horizons reported separately
action_strength,visible_pusht_futures_2026-10-08,block,False,current_state_displacement_scale,1.5,16.0,512-world-pixels,8.0,20,0.5916390467171717,59.16390467171717,40.83609532828283,0.8448094223484848,84.48094223484847,-25.317037563131308,256,equal scenes; within each scene equal conditions and equal candidates; horizons reported separately
action_strength,visible_pusht_futures_2026-10-08,block,False,current_state_displacement_scale,1.5,16.0,512-world-pixels,8.0,25,0.5706025094696969,57.060250946969695,42.939749053030305,0.8507871685606061,85.07871685606061,-28.018465909090917,256,equal scenes; within each scene equal conditions and equal candidates; horizons reported separately
action_strength,visible_pusht_futures_2026-10-08,block,False,current_state_displacement_scale,1.5,32.0,512-world-pixels,16.0,5,0.9928128945707071,99.28128945707071,0.7187105429292906,1.0,100.0,-0.7187105429292906,256,equal scenes; within each scene equal conditions and equal candidates; horizons reported separately
action_strength,visible_pusht_futures_2026-10-08,block,False,current_state_displacement_scale,1.5,32.0,512-world-pixels,16.0,10,0.9026436237373737,90.26436237373737,9.735637626262628,0.976406644570707,97.6406644570707,-7.37630208333333,256,equal scenes; within each scene equal conditions and equal candidates; horizons reported separately
action_strength,visible_pusht_futures_2026-10-08,block,False,current_state_displacement_scale,1.5,32.0,512-world-pixels,16.0,15,0.8432488952020203,84.32488952020203,15.675110479797972,0.9481573547979798,94.81573547979798,-10.490845959595951,256,equal scenes; within each scene equal conditions and equal candidates; horizons reported separately
action_strength,visible_pusht_futures_2026-10-08,block,False,current_state_displacement_scale,1.5,32.0,512-world-pixels,16.0,20,0.7981277619949495,79.81277619949495,20.18722380050505,0.935803345959596,93.5803345959596,-13.767558396464652,256,equal scenes; within each scene equal conditions and equal candidates; horizons reported separately
action_strength,visible_pusht_futures_2026-10-08,block,False,current_state_displacement_scale,1.5,32.0,512-world-pixels,16.0,25,0.7785294349747475,77.85294349747474,22.147056502525253,0.9349964488636364,93.49964488636364,-15.646701388888895,256,equal scenes; within each scene equal conditions and equal candidates; horizons reported separately
action_strength,visible_pusht_futures_2026-10-08,block,False,current_state_displacement_scale,2,2.0,512-world-pixels,1.0,5,0.32361407039141415,32.36140703914142,67.63859296085859,0.6405475654987374,64.05475654987373,-31.69334951073232,256,equal scenes; within each scene equal conditions and equal candidates; horizons reported separately
action_strength,visible_pusht_futures_2026-10-08,block,False,current_state_displacement_scale,2,2.0,512-world-pixels,1.0,10,0.24302694917929293,24.302694917929294,75.69730508207071,0.6291306620896464,62.91306620896464,-38.61037129103535,256,equal scenes; within each scene equal conditions and equal candidates; horizons reported separately
action_strength,visible_pusht_futures_2026-10-08,block,False,current_state_displacement_scale,2,2.0,512-world-pixels,1.0,15,0.2318369239267677,23.183692392676768,76.81630760732322,0.6358265269886363,63.582652698863626,-40.39896030618686,256,equal scenes; within each scene equal conditions and equal candidates; horizons reported separately
action_strength,visible_pusht_futures_2026-10-08,block,False,current_state_displacement_scale,2,2.0,512-world-pixels,1.0,20,0.22856987847222224,22.856987847222225,77.14301215277779,0.6434121488320707,64.34121488320706,-41.484227035984844,256,equal scenes; within each scene equal conditions and equal candidates; horizons reported separately
action_strength,visible_pusht_futures_2026-10-08,block,False,current_state_displacement_scale,2,2.0,512-world-pixels,1.0,25,0.22774522569444444,22.774522569444443,77.22547743055556,0.6544660471906566,65.44660471906566,-42.67208214962122,256,equal scenes; within each scene equal conditions and equal candidates; horizons reported separately
action_strength,visible_pusht_futures_2026-10-08,block,False,current_state_displacement_scale,2,4.0,512-world-pixels,2.0,5,0.393914733270202,39.3914733270202,60.6085266729798,0.6912637113320708,69.12637113320707,-29.73489780618688,256,equal scenes; within each scene equal conditions and equal candidates; horizons reported separately
action_strength,visible_pusht_futures_2026-10-08,block,False,current_state_displacement_scale,2,4.0,512-world-pixels,2.0,10,0.2794714725378788,27.94714725378788,72.05285274621211,0.6622055516098484,66.22055516098484,-38.27340790719696,256,equal scenes; within each scene equal conditions and equal candidates; horizons reported separately
action_strength,visible_pusht_futures_2026-10-08,block,False,current_state_displacement_scale,2,4.0,512-world-pixels,2.0,15,0.25802852746212124,25.802852746212125,74.19714725378788,0.6684057370580807,66.84057370580807,-41.037720959595944,256,equal scenes; within each scene equal conditions and equal candidates; horizons reported separately
action_strength,visible_pusht_futures_2026-10-08,block,False,current_state_displacement_scale,2,4.0,512-world-pixels,2.0,20,0.2537494081439394,25.37494081439394,74.62505918560606,0.6796450836489899,67.96450836489899,-42.589567550505045,256,equal scenes; within each scene equal conditions and equal candidates; horizons reported separately
action_strength,visible_pusht_futures_2026-10-08,block,False,current_state_displacement_scale,2,4.0,512-world-pixels,2.0,25,0.2519620028409091,25.196200284090907,74.8037997159091,0.6907601404671718,69.07601404671718,-43.87981376262628,256,equal scenes; within each scene equal conditions and equal candidates; horizons reported separately
action_strength,visible_pusht_futures_2026-10-08,block,False,current_state_displacement_scale,2,8.0,512-world-pixels,4.0,5,0.5228150647095959,52.28150647095959,47.71849352904041,0.8181966145833334,81.81966145833334,-29.538154987373744,256,equal scenes; within each scene equal conditions and equal candidates; horizons reported separately
action_strength,visible_pusht_futures_2026-10-08,block,False,current_state_displacement_scale,2,8.0,512-world-pixels,4.0,10,0.3510801373106061,35.10801373106061,64.89198626893939,0.7359404592803029,73.5940459280303,-38.48603219696968,256,equal scenes; within each scene equal conditions and equal candidates; horizons reported separately
action_strength,visible_pusht_futures_2026-10-08,block,False,current_state_displacement_scale,2,8.0,512-world-pixels,4.0,15,0.31918106849747474,31.918106849747474,68.08189315025253,0.7305762705176767,73.05762705176767,-41.13952020202019,256,equal scenes; within each scene equal conditions and equal candidates; horizons reported separately
action_strength,visible_pusht_futures_2026-10-08,block,False,current_state_displacement_scale,2,8.0,512-world-pixels,4.0,20,0.3085513336489899,30.85513336489899,69.14486663510101,0.7428079624368686,74.28079624368686,-43.425662878787875,256,equal scenes; within each scene equal conditions and equal candidates; horizons reported separately
action_strength,visible_pusht_futures_2026-10-08,block,False,current_state_displacement_scale,2,8.0,512-world-pixels,4.0,25,0.30572226167929295,30.572226167929294,69.4277738320707,0.7521474510732323,75.21474510732324,-44.64251893939394,256,equal scenes; within each scene equal conditions and equal candidates; horizons reported separately
action_strength,visible_pusht_futures_2026-10-08,block,False,current_state_displacement_scale,2,16.0,512-world-pixels,8.0,5,0.7137784090909091,71.3778409090909,28.622159090909093,0.964871369949495,96.4871369949495,-25.10929608585859,256,equal scenes; within each scene equal conditions and equal candidates; horizons reported separately
action_strength,visible_pusht_futures_2026-10-08,block,False,current_state_displacement_scale,2,16.0,512-world-pixels,8.0,10,0.49747178819444443,49.74717881944444,50.252821180555564,0.864636600378788,86.4636600378788,-36.71648121843435,256,equal scenes; within each scene equal conditions and equal candidates; horizons reported separately
action_strength,visible_pusht_futures_2026-10-08,block,False,current_state_displacement_scale,2,16.0,512-world-pixels,8.0,15,0.43368351483585854,43.368351483585855,56.631648516414145,0.843527067550505,84.3527067550505,-40.98435527146464,256,equal scenes; within each scene equal conditions and equal candidates; horizons reported separately
action_strength,visible_pusht_futures_2026-10-08,block,False,current_state_displacement_scale,2,16.0,512-world-pixels,8.0,20,0.41321318655303024,41.321318655303024,58.67868134469698,0.8448094223484848,84.48094223484847,-43.15962357954545,256,equal scenes; within each scene equal conditions and equal candidates; horizons reported separately
action_strength,visible_pusht_futures_2026-10-08,block,False,current_state_displacement_scale,2,16.0,512-world-pixels,8.0,25,0.40643446180555554,40.64344618055556,59.35655381944444,0.8507871685606061,85.07871685606061,-44.43527067550506,256,equal scenes; within each scene equal conditions and equal candidates; horizons reported separately
action_strength,visible_pusht_futures_2026-10-08,block,False,current_state_displacement_scale,2,32.0,512-world-pixels,16.0,5,0.9064714528093434,90.64714528093434,9.352854719065661,1.0,100.0,-9.352854719065661,256,equal scenes; within each scene equal conditions and equal candidates; horizons reported separately
action_strength,visible_pusht_futures_2026-10-08,block,False,current_state_displacement_scale,2,32.0,512-world-pixels,16.0,10,0.726126006155303,72.6126006155303,27.387399384469703,0.976406644570707,97.6406644570707,-25.028063841540405,256,equal scenes; within each scene equal conditions and equal candidates; horizons reported separately
action_strength,visible_pusht_futures_2026-10-08,block,False,current_state_displacement_scale,2,32.0,512-world-pixels,16.0,15,0.6269906092171718,62.69906092171718,37.30093907828282,0.9481573547979798,94.81573547979798,-32.1166745580808,256,equal scenes; within each scene equal conditions and equal candidates; horizons reported separately
action_strength,visible_pusht_futures_2026-10-08,block,False,current_state_displacement_scale,2,32.0,512-world-pixels,16.0,20,0.5916390467171717,59.16390467171717,40.83609532828283,0.935803345959596,93.5803345959596,-34.41642992424243,256,equal scenes; within each scene equal conditions and equal candidates; horizons reported separately
action_strength,visible_pusht_futures_2026-10-08,block,False,current_state_displacement_scale,2,32.0,512-world-pixels,16.0,25,0.5706025094696969,57.060250946969695,42.939749053030305,0.9349964488636364,93.49964488636364,-36.43939393939395,256,equal scenes; within each scene equal conditions and equal candidates; horizons reported separately
action_strength,visible_pusht_futures_2026-10-08,block,False,exact_truth,,2.0,512-world-pixels,1.0,5,1.0,100.0,0.0,0.6405475654987374,64.05475654987373,35.94524345012626,256,equal scenes; within each scene equal conditions and equal candidates; horizons reported separately
action_strength,visible_pusht_futures_2026-10-08,block,False,exact_truth,,2.0,512-world-pixels,1.0,10,1.0,100.0,0.0,0.6291306620896464,62.91306620896464,37.08693379103536,256,equal scenes; within each scene equal conditions and equal candidates; horizons reported separately
action_strength,visible_pusht_futures_2026-10-08,block,False,exact_truth,,2.0,512-world-pixels,1.0,15,1.0,100.0,0.0,0.6358265269886363,63.582652698863626,36.417347301136374,256,equal scenes; within each scene equal conditions and equal candidates; horizons reported separately
action_strength,visible_pusht_futures_2026-10-08,block,False,exact_truth,,2.0,512-world-pixels,1.0,20,1.0,100.0,0.0,0.6434121488320707,64.34121488320706,35.658785116792934,256,equal scenes; within each scene equal conditions and equal candidates; horizons reported separately
action_strength,visible_pusht_futures_2026-10-08,block,False,exact_truth,,2.0,512-world-pixels,1.0,25,1.0,100.0,0.0,0.6544660471906566,65.44660471906566,34.55339528093434,256,equal scenes; within each scene equal conditions and equal candidates; horizons reported separately
action_strength,visible_pusht_futures_2026-10-08,block,False,exact_truth,,4.0,512-world-pixels,2.0,5,1.0,100.0,0.0,0.6912637113320708,69.12637113320707,30.873628866792924,256,equal scenes; within each scene equal conditions and equal candidates; horizons reported separately
action_strength,visible_pusht_futures_2026-10-08,block,False,exact_truth,,4.0,512-world-pixels,2.0,10,1.0,100.0,0.0,0.6622055516098484,66.22055516098484,33.77944483901516,256,equal scenes; within each scene equal conditions and equal candidates; horizons reported separately
action_strength,visible_pusht_futures_2026-10-08,block,False,exact_truth,,4.0,512-world-pixels,2.0,15,1.0,100.0,0.0,0.6684057370580807,66.84057370580807,33.15942629419193,256,equal scenes; within each scene equal conditions and equal candidates; horizons reported separately
action_strength,visible_pusht_futures_2026-10-08,block,False,exact_truth,,4.0,512-world-pixels,2.0,20,1.0,100.0,0.0,0.6796450836489899,67.96450836489899,32.03549163510101,256,equal scenes; within each scene equal conditions and equal candidates; horizons reported separately
action_strength,visible_pusht_futures_2026-10-08,block,False,exact_truth,,4.0,512-world-pixels,2.0,25,1.0,100.0,0.0,0.6907601404671718,69.07601404671718,30.923985953282816,256,equal scenes; within each scene equal conditions and equal candidates; horizons reported separately
action_strength,visible_pusht_futures_2026-10-08,block,False,exact_truth,,8.0,512-world-pixels,4.0,5,1.0,100.0,0.0,0.8181966145833334,81.81966145833334,18.180338541666664,256,equal scenes; within each scene equal conditions and equal candidates; horizons reported separately
action_strength,visible_pusht_futures_2026-10-08,block,False,exact_truth,,8.0,512-world-pixels,4.0,10,1.0,100.0,0.0,0.7359404592803029,73.5940459280303,26.405954071969706,256,equal scenes; within each scene equal conditions and equal candidates; horizons reported separately
action_strength,visible_pusht_futures_2026-10-08,block,False,exact_truth,,8.0,512-world-pixels,4.0,15,1.0,100.0,0.0,0.7305762705176767,73.05762705176767,26.94237294823233,256,equal scenes; within each scene equal conditions and equal candidates; horizons reported separately
action_strength,visible_pusht_futures_2026-10-08,block,False,exact_truth,,8.0,512-world-pixels,4.0,20,1.0,100.0,0.0,0.7428079624368686,74.28079624368686,25.719203756313135,256,equal scenes; within each scene equal conditions and equal candidates; horizons reported separately
action_strength,visible_pusht_futures_2026-10-08,block,False,exact_truth,,8.0,512-world-pixels,4.0,25,1.0,100.0,0.0,0.7521474510732323,75.21474510732324,24.785254892676768,256,equal scenes; within each scene equal conditions and equal candidates; horizons reported separately
action_strength,visible_pusht_futures_2026-10-08,block,False,exact_truth,,16.0,512-world-pixels,8.0,5,1.0,100.0,0.0,0.964871369949495,96.4871369949495,3.512863005050504,256,equal scenes; within each scene equal conditions and equal candidates; horizons reported separately
action_strength,visible_pusht_futures_2026-10-08,block,False,exact_truth,,16.0,512-world-pixels,8.0,10,1.0,100.0,0.0,0.864636600378788,86.4636600378788,13.536339962121202,256,equal scenes; within each scene equal conditions and equal candidates; horizons reported separately
action_strength,visible_pusht_futures_2026-10-08,block,False,exact_truth,,16.0,512-world-pixels,8.0,15,1.0,100.0,0.0,0.843527067550505,84.3527067550505,15.6472932449495,256,equal scenes; within each scene equal conditions and equal candidates; horizons reported separately
action_strength,visible_pusht_futures_2026-10-08,block,False,exact_truth,,16.0,512-world-pixels,8.0,20,1.0,100.0,0.0,0.8448094223484848,84.48094223484847,15.519057765151523,256,equal scenes; within each scene equal conditions and equal candidates; horizons reported separately
action_strength,visible_pusht_futures_2026-10-08,block,False,exact_truth,,16.0,512-world-pixels,8.0,25,1.0,100.0,0.0,0.8507871685606061,85.07871685606061,14.921283143939391,256,equal scenes; within each scene equal conditions and equal candidates; horizons reported separately
action_strength,visible_pusht_futures_2026-10-08,block,False,exact_truth,,32.0,512-world-pixels,16.0,5,1.0,100.0,0.0,1.0,100.0,0.0,256,equal scenes; within each scene equal conditions and equal candidates; horizons reported separately
action_strength,visible_pusht_futures_2026-10-08,block,False,exact_truth,,32.0,512-world-pixels,16.0,10,1.0,100.0,0.0,0.976406644570707,97.6406644570707,2.3593355429292973,256,equal scenes; within each scene equal conditions and equal candidates; horizons reported separately
action_strength,visible_pusht_futures_2026-10-08,block,False,exact_truth,,32.0,512-world-pixels,16.0,15,1.0,100.0,0.0,0.9481573547979798,94.81573547979798,5.18426452020202,256,equal scenes; within each scene equal conditions and equal candidates; horizons reported separately
action_strength,visible_pusht_futures_2026-10-08,block,False,exact_truth,,32.0,512-world-pixels,16.0,20,1.0,100.0,0.0,0.935803345959596,93.5803345959596,6.419665404040398,256,equal scenes; within each scene equal conditions and equal candidates; horizons reported separately
action_strength,visible_pusht_futures_2026-10-08,block,False,exact_truth,,32.0,512-world-pixels,16.0,25,1.0,100.0,0.0,0.9349964488636364,93.49964488636364,6.500355113636358,256,equal scenes; within each scene equal conditions and equal candidates; horizons reported separately
action_strength,visible_pusht_futures_2026-10-08,block,False,fixed_norm_offset,1,2.0,512-world-pixels,1.0,5,1.0,100.0,0.0,0.6405475654987374,64.05475654987373,35.94524345012626,256,equal scenes; within each scene equal conditions and equal candidates; horizons reported separately
action_strength,visible_pusht_futures_2026-10-08,block,False,fixed_norm_offset,1,2.0,512-world-pixels,1.0,10,1.0,100.0,0.0,0.6291306620896464,62.91306620896464,37.08693379103536,256,equal scenes; within each scene equal conditions and equal candidates; horizons reported separately
action_strength,visible_pusht_futures_2026-10-08,block,False,fixed_norm_offset,1,2.0,512-world-pixels,1.0,15,1.0,100.0,0.0,0.6358265269886363,63.582652698863626,36.417347301136374,256,equal scenes; within each scene equal conditions and equal candidates; horizons reported separately
action_strength,visible_pusht_futures_2026-10-08,block,False,fixed_norm_offset,1,2.0,512-world-pixels,1.0,20,1.0,100.0,0.0,0.6434121488320707,64.34121488320706,35.658785116792934,256,equal scenes; within each scene equal conditions and equal candidates; horizons reported separately
action_strength,visible_pusht_futures_2026-10-08,block,False,fixed_norm_offset,1,2.0,512-world-pixels,1.0,25,1.0,100.0,0.0,0.6544660471906566,65.44660471906566,34.55339528093434,256,equal scenes; within each scene equal conditions and equal candidates; horizons reported separately
action_strength,visible_pusht_futures_2026-10-08,block,False,fixed_norm_offset,1,4.0,512-world-pixels,2.0,5,1.0,100.0,0.0,0.6912637113320708,69.12637113320707,30.873628866792924,256,equal scenes; within each scene equal conditions and equal candidates; horizons reported separately
action_strength,visible_pusht_futures_2026-10-08,block,False,fixed_norm_offset,1,4.0,512-world-pixels,2.0,10,1.0,100.0,0.0,0.6622055516098484,66.22055516098484,33.77944483901516,256,equal scenes; within each scene equal conditions and equal candidates; horizons reported separately
action_strength,visible_pusht_futures_2026-10-08,block,False,fixed_norm_offset,1,4.0,512-world-pixels,2.0,15,1.0,100.0,0.0,0.6684057370580807,66.84057370580807,33.15942629419193,256,equal scenes; within each scene equal conditions and equal candidates; horizons reported separately
action_strength,visible_pusht_futures_2026-10-08,block,False,fixed_norm_offset,1,4.0,512-world-pixels,2.0,20,1.0,100.0,0.0,0.6796450836489899,67.96450836489899,32.03549163510101,256,equal scenes; within each scene equal conditions and equal candidates; horizons reported separately
action_strength,visible_pusht_futures_2026-10-08,block,False,fixed_norm_offset,1,4.0,512-world-pixels,2.0,25,1.0,100.0,0.0,0.6907601404671718,69.07601404671718,30.923985953282816,256,equal scenes; within each scene equal conditions and equal candidates; horizons reported separately
action_strength,visible_pusht_futures_2026-10-08,block,False,fixed_norm_offset,1,8.0,512-world-pixels,4.0,5,1.0,100.0,0.0,0.8181966145833334,81.81966145833334,18.180338541666664,256,equal scenes; within each scene equal conditions and equal candidates; horizons reported separately
action_strength,visible_pusht_futures_2026-10-08,block,False,fixed_norm_offset,1,8.0,512-world-pixels,4.0,10,1.0,100.0,0.0,0.7359404592803029,73.5940459280303,26.405954071969706,256,equal scenes; within each scene equal conditions and equal candidates; horizons reported separately
action_strength,visible_pusht_futures_2026-10-08,block,False,fixed_norm_offset,1,8.0,512-world-pixels,4.0,15,1.0,100.0,0.0,0.7305762705176767,73.05762705176767,26.94237294823233,256,equal scenes; within each scene equal conditions and equal candidates; horizons reported separately
action_strength,visible_pusht_futures_2026-10-08,block,False,fixed_norm_offset,1,8.0,512-world-pixels,4.0,20,1.0,100.0,0.0,0.7428079624368686,74.28079624368686,25.719203756313135,256,equal scenes; within each scene equal conditions and equal candidates; horizons reported separately
action_strength,visible_pusht_futures_2026-10-08,block,False,fixed_norm_offset,1,8.0,512-world-pixels,4.0,25,1.0,100.0,0.0,0.7521474510732323,75.21474510732324,24.785254892676768,256,equal scenes; within each scene equal conditions and equal candidates; horizons reported separately
action_strength,visible_pusht_futures_2026-10-08,block,False,fixed_norm_offset,1,16.0,512-world-pixels,8.0,5,1.0,100.0,0.0,0.964871369949495,96.4871369949495,3.512863005050504,256,equal scenes; within each scene equal conditions and equal candidates; horizons reported separately
action_strength,visible_pusht_futures_2026-10-08,block,False,fixed_norm_offset,1,16.0,512-world-pixels,8.0,10,1.0,100.0,0.0,0.864636600378788,86.4636600378788,13.536339962121202,256,equal scenes; within each scene equal conditions and equal candidates; horizons reported separately
action_strength,visible_pusht_futures_2026-10-08,block,False,fixed_norm_offset,1,16.0,512-world-pixels,8.0,15,1.0,100.0,0.0,0.843527067550505,84.3527067550505,15.6472932449495,256,equal scenes; within each scene equal conditions and equal candidates; horizons reported separately
action_strength,visible_pusht_futures_2026-10-08,block,False,fixed_norm_offset,1,16.0,512-world-pixels,8.0,20,1.0,100.0,0.0,0.8448094223484848,84.48094223484847,15.519057765151523,256,equal scenes; within each scene equal conditions and equal candidates; horizons reported separately
action_strength,visible_pusht_futures_2026-10-08,block,False,fixed_norm_offset,1,16.0,512-world-pixels,8.0,25,1.0,100.0,0.0,0.8507871685606061,85.07871685606061,14.921283143939391,256,equal scenes; within each scene equal conditions and equal candidates; horizons reported separately
action_strength,visible_pusht_futures_2026-10-08,block,False,fixed_norm_offset,1,32.0,512-world-pixels,16.0,5,1.0,100.0,0.0,1.0,100.0,0.0,256,equal scenes; within each scene equal conditions and equal candidates; horizons reported separately
action_strength,visible_pusht_futures_2026-10-08,block,False,fixed_norm_offset,1,32.0,512-world-pixels,16.0,10,1.0,100.0,0.0,0.976406644570707,97.6406644570707,2.3593355429292973,256,equal scenes; within each scene equal conditions and equal candidates; horizons reported separately
action_strength,visible_pusht_futures_2026-10-08,block,False,fixed_norm_offset,1,32.0,512-world-pixels,16.0,15,1.0,100.0,0.0,0.9481573547979798,94.81573547979798,5.18426452020202,256,equal scenes; within each scene equal conditions and equal candidates; horizons reported separately
action_strength,visible_pusht_futures_2026-10-08,block,False,fixed_norm_offset,1,32.0,512-world-pixels,16.0,20,1.0,100.0,0.0,0.935803345959596,93.5803345959596,6.419665404040398,256,equal scenes; within each scene equal conditions and equal candidates; horizons reported separately
action_strength,visible_pusht_futures_2026-10-08,block,False,fixed_norm_offset,1,32.0,512-world-pixels,16.0,25,1.0,100.0,0.0,0.9349964488636364,93.49964488636364,6.500355113636358,256,equal scenes; within each scene equal conditions and equal candidates; horizons reported separately
action_strength,visible_pusht_futures_2026-10-08,block,False,fixed_norm_offset,16,2.0,512-world-pixels,1.0,5,0.0,0.0,100.0,0.6405475654987374,64.05475654987373,-64.05475654987373,256,equal scenes; within each scene equal conditions and equal candidates; horizons reported separately
action_strength,visible_pusht_futures_2026-10-08,block,False,fixed_norm_offset,16,2.0,512-world-pixels,1.0,10,0.0,0.0,100.0,0.6291306620896464,62.91306620896464,-62.91306620896464,256,equal scenes; within each scene equal conditions and equal candidates; horizons reported separately
action_strength,visible_pusht_futures_2026-10-08,block,False,fixed_norm_offset,16,2.0,512-world-pixels,1.0,15,0.0,0.0,100.0,0.6358265269886363,63.582652698863626,-63.582652698863626,256,equal scenes; within each scene equal conditions and equal candidates; horizons reported separately
action_strength,visible_pusht_futures_2026-10-08,block,False,fixed_norm_offset,16,2.0,512-world-pixels,1.0,20,0.0,0.0,100.0,0.6434121488320707,64.34121488320706,-64.34121488320706,256,equal scenes; within each scene equal conditions and equal candidates; horizons reported separately
action_strength,visible_pusht_futures_2026-10-08,block,False,fixed_norm_offset,16,2.0,512-world-pixels,1.0,25,0.0,0.0,100.0,0.6544660471906566,65.44660471906566,-65.44660471906566,256,equal scenes; within each scene equal conditions and equal candidates; horizons reported separately
action_strength,visible_pusht_futures_2026-10-08,block,False,fixed_norm_offset,16,4.0,512-world-pixels,2.0,5,0.0,0.0,100.0,0.6912637113320708,69.12637113320707,-69.12637113320707,256,equal scenes; within each scene equal conditions and equal candidates; horizons reported separately
action_strength,visible_pusht_futures_2026-10-08,block,False,fixed_norm_offset,16,4.0,512-world-pixels,2.0,10,0.0,0.0,100.0,0.6622055516098484,66.22055516098484,-66.22055516098484,256,equal scenes; within each scene equal conditions and equal candidates; horizons reported separately
action_strength,visible_pusht_futures_2026-10-08,block,False,fixed_norm_offset,16,4.0,512-world-pixels,2.0,15,0.0,0.0,100.0,0.6684057370580807,66.84057370580807,-66.84057370580807,256,equal scenes; within each scene equal conditions and equal candidates; horizons reported separately
action_strength,visible_pusht_futures_2026-10-08,block,False,fixed_norm_offset,16,4.0,512-world-pixels,2.0,20,0.0,0.0,100.0,0.6796450836489899,67.96450836489899,-67.96450836489899,256,equal scenes; within each scene equal conditions and equal candidates; horizons reported separately
action_strength,visible_pusht_futures_2026-10-08,block,False,fixed_norm_offset,16,4.0,512-world-pixels,2.0,25,0.0,0.0,100.0,0.6907601404671718,69.07601404671718,-69.07601404671718,256,equal scenes; within each scene equal conditions and equal candidates; horizons reported separately
action_strength,visible_pusht_futures_2026-10-08,block,False,fixed_norm_offset,16,8.0,512-world-pixels,4.0,5,0.0,0.0,100.0,0.8181966145833334,81.81966145833334,-81.81966145833334,256,equal scenes; within each scene equal conditions and equal candidates; horizons reported separately
action_strength,visible_pusht_futures_2026-10-08,block,False,fixed_norm_offset,16,8.0,512-world-pixels,4.0,10,0.0,0.0,100.0,0.7359404592803029,73.5940459280303,-73.5940459280303,256,equal scenes; within each scene equal conditions and equal candidates; horizons reported separately
action_strength,visible_pusht_futures_2026-10-08,block,False,fixed_norm_offset,16,8.0,512-world-pixels,4.0,15,0.0,0.0,100.0,0.7305762705176767,73.05762705176767,-73.05762705176767,256,equal scenes; within each scene equal conditions and equal candidates; horizons reported separately
action_strength,visible_pusht_futures_2026-10-08,block,False,fixed_norm_offset,16,8.0,512-world-pixels,4.0,20,0.0,0.0,100.0,0.7428079624368686,74.28079624368686,-74.28079624368686,256,equal scenes; within each scene equal conditions and equal candidates; horizons reported separately
action_strength,visible_pusht_futures_2026-10-08,block,False,fixed_norm_offset,16,8.0,512-world-pixels,4.0,25,0.0,0.0,100.0,0.7521474510732323,75.21474510732324,-75.21474510732324,256,equal scenes; within each scene equal conditions and equal candidates; horizons reported separately
action_strength,visible_pusht_futures_2026-10-08,block,False,fixed_norm_offset,16,16.0,512-world-pixels,8.0,5,0.011943655303030301,1.19436553030303,98.80563446969697,0.964871369949495,96.4871369949495,-95.29277146464646,256,equal scenes; within each scene equal conditions and equal candidates; horizons reported separately
action_strength,visible_pusht_futures_2026-10-08,block,False,fixed_norm_offset,16,16.0,512-world-pixels,8.0,10,0.023283617424242425,2.3283617424242427,97.67163825757575,0.864636600378788,86.4636600378788,-84.13529829545455,256,equal scenes; within each scene equal conditions and equal candidates; horizons reported separately
action_strength,visible_pusht_futures_2026-10-08,block,False,fixed_norm_offset,16,16.0,512-world-pixels,8.0,15,0.019038036616161616,1.9038036616161615,98.09619633838383,0.843527067550505,84.3527067550505,-82.44890309343434,256,equal scenes; within each scene equal conditions and equal candidates; horizons reported separately
action_strength,visible_pusht_futures_2026-10-08,block,False,fixed_norm_offset,16,16.0,512-world-pixels,8.0,20,0.02319681186868687,2.319681186868687,97.68031881313132,0.8448094223484848,84.48094223484847,-82.16126104797979,256,equal scenes; within each scene equal conditions and equal candidates; horizons reported separately
action_strength,visible_pusht_futures_2026-10-08,block,False,fixed_norm_offset,16,16.0,512-world-pixels,8.0,25,0.020639993686868686,2.0639993686868685,97.93600063131314,0.8507871685606061,85.07871685606061,-83.01471748737374,256,equal scenes; within each scene equal conditions and equal candidates; horizons reported separately
action_strength,visible_pusht_futures_2026-10-08,block,False,fixed_norm_offset,16,32.0,512-world-pixels,16.0,5,1.0,100.0,0.0,1.0,100.0,0.0,256,equal scenes; within each scene equal conditions and equal candidates; horizons reported separately
action_strength,visible_pusht_futures_2026-10-08,block,False,fixed_norm_offset,16,32.0,512-world-pixels,16.0,10,1.0,100.0,0.0,0.976406644570707,97.6406644570707,2.3593355429292973,256,equal scenes; within each scene equal conditions and equal candidates; horizons reported separately
action_strength,visible_pusht_futures_2026-10-08,block,False,fixed_norm_offset,16,32.0,512-world-pixels,16.0,15,1.0,100.0,0.0,0.9481573547979798,94.81573547979798,5.18426452020202,256,equal scenes; within each scene equal conditions and equal candidates; horizons reported separately
action_strength,visible_pusht_futures_2026-10-08,block,False,fixed_norm_offset,16,32.0,512-world-pixels,16.0,20,1.0,100.0,0.0,0.935803345959596,93.5803345959596,6.419665404040398,256,equal scenes; within each scene equal conditions and equal candidates; horizons reported separately
action_strength,visible_pusht_futures_2026-10-08,block,False,fixed_norm_offset,16,32.0,512-world-pixels,16.0,25,1.0,100.0,0.0,0.9349964488636364,93.49964488636364,6.500355113636358,256,equal scenes; within each scene equal conditions and equal candidates; horizons reported separately
action_strength,visible_pusht_futures_2026-10-08,block,False,fixed_norm_offset,2,2.0,512-world-pixels,1.0,5,0.0016532512626262629,0.1653251262626263,99.83467487373737,0.6405475654987374,64.05475654987373,-63.88943142361111,256,equal scenes; within each scene equal conditions and equal candidates; horizons reported separately
action_strength,visible_pusht_futures_2026-10-08,block,False,fixed_norm_offset,2,2.0,512-world-pixels,1.0,10,0.0014145359848484848,0.14145359848484848,99.85854640151514,0.6291306620896464,62.91306620896464,-62.771612610479785,256,equal scenes; within each scene equal conditions and equal candidates; horizons reported separately
action_strength,visible_pusht_futures_2026-10-08,block,False,fixed_norm_offset,2,2.0,512-world-pixels,1.0,15,0.0031723484848484845,0.31723484848484845,99.68276515151516,0.6358265269886363,63.582652698863626,-63.26541785037878,256,equal scenes; within each scene equal conditions and equal candidates; horizons reported separately
action_strength,visible_pusht_futures_2026-10-08,block,False,fixed_norm_offset,2,2.0,512-world-pixels,1.0,20,0.0033499053030303025,0.3349905303030303,99.66500946969697,0.6434121488320707,64.34121488320706,-64.00622435290404,256,equal scenes; within each scene equal conditions and equal candidates; horizons reported separately
action_strength,visible_pusht_futures_2026-10-08,block,False,fixed_norm_offset,2,2.0,512-world-pixels,1.0,25,0.00335385101010101,0.335385101010101,99.6646148989899,0.6544660471906566,65.44660471906566,-65.11121961805556,256,equal scenes; within each scene equal conditions and equal candidates; horizons reported separately
action_strength,visible_pusht_futures_2026-10-08,block,False,fixed_norm_offset,2,4.0,512-world-pixels,2.0,5,1.0,100.0,0.0,0.6912637113320708,69.12637113320707,30.873628866792924,256,equal scenes; within each scene equal conditions and equal candidates; horizons reported separately
action_strength,visible_pusht_futures_2026-10-08,block,False,fixed_norm_offset,2,4.0,512-world-pixels,2.0,10,1.0,100.0,0.0,0.6622055516098484,66.22055516098484,33.77944483901516,256,equal scenes; within each scene equal conditions and equal candidates; horizons reported separately
action_strength,visible_pusht_futures_2026-10-08,block,False,fixed_norm_offset,2,4.0,512-world-pixels,2.0,15,1.0,100.0,0.0,0.6684057370580807,66.84057370580807,33.15942629419193,256,equal scenes; within each scene equal conditions and equal candidates; horizons reported separately
action_strength,visible_pusht_futures_2026-10-08,block,False,fixed_norm_offset,2,4.0,512-world-pixels,2.0,20,1.0,100.0,0.0,0.6796450836489899,67.96450836489899,32.03549163510101,256,equal scenes; within each scene equal conditions and equal candidates; horizons reported separately
action_strength,visible_pusht_futures_2026-10-08,block,False,fixed_norm_offset,2,4.0,512-world-pixels,2.0,25,1.0,100.0,0.0,0.6907601404671718,69.07601404671718,30.923985953282816,256,equal scenes; within each scene equal conditions and equal candidates; horizons reported separately
action_strength,visible_pusht_futures_2026-10-08,block,False,fixed_norm_offset,2,8.0,512-world-pixels,4.0,5,1.0,100.0,0.0,0.8181966145833334,81.81966145833334,18.180338541666664,256,equal scenes; within each scene equal conditions and equal candidates; horizons reported separately
action_strength,visible_pusht_futures_2026-10-08,block,False,fixed_norm_offset,2,8.0,512-world-pixels,4.0,10,1.0,100.0,0.0,0.7359404592803029,73.5940459280303,26.405954071969706,256,equal scenes; within each scene equal conditions and equal candidates; horizons reported separately
action_strength,visible_pusht_futures_2026-10-08,block,False,fixed_norm_offset,2,8.0,512-world-pixels,4.0,15,1.0,100.0,0.0,0.7305762705176767,73.05762705176767,26.94237294823233,256,equal scenes; within each scene equal conditions and equal candidates; horizons reported separately
action_strength,visible_pusht_futures_2026-10-08,block,False,fixed_norm_offset,2,8.0,512-world-pixels,4.0,20,1.0,100.0,0.0,0.7428079624368686,74.28079624368686,25.719203756313135,256,equal scenes; within each scene equal conditions and equal candidates; horizons reported separately
action_strength,visible_pusht_futures_2026-10-08,block,False,fixed_norm_offset,2,8.0,512-world-pixels,4.0,25,1.0,100.0,0.0,0.7521474510732323,75.21474510732324,24.785254892676768,256,equal scenes; within each scene equal conditions and equal candidates; horizons reported separately
action_strength,visible_pusht_futures_2026-10-08,block,False,fixed_norm_offset,2,16.0,512-world-pixels,8.0,5,1.0,100.0,0.0,0.964871369949495,96.4871369949495,3.512863005050504,256,equal scenes; within each scene equal conditions and equal candidates; horizons reported separately
action_strength,visible_pusht_futures_2026-10-08,block,False,fixed_norm_offset,2,16.0,512-world-pixels,8.0,10,1.0,100.0,0.0,0.864636600378788,86.4636600378788,13.536339962121202,256,equal scenes; within each scene equal conditions and equal candidates; horizons reported separately
action_strength,visible_pusht_futures_2026-10-08,block,False,fixed_norm_offset,2,16.0,512-world-pixels,8.0,15,1.0,100.0,0.0,0.843527067550505,84.3527067550505,15.6472932449495,256,equal scenes; within each scene equal conditions and equal candidates; horizons reported separately
action_strength,visible_pusht_futures_2026-10-08,block,False,fixed_norm_offset,2,16.0,512-world-pixels,8.0,20,1.0,100.0,0.0,0.8448094223484848,84.48094223484847,15.519057765151523,256,equal scenes; within each scene equal conditions and equal candidates; horizons reported separately
action_strength,visible_pusht_futures_2026-10-08,block,False,fixed_norm_offset,2,16.0,512-world-pixels,8.0,25,1.0,100.0,0.0,0.8507871685606061,85.07871685606061,14.921283143939391,256,equal scenes; within each scene equal conditions and equal candidates; horizons reported separately
action_strength,visible_pusht_futures_2026-10-08,block,False,fixed_norm_offset,2,32.0,512-world-pixels,16.0,5,1.0,100.0,0.0,1.0,100.0,0.0,256,equal scenes; within each scene equal conditions and equal candidates; horizons reported separately
action_strength,visible_pusht_futures_2026-10-08,block,False,fixed_norm_offset,2,32.0,512-world-pixels,16.0,10,1.0,100.0,0.0,0.976406644570707,97.6406644570707,2.3593355429292973,256,equal scenes; within each scene equal conditions and equal candidates; horizons reported separately
action_strength,visible_pusht_futures_2026-10-08,block,False,fixed_norm_offset,2,32.0,512-world-pixels,16.0,15,1.0,100.0,0.0,0.9481573547979798,94.81573547979798,5.18426452020202,256,equal scenes; within each scene equal conditions and equal candidates; horizons reported separately
action_strength,visible_pusht_futures_2026-10-08,block,False,fixed_norm_offset,2,32.0,512-world-pixels,16.0,20,1.0,100.0,0.0,0.935803345959596,93.5803345959596,6.419665404040398,256,equal scenes; within each scene equal conditions and equal candidates; horizons reported separately
action_strength,visible_pusht_futures_2026-10-08,block,False,fixed_norm_offset,2,32.0,512-world-pixels,16.0,25,1.0,100.0,0.0,0.9349964488636364,93.49964488636364,6.500355113636358,256,equal scenes; within each scene equal conditions and equal candidates; horizons reported separately
action_strength,visible_pusht_futures_2026-10-08,block,False,fixed_norm_offset,32,2.0,512-world-pixels,1.0,5,0.0,0.0,100.0,0.6405475654987374,64.05475654987373,-64.05475654987373,256,equal scenes; within each scene equal conditions and equal candidates; horizons reported separately
action_strength,visible_pusht_futures_2026-10-08,block,False,fixed_norm_offset,32,2.0,512-world-pixels,1.0,10,0.0,0.0,100.0,0.6291306620896464,62.91306620896464,-62.91306620896464,256,equal scenes; within each scene equal conditions and equal candidates; horizons reported separately
action_strength,visible_pusht_futures_2026-10-08,block,False,fixed_norm_offset,32,2.0,512-world-pixels,1.0,15,0.0,0.0,100.0,0.6358265269886363,63.582652698863626,-63.582652698863626,256,equal scenes; within each scene equal conditions and equal candidates; horizons reported separately
action_strength,visible_pusht_futures_2026-10-08,block,False,fixed_norm_offset,32,2.0,512-world-pixels,1.0,20,0.0,0.0,100.0,0.6434121488320707,64.34121488320706,-64.34121488320706,256,equal scenes; within each scene equal conditions and equal candidates; horizons reported separately
action_strength,visible_pusht_futures_2026-10-08,block,False,fixed_norm_offset,32,2.0,512-world-pixels,1.0,25,0.0,0.0,100.0,0.6544660471906566,65.44660471906566,-65.44660471906566,256,equal scenes; within each scene equal conditions and equal candidates; horizons reported separately
action_strength,visible_pusht_futures_2026-10-08,block,False,fixed_norm_offset,32,4.0,512-world-pixels,2.0,5,0.0,0.0,100.0,0.6912637113320708,69.12637113320707,-69.12637113320707,256,equal scenes; within each scene equal conditions and equal candidates; horizons reported separately
action_strength,visible_pusht_futures_2026-10-08,block,False,fixed_norm_offset,32,4.0,512-world-pixels,2.0,10,0.0,0.0,100.0,0.6622055516098484,66.22055516098484,-66.22055516098484,256,equal scenes; within each scene equal conditions and equal candidates; horizons reported separately
action_strength,visible_pusht_futures_2026-10-08,block,False,fixed_norm_offset,32,4.0,512-world-pixels,2.0,15,0.0,0.0,100.0,0.6684057370580807,66.84057370580807,-66.84057370580807,256,equal scenes; within each scene equal conditions and equal candidates; horizons reported separately
action_strength,visible_pusht_futures_2026-10-08,block,False,fixed_norm_offset,32,4.0,512-world-pixels,2.0,20,0.0,0.0,100.0,0.6796450836489899,67.96450836489899,-67.96450836489899,256,equal scenes; within each scene equal conditions and equal candidates; horizons reported separately
action_strength,visible_pusht_futures_2026-10-08,block,False,fixed_norm_offset,32,4.0,512-world-pixels,2.0,25,0.0,0.0,100.0,0.6907601404671718,69.07601404671718,-69.07601404671718,256,equal scenes; within each scene equal conditions and equal candidates; horizons reported separately
action_strength,visible_pusht_futures_2026-10-08,block,False,fixed_norm_offset,32,8.0,512-world-pixels,4.0,5,0.0,0.0,100.0,0.8181966145833334,81.81966145833334,-81.81966145833334,256,equal scenes; within each scene equal conditions and equal candidates; horizons reported separately
action_strength,visible_pusht_futures_2026-10-08,block,False,fixed_norm_offset,32,8.0,512-world-pixels,4.0,10,0.0,0.0,100.0,0.7359404592803029,73.5940459280303,-73.5940459280303,256,equal scenes; within each scene equal conditions and equal candidates; horizons reported separately
action_strength,visible_pusht_futures_2026-10-08,block,False,fixed_norm_offset,32,8.0,512-world-pixels,4.0,15,0.0,0.0,100.0,0.7305762705176767,73.05762705176767,-73.05762705176767,256,equal scenes; within each scene equal conditions and equal candidates; horizons reported separately
action_strength,visible_pusht_futures_2026-10-08,block,False,fixed_norm_offset,32,8.0,512-world-pixels,4.0,20,0.0,0.0,100.0,0.7428079624368686,74.28079624368686,-74.28079624368686,256,equal scenes; within each scene equal conditions and equal candidates; horizons reported separately
action_strength,visible_pusht_futures_2026-10-08,block,False,fixed_norm_offset,32,8.0,512-world-pixels,4.0,25,0.0,0.0,100.0,0.7521474510732323,75.21474510732324,-75.21474510732324,256,equal scenes; within each scene equal conditions and equal candidates; horizons reported separately
action_strength,visible_pusht_futures_2026-10-08,block,False,fixed_norm_offset,32,16.0,512-world-pixels,8.0,5,0.0,0.0,100.0,0.964871369949495,96.4871369949495,-96.4871369949495,256,equal scenes; within each scene equal conditions and equal candidates; horizons reported separately
action_strength,visible_pusht_futures_2026-10-08,block,False,fixed_norm_offset,32,16.0,512-world-pixels,8.0,10,0.0,0.0,100.0,0.864636600378788,86.4636600378788,-86.4636600378788,256,equal scenes; within each scene equal conditions and equal candidates; horizons reported separately
action_strength,visible_pusht_futures_2026-10-08,block,False,fixed_norm_offset,32,16.0,512-world-pixels,8.0,15,0.0,0.0,100.0,0.843527067550505,84.3527067550505,-84.3527067550505,256,equal scenes; within each scene equal conditions and equal candidates; horizons reported separately
action_strength,visible_pusht_futures_2026-10-08,block,False,fixed_norm_offset,32,16.0,512-world-pixels,8.0,20,0.0,0.0,100.0,0.8448094223484848,84.48094223484847,-84.48094223484847,256,equal scenes; within each scene equal conditions and equal candidates; horizons reported separately
action_strength,visible_pusht_futures_2026-10-08,block,False,fixed_norm_offset,32,16.0,512-world-pixels,8.0,25,0.0,0.0,100.0,0.8507871685606061,85.07871685606061,-85.07871685606061,256,equal scenes; within each scene equal conditions and equal candidates; horizons reported separately
action_strength,visible_pusht_futures_2026-10-08,block,False,fixed_norm_offset,32,32.0,512-world-pixels,16.0,5,0.026998500631313132,2.699850063131313,97.30014993686868,1.0,100.0,-97.30014993686868,256,equal scenes; within each scene equal conditions and equal candidates; horizons reported separately
action_strength,visible_pusht_futures_2026-10-08,block,False,fixed_norm_offset,32,32.0,512-world-pixels,16.0,10,0.03845288825757576,3.8452888257575757,96.15471117424242,0.976406644570707,97.6406644570707,-93.79537563131312,256,equal scenes; within each scene equal conditions and equal candidates; horizons reported separately
action_strength,visible_pusht_futures_2026-10-08,block,False,fixed_norm_offset,32,32.0,512-world-pixels,16.0,15,0.03641690340909091,3.641690340909091,96.3583096590909,0.9481573547979798,94.81573547979798,-91.17404513888889,256,equal scenes; within each scene equal conditions and equal candidates; horizons reported separately
action_strength,visible_pusht_futures_2026-10-08,block,False,fixed_norm_offset,32,32.0,512-world-pixels,16.0,20,0.041276041666666666,4.127604166666667,95.87239583333333,0.935803345959596,93.5803345959596,-89.45273042929294,256,equal scenes; within each scene equal conditions and equal candidates; horizons reported separately
action_strength,visible_pusht_futures_2026-10-08,block,False,fixed_norm_offset,32,32.0,512-world-pixels,16.0,25,0.037756470959595965,3.7756470959595965,96.2243529040404,0.9349964488636364,93.49964488636364,-89.72399779040404,256,equal scenes; within each scene equal conditions and equal candidates; horizons reported separately
action_strength,visible_pusht_futures_2026-10-08,block,False,fixed_norm_offset,4,2.0,512-world-pixels,1.0,5,0.0,0.0,100.0,0.6405475654987374,64.05475654987373,-64.05475654987373,256,equal scenes; within each scene equal conditions and equal candidates; horizons reported separately
action_strength,visible_pusht_futures_2026-10-08,block,False,fixed_norm_offset,4,2.0,512-world-pixels,1.0,10,0.0,0.0,100.0,0.6291306620896464,62.91306620896464,-62.91306620896464,256,equal scenes; within each scene equal conditions and equal candidates; horizons reported separately
action_strength,visible_pusht_futures_2026-10-08,block,False,fixed_norm_offset,4,2.0,512-world-pixels,1.0,15,0.0,0.0,100.0,0.6358265269886363,63.582652698863626,-63.582652698863626,256,equal scenes; within each scene equal conditions and equal candidates; horizons reported separately
action_strength,visible_pusht_futures_2026-10-08,block,False,fixed_norm_offset,4,2.0,512-world-pixels,1.0,20,0.0,0.0,100.0,0.6434121488320707,64.34121488320706,-64.34121488320706,256,equal scenes; within each scene equal conditions and equal candidates; horizons reported separately
action_strength,visible_pusht_futures_2026-10-08,block,False,fixed_norm_offset,4,2.0,512-world-pixels,1.0,25,0.0,0.0,100.0,0.6544660471906566,65.44660471906566,-65.44660471906566,256,equal scenes; within each scene equal conditions and equal candidates; horizons reported separately
action_strength,visible_pusht_futures_2026-10-08,block,False,fixed_norm_offset,4,4.0,512-world-pixels,2.0,5,0.0025804924242424244,0.25804924242424243,99.74195075757576,0.6912637113320708,69.12637113320707,-68.86832189078284,256,equal scenes; within each scene equal conditions and equal candidates; horizons reported separately
action_strength,visible_pusht_futures_2026-10-08,block,False,fixed_norm_offset,4,4.0,512-world-pixels,2.0,10,0.006419665404040405,0.6419665404040406,99.35803345959596,0.6622055516098484,66.22055516098484,-65.5785886205808,256,equal scenes; within each scene equal conditions and equal candidates; horizons reported separately
action_strength,visible_pusht_futures_2026-10-08,block,False,fixed_norm_offset,4,4.0,512-world-pixels,2.0,15,0.006340751262626263,0.6340751262626263,99.36592487373737,0.6684057370580807,66.84057370580807,-66.20649857954545,256,equal scenes; within each scene equal conditions and equal candidates; horizons reported separately
action_strength,visible_pusht_futures_2026-10-08,block,False,fixed_norm_offset,4,4.0,512-world-pixels,2.0,20,0.006459122474747474,0.6459122474747474,99.35408775252526,0.6796450836489899,67.96450836489899,-67.31859611742425,256,equal scenes; within each scene equal conditions and equal candidates; horizons reported separately
action_strength,visible_pusht_futures_2026-10-08,block,False,fixed_norm_offset,4,4.0,512-world-pixels,2.0,25,0.005638415404040404,0.5638415404040404,99.43615845959596,0.6907601404671718,69.07601404671718,-68.51217250631314,256,equal scenes; within each scene equal conditions and equal candidates; horizons reported separately
action_strength,visible_pusht_futures_2026-10-08,block,False,fixed_norm_offset,4,8.0,512-world-pixels,4.0,5,1.0,100.0,0.0,0.8181966145833334,81.81966145833334,18.180338541666664,256,equal scenes; within each scene equal conditions and equal candidates; horizons reported separately
action_strength,visible_pusht_futures_2026-10-08,block,False,fixed_norm_offset,4,8.0,512-world-pixels,4.0,10,1.0,100.0,0.0,0.7359404592803029,73.5940459280303,26.405954071969706,256,equal scenes; within each scene equal conditions and equal candidates; horizons reported separately
action_strength,visible_pusht_futures_2026-10-08,block,False,fixed_norm_offset,4,8.0,512-world-pixels,4.0,15,1.0,100.0,0.0,0.7305762705176767,73.05762705176767,26.94237294823233,256,equal scenes; within each scene equal conditions and equal candidates; horizons reported separately
action_strength,visible_pusht_futures_2026-10-08,block,False,fixed_norm_offset,4,8.0,512-world-pixels,4.0,20,1.0,100.0,0.0,0.7428079624368686,74.28079624368686,25.719203756313135,256,equal scenes; within each scene equal conditions and equal candidates; horizons reported separately
action_strength,visible_pusht_futures_2026-10-08,block,False,fixed_norm_offset,4,8.0,512-world-pixels,4.0,25,1.0,100.0,0.0,0.7521474510732323,75.21474510732324,24.785254892676768,256,equal scenes; within each scene equal conditions and equal candidates; horizons reported separately
action_strength,visible_pusht_futures_2026-10-08,block,False,fixed_norm_offset,4,16.0,512-world-pixels,8.0,5,1.0,100.0,0.0,0.964871369949495,96.4871369949495,3.512863005050504,256,equal scenes; within each scene equal conditions and equal candidates; horizons reported separately
action_strength,visible_pusht_futures_2026-10-08,block,False,fixed_norm_offset,4,16.0,512-world-pixels,8.0,10,1.0,100.0,0.0,0.864636600378788,86.4636600378788,13.536339962121202,256,equal scenes; within each scene equal conditions and equal candidates; horizons reported separately
action_strength,visible_pusht_futures_2026-10-08,block,False,fixed_norm_offset,4,16.0,512-world-pixels,8.0,15,1.0,100.0,0.0,0.843527067550505,84.3527067550505,15.6472932449495,256,equal scenes; within each scene equal conditions and equal candidates; horizons reported separately
action_strength,visible_pusht_futures_2026-10-08,block,False,fixed_norm_offset,4,16.0,512-world-pixels,8.0,20,1.0,100.0,0.0,0.8448094223484848,84.48094223484847,15.519057765151523,256,equal scenes; within each scene equal conditions and equal candidates; horizons reported separately
action_strength,visible_pusht_futures_2026-10-08,block,False,fixed_norm_offset,4,16.0,512-world-pixels,8.0,25,1.0,100.0,0.0,0.8507871685606061,85.07871685606061,14.921283143939391,256,equal scenes; within each scene equal conditions and equal candidates; horizons reported separately
action_strength,visible_pusht_futures_2026-10-08,block,False,fixed_norm_offset,4,32.0,512-world-pixels,16.0,5,1.0,100.0,0.0,1.0,100.0,0.0,256,equal scenes; within each scene equal conditions and equal candidates; horizons reported separately
action_strength,visible_pusht_futures_2026-10-08,block,False,fixed_norm_offset,4,32.0,512-world-pixels,16.0,10,1.0,100.0,0.0,0.976406644570707,97.6406644570707,2.3593355429292973,256,equal scenes; within each scene equal conditions and equal candidates; horizons reported separately
action_strength,visible_pusht_futures_2026-10-08,block,False,fixed_norm_offset,4,32.0,512-world-pixels,16.0,15,1.0,100.0,0.0,0.9481573547979798,94.81573547979798,5.18426452020202,256,equal scenes; within each scene equal conditions and equal candidates; horizons reported separately
action_strength,visible_pusht_futures_2026-10-08,block,False,fixed_norm_offset,4,32.0,512-world-pixels,16.0,20,1.0,100.0,0.0,0.935803345959596,93.5803345959596,6.419665404040398,256,equal scenes; within each scene equal conditions and equal candidates; horizons reported separately
action_strength,visible_pusht_futures_2026-10-08,block,False,fixed_norm_offset,4,32.0,512-world-pixels,16.0,25,1.0,100.0,0.0,0.9349964488636364,93.49964488636364,6.500355113636358,256,equal scenes; within each scene equal conditions and equal candidates; horizons reported separately
action_strength,visible_pusht_futures_2026-10-08,block,False,fixed_norm_offset,64,2.0,512-world-pixels,1.0,5,0.0,0.0,100.0,0.6405475654987374,64.05475654987373,-64.05475654987373,256,equal scenes; within each scene equal conditions and equal candidates; horizons reported separately
action_strength,visible_pusht_futures_2026-10-08,block,False,fixed_norm_offset,64,2.0,512-world-pixels,1.0,10,0.0,0.0,100.0,0.6291306620896464,62.91306620896464,-62.91306620896464,256,equal scenes; within each scene equal conditions and equal candidates; horizons reported separately
action_strength,visible_pusht_futures_2026-10-08,block,False,fixed_norm_offset,64,2.0,512-world-pixels,1.0,15,0.0,0.0,100.0,0.6358265269886363,63.582652698863626,-63.582652698863626,256,equal scenes; within each scene equal conditions and equal candidates; horizons reported separately
action_strength,visible_pusht_futures_2026-10-08,block,False,fixed_norm_offset,64,2.0,512-world-pixels,1.0,20,0.0,0.0,100.0,0.6434121488320707,64.34121488320706,-64.34121488320706,256,equal scenes; within each scene equal conditions and equal candidates; horizons reported separately
action_strength,visible_pusht_futures_2026-10-08,block,False,fixed_norm_offset,64,2.0,512-world-pixels,1.0,25,0.0,0.0,100.0,0.6544660471906566,65.44660471906566,-65.44660471906566,256,equal scenes; within each scene equal conditions and equal candidates; horizons reported separately
action_strength,visible_pusht_futures_2026-10-08,block,False,fixed_norm_offset,64,4.0,512-world-pixels,2.0,5,0.0,0.0,100.0,0.6912637113320708,69.12637113320707,-69.12637113320707,256,equal scenes; within each scene equal conditions and equal candidates; horizons reported separately
action_strength,visible_pusht_futures_2026-10-08,block,False,fixed_norm_offset,64,4.0,512-world-pixels,2.0,10,0.0,0.0,100.0,0.6622055516098484,66.22055516098484,-66.22055516098484,256,equal scenes; within each scene equal conditions and equal candidates; horizons reported separately
action_strength,visible_pusht_futures_2026-10-08,block,False,fixed_norm_offset,64,4.0,512-world-pixels,2.0,15,0.0,0.0,100.0,0.6684057370580807,66.84057370580807,-66.84057370580807,256,equal scenes; within each scene equal conditions and equal candidates; horizons reported separately
action_strength,visible_pusht_futures_2026-10-08,block,False,fixed_norm_offset,64,4.0,512-world-pixels,2.0,20,0.0,0.0,100.0,0.6796450836489899,67.96450836489899,-67.96450836489899,256,equal scenes; within each scene equal conditions and equal candidates; horizons reported separately
action_strength,visible_pusht_futures_2026-10-08,block,False,fixed_norm_offset,64,4.0,512-world-pixels,2.0,25,0.0,0.0,100.0,0.6907601404671718,69.07601404671718,-69.07601404671718,256,equal scenes; within each scene equal conditions and equal candidates; horizons reported separately
action_strength,visible_pusht_futures_2026-10-08,block,False,fixed_norm_offset,64,8.0,512-world-pixels,4.0,5,0.0,0.0,100.0,0.8181966145833334,81.81966145833334,-81.81966145833334,256,equal scenes; within each scene equal conditions and equal candidates; horizons reported separately
action_strength,visible_pusht_futures_2026-10-08,block,False,fixed_norm_offset,64,8.0,512-world-pixels,4.0,10,0.0,0.0,100.0,0.7359404592803029,73.5940459280303,-73.5940459280303,256,equal scenes; within each scene equal conditions and equal candidates; horizons reported separately
action_strength,visible_pusht_futures_2026-10-08,block,False,fixed_norm_offset,64,8.0,512-world-pixels,4.0,15,0.0,0.0,100.0,0.7305762705176767,73.05762705176767,-73.05762705176767,256,equal scenes; within each scene equal conditions and equal candidates; horizons reported separately
action_strength,visible_pusht_futures_2026-10-08,block,False,fixed_norm_offset,64,8.0,512-world-pixels,4.0,20,0.0,0.0,100.0,0.7428079624368686,74.28079624368686,-74.28079624368686,256,equal scenes; within each scene equal conditions and equal candidates; horizons reported separately
action_strength,visible_pusht_futures_2026-10-08,block,False,fixed_norm_offset,64,8.0,512-world-pixels,4.0,25,0.0,0.0,100.0,0.7521474510732323,75.21474510732324,-75.21474510732324,256,equal scenes; within each scene equal conditions and equal candidates; horizons reported separately
action_strength,visible_pusht_futures_2026-10-08,block,False,fixed_norm_offset,64,16.0,512-world-pixels,8.0,5,0.0,0.0,100.0,0.964871369949495,96.4871369949495,-96.4871369949495,256,equal scenes; within each scene equal conditions and equal candidates; horizons reported separately
action_strength,visible_pusht_futures_2026-10-08,block,False,fixed_norm_offset,64,16.0,512-world-pixels,8.0,10,0.0,0.0,100.0,0.864636600378788,86.4636600378788,-86.4636600378788,256,equal scenes; within each scene equal conditions and equal candidates; horizons reported separately
action_strength,visible_pusht_futures_2026-10-08,block,False,fixed_norm_offset,64,16.0,512-world-pixels,8.0,15,0.0,0.0,100.0,0.843527067550505,84.3527067550505,-84.3527067550505,256,equal scenes; within each scene equal conditions and equal candidates; horizons reported separately
action_strength,visible_pusht_futures_2026-10-08,block,False,fixed_norm_offset,64,16.0,512-world-pixels,8.0,20,0.0,0.0,100.0,0.8448094223484848,84.48094223484847,-84.48094223484847,256,equal scenes; within each scene equal conditions and equal candidates; horizons reported separately
action_strength,visible_pusht_futures_2026-10-08,block,False,fixed_norm_offset,64,16.0,512-world-pixels,8.0,25,0.0,0.0,100.0,0.8507871685606061,85.07871685606061,-85.07871685606061,256,equal scenes; within each scene equal conditions and equal candidates; horizons reported separately
action_strength,visible_pusht_futures_2026-10-08,block,False,fixed_norm_offset,64,32.0,512-world-pixels,16.0,5,0.0,0.0,100.0,1.0,100.0,-100.0,256,equal scenes; within each scene equal conditions and equal candidates; horizons reported separately
action_strength,visible_pusht_futures_2026-10-08,block,False,fixed_norm_offset,64,32.0,512-world-pixels,16.0,10,0.0,0.0,100.0,0.976406644570707,97.6406644570707,-97.6406644570707,256,equal scenes; within each scene equal conditions and equal candidates; horizons reported separately
action_strength,visible_pusht_futures_2026-10-08,block,False,fixed_norm_offset,64,32.0,512-world-pixels,16.0,15,0.0,0.0,100.0,0.9481573547979798,94.81573547979798,-94.81573547979798,256,equal scenes; within each scene equal conditions and equal candidates; horizons reported separately
action_strength,visible_pusht_futures_2026-10-08,block,False,fixed_norm_offset,64,32.0,512-world-pixels,16.0,20,0.0,0.0,100.0,0.935803345959596,93.5803345959596,-93.5803345959596,256,equal scenes; within each scene equal conditions and equal candidates; horizons reported separately
action_strength,visible_pusht_futures_2026-10-08,block,False,fixed_norm_offset,64,32.0,512-world-pixels,16.0,25,0.0,0.0,100.0,0.9349964488636364,93.49964488636364,-93.49964488636364,256,equal scenes; within each scene equal conditions and equal candidates; horizons reported separately
action_strength,visible_pusht_futures_2026-10-08,block,False,fixed_norm_offset,8,2.0,512-world-pixels,1.0,5,0.0,0.0,100.0,0.6405475654987374,64.05475654987373,-64.05475654987373,256,equal scenes; within each scene equal conditions and equal candidates; horizons reported separately
action_strength,visible_pusht_futures_2026-10-08,block,False,fixed_norm_offset,8,2.0,512-world-pixels,1.0,10,0.0,0.0,100.0,0.6291306620896464,62.91306620896464,-62.91306620896464,256,equal scenes; within each scene equal conditions and equal candidates; horizons reported separately
action_strength,visible_pusht_futures_2026-10-08,block,False,fixed_norm_offset,8,2.0,512-world-pixels,1.0,15,0.0,0.0,100.0,0.6358265269886363,63.582652698863626,-63.582652698863626,256,equal scenes; within each scene equal conditions and equal candidates; horizons reported separately
action_strength,visible_pusht_futures_2026-10-08,block,False,fixed_norm_offset,8,2.0,512-world-pixels,1.0,20,0.0,0.0,100.0,0.6434121488320707,64.34121488320706,-64.34121488320706,256,equal scenes; within each scene equal conditions and equal candidates; horizons reported separately
action_strength,visible_pusht_futures_2026-10-08,block,False,fixed_norm_offset,8,2.0,512-world-pixels,1.0,25,0.0,0.0,100.0,0.6544660471906566,65.44660471906566,-65.44660471906566,256,equal scenes; within each scene equal conditions and equal candidates; horizons reported separately
action_strength,visible_pusht_futures_2026-10-08,block,False,fixed_norm_offset,8,4.0,512-world-pixels,2.0,5,0.0,0.0,100.0,0.6912637113320708,69.12637113320707,-69.12637113320707,256,equal scenes; within each scene equal conditions and equal candidates; horizons reported separately
action_strength,visible_pusht_futures_2026-10-08,block,False,fixed_norm_offset,8,4.0,512-world-pixels,2.0,10,0.0,0.0,100.0,0.6622055516098484,66.22055516098484,-66.22055516098484,256,equal scenes; within each scene equal conditions and equal candidates; horizons reported separately
action_strength,visible_pusht_futures_2026-10-08,block,False,fixed_norm_offset,8,4.0,512-world-pixels,2.0,15,0.0,0.0,100.0,0.6684057370580807,66.84057370580807,-66.84057370580807,256,equal scenes; within each scene equal conditions and equal candidates; horizons reported separately
action_strength,visible_pusht_futures_2026-10-08,block,False,fixed_norm_offset,8,4.0,512-world-pixels,2.0,20,0.0,0.0,100.0,0.6796450836489899,67.96450836489899,-67.96450836489899,256,equal scenes; within each scene equal conditions and equal candidates; horizons reported separately
action_strength,visible_pusht_futures_2026-10-08,block,False,fixed_norm_offset,8,4.0,512-world-pixels,2.0,25,0.0,0.0,100.0,0.6907601404671718,69.07601404671718,-69.07601404671718,256,equal scenes; within each scene equal conditions and equal candidates; horizons reported separately
action_strength,visible_pusht_futures_2026-10-08,block,False,fixed_norm_offset,8,8.0,512-world-pixels,4.0,5,0.005687736742424242,0.5687736742424242,99.43122632575758,0.8181966145833334,81.81966145833334,-81.2508877840909,256,equal scenes; within each scene equal conditions and equal candidates; horizons reported separately
action_strength,visible_pusht_futures_2026-10-08,block,False,fixed_norm_offset,8,8.0,512-world-pixels,4.0,10,0.01394018308080808,1.3940183080808082,98.60598169191918,0.7359404592803029,73.5940459280303,-72.20002761994948,256,equal scenes; within each scene equal conditions and equal candidates; horizons reported separately
action_strength,visible_pusht_futures_2026-10-08,block,False,fixed_norm_offset,8,8.0,512-world-pixels,4.0,15,0.010941445707070709,1.094144570707071,98.90585542929293,0.7305762705176767,73.05762705176767,-71.96348248106061,256,equal scenes; within each scene equal conditions and equal candidates; horizons reported separately
action_strength,visible_pusht_futures_2026-10-08,block,False,fixed_norm_offset,8,8.0,512-world-pixels,4.0,20,0.012387547348484847,1.2387547348484846,98.76124526515152,0.7428079624368686,74.28079624368686,-73.04204150883838,256,equal scenes; within each scene equal conditions and equal candidates; horizons reported separately
action_strength,visible_pusht_futures_2026-10-08,block,False,fixed_norm_offset,8,8.0,512-world-pixels,4.0,25,0.011211726641414142,1.1211726641414141,98.87882733585859,0.7521474510732323,75.21474510732324,-74.09357244318183,256,equal scenes; within each scene equal conditions and equal candidates; horizons reported separately
action_strength,visible_pusht_futures_2026-10-08,block,False,fixed_norm_offset,8,16.0,512-world-pixels,8.0,5,1.0,100.0,0.0,0.964871369949495,96.4871369949495,3.512863005050504,256,equal scenes; within each scene equal conditions and equal candidates; horizons reported separately
action_strength,visible_pusht_futures_2026-10-08,block,False,fixed_norm_offset,8,16.0,512-world-pixels,8.0,10,1.0,100.0,0.0,0.864636600378788,86.4636600378788,13.536339962121202,256,equal scenes; within each scene equal conditions and equal candidates; horizons reported separately
action_strength,visible_pusht_futures_2026-10-08,block,False,fixed_norm_offset,8,16.0,512-world-pixels,8.0,15,1.0,100.0,0.0,0.843527067550505,84.3527067550505,15.6472932449495,256,equal scenes; within each scene equal conditions and equal candidates; horizons reported separately
action_strength,visible_pusht_futures_2026-10-08,block,False,fixed_norm_offset,8,16.0,512-world-pixels,8.0,20,1.0,100.0,0.0,0.8448094223484848,84.48094223484847,15.519057765151523,256,equal scenes; within each scene equal conditions and equal candidates; horizons reported separately
action_strength,visible_pusht_futures_2026-10-08,block,False,fixed_norm_offset,8,16.0,512-world-pixels,8.0,25,1.0,100.0,0.0,0.8507871685606061,85.07871685606061,14.921283143939391,256,equal scenes; within each scene equal conditions and equal candidates; horizons reported separately
action_strength,visible_pusht_futures_2026-10-08,block,False,fixed_norm_offset,8,32.0,512-world-pixels,16.0,5,1.0,100.0,0.0,1.0,100.0,0.0,256,equal scenes; within each scene equal conditions and equal candidates; horizons reported separately
action_strength,visible_pusht_futures_2026-10-08,block,False,fixed_norm_offset,8,32.0,512-world-pixels,16.0,10,1.0,100.0,0.0,0.976406644570707,97.6406644570707,2.3593355429292973,256,equal scenes; within each scene equal conditions and equal candidates; horizons reported separately
action_strength,visible_pusht_futures_2026-10-08,block,False,fixed_norm_offset,8,32.0,512-world-pixels,16.0,15,1.0,100.0,0.0,0.9481573547979798,94.81573547979798,5.18426452020202,256,equal scenes; within each scene equal conditions and equal candidates; horizons reported separately
action_strength,visible_pusht_futures_2026-10-08,block,False,fixed_norm_offset,8,32.0,512-world-pixels,16.0,20,1.0,100.0,0.0,0.935803345959596,93.5803345959596,6.419665404040398,256,equal scenes; within each scene equal conditions and equal candidates; horizons reported separately
action_strength,visible_pusht_futures_2026-10-08,block,False,fixed_norm_offset,8,32.0,512-world-pixels,16.0,25,1.0,100.0,0.0,0.9349964488636364,93.49964488636364,6.500355113636358,256,equal scenes; within each scene equal conditions and equal candidates; horizons reported separately
action_strength,visible_pusht_futures_2026-10-08,block,False,temporal_lag_prepend_current,one_horizon,2.0,512-world-pixels,1.0,5,0.32361407039141415,32.36140703914142,67.63859296085859,0.6405475654987374,64.05475654987373,-31.69334951073232,256,equal scenes; within each scene equal conditions and equal candidates; horizons reported separately
action_strength,visible_pusht_futures_2026-10-08,block,False,temporal_lag_prepend_current,one_horizon,2.0,512-world-pixels,1.0,10,0.40493657275883843,40.49365727588384,59.50634272411616,0.6291306620896464,62.91306620896464,-22.4194089330808,256,equal scenes; within each scene equal conditions and equal candidates; horizons reported separately
action_strength,visible_pusht_futures_2026-10-08,block,False,temporal_lag_prepend_current,one_horizon,2.0,512-world-pixels,1.0,15,0.5545360834911617,55.453608349116166,44.546391650883834,0.6358265269886363,63.582652698863626,-8.12904434974746,256,equal scenes; within each scene equal conditions and equal candidates; horizons reported separately
action_strength,visible_pusht_futures_2026-10-08,block,False,temporal_lag_prepend_current,one_horizon,2.0,512-world-pixels,1.0,20,0.6843241990214647,68.43241990214646,31.567580097853533,0.6434121488320707,64.34121488320706,4.091205018939403,256,equal scenes; within each scene equal conditions and equal candidates; horizons reported separately
action_strength,visible_pusht_futures_2026-10-08,block,False,temporal_lag_prepend_current,one_horizon,2.0,512-world-pixels,1.0,25,0.7910516295770202,79.10516295770202,20.894837042297976,0.6544660471906566,65.44660471906566,13.658558238636365,256,equal scenes; within each scene equal conditions and equal candidates; horizons reported separately
action_strength,visible_pusht_futures_2026-10-08,block,False,temporal_lag_prepend_current,one_horizon,4.0,512-world-pixels,2.0,5,0.393914733270202,39.3914733270202,60.6085266729798,0.6912637113320708,69.12637113320707,-29.73489780618688,256,equal scenes; within each scene equal conditions and equal candidates; horizons reported separately
action_strength,visible_pusht_futures_2026-10-08,block,False,temporal_lag_prepend_current,one_horizon,4.0,512-world-pixels,2.0,10,0.4645991161616162,46.45991161616162,53.54008838383838,0.6622055516098484,66.22055516098484,-19.76064354482322,256,equal scenes; within each scene equal conditions and equal candidates; horizons reported separately
action_strength,visible_pusht_futures_2026-10-08,block,False,temporal_lag_prepend_current,one_horizon,4.0,512-world-pixels,2.0,15,0.5961026278409092,59.61026278409092,40.38973721590908,0.6684057370580807,66.84057370580807,-7.2303109217171535,256,equal scenes; within each scene equal conditions and equal candidates; horizons reported separately
action_strength,visible_pusht_futures_2026-10-08,block,False,temporal_lag_prepend_current,one_horizon,4.0,512-world-pixels,2.0,20,0.7180165916982324,71.80165916982324,28.19834083017676,0.6796450836489899,67.96450836489899,3.8371508049242498,256,equal scenes; within each scene equal conditions and equal candidates; horizons reported separately
action_strength,visible_pusht_futures_2026-10-08,block,False,temporal_lag_prepend_current,one_horizon,4.0,512-world-pixels,2.0,25,0.8121868095012627,81.21868095012627,18.781319049873733,0.6907601404671718,69.07601404671718,12.142666903409083,256,equal scenes; within each scene equal conditions and equal candidates; horizons reported separately
action_strength,visible_pusht_futures_2026-10-08,block,False,temporal_lag_prepend_current,one_horizon,8.0,512-world-pixels,4.0,5,0.5228150647095959,52.28150647095959,47.71849352904041,0.8181966145833334,81.81966145833334,-29.538154987373744,256,equal scenes; within each scene equal conditions and equal candidates; horizons reported separately
action_strength,visible_pusht_futures_2026-10-08,block,False,temporal_lag_prepend_current,one_horizon,8.0,512-world-pixels,4.0,10,0.5374501854482323,53.74501854482323,46.25498145517677,0.7359404592803029,73.5940459280303,-19.849027383207062,256,equal scenes; within each scene equal conditions and equal candidates; horizons reported separately
action_strength,visible_pusht_futures_2026-10-08,block,False,temporal_lag_prepend_current,one_horizon,8.0,512-world-pixels,4.0,15,0.6559585108901514,65.59585108901514,34.40414891098486,0.7305762705176767,73.05762705176767,-7.461775962752526,256,equal scenes; within each scene equal conditions and equal candidates; horizons reported separately
action_strength,visible_pusht_futures_2026-10-08,block,False,temporal_lag_prepend_current,one_horizon,8.0,512-world-pixels,4.0,20,0.7666666666666667,76.66666666666667,23.33333333333333,0.7428079624368686,74.28079624368686,2.385870422979808,256,equal scenes; within each scene equal conditions and equal candidates; horizons reported separately
action_strength,visible_pusht_futures_2026-10-08,block,False,temporal_lag_prepend_current,one_horizon,8.0,512-world-pixels,4.0,25,0.8550623421717172,85.50623421717172,14.493765782828284,0.7521474510732323,75.21474510732324,10.291489109848484,256,equal scenes; within each scene equal conditions and equal candidates; horizons reported separately
action_strength,visible_pusht_futures_2026-10-08,block,False,temporal_lag_prepend_current,one_horizon,16.0,512-world-pixels,8.0,5,0.7137784090909091,71.3778409090909,28.622159090909093,0.964871369949495,96.4871369949495,-25.10929608585859,256,equal scenes; within each scene equal conditions and equal candidates; horizons reported separately
action_strength,visible_pusht_futures_2026-10-08,block,False,temporal_lag_prepend_current,one_horizon,16.0,512-world-pixels,8.0,10,0.6824968434343435,68.24968434343435,31.750315656565654,0.864636600378788,86.4636600378788,-18.21397569444445,256,equal scenes; within each scene equal conditions and equal candidates; horizons reported separately
action_strength,visible_pusht_futures_2026-10-08,block,False,temporal_lag_prepend_current,one_horizon,16.0,512-world-pixels,8.0,15,0.7886620107323232,78.86620107323232,21.13379892676768,0.843527067550505,84.3527067550505,-5.486505681818176,256,equal scenes; within each scene equal conditions and equal candidates; horizons reported separately
action_strength,visible_pusht_futures_2026-10-08,block,False,temporal_lag_prepend_current,one_horizon,16.0,512-world-pixels,8.0,20,0.8662957702020202,86.62957702020202,13.37042297979798,0.8448094223484848,84.48094223484847,2.1486347853535426,256,equal scenes; within each scene equal conditions and equal candidates; horizons reported separately
action_strength,visible_pusht_futures_2026-10-08,block,False,temporal_lag_prepend_current,one_horizon,16.0,512-world-pixels,8.0,25,0.9207149621212121,92.0714962121212,7.928503787878793,0.8507871685606061,85.07871685606061,6.992779356060597,256,equal scenes; within each scene equal conditions and equal candidates; horizons reported separately
action_strength,visible_pusht_futures_2026-10-08,block,False,temporal_lag_prepend_current,one_horizon,32.0,512-world-pixels,16.0,5,0.9064714528093434,90.64714528093434,9.352854719065661,1.0,100.0,-9.352854719065661,256,equal scenes; within each scene equal conditions and equal candidates; horizons reported separately
action_strength,visible_pusht_futures_2026-10-08,block,False,temporal_lag_prepend_current,one_horizon,32.0,512-world-pixels,16.0,10,0.8785254892676768,87.85254892676768,12.147451073232318,0.976406644570707,97.6406644570707,-9.78811553030302,256,equal scenes; within each scene equal conditions and equal candidates; horizons reported separately
action_strength,visible_pusht_futures_2026-10-08,block,False,temporal_lag_prepend_current,one_horizon,32.0,512-world-pixels,16.0,15,0.9285057607323233,92.85057607323233,7.149423926767673,0.9481573547979798,94.81573547979798,-1.965159406565653,256,equal scenes; within each scene equal conditions and equal candidates; horizons reported separately
action_strength,visible_pusht_futures_2026-10-08,block,False,temporal_lag_prepend_current,one_horizon,32.0,512-world-pixels,16.0,20,0.9608822601010101,96.08822601010101,3.9117739898989923,0.935803345959596,93.5803345959596,2.5078914141414055,256,equal scenes; within each scene equal conditions and equal candidates; horizons reported separately
action_strength,visible_pusht_futures_2026-10-08,block,False,temporal_lag_prepend_current,one_horizon,32.0,512-world-pixels,16.0,25,0.9778507733585858,97.78507733585859,2.2149226641414166,0.9349964488636364,93.49964488636364,4.285432449494941,256,equal scenes; within each scene equal conditions and equal candidates; horizons reported separately
action_strength,visible_pusht_futures_2026-10-08,block,False,wrong_condition_true_future,cyclic_shift_by_1,2.0,512-world-pixels,1.0,5,0.22937874842171718,22.93787484217172,77.06212515782829,0.6405475654987374,64.05475654987373,-41.11688170770202,256,equal scenes; within each scene equal conditions and equal candidates; horizons reported separately
action_strength,visible_pusht_futures_2026-10-08,block,False,wrong_condition_true_future,cyclic_shift_by_1,2.0,512-world-pixels,1.0,10,0.22058376736111113,22.058376736111114,77.94162326388889,0.6291306620896464,62.91306620896464,-40.85468947285353,256,equal scenes; within each scene equal conditions and equal candidates; horizons reported separately
action_strength,visible_pusht_futures_2026-10-08,block,False,wrong_condition_true_future,cyclic_shift_by_1,2.0,512-world-pixels,1.0,15,0.23193162089646463,23.193162089646464,76.80683791035354,0.6358265269886363,63.582652698863626,-40.38949060921716,256,equal scenes; within each scene equal conditions and equal candidates; horizons reported separately
action_strength,visible_pusht_futures_2026-10-08,block,False,wrong_condition_true_future,cyclic_shift_by_1,2.0,512-world-pixels,1.0,20,0.23816189236111113,23.816189236111114,76.18381076388889,0.6434121488320707,64.34121488320706,-40.52502564709595,256,equal scenes; within each scene equal conditions and equal candidates; horizons reported separately
action_strength,visible_pusht_futures_2026-10-08,block,False,wrong_condition_true_future,cyclic_shift_by_1,2.0,512-world-pixels,1.0,25,0.25179036458333337,25.179036458333336,74.82096354166666,0.6544660471906566,65.44660471906566,-40.267568260732325,256,equal scenes; within each scene equal conditions and equal candidates; horizons reported separately
action_strength,visible_pusht_futures_2026-10-08,block,False,wrong_condition_true_future,cyclic_shift_by_1,4.0,512-world-pixels,2.0,5,0.28109513099747474,28.109513099747474,71.89048690025253,0.6912637113320708,69.12637113320707,-41.0168580334596,256,equal scenes; within each scene equal conditions and equal candidates; horizons reported separately
action_strength,visible_pusht_futures_2026-10-08,block,False,wrong_condition_true_future,cyclic_shift_by_1,4.0,512-world-pixels,2.0,10,0.25826132417929293,25.826132417929294,74.17386758207071,0.6622055516098484,66.22055516098484,-40.39442274305555,256,equal scenes; within each scene equal conditions and equal candidates; horizons reported separately
action_strength,visible_pusht_futures_2026-10-08,block,False,wrong_condition_true_future,cyclic_shift_by_1,4.0,512-world-pixels,2.0,15,0.27165305397727274,27.165305397727273,72.83469460227272,0.6684057370580807,66.84057370580807,-39.675268308080796,256,equal scenes; within each scene equal conditions and equal candidates; horizons reported separately
action_strength,visible_pusht_futures_2026-10-08,block,False,wrong_condition_true_future,cyclic_shift_by_1,4.0,512-world-pixels,2.0,20,0.2868242976641414,28.682429766414142,71.31757023358585,0.6796450836489899,67.96450836489899,-39.28207859848485,256,equal scenes; within each scene equal conditions and equal candidates; horizons reported separately
action_strength,visible_pusht_futures_2026-10-08,block,False,wrong_condition_true_future,cyclic_shift_by_1,4.0,512-world-pixels,2.0,25,0.3089320943813131,30.893209438131308,69.10679056186869,0.6907601404671718,69.07601404671718,-38.182804608585876,256,equal scenes; within each scene equal conditions and equal candidates; horizons reported separately
action_strength,visible_pusht_futures_2026-10-08,block,False,wrong_condition_true_future,cyclic_shift_by_1,8.0,512-world-pixels,4.0,5,0.3825274226641414,38.25274226641414,61.74725773358586,0.8181966145833334,81.81966145833334,-43.5669191919192,256,equal scenes; within each scene equal conditions and equal candidates; horizons reported separately
action_strength,visible_pusht_futures_2026-10-08,block,False,wrong_condition_true_future,cyclic_shift_by_1,8.0,512-world-pixels,4.0,10,0.32441110321969696,32.441110321969695,67.5588896780303,0.7359404592803029,73.5940459280303,-41.152935606060595,256,equal scenes; within each scene equal conditions and equal candidates; horizons reported separately
action_strength,visible_pusht_futures_2026-10-08,block,False,wrong_condition_true_future,cyclic_shift_by_1,8.0,512-world-pixels,4.0,15,0.33681147411616164,33.681147411616166,66.31885258838383,0.7305762705176767,73.05762705176767,-39.37647964015151,256,equal scenes; within each scene equal conditions and equal candidates; horizons reported separately
action_strength,visible_pusht_futures_2026-10-08,block,False,wrong_condition_true_future,cyclic_shift_by_1,8.0,512-world-pixels,4.0,20,0.3592901672979798,35.92901672979798,64.07098327020202,0.7428079624368686,74.28079624368686,-38.351779513888886,256,equal scenes; within each scene equal conditions and equal candidates; horizons reported separately
action_strength,visible_pusht_futures_2026-10-08,block,False,wrong_condition_true_future,cyclic_shift_by_1,8.0,512-world-pixels,4.0,25,0.3815202809343434,38.15202809343434,61.84797190656566,0.7521474510732323,75.21474510732324,-37.06271701388889,256,equal scenes; within each scene equal conditions and equal candidates; horizons reported separately
action_strength,visible_pusht_futures_2026-10-08,block,False,wrong_condition_true_future,cyclic_shift_by_1,16.0,512-world-pixels,8.0,5,0.6363932291666667,63.63932291666667,36.36067708333333,0.964871369949495,96.4871369949495,-32.84781407828282,256,equal scenes; within each scene equal conditions and equal candidates; horizons reported separately
action_strength,visible_pusht_futures_2026-10-08,block,False,wrong_condition_true_future,cyclic_shift_by_1,16.0,512-world-pixels,8.0,10,0.471880918560606,47.1880918560606,52.8119081439394,0.864636600378788,86.4636600378788,-39.2755681818182,256,equal scenes; within each scene equal conditions and equal candidates; horizons reported separately
action_strength,visible_pusht_futures_2026-10-08,block,False,wrong_condition_true_future,cyclic_shift_by_1,16.0,512-world-pixels,8.0,15,0.4611525410353535,46.11525410353535,53.88474589646465,0.843527067550505,84.3527067550505,-38.23745265151515,256,equal scenes; within each scene equal conditions and equal candidates; horizons reported separately
action_strength,visible_pusht_futures_2026-10-08,block,False,wrong_condition_true_future,cyclic_shift_by_1,16.0,512-world-pixels,8.0,20,0.4856159248737374,48.56159248737374,51.43840751262626,0.8448094223484848,84.48094223484847,-35.91934974747474,256,equal scenes; within each scene equal conditions and equal candidates; horizons reported separately
action_strength,visible_pusht_futures_2026-10-08,block,False,wrong_condition_true_future,cyclic_shift_by_1,16.0,512-world-pixels,8.0,25,0.5042949021464647,50.429490214646464,49.570509785353536,0.8507871685606061,85.07871685606061,-34.649226641414145,256,equal scenes; within each scene equal conditions and equal candidates; horizons reported separately
action_strength,visible_pusht_futures_2026-10-08,block,False,wrong_condition_true_future,cyclic_shift_by_1,32.0,512-world-pixels,16.0,5,0.9297427398989899,92.97427398989899,7.025726010101008,1.0,100.0,-7.025726010101008,256,equal scenes; within each scene equal conditions and equal candidates; horizons reported separately
action_strength,visible_pusht_futures_2026-10-08,block,False,wrong_condition_true_future,cyclic_shift_by_1,32.0,512-world-pixels,16.0,10,0.7292732007575757,72.92732007575758,27.072679924242426,0.976406644570707,97.6406644570707,-24.713344381313128,256,equal scenes; within each scene equal conditions and equal candidates; horizons reported separately
action_strength,visible_pusht_futures_2026-10-08,block,False,wrong_condition_true_future,cyclic_shift_by_1,32.0,512-world-pixels,16.0,15,0.6870541351010101,68.70541351010101,31.29458648989899,0.9481573547979798,94.81573547979798,-26.11032196969697,256,equal scenes; within each scene equal conditions and equal candidates; horizons reported separately
action_strength,visible_pusht_futures_2026-10-08,block,False,wrong_condition_true_future,cyclic_shift_by_1,32.0,512-world-pixels,16.0,20,0.6896188446969698,68.96188446969698,31.038115530303024,0.935803345959596,93.5803345959596,-24.618450126262626,256,equal scenes; within each scene equal conditions and equal candidates; horizons reported separately
action_strength,visible_pusht_futures_2026-10-08,block,False,wrong_condition_true_future,cyclic_shift_by_1,32.0,512-world-pixels,16.0,25,0.7015743371212122,70.15743371212122,29.842566287878782,0.9349964488636364,93.49964488636364,-23.342211174242422,256,equal scenes; within each scene equal conditions and equal candidates; horizons reported separately
contact_friction,visible_pusht_futures_2026-10-08,agent,False,condition_mean_common_privileged,mean_across_hidden_conditions,2.0,512-world-pixels,1.0,5,1.0,100.0,0.0,1.0,100.0,0.0,256,equal scenes; within each scene equal conditions and equal candidates; horizons reported separately
contact_friction,visible_pusht_futures_2026-10-08,agent,False,condition_mean_common_privileged,mean_across_hidden_conditions,2.0,512-world-pixels,1.0,10,1.0,100.0,0.0,1.0,100.0,0.0,256,equal scenes; within each scene equal conditions and equal candidates; horizons reported separately
contact_friction,visible_pusht_futures_2026-10-08,agent,False,condition_mean_common_privileged,mean_across_hidden_conditions,2.0,512-world-pixels,1.0,15,1.0,100.0,0.0,1.0,100.0,0.0,256,equal scenes; within each scene equal conditions and equal candidates; horizons reported separately
contact_friction,visible_pusht_futures_2026-10-08,agent,False,condition_mean_common_privileged,mean_across_hidden_conditions,2.0,512-world-pixels,1.0,20,1.0,100.0,0.0,1.0,100.0,0.0,256,equal scenes; within each scene equal conditions and equal candidates; horizons reported separately
contact_friction,visible_pusht_futures_2026-10-08,agent,False,condition_mean_common_privileged,mean_across_hidden_conditions,2.0,512-world-pixels,1.0,25,1.0,100.0,0.0,1.0,100.0,0.0,256,equal scenes; within each scene equal conditions and equal candidates; horizons reported separately
contact_friction,visible_pusht_futures_2026-10-08,agent,False,condition_mean_common_privileged,mean_across_hidden_conditions,4.0,512-world-pixels,2.0,5,1.0,100.0,0.0,1.0,100.0,0.0,256,equal scenes; within each scene equal conditions and equal candidates; horizons reported separately
contact_friction,visible_pusht_futures_2026-10-08,agent,False,condition_mean_common_privileged,mean_across_hidden_conditions,4.0,512-world-pixels,2.0,10,1.0,100.0,0.0,1.0,100.0,0.0,256,equal scenes; within each scene equal conditions and equal candidates; horizons reported separately
contact_friction,visible_pusht_futures_2026-10-08,agent,False,condition_mean_common_privileged,mean_across_hidden_conditions,4.0,512-world-pixels,2.0,15,1.0,100.0,0.0,1.0,100.0,0.0,256,equal scenes; within each scene equal conditions and equal candidates; horizons reported separately
contact_friction,visible_pusht_futures_2026-10-08,agent,False,condition_mean_common_privileged,mean_across_hidden_conditions,4.0,512-world-pixels,2.0,20,1.0,100.0,0.0,1.0,100.0,0.0,256,equal scenes; within each scene equal conditions and equal candidates; horizons reported separately
contact_friction,visible_pusht_futures_2026-10-08,agent,False,condition_mean_common_privileged,mean_across_hidden_conditions,4.0,512-world-pixels,2.0,25,1.0,100.0,0.0,1.0,100.0,0.0,256,equal scenes; within each scene equal conditions and equal candidates; horizons reported separately
contact_friction,visible_pusht_futures_2026-10-08,agent,False,condition_mean_common_privileged,mean_across_hidden_conditions,8.0,512-world-pixels,4.0,5,1.0,100.0,0.0,1.0,100.0,0.0,256,equal scenes; within each scene equal conditions and equal candidates; horizons reported separately
contact_friction,visible_pusht_futures_2026-10-08,agent,False,condition_mean_common_privileged,mean_across_hidden_conditions,8.0,512-world-pixels,4.0,10,1.0,100.0,0.0,1.0,100.0,0.0,256,equal scenes; within each scene equal conditions and equal candidates; horizons reported separately
contact_friction,visible_pusht_futures_2026-10-08,agent,False,condition_mean_common_privileged,mean_across_hidden_conditions,8.0,512-world-pixels,4.0,15,1.0,100.0,0.0,1.0,100.0,0.0,256,equal scenes; within each scene equal conditions and equal candidates; horizons reported separately
contact_friction,visible_pusht_futures_2026-10-08,agent,False,condition_mean_common_privileged,mean_across_hidden_conditions,8.0,512-world-pixels,4.0,20,1.0,100.0,0.0,1.0,100.0,0.0,256,equal scenes; within each scene equal conditions and equal candidates; horizons reported separately
contact_friction,visible_pusht_futures_2026-10-08,agent,False,condition_mean_common_privileged,mean_across_hidden_conditions,8.0,512-world-pixels,4.0,25,1.0,100.0,0.0,1.0,100.0,0.0,256,equal scenes; within each scene equal conditions and equal candidates; horizons reported separately
contact_friction,visible_pusht_futures_2026-10-08,agent,False,condition_mean_common_privileged,mean_across_hidden_conditions,16.0,512-world-pixels,8.0,5,1.0,100.0,0.0,1.0,100.0,0.0,256,equal scenes; within each scene equal conditions and equal candidates; horizons reported separately
contact_friction,visible_pusht_futures_2026-10-08,agent,False,condition_mean_common_privileged,mean_across_hidden_conditions,16.0,512-world-pixels,8.0,10,1.0,100.0,0.0,1.0,100.0,0.0,256,equal scenes; within each scene equal conditions and equal candidates; horizons reported separately
contact_friction,visible_pusht_futures_2026-10-08,agent,False,condition_mean_common_privileged,mean_across_hidden_conditions,16.0,512-world-pixels,8.0,15,1.0,100.0,0.0,1.0,100.0,0.0,256,equal scenes; within each scene equal conditions and equal candidates; horizons reported separately
contact_friction,visible_pusht_futures_2026-10-08,agent,False,condition_mean_common_privileged,mean_across_hidden_conditions,16.0,512-world-pixels,8.0,20,1.0,100.0,0.0,1.0,100.0,0.0,256,equal scenes; within each scene equal conditions and equal candidates; horizons reported separately
contact_friction,visible_pusht_futures_2026-10-08,agent,False,condition_mean_common_privileged,mean_across_hidden_conditions,16.0,512-world-pixels,8.0,25,1.0,100.0,0.0,1.0,100.0,0.0,256,equal scenes; within each scene equal conditions and equal candidates; horizons reported separately
contact_friction,visible_pusht_futures_2026-10-08,agent,False,condition_mean_common_privileged,mean_across_hidden_conditions,32.0,512-world-pixels,16.0,5,1.0,100.0,0.0,1.0,100.0,0.0,256,equal scenes; within each scene equal conditions and equal candidates; horizons reported separately
contact_friction,visible_pusht_futures_2026-10-08,agent,False,condition_mean_common_privileged,mean_across_hidden_conditions,32.0,512-world-pixels,16.0,10,1.0,100.0,0.0,1.0,100.0,0.0,256,equal scenes; within each scene equal conditions and equal candidates; horizons reported separately
contact_friction,visible_pusht_futures_2026-10-08,agent,False,condition_mean_common_privileged,mean_across_hidden_conditions,32.0,512-world-pixels,16.0,15,1.0,100.0,0.0,1.0,100.0,0.0,256,equal scenes; within each scene equal conditions and equal candidates; horizons reported separately
contact_friction,visible_pusht_futures_2026-10-08,agent,False,condition_mean_common_privileged,mean_across_hidden_conditions,32.0,512-world-pixels,16.0,20,1.0,100.0,0.0,1.0,100.0,0.0,256,equal scenes; within each scene equal conditions and equal candidates; horizons reported separately
contact_friction,visible_pusht_futures_2026-10-08,agent,False,condition_mean_common_privileged,mean_across_hidden_conditions,32.0,512-world-pixels,16.0,25,1.0,100.0,0.0,1.0,100.0,0.0,256,equal scenes; within each scene equal conditions and equal candidates; horizons reported separately
contact_friction,visible_pusht_futures_2026-10-08,agent,False,current_state_displacement_scale,0,2.0,512-world-pixels,1.0,5,0.09461016414141415,9.461016414141415,90.53898358585859,1.0,100.0,-90.53898358585859,256,equal scenes; within each scene equal conditions and equal candidates; horizons reported separately
contact_friction,visible_pusht_futures_2026-10-08,agent,False,current_state_displacement_scale,0,2.0,512-world-pixels,1.0,10,0.1892203282828283,18.92203282828283,81.07796717171716,1.0,100.0,-81.07796717171716,256,equal scenes; within each scene equal conditions and equal candidates; horizons reported separately
contact_friction,visible_pusht_futures_2026-10-08,agent,False,current_state_displacement_scale,0,2.0,512-world-pixels,1.0,15,0.09461016414141415,9.461016414141415,90.53898358585859,1.0,100.0,-90.53898358585859,256,equal scenes; within each scene equal conditions and equal candidates; horizons reported separately
contact_friction,visible_pusht_futures_2026-10-08,agent,False,current_state_displacement_scale,0,2.0,512-world-pixels,1.0,20,0.09461016414141415,9.461016414141415,90.53898358585859,1.0,100.0,-90.53898358585859,256,equal scenes; within each scene equal conditions and equal candidates; horizons reported separately
contact_friction,visible_pusht_futures_2026-10-08,agent,False,current_state_displacement_scale,0,2.0,512-world-pixels,1.0,25,0.09461016414141415,9.461016414141415,90.53898358585859,1.0,100.0,-90.53898358585859,256,equal scenes; within each scene equal conditions and equal candidates; horizons reported separately
contact_friction,visible_pusht_futures_2026-10-08,agent,False,current_state_displacement_scale,0,4.0,512-world-pixels,2.0,5,0.09461016414141415,9.461016414141415,90.53898358585859,1.0,100.0,-90.53898358585859,256,equal scenes; within each scene equal conditions and equal candidates; horizons reported separately
contact_friction,visible_pusht_futures_2026-10-08,agent,False,current_state_displacement_scale,0,4.0,512-world-pixels,2.0,10,0.1892203282828283,18.92203282828283,81.07796717171716,1.0,100.0,-81.07796717171716,256,equal scenes; within each scene equal conditions and equal candidates; horizons reported separately
contact_friction,visible_pusht_futures_2026-10-08,agent,False,current_state_displacement_scale,0,4.0,512-world-pixels,2.0,15,0.09461016414141415,9.461016414141415,90.53898358585859,1.0,100.0,-90.53898358585859,256,equal scenes; within each scene equal conditions and equal candidates; horizons reported separately
contact_friction,visible_pusht_futures_2026-10-08,agent,False,current_state_displacement_scale,0,4.0,512-world-pixels,2.0,20,0.09461016414141415,9.461016414141415,90.53898358585859,1.0,100.0,-90.53898358585859,256,equal scenes; within each scene equal conditions and equal candidates; horizons reported separately
contact_friction,visible_pusht_futures_2026-10-08,agent,False,current_state_displacement_scale,0,4.0,512-world-pixels,2.0,25,0.09461016414141415,9.461016414141415,90.53898358585859,1.0,100.0,-90.53898358585859,256,equal scenes; within each scene equal conditions and equal candidates; horizons reported separately
contact_friction,visible_pusht_futures_2026-10-08,agent,False,current_state_displacement_scale,0,8.0,512-world-pixels,4.0,5,0.09496527777777779,9.496527777777779,90.50347222222223,1.0,100.0,-90.50347222222223,256,equal scenes; within each scene equal conditions and equal candidates; horizons reported separately
contact_friction,visible_pusht_futures_2026-10-08,agent,False,current_state_displacement_scale,0,8.0,512-world-pixels,4.0,10,0.1892203282828283,18.92203282828283,81.07796717171716,1.0,100.0,-81.07796717171716,256,equal scenes; within each scene equal conditions and equal candidates; horizons reported separately
contact_friction,visible_pusht_futures_2026-10-08,agent,False,current_state_displacement_scale,0,8.0,512-world-pixels,4.0,15,0.09461016414141415,9.461016414141415,90.53898358585859,1.0,100.0,-90.53898358585859,256,equal scenes; within each scene equal conditions and equal candidates; horizons reported separately
contact_friction,visible_pusht_futures_2026-10-08,agent,False,current_state_displacement_scale,0,8.0,512-world-pixels,4.0,20,0.09461016414141415,9.461016414141415,90.53898358585859,1.0,100.0,-90.53898358585859,256,equal scenes; within each scene equal conditions and equal candidates; horizons reported separately
contact_friction,visible_pusht_futures_2026-10-08,agent,False,current_state_displacement_scale,0,8.0,512-world-pixels,4.0,25,0.09461016414141415,9.461016414141415,90.53898358585859,1.0,100.0,-90.53898358585859,256,equal scenes; within each scene equal conditions and equal candidates; horizons reported separately
contact_friction,visible_pusht_futures_2026-10-08,agent,False,current_state_displacement_scale,0,16.0,512-world-pixels,8.0,5,0.204525726010101,20.4525726010101,79.5474273989899,1.0,100.0,-79.5474273989899,256,equal scenes; within each scene equal conditions and equal candidates; horizons reported separately
contact_friction,visible_pusht_futures_2026-10-08,agent,False,current_state_displacement_scale,0,16.0,512-world-pixels,8.0,10,0.1892203282828283,18.92203282828283,81.07796717171716,1.0,100.0,-81.07796717171716,256,equal scenes; within each scene equal conditions and equal candidates; horizons reported separately
contact_friction,visible_pusht_futures_2026-10-08,agent,False,current_state_displacement_scale,0,16.0,512-world-pixels,8.0,15,0.09496527777777779,9.496527777777779,90.50347222222223,1.0,100.0,-90.50347222222223,256,equal scenes; within each scene equal conditions and equal candidates; horizons reported separately
contact_friction,visible_pusht_futures_2026-10-08,agent,False,current_state_displacement_scale,0,16.0,512-world-pixels,8.0,20,0.09461016414141415,9.461016414141415,90.53898358585859,1.0,100.0,-90.53898358585859,256,equal scenes; within each scene equal conditions and equal candidates; horizons reported separately
contact_friction,visible_pusht_futures_2026-10-08,agent,False,current_state_displacement_scale,0,16.0,512-world-pixels,8.0,25,0.09461016414141415,9.461016414141415,90.53898358585859,1.0,100.0,-90.53898358585859,256,equal scenes; within each scene equal conditions and equal candidates; horizons reported separately
contact_friction,visible_pusht_futures_2026-10-08,agent,False,current_state_displacement_scale,0,32.0,512-world-pixels,16.0,5,0.8006313131313132,80.06313131313132,19.93686868686868,1.0,100.0,-19.93686868686868,256,equal scenes; within each scene equal conditions and equal candidates; horizons reported separately
contact_friction,visible_pusht_futures_2026-10-08,agent,False,current_state_displacement_scale,0,32.0,512-world-pixels,16.0,10,0.3880642361111111,38.806423611111114,61.19357638888889,1.0,100.0,-61.19357638888889,256,equal scenes; within each scene equal conditions and equal candidates; horizons reported separately
contact_friction,visible_pusht_futures_2026-10-08,agent,False,current_state_displacement_scale,0,32.0,512-world-pixels,16.0,15,0.2112728851010101,21.12728851010101,78.87271148989899,1.0,100.0,-78.87271148989899,256,equal scenes; within each scene equal conditions and equal candidates; horizons reported separately
contact_friction,visible_pusht_futures_2026-10-08,agent,False,current_state_displacement_scale,0,32.0,512-world-pixels,16.0,20,0.18957544191919193,18.957544191919194,81.0424558080808,1.0,100.0,-81.0424558080808,256,equal scenes; within each scene equal conditions and equal candidates; horizons reported separately
contact_friction,visible_pusht_futures_2026-10-08,agent,False,current_state_displacement_scale,0,32.0,512-world-pixels,16.0,25,0.18957544191919193,18.957544191919194,81.0424558080808,1.0,100.0,-81.0424558080808,256,equal scenes; within each scene equal conditions and equal candidates; horizons reported separately
contact_friction,visible_pusht_futures_2026-10-08,agent,False,current_state_displacement_scale,0.5,2.0,512-world-pixels,1.0,5,0.09461016414141415,9.461016414141415,90.53898358585859,1.0,100.0,-90.53898358585859,256,equal scenes; within each scene equal conditions and equal candidates; horizons reported separately
contact_friction,visible_pusht_futures_2026-10-08,agent,False,current_state_displacement_scale,0.5,2.0,512-world-pixels,1.0,10,0.1892203282828283,18.92203282828283,81.07796717171716,1.0,100.0,-81.07796717171716,256,equal scenes; within each scene equal conditions and equal candidates; horizons reported separately
contact_friction,visible_pusht_futures_2026-10-08,agent,False,current_state_displacement_scale,0.5,2.0,512-world-pixels,1.0,15,0.09461016414141415,9.461016414141415,90.53898358585859,1.0,100.0,-90.53898358585859,256,equal scenes; within each scene equal conditions and equal candidates; horizons reported separately
contact_friction,visible_pusht_futures_2026-10-08,agent,False,current_state_displacement_scale,0.5,2.0,512-world-pixels,1.0,20,0.09461016414141415,9.461016414141415,90.53898358585859,1.0,100.0,-90.53898358585859,256,equal scenes; within each scene equal conditions and equal candidates; horizons reported separately
contact_friction,visible_pusht_futures_2026-10-08,agent,False,current_state_displacement_scale,0.5,2.0,512-world-pixels,1.0,25,0.09461016414141415,9.461016414141415,90.53898358585859,1.0,100.0,-90.53898358585859,256,equal scenes; within each scene equal conditions and equal candidates; horizons reported separately
contact_friction,visible_pusht_futures_2026-10-08,agent,False,current_state_displacement_scale,0.5,4.0,512-world-pixels,2.0,5,0.09496527777777779,9.496527777777779,90.50347222222223,1.0,100.0,-90.50347222222223,256,equal scenes; within each scene equal conditions and equal candidates; horizons reported separately
contact_friction,visible_pusht_futures_2026-10-08,agent,False,current_state_displacement_scale,0.5,4.0,512-world-pixels,2.0,10,0.1892203282828283,18.92203282828283,81.07796717171716,1.0,100.0,-81.07796717171716,256,equal scenes; within each scene equal conditions and equal candidates; horizons reported separately
contact_friction,visible_pusht_futures_2026-10-08,agent,False,current_state_displacement_scale,0.5,4.0,512-world-pixels,2.0,15,0.09461016414141415,9.461016414141415,90.53898358585859,1.0,100.0,-90.53898358585859,256,equal scenes; within each scene equal conditions and equal candidates; horizons reported separately
contact_friction,visible_pusht_futures_2026-10-08,agent,False,current_state_displacement_scale,0.5,4.0,512-world-pixels,2.0,20,0.09461016414141415,9.461016414141415,90.53898358585859,1.0,100.0,-90.53898358585859,256,equal scenes; within each scene equal conditions and equal candidates; horizons reported separately
contact_friction,visible_pusht_futures_2026-10-08,agent,False,current_state_displacement_scale,0.5,4.0,512-world-pixels,2.0,25,0.09461016414141415,9.461016414141415,90.53898358585859,1.0,100.0,-90.53898358585859,256,equal scenes; within each scene equal conditions and equal candidates; horizons reported separately
contact_friction,visible_pusht_futures_2026-10-08,agent,False,current_state_displacement_scale,0.5,8.0,512-world-pixels,4.0,5,0.204525726010101,20.4525726010101,79.5474273989899,1.0,100.0,-79.5474273989899,256,equal scenes; within each scene equal conditions and equal candidates; horizons reported separately
contact_friction,visible_pusht_futures_2026-10-08,agent,False,current_state_displacement_scale,0.5,8.0,512-world-pixels,4.0,10,0.1892203282828283,18.92203282828283,81.07796717171716,1.0,100.0,-81.07796717171716,256,equal scenes; within each scene equal conditions and equal candidates; horizons reported separately
contact_friction,visible_pusht_futures_2026-10-08,agent,False,current_state_displacement_scale,0.5,8.0,512-world-pixels,4.0,15,0.09496527777777779,9.496527777777779,90.50347222222223,1.0,100.0,-90.50347222222223,256,equal scenes; within each scene equal conditions and equal candidates; horizons reported separately
contact_friction,visible_pusht_futures_2026-10-08,agent,False,current_state_displacement_scale,0.5,8.0,512-world-pixels,4.0,20,0.09461016414141415,9.461016414141415,90.53898358585859,1.0,100.0,-90.53898358585859,256,equal scenes; within each scene equal conditions and equal candidates; horizons reported separately
contact_friction,visible_pusht_futures_2026-10-08,agent,False,current_state_displacement_scale,0.5,8.0,512-world-pixels,4.0,25,0.09461016414141415,9.461016414141415,90.53898358585859,1.0,100.0,-90.53898358585859,256,equal scenes; within each scene equal conditions and equal candidates; horizons reported separately
contact_friction,visible_pusht_futures_2026-10-08,agent,False,current_state_displacement_scale,0.5,16.0,512-world-pixels,8.0,5,0.8006313131313132,80.06313131313132,19.93686868686868,1.0,100.0,-19.93686868686868,256,equal scenes; within each scene equal conditions and equal candidates; horizons reported separately
contact_friction,visible_pusht_futures_2026-10-08,agent,False,current_state_displacement_scale,0.5,16.0,512-world-pixels,8.0,10,0.3880642361111111,38.806423611111114,61.19357638888889,1.0,100.0,-61.19357638888889,256,equal scenes; within each scene equal conditions and equal candidates; horizons reported separately
contact_friction,visible_pusht_futures_2026-10-08,agent,False,current_state_displacement_scale,0.5,16.0,512-world-pixels,8.0,15,0.2112728851010101,21.12728851010101,78.87271148989899,1.0,100.0,-78.87271148989899,256,equal scenes; within each scene equal conditions and equal candidates; horizons reported separately
contact_friction,visible_pusht_futures_2026-10-08,agent,False,current_state_displacement_scale,0.5,16.0,512-world-pixels,8.0,20,0.18957544191919193,18.957544191919194,81.0424558080808,1.0,100.0,-81.0424558080808,256,equal scenes; within each scene equal conditions and equal candidates; horizons reported separately
contact_friction,visible_pusht_futures_2026-10-08,agent,False,current_state_displacement_scale,0.5,16.0,512-world-pixels,8.0,25,0.18957544191919193,18.957544191919194,81.0424558080808,1.0,100.0,-81.0424558080808,256,equal scenes; within each scene equal conditions and equal candidates; horizons reported separately
contact_friction,visible_pusht_futures_2026-10-08,agent,False,current_state_displacement_scale,0.5,32.0,512-world-pixels,16.0,5,1.0,100.0,0.0,1.0,100.0,0.0,256,equal scenes; within each scene equal conditions and equal candidates; horizons reported separately
contact_friction,visible_pusht_futures_2026-10-08,agent,False,current_state_displacement_scale,0.5,32.0,512-world-pixels,16.0,10,0.8006313131313132,80.06313131313132,19.93686868686868,1.0,100.0,-19.93686868686868,256,equal scenes; within each scene equal conditions and equal candidates; horizons reported separately
contact_friction,visible_pusht_futures_2026-10-08,agent,False,current_state_displacement_scale,0.5,32.0,512-world-pixels,16.0,15,0.4956360479797979,49.563604797979785,50.436395202020215,1.0,100.0,-50.436395202020215,256,equal scenes; within each scene equal conditions and equal candidates; horizons reported separately
contact_friction,visible_pusht_futures_2026-10-08,agent,False,current_state_displacement_scale,0.5,32.0,512-world-pixels,16.0,20,0.4008838383838384,40.08838383838384,59.91161616161615,1.0,100.0,-59.91161616161615,256,equal scenes; within each scene equal conditions and equal candidates; horizons reported separately
contact_friction,visible_pusht_futures_2026-10-08,agent,False,current_state_displacement_scale,0.5,32.0,512-world-pixels,16.0,25,0.29913589015151504,29.913589015151505,70.08641098484848,1.0,100.0,-70.08641098484848,256,equal scenes; within each scene equal conditions and equal candidates; horizons reported separately
contact_friction,visible_pusht_futures_2026-10-08,agent,False,current_state_displacement_scale,1,2.0,512-world-pixels,1.0,5,1.0,100.0,0.0,1.0,100.0,0.0,256,equal scenes; within each scene equal conditions and equal candidates; horizons reported separately
contact_friction,visible_pusht_futures_2026-10-08,agent,False,current_state_displacement_scale,1,2.0,512-world-pixels,1.0,10,1.0,100.0,0.0,1.0,100.0,0.0,256,equal scenes; within each scene equal conditions and equal candidates; horizons reported separately
contact_friction,visible_pusht_futures_2026-10-08,agent,False,current_state_displacement_scale,1,2.0,512-world-pixels,1.0,15,1.0,100.0,0.0,1.0,100.0,0.0,256,equal scenes; within each scene equal conditions and equal candidates; horizons reported separately
contact_friction,visible_pusht_futures_2026-10-08,agent,False,current_state_displacement_scale,1,2.0,512-world-pixels,1.0,20,1.0,100.0,0.0,1.0,100.0,0.0,256,equal scenes; within each scene equal conditions and equal candidates; horizons reported separately
contact_friction,visible_pusht_futures_2026-10-08,agent,False,current_state_displacement_scale,1,2.0,512-world-pixels,1.0,25,1.0,100.0,0.0,1.0,100.0,0.0,256,equal scenes; within each scene equal conditions and equal candidates; horizons reported separately
contact_friction,visible_pusht_futures_2026-10-08,agent,False,current_state_displacement_scale,1,4.0,512-world-pixels,2.0,5,1.0,100.0,0.0,1.0,100.0,0.0,256,equal scenes; within each scene equal conditions and equal candidates; horizons reported separately
contact_friction,visible_pusht_futures_2026-10-08,agent,False,current_state_displacement_scale,1,4.0,512-world-pixels,2.0,10,1.0,100.0,0.0,1.0,100.0,0.0,256,equal scenes; within each scene equal conditions and equal candidates; horizons reported separately
contact_friction,visible_pusht_futures_2026-10-08,agent,False,current_state_displacement_scale,1,4.0,512-world-pixels,2.0,15,1.0,100.0,0.0,1.0,100.0,0.0,256,equal scenes; within each scene equal conditions and equal candidates; horizons reported separately
contact_friction,visible_pusht_futures_2026-10-08,agent,False,current_state_displacement_scale,1,4.0,512-world-pixels,2.0,20,1.0,100.0,0.0,1.0,100.0,0.0,256,equal scenes; within each scene equal conditions and equal candidates; horizons reported separately
contact_friction,visible_pusht_futures_2026-10-08,agent,False,current_state_displacement_scale,1,4.0,512-world-pixels,2.0,25,1.0,100.0,0.0,1.0,100.0,0.0,256,equal scenes; within each scene equal conditions and equal candidates; horizons reported separately
contact_friction,visible_pusht_futures_2026-10-08,agent,False,current_state_displacement_scale,1,8.0,512-world-pixels,4.0,5,1.0,100.0,0.0,1.0,100.0,0.0,256,equal scenes; within each scene equal conditions and equal candidates; horizons reported separately
contact_friction,visible_pusht_futures_2026-10-08,agent,False,current_state_displacement_scale,1,8.0,512-world-pixels,4.0,10,1.0,100.0,0.0,1.0,100.0,0.0,256,equal scenes; within each scene equal conditions and equal candidates; horizons reported separately
contact_friction,visible_pusht_futures_2026-10-08,agent,False,current_state_displacement_scale,1,8.0,512-world-pixels,4.0,15,1.0,100.0,0.0,1.0,100.0,0.0,256,equal scenes; within each scene equal conditions and equal candidates; horizons reported separately
contact_friction,visible_pusht_futures_2026-10-08,agent,False,current_state_displacement_scale,1,8.0,512-world-pixels,4.0,20,1.0,100.0,0.0,1.0,100.0,0.0,256,equal scenes; within each scene equal conditions and equal candidates; horizons reported separately
contact_friction,visible_pusht_futures_2026-10-08,agent,False,current_state_displacement_scale,1,8.0,512-world-pixels,4.0,25,1.0,100.0,0.0,1.0,100.0,0.0,256,equal scenes; within each scene equal conditions and equal candidates; horizons reported separately
contact_friction,visible_pusht_futures_2026-10-08,agent,False,current_state_displacement_scale,1,16.0,512-world-pixels,8.0,5,1.0,100.0,0.0,1.0,100.0,0.0,256,equal scenes; within each scene equal conditions and equal candidates; horizons reported separately
contact_friction,visible_pusht_futures_2026-10-08,agent,False,current_state_displacement_scale,1,16.0,512-world-pixels,8.0,10,1.0,100.0,0.0,1.0,100.0,0.0,256,equal scenes; within each scene equal conditions and equal candidates; horizons reported separately
contact_friction,visible_pusht_futures_2026-10-08,agent,False,current_state_displacement_scale,1,16.0,512-world-pixels,8.0,15,1.0,100.0,0.0,1.0,100.0,0.0,256,equal scenes; within each scene equal conditions and equal candidates; horizons reported separately
contact_friction,visible_pusht_futures_2026-10-08,agent,False,current_state_displacement_scale,1,16.0,512-world-pixels,8.0,20,1.0,100.0,0.0,1.0,100.0,0.0,256,equal scenes; within each scene equal conditions and equal candidates; horizons reported separately
contact_friction,visible_pusht_futures_2026-10-08,agent,False,current_state_displacement_scale,1,16.0,512-world-pixels,8.0,25,1.0,100.0,0.0,1.0,100.0,0.0,256,equal scenes; within each scene equal conditions and equal candidates; horizons reported separately
contact_friction,visible_pusht_futures_2026-10-08,agent,False,current_state_displacement_scale,1,32.0,512-world-pixels,16.0,5,1.0,100.0,0.0,1.0,100.0,0.0,256,equal scenes; within each scene equal conditions and equal candidates; horizons reported separately
contact_friction,visible_pusht_futures_2026-10-08,agent,False,current_state_displacement_scale,1,32.0,512-world-pixels,16.0,10,1.0,100.0,0.0,1.0,100.0,0.0,256,equal scenes; within each scene equal conditions and equal candidates; horizons reported separately
contact_friction,visible_pusht_futures_2026-10-08,agent,False,current_state_displacement_scale,1,32.0,512-world-pixels,16.0,15,1.0,100.0,0.0,1.0,100.0,0.0,256,equal scenes; within each scene equal conditions and equal candidates; horizons reported separately
contact_friction,visible_pusht_futures_2026-10-08,agent,False,current_state_displacement_scale,1,32.0,512-world-pixels,16.0,20,1.0,100.0,0.0,1.0,100.0,0.0,256,equal scenes; within each scene equal conditions and equal candidates; horizons reported separately
contact_friction,visible_pusht_futures_2026-10-08,agent,False,current_state_displacement_scale,1,32.0,512-world-pixels,16.0,25,1.0,100.0,0.0,1.0,100.0,0.0,256,equal scenes; within each scene equal conditions and equal candidates; horizons reported separately
contact_friction,visible_pusht_futures_2026-10-08,agent,False,current_state_displacement_scale,1.5,2.0,512-world-pixels,1.0,5,0.09461016414141415,9.461016414141415,90.53898358585859,1.0,100.0,-90.53898358585859,256,equal scenes; within each scene equal conditions and equal candidates; horizons reported separately
contact_friction,visible_pusht_futures_2026-10-08,agent,False,current_state_displacement_scale,1.5,2.0,512-world-pixels,1.0,10,0.1892203282828283,18.92203282828283,81.07796717171716,1.0,100.0,-81.07796717171716,256,equal scenes; within each scene equal conditions and equal candidates; horizons reported separately
contact_friction,visible_pusht_futures_2026-10-08,agent,False,current_state_displacement_scale,1.5,2.0,512-world-pixels,1.0,15,0.09461016414141415,9.461016414141415,90.53898358585859,1.0,100.0,-90.53898358585859,256,equal scenes; within each scene equal conditions and equal candidates; horizons reported separately
contact_friction,visible_pusht_futures_2026-10-08,agent,False,current_state_displacement_scale,1.5,2.0,512-world-pixels,1.0,20,0.09461016414141415,9.461016414141415,90.53898358585859,1.0,100.0,-90.53898358585859,256,equal scenes; within each scene equal conditions and equal candidates; horizons reported separately
contact_friction,visible_pusht_futures_2026-10-08,agent,False,current_state_displacement_scale,1.5,2.0,512-world-pixels,1.0,25,0.09461016414141415,9.461016414141415,90.53898358585859,1.0,100.0,-90.53898358585859,256,equal scenes; within each scene equal conditions and equal candidates; horizons reported separately
contact_friction,visible_pusht_futures_2026-10-08,agent,False,current_state_displacement_scale,1.5,4.0,512-world-pixels,2.0,5,0.09496527777777779,9.496527777777779,90.50347222222223,1.0,100.0,-90.50347222222223,256,equal scenes; within each scene equal conditions and equal candidates; horizons reported separately
contact_friction,visible_pusht_futures_2026-10-08,agent,False,current_state_displacement_scale,1.5,4.0,512-world-pixels,2.0,10,0.1892203282828283,18.92203282828283,81.07796717171716,1.0,100.0,-81.07796717171716,256,equal scenes; within each scene equal conditions and equal candidates; horizons reported separately
contact_friction,visible_pusht_futures_2026-10-08,agent,False,current_state_displacement_scale,1.5,4.0,512-world-pixels,2.0,15,0.09461016414141415,9.461016414141415,90.53898358585859,1.0,100.0,-90.53898358585859,256,equal scenes; within each scene equal conditions and equal candidates; horizons reported separately
contact_friction,visible_pusht_futures_2026-10-08,agent,False,current_state_displacement_scale,1.5,4.0,512-world-pixels,2.0,20,0.09461016414141415,9.461016414141415,90.53898358585859,1.0,100.0,-90.53898358585859,256,equal scenes; within each scene equal conditions and equal candidates; horizons reported separately
contact_friction,visible_pusht_futures_2026-10-08,agent,False,current_state_displacement_scale,1.5,4.0,512-world-pixels,2.0,25,0.09461016414141415,9.461016414141415,90.53898358585859,1.0,100.0,-90.53898358585859,256,equal scenes; within each scene equal conditions and equal candidates; horizons reported separately
contact_friction,visible_pusht_futures_2026-10-08,agent,False,current_state_displacement_scale,1.5,8.0,512-world-pixels,4.0,5,0.204525726010101,20.4525726010101,79.5474273989899,1.0,100.0,-79.5474273989899,256,equal scenes; within each scene equal conditions and equal candidates; horizons reported separately
contact_friction,visible_pusht_futures_2026-10-08,agent,False,current_state_displacement_scale,1.5,8.0,512-world-pixels,4.0,10,0.1892203282828283,18.92203282828283,81.07796717171716,1.0,100.0,-81.07796717171716,256,equal scenes; within each scene equal conditions and equal candidates; horizons reported separately
contact_friction,visible_pusht_futures_2026-10-08,agent,False,current_state_displacement_scale,1.5,8.0,512-world-pixels,4.0,15,0.09496527777777779,9.496527777777779,90.50347222222223,1.0,100.0,-90.50347222222223,256,equal scenes; within each scene equal conditions and equal candidates; horizons reported separately
contact_friction,visible_pusht_futures_2026-10-08,agent,False,current_state_displacement_scale,1.5,8.0,512-world-pixels,4.0,20,0.09461016414141415,9.461016414141415,90.53898358585859,1.0,100.0,-90.53898358585859,256,equal scenes; within each scene equal conditions and equal candidates; horizons reported separately
contact_friction,visible_pusht_futures_2026-10-08,agent,False,current_state_displacement_scale,1.5,8.0,512-world-pixels,4.0,25,0.09461016414141415,9.461016414141415,90.53898358585859,1.0,100.0,-90.53898358585859,256,equal scenes; within each scene equal conditions and equal candidates; horizons reported separately
contact_friction,visible_pusht_futures_2026-10-08,agent,False,current_state_displacement_scale,1.5,16.0,512-world-pixels,8.0,5,0.8006313131313132,80.06313131313132,19.93686868686868,1.0,100.0,-19.93686868686868,256,equal scenes; within each scene equal conditions and equal candidates; horizons reported separately
contact_friction,visible_pusht_futures_2026-10-08,agent,False,current_state_displacement_scale,1.5,16.0,512-world-pixels,8.0,10,0.3880642361111111,38.806423611111114,61.19357638888889,1.0,100.0,-61.19357638888889,256,equal scenes; within each scene equal conditions and equal candidates; horizons reported separately
contact_friction,visible_pusht_futures_2026-10-08,agent,False,current_state_displacement_scale,1.5,16.0,512-world-pixels,8.0,15,0.2112728851010101,21.12728851010101,78.87271148989899,1.0,100.0,-78.87271148989899,256,equal scenes; within each scene equal conditions and equal candidates; horizons reported separately
contact_friction,visible_pusht_futures_2026-10-08,agent,False,current_state_displacement_scale,1.5,16.0,512-world-pixels,8.0,20,0.18957544191919193,18.957544191919194,81.0424558080808,1.0,100.0,-81.0424558080808,256,equal scenes; within each scene equal conditions and equal candidates; horizons reported separately
contact_friction,visible_pusht_futures_2026-10-08,agent,False,current_state_displacement_scale,1.5,16.0,512-world-pixels,8.0,25,0.18957544191919193,18.957544191919194,81.0424558080808,1.0,100.0,-81.0424558080808,256,equal scenes; within each scene equal conditions and equal candidates; horizons reported separately
contact_friction,visible_pusht_futures_2026-10-08,agent,False,current_state_displacement_scale,1.5,32.0,512-world-pixels,16.0,5,1.0,100.0,0.0,1.0,100.0,0.0,256,equal scenes; within each scene equal conditions and equal candidates; horizons reported separately
contact_friction,visible_pusht_futures_2026-10-08,agent,False,current_state_displacement_scale,1.5,32.0,512-world-pixels,16.0,10,0.8006313131313132,80.06313131313132,19.93686868686868,1.0,100.0,-19.93686868686868,256,equal scenes; within each scene equal conditions and equal candidates; horizons reported separately
contact_friction,visible_pusht_futures_2026-10-08,agent,False,current_state_displacement_scale,1.5,32.0,512-world-pixels,16.0,15,0.4956360479797979,49.563604797979785,50.436395202020215,1.0,100.0,-50.436395202020215,256,equal scenes; within each scene equal conditions and equal candidates; horizons reported separately
contact_friction,visible_pusht_futures_2026-10-08,agent,False,current_state_displacement_scale,1.5,32.0,512-world-pixels,16.0,20,0.4008838383838384,40.08838383838384,59.91161616161615,1.0,100.0,-59.91161616161615,256,equal scenes; within each scene equal conditions and equal candidates; horizons reported separately
contact_friction,visible_pusht_futures_2026-10-08,agent,False,current_state_displacement_scale,1.5,32.0,512-world-pixels,16.0,25,0.29913589015151504,29.913589015151505,70.08641098484848,1.0,100.0,-70.08641098484848,256,equal scenes; within each scene equal conditions and equal candidates; horizons reported separately
contact_friction,visible_pusht_futures_2026-10-08,agent,False,current_state_displacement_scale,2,2.0,512-world-pixels,1.0,5,0.09461016414141415,9.461016414141415,90.53898358585859,1.0,100.0,-90.53898358585859,256,equal scenes; within each scene equal conditions and equal candidates; horizons reported separately
contact_friction,visible_pusht_futures_2026-10-08,agent,False,current_state_displacement_scale,2,2.0,512-world-pixels,1.0,10,0.1892203282828283,18.92203282828283,81.07796717171716,1.0,100.0,-81.07796717171716,256,equal scenes; within each scene equal conditions and equal candidates; horizons reported separately
contact_friction,visible_pusht_futures_2026-10-08,agent,False,current_state_displacement_scale,2,2.0,512-world-pixels,1.0,15,0.09461016414141415,9.461016414141415,90.53898358585859,1.0,100.0,-90.53898358585859,256,equal scenes; within each scene equal conditions and equal candidates; horizons reported separately
contact_friction,visible_pusht_futures_2026-10-08,agent,False,current_state_displacement_scale,2,2.0,512-world-pixels,1.0,20,0.09461016414141415,9.461016414141415,90.53898358585859,1.0,100.0,-90.53898358585859,256,equal scenes; within each scene equal conditions and equal candidates; horizons reported separately
contact_friction,visible_pusht_futures_2026-10-08,agent,False,current_state_displacement_scale,2,2.0,512-world-pixels,1.0,25,0.09461016414141415,9.461016414141415,90.53898358585859,1.0,100.0,-90.53898358585859,256,equal scenes; within each scene equal conditions and equal candidates; horizons reported separately
contact_friction,visible_pusht_futures_2026-10-08,agent,False,current_state_displacement_scale,2,4.0,512-world-pixels,2.0,5,0.09461016414141415,9.461016414141415,90.53898358585859,1.0,100.0,-90.53898358585859,256,equal scenes; within each scene equal conditions and equal candidates; horizons reported separately
contact_friction,visible_pusht_futures_2026-10-08,agent,False,current_state_displacement_scale,2,4.0,512-world-pixels,2.0,10,0.1892203282828283,18.92203282828283,81.07796717171716,1.0,100.0,-81.07796717171716,256,equal scenes; within each scene equal conditions and equal candidates; horizons reported separately
contact_friction,visible_pusht_futures_2026-10-08,agent,False,current_state_displacement_scale,2,4.0,512-world-pixels,2.0,15,0.09461016414141415,9.461016414141415,90.53898358585859,1.0,100.0,-90.53898358585859,256,equal scenes; within each scene equal conditions and equal candidates; horizons reported separately
contact_friction,visible_pusht_futures_2026-10-08,agent,False,current_state_displacement_scale,2,4.0,512-world-pixels,2.0,20,0.09461016414141415,9.461016414141415,90.53898358585859,1.0,100.0,-90.53898358585859,256,equal scenes; within each scene equal conditions and equal candidates; horizons reported separately
contact_friction,visible_pusht_futures_2026-10-08,agent,False,current_state_displacement_scale,2,4.0,512-world-pixels,2.0,25,0.09461016414141415,9.461016414141415,90.53898358585859,1.0,100.0,-90.53898358585859,256,equal scenes; within each scene equal conditions and equal candidates; horizons reported separately
contact_friction,visible_pusht_futures_2026-10-08,agent,False,current_state_displacement_scale,2,8.0,512-world-pixels,4.0,5,0.09496527777777779,9.496527777777779,90.50347222222223,1.0,100.0,-90.50347222222223,256,equal scenes; within each scene equal conditions and equal candidates; horizons reported separately
contact_friction,visible_pusht_futures_2026-10-08,agent,False,current_state_displacement_scale,2,8.0,512-world-pixels,4.0,10,0.1892203282828283,18.92203282828283,81.07796717171716,1.0,100.0,-81.07796717171716,256,equal scenes; within each scene equal conditions and equal candidates; horizons reported separately
contact_friction,visible_pusht_futures_2026-10-08,agent,False,current_state_displacement_scale,2,8.0,512-world-pixels,4.0,15,0.09461016414141415,9.461016414141415,90.53898358585859,1.0,100.0,-90.53898358585859,256,equal scenes; within each scene equal conditions and equal candidates; horizons reported separately
contact_friction,visible_pusht_futures_2026-10-08,agent,False,current_state_displacement_scale,2,8.0,512-world-pixels,4.0,20,0.09461016414141415,9.461016414141415,90.53898358585859,1.0,100.0,-90.53898358585859,256,equal scenes; within each scene equal conditions and equal candidates; horizons reported separately
contact_friction,visible_pusht_futures_2026-10-08,agent,False,current_state_displacement_scale,2,8.0,512-world-pixels,4.0,25,0.09461016414141415,9.461016414141415,90.53898358585859,1.0,100.0,-90.53898358585859,256,equal scenes; within each scene equal conditions and equal candidates; horizons reported separately
contact_friction,visible_pusht_futures_2026-10-08,agent,False,current_state_displacement_scale,2,16.0,512-world-pixels,8.0,5,0.204525726010101,20.4525726010101,79.5474273989899,1.0,100.0,-79.5474273989899,256,equal scenes; within each scene equal conditions and equal candidates; horizons reported separately
contact_friction,visible_pusht_futures_2026-10-08,agent,False,current_state_displacement_scale,2,16.0,512-world-pixels,8.0,10,0.1892203282828283,18.92203282828283,81.07796717171716,1.0,100.0,-81.07796717171716,256,equal scenes; within each scene equal conditions and equal candidates; horizons reported separately
contact_friction,visible_pusht_futures_2026-10-08,agent,False,current_state_displacement_scale,2,16.0,512-world-pixels,8.0,15,0.09496527777777779,9.496527777777779,90.50347222222223,1.0,100.0,-90.50347222222223,256,equal scenes; within each scene equal conditions and equal candidates; horizons reported separately
contact_friction,visible_pusht_futures_2026-10-08,agent,False,current_state_displacement_scale,2,16.0,512-world-pixels,8.0,20,0.09461016414141415,9.461016414141415,90.53898358585859,1.0,100.0,-90.53898358585859,256,equal scenes; within each scene equal conditions and equal candidates; horizons reported separately
contact_friction,visible_pusht_futures_2026-10-08,agent,False,current_state_displacement_scale,2,16.0,512-world-pixels,8.0,25,0.09461016414141415,9.461016414141415,90.53898358585859,1.0,100.0,-90.53898358585859,256,equal scenes; within each scene equal conditions and equal candidates; horizons reported separately
contact_friction,visible_pusht_futures_2026-10-08,agent,False,current_state_displacement_scale,2,32.0,512-world-pixels,16.0,5,0.8006313131313132,80.06313131313132,19.93686868686868,1.0,100.0,-19.93686868686868,256,equal scenes; within each scene equal conditions and equal candidates; horizons reported separately
contact_friction,visible_pusht_futures_2026-10-08,agent,False,current_state_displacement_scale,2,32.0,512-world-pixels,16.0,10,0.3880642361111111,38.806423611111114,61.19357638888889,1.0,100.0,-61.19357638888889,256,equal scenes; within each scene equal conditions and equal candidates; horizons reported separately
contact_friction,visible_pusht_futures_2026-10-08,agent,False,current_state_displacement_scale,2,32.0,512-world-pixels,16.0,15,0.2112728851010101,21.12728851010101,78.87271148989899,1.0,100.0,-78.87271148989899,256,equal scenes; within each scene equal conditions and equal candidates; horizons reported separately
contact_friction,visible_pusht_futures_2026-10-08,agent,False,current_state_displacement_scale,2,32.0,512-world-pixels,16.0,20,0.18957544191919193,18.957544191919194,81.0424558080808,1.0,100.0,-81.0424558080808,256,equal scenes; within each scene equal conditions and equal candidates; horizons reported separately
contact_friction,visible_pusht_futures_2026-10-08,agent,False,current_state_displacement_scale,2,32.0,512-world-pixels,16.0,25,0.18957544191919193,18.957544191919194,81.0424558080808,1.0,100.0,-81.0424558080808,256,equal scenes; within each scene equal conditions and equal candidates; horizons reported separately
contact_friction,visible_pusht_futures_2026-10-08,agent,False,exact_truth,,2.0,512-world-pixels,1.0,5,1.0,100.0,0.0,1.0,100.0,0.0,256,equal scenes; within each scene equal conditions and equal candidates; horizons reported separately
contact_friction,visible_pusht_futures_2026-10-08,agent,False,exact_truth,,2.0,512-world-pixels,1.0,10,1.0,100.0,0.0,1.0,100.0,0.0,256,equal scenes; within each scene equal conditions and equal candidates; horizons reported separately
contact_friction,visible_pusht_futures_2026-10-08,agent,False,exact_truth,,2.0,512-world-pixels,1.0,15,1.0,100.0,0.0,1.0,100.0,0.0,256,equal scenes; within each scene equal conditions and equal candidates; horizons reported separately
contact_friction,visible_pusht_futures_2026-10-08,agent,False,exact_truth,,2.0,512-world-pixels,1.0,20,1.0,100.0,0.0,1.0,100.0,0.0,256,equal scenes; within each scene equal conditions and equal candidates; horizons reported separately
contact_friction,visible_pusht_futures_2026-10-08,agent,False,exact_truth,,2.0,512-world-pixels,1.0,25,1.0,100.0,0.0,1.0,100.0,0.0,256,equal scenes; within each scene equal conditions and equal candidates; horizons reported separately
contact_friction,visible_pusht_futures_2026-10-08,agent,False,exact_truth,,4.0,512-world-pixels,2.0,5,1.0,100.0,0.0,1.0,100.0,0.0,256,equal scenes; within each scene equal conditions and equal candidates; horizons reported separately
contact_friction,visible_pusht_futures_2026-10-08,agent,False,exact_truth,,4.0,512-world-pixels,2.0,10,1.0,100.0,0.0,1.0,100.0,0.0,256,equal scenes; within each scene equal conditions and equal candidates; horizons reported separately
contact_friction,visible_pusht_futures_2026-10-08,agent,False,exact_truth,,4.0,512-world-pixels,2.0,15,1.0,100.0,0.0,1.0,100.0,0.0,256,equal scenes; within each scene equal conditions and equal candidates; horizons reported separately
contact_friction,visible_pusht_futures_2026-10-08,agent,False,exact_truth,,4.0,512-world-pixels,2.0,20,1.0,100.0,0.0,1.0,100.0,0.0,256,equal scenes; within each scene equal conditions and equal candidates; horizons reported separately
contact_friction,visible_pusht_futures_2026-10-08,agent,False,exact_truth,,4.0,512-world-pixels,2.0,25,1.0,100.0,0.0,1.0,100.0,0.0,256,equal scenes; within each scene equal conditions and equal candidates; horizons reported separately
contact_friction,visible_pusht_futures_2026-10-08,agent,False,exact_truth,,8.0,512-world-pixels,4.0,5,1.0,100.0,0.0,1.0,100.0,0.0,256,equal scenes; within each scene equal conditions and equal candidates; horizons reported separately
contact_friction,visible_pusht_futures_2026-10-08,agent,False,exact_truth,,8.0,512-world-pixels,4.0,10,1.0,100.0,0.0,1.0,100.0,0.0,256,equal scenes; within each scene equal conditions and equal candidates; horizons reported separately
contact_friction,visible_pusht_futures_2026-10-08,agent,False,exact_truth,,8.0,512-world-pixels,4.0,15,1.0,100.0,0.0,1.0,100.0,0.0,256,equal scenes; within each scene equal conditions and equal candidates; horizons reported separately
contact_friction,visible_pusht_futures_2026-10-08,agent,False,exact_truth,,8.0,512-world-pixels,4.0,20,1.0,100.0,0.0,1.0,100.0,0.0,256,equal scenes; within each scene equal conditions and equal candidates; horizons reported separately
contact_friction,visible_pusht_futures_2026-10-08,agent,False,exact_truth,,8.0,512-world-pixels,4.0,25,1.0,100.0,0.0,1.0,100.0,0.0,256,equal scenes; within each scene equal conditions and equal candidates; horizons reported separately
contact_friction,visible_pusht_futures_2026-10-08,agent,False,exact_truth,,16.0,512-world-pixels,8.0,5,1.0,100.0,0.0,1.0,100.0,0.0,256,equal scenes; within each scene equal conditions and equal candidates; horizons reported separately
contact_friction,visible_pusht_futures_2026-10-08,agent,False,exact_truth,,16.0,512-world-pixels,8.0,10,1.0,100.0,0.0,1.0,100.0,0.0,256,equal scenes; within each scene equal conditions and equal candidates; horizons reported separately
contact_friction,visible_pusht_futures_2026-10-08,agent,False,exact_truth,,16.0,512-world-pixels,8.0,15,1.0,100.0,0.0,1.0,100.0,0.0,256,equal scenes; within each scene equal conditions and equal candidates; horizons reported separately
contact_friction,visible_pusht_futures_2026-10-08,agent,False,exact_truth,,16.0,512-world-pixels,8.0,20,1.0,100.0,0.0,1.0,100.0,0.0,256,equal scenes; within each scene equal conditions and equal candidates; horizons reported separately
contact_friction,visible_pusht_futures_2026-10-08,agent,False,exact_truth,,16.0,512-world-pixels,8.0,25,1.0,100.0,0.0,1.0,100.0,0.0,256,equal scenes; within each scene equal conditions and equal candidates; horizons reported separately
contact_friction,visible_pusht_futures_2026-10-08,agent,False,exact_truth,,32.0,512-world-pixels,16.0,5,1.0,100.0,0.0,1.0,100.0,0.0,256,equal scenes; within each scene equal conditions and equal candidates; horizons reported separately
contact_friction,visible_pusht_futures_2026-10-08,agent,False,exact_truth,,32.0,512-world-pixels,16.0,10,1.0,100.0,0.0,1.0,100.0,0.0,256,equal scenes; within each scene equal conditions and equal candidates; horizons reported separately
contact_friction,visible_pusht_futures_2026-10-08,agent,False,exact_truth,,32.0,512-world-pixels,16.0,15,1.0,100.0,0.0,1.0,100.0,0.0,256,equal scenes; within each scene equal conditions and equal candidates; horizons reported separately
contact_friction,visible_pusht_futures_2026-10-08,agent,False,exact_truth,,32.0,512-world-pixels,16.0,20,1.0,100.0,0.0,1.0,100.0,0.0,256,equal scenes; within each scene equal conditions and equal candidates; horizons reported separately
contact_friction,visible_pusht_futures_2026-10-08,agent,False,exact_truth,,32.0,512-world-pixels,16.0,25,1.0,100.0,0.0,1.0,100.0,0.0,256,equal scenes; within each scene equal conditions and equal candidates; horizons reported separately
contact_friction,visible_pusht_futures_2026-10-08,agent,False,fixed_norm_offset,1,2.0,512-world-pixels,1.0,5,1.0,100.0,0.0,1.0,100.0,0.0,256,equal scenes; within each scene equal conditions and equal candidates; horizons reported separately
contact_friction,visible_pusht_futures_2026-10-08,agent,False,fixed_norm_offset,1,2.0,512-world-pixels,1.0,10,1.0,100.0,0.0,1.0,100.0,0.0,256,equal scenes; within each scene equal conditions and equal candidates; horizons reported separately
contact_friction,visible_pusht_futures_2026-10-08,agent,False,fixed_norm_offset,1,2.0,512-world-pixels,1.0,15,1.0,100.0,0.0,1.0,100.0,0.0,256,equal scenes; within each scene equal conditions and equal candidates; horizons reported separately
contact_friction,visible_pusht_futures_2026-10-08,agent,False,fixed_norm_offset,1,2.0,512-world-pixels,1.0,20,1.0,100.0,0.0,1.0,100.0,0.0,256,equal scenes; within each scene equal conditions and equal candidates; horizons reported separately
contact_friction,visible_pusht_futures_2026-10-08,agent,False,fixed_norm_offset,1,2.0,512-world-pixels,1.0,25,1.0,100.0,0.0,1.0,100.0,0.0,256,equal scenes; within each scene equal conditions and equal candidates; horizons reported separately
contact_friction,visible_pusht_futures_2026-10-08,agent,False,fixed_norm_offset,1,4.0,512-world-pixels,2.0,5,1.0,100.0,0.0,1.0,100.0,0.0,256,equal scenes; within each scene equal conditions and equal candidates; horizons reported separately
contact_friction,visible_pusht_futures_2026-10-08,agent,False,fixed_norm_offset,1,4.0,512-world-pixels,2.0,10,1.0,100.0,0.0,1.0,100.0,0.0,256,equal scenes; within each scene equal conditions and equal candidates; horizons reported separately
contact_friction,visible_pusht_futures_2026-10-08,agent,False,fixed_norm_offset,1,4.0,512-world-pixels,2.0,15,1.0,100.0,0.0,1.0,100.0,0.0,256,equal scenes; within each scene equal conditions and equal candidates; horizons reported separately
contact_friction,visible_pusht_futures_2026-10-08,agent,False,fixed_norm_offset,1,4.0,512-world-pixels,2.0,20,1.0,100.0,0.0,1.0,100.0,0.0,256,equal scenes; within each scene equal conditions and equal candidates; horizons reported separately
contact_friction,visible_pusht_futures_2026-10-08,agent,False,fixed_norm_offset,1,4.0,512-world-pixels,2.0,25,1.0,100.0,0.0,1.0,100.0,0.0,256,equal scenes; within each scene equal conditions and equal candidates; horizons reported separately
contact_friction,visible_pusht_futures_2026-10-08,agent,False,fixed_norm_offset,1,8.0,512-world-pixels,4.0,5,1.0,100.0,0.0,1.0,100.0,0.0,256,equal scenes; within each scene equal conditions and equal candidates; horizons reported separately
contact_friction,visible_pusht_futures_2026-10-08,agent,False,fixed_norm_offset,1,8.0,512-world-pixels,4.0,10,1.0,100.0,0.0,1.0,100.0,0.0,256,equal scenes; within each scene equal conditions and equal candidates; horizons reported separately
contact_friction,visible_pusht_futures_2026-10-08,agent,False,fixed_norm_offset,1,8.0,512-world-pixels,4.0,15,1.0,100.0,0.0,1.0,100.0,0.0,256,equal scenes; within each scene equal conditions and equal candidates; horizons reported separately
contact_friction,visible_pusht_futures_2026-10-08,agent,False,fixed_norm_offset,1,8.0,512-world-pixels,4.0,20,1.0,100.0,0.0,1.0,100.0,0.0,256,equal scenes; within each scene equal conditions and equal candidates; horizons reported separately
contact_friction,visible_pusht_futures_2026-10-08,agent,False,fixed_norm_offset,1,8.0,512-world-pixels,4.0,25,1.0,100.0,0.0,1.0,100.0,0.0,256,equal scenes; within each scene equal conditions and equal candidates; horizons reported separately
contact_friction,visible_pusht_futures_2026-10-08,agent,False,fixed_norm_offset,1,16.0,512-world-pixels,8.0,5,1.0,100.0,0.0,1.0,100.0,0.0,256,equal scenes; within each scene equal conditions and equal candidates; horizons reported separately
contact_friction,visible_pusht_futures_2026-10-08,agent,False,fixed_norm_offset,1,16.0,512-world-pixels,8.0,10,1.0,100.0,0.0,1.0,100.0,0.0,256,equal scenes; within each scene equal conditions and equal candidates; horizons reported separately
contact_friction,visible_pusht_futures_2026-10-08,agent,False,fixed_norm_offset,1,16.0,512-world-pixels,8.0,15,1.0,100.0,0.0,1.0,100.0,0.0,256,equal scenes; within each scene equal conditions and equal candidates; horizons reported separately
contact_friction,visible_pusht_futures_2026-10-08,agent,False,fixed_norm_offset,1,16.0,512-world-pixels,8.0,20,1.0,100.0,0.0,1.0,100.0,0.0,256,equal scenes; within each scene equal conditions and equal candidates; horizons reported separately
contact_friction,visible_pusht_futures_2026-10-08,agent,False,fixed_norm_offset,1,16.0,512-world-pixels,8.0,25,1.0,100.0,0.0,1.0,100.0,0.0,256,equal scenes; within each scene equal conditions and equal candidates; horizons reported separately
contact_friction,visible_pusht_futures_2026-10-08,agent,False,fixed_norm_offset,1,32.0,512-world-pixels,16.0,5,1.0,100.0,0.0,1.0,100.0,0.0,256,equal scenes; within each scene equal conditions and equal candidates; horizons reported separately
contact_friction,visible_pusht_futures_2026-10-08,agent,False,fixed_norm_offset,1,32.0,512-world-pixels,16.0,10,1.0,100.0,0.0,1.0,100.0,0.0,256,equal scenes; within each scene equal conditions and equal candidates; horizons reported separately
contact_friction,visible_pusht_futures_2026-10-08,agent,False,fixed_norm_offset,1,32.0,512-world-pixels,16.0,15,1.0,100.0,0.0,1.0,100.0,0.0,256,equal scenes; within each scene equal conditions and equal candidates; horizons reported separately
contact_friction,visible_pusht_futures_2026-10-08,agent,False,fixed_norm_offset,1,32.0,512-world-pixels,16.0,20,1.0,100.0,0.0,1.0,100.0,0.0,256,equal scenes; within each scene equal conditions and equal candidates; horizons reported separately
contact_friction,visible_pusht_futures_2026-10-08,agent,False,fixed_norm_offset,1,32.0,512-world-pixels,16.0,25,1.0,100.0,0.0,1.0,100.0,0.0,256,equal scenes; within each scene equal conditions and equal candidates; horizons reported separately
contact_friction,visible_pusht_futures_2026-10-08,agent,False,fixed_norm_offset,16,2.0,512-world-pixels,1.0,5,0.0,0.0,100.0,1.0,100.0,-100.0,256,equal scenes; within each scene equal conditions and equal candidates; horizons reported separately
contact_friction,visible_pusht_futures_2026-10-08,agent,False,fixed_norm_offset,16,2.0,512-world-pixels,1.0,10,0.0,0.0,100.0,1.0,100.0,-100.0,256,equal scenes; within each scene equal conditions and equal candidates; horizons reported separately
contact_friction,visible_pusht_futures_2026-10-08,agent,False,fixed_norm_offset,16,2.0,512-world-pixels,1.0,15,0.0,0.0,100.0,1.0,100.0,-100.0,256,equal scenes; within each scene equal conditions and equal candidates; horizons reported separately
contact_friction,visible_pusht_futures_2026-10-08,agent,False,fixed_norm_offset,16,2.0,512-world-pixels,1.0,20,0.0,0.0,100.0,1.0,100.0,-100.0,256,equal scenes; within each scene equal conditions and equal candidates; horizons reported separately
contact_friction,visible_pusht_futures_2026-10-08,agent,False,fixed_norm_offset,16,2.0,512-world-pixels,1.0,25,0.0,0.0,100.0,1.0,100.0,-100.0,256,equal scenes; within each scene equal conditions and equal candidates; horizons reported separately
contact_friction,visible_pusht_futures_2026-10-08,agent,False,fixed_norm_offset,16,4.0,512-world-pixels,2.0,5,0.0,0.0,100.0,1.0,100.0,-100.0,256,equal scenes; within each scene equal conditions and equal candidates; horizons reported separately
contact_friction,visible_pusht_futures_2026-10-08,agent,False,fixed_norm_offset,16,4.0,512-world-pixels,2.0,10,0.0,0.0,100.0,1.0,100.0,-100.0,256,equal scenes; within each scene equal conditions and equal candidates; horizons reported separately
contact_friction,visible_pusht_futures_2026-10-08,agent,False,fixed_norm_offset,16,4.0,512-world-pixels,2.0,15,0.0,0.0,100.0,1.0,100.0,-100.0,256,equal scenes; within each scene equal conditions and equal candidates; horizons reported separately
contact_friction,visible_pusht_futures_2026-10-08,agent,False,fixed_norm_offset,16,4.0,512-world-pixels,2.0,20,0.0,0.0,100.0,1.0,100.0,-100.0,256,equal scenes; within each scene equal conditions and equal candidates; horizons reported separately
contact_friction,visible_pusht_futures_2026-10-08,agent,False,fixed_norm_offset,16,4.0,512-world-pixels,2.0,25,0.0,0.0,100.0,1.0,100.0,-100.0,256,equal scenes; within each scene equal conditions and equal candidates; horizons reported separately
contact_friction,visible_pusht_futures_2026-10-08,agent,False,fixed_norm_offset,16,8.0,512-world-pixels,4.0,5,0.0,0.0,100.0,1.0,100.0,-100.0,256,equal scenes; within each scene equal conditions and equal candidates; horizons reported separately
contact_friction,visible_pusht_futures_2026-10-08,agent,False,fixed_norm_offset,16,8.0,512-world-pixels,4.0,10,0.0,0.0,100.0,1.0,100.0,-100.0,256,equal scenes; within each scene equal conditions and equal candidates; horizons reported separately
contact_friction,visible_pusht_futures_2026-10-08,agent,False,fixed_norm_offset,16,8.0,512-world-pixels,4.0,15,0.0,0.0,100.0,1.0,100.0,-100.0,256,equal scenes; within each scene equal conditions and equal candidates; horizons reported separately
contact_friction,visible_pusht_futures_2026-10-08,agent,False,fixed_norm_offset,16,8.0,512-world-pixels,4.0,20,0.0,0.0,100.0,1.0,100.0,-100.0,256,equal scenes; within each scene equal conditions and equal candidates; horizons reported separately
contact_friction,visible_pusht_futures_2026-10-08,agent,False,fixed_norm_offset,16,8.0,512-world-pixels,4.0,25,0.0,0.0,100.0,1.0,100.0,-100.0,256,equal scenes; within each scene equal conditions and equal candidates; horizons reported separately
contact_friction,visible_pusht_futures_2026-10-08,agent,False,fixed_norm_offset,16,16.0,512-world-pixels,8.0,5,0.0,0.0,100.0,1.0,100.0,-100.0,256,equal scenes; within each scene equal conditions and equal candidates; horizons reported separately
contact_friction,visible_pusht_futures_2026-10-08,agent,False,fixed_norm_offset,16,16.0,512-world-pixels,8.0,10,0.0,0.0,100.0,1.0,100.0,-100.0,256,equal scenes; within each scene equal conditions and equal candidates; horizons reported separately
contact_friction,visible_pusht_futures_2026-10-08,agent,False,fixed_norm_offset,16,16.0,512-world-pixels,8.0,15,0.0,0.0,100.0,1.0,100.0,-100.0,256,equal scenes; within each scene equal conditions and equal candidates; horizons reported separately
contact_friction,visible_pusht_futures_2026-10-08,agent,False,fixed_norm_offset,16,16.0,512-world-pixels,8.0,20,0.0,0.0,100.0,1.0,100.0,-100.0,256,equal scenes; within each scene equal conditions and equal candidates; horizons reported separately
contact_friction,visible_pusht_futures_2026-10-08,agent,False,fixed_norm_offset,16,16.0,512-world-pixels,8.0,25,0.0,0.0,100.0,1.0,100.0,-100.0,256,equal scenes; within each scene equal conditions and equal candidates; horizons reported separately
contact_friction,visible_pusht_futures_2026-10-08,agent,False,fixed_norm_offset,16,32.0,512-world-pixels,16.0,5,1.0,100.0,0.0,1.0,100.0,0.0,256,equal scenes; within each scene equal conditions and equal candidates; horizons reported separately
contact_friction,visible_pusht_futures_2026-10-08,agent,False,fixed_norm_offset,16,32.0,512-world-pixels,16.0,10,1.0,100.0,0.0,1.0,100.0,0.0,256,equal scenes; within each scene equal conditions and equal candidates; horizons reported separately
contact_friction,visible_pusht_futures_2026-10-08,agent,False,fixed_norm_offset,16,32.0,512-world-pixels,16.0,15,1.0,100.0,0.0,1.0,100.0,0.0,256,equal scenes; within each scene equal conditions and equal candidates; horizons reported separately
contact_friction,visible_pusht_futures_2026-10-08,agent,False,fixed_norm_offset,16,32.0,512-world-pixels,16.0,20,1.0,100.0,0.0,1.0,100.0,0.0,256,equal scenes; within each scene equal conditions and equal candidates; horizons reported separately
contact_friction,visible_pusht_futures_2026-10-08,agent,False,fixed_norm_offset,16,32.0,512-world-pixels,16.0,25,1.0,100.0,0.0,1.0,100.0,0.0,256,equal scenes; within each scene equal conditions and equal candidates; horizons reported separately
contact_friction,visible_pusht_futures_2026-10-08,agent,False,fixed_norm_offset,2,2.0,512-world-pixels,1.0,5,0.0,0.0,100.0,1.0,100.0,-100.0,256,equal scenes; within each scene equal conditions and equal candidates; horizons reported separately
contact_friction,visible_pusht_futures_2026-10-08,agent,False,fixed_norm_offset,2,2.0,512-world-pixels,1.0,10,0.0,0.0,100.0,1.0,100.0,-100.0,256,equal scenes; within each scene equal conditions and equal candidates; horizons reported separately
contact_friction,visible_pusht_futures_2026-10-08,agent,False,fixed_norm_offset,2,2.0,512-world-pixels,1.0,15,0.0,0.0,100.0,1.0,100.0,-100.0,256,equal scenes; within each scene equal conditions and equal candidates; horizons reported separately
contact_friction,visible_pusht_futures_2026-10-08,agent,False,fixed_norm_offset,2,2.0,512-world-pixels,1.0,20,0.0,0.0,100.0,1.0,100.0,-100.0,256,equal scenes; within each scene equal conditions and equal candidates; horizons reported separately
contact_friction,visible_pusht_futures_2026-10-08,agent,False,fixed_norm_offset,2,2.0,512-world-pixels,1.0,25,0.0,0.0,100.0,1.0,100.0,-100.0,256,equal scenes; within each scene equal conditions and equal candidates; horizons reported separately
contact_friction,visible_pusht_futures_2026-10-08,agent,False,fixed_norm_offset,2,4.0,512-world-pixels,2.0,5,1.0,100.0,0.0,1.0,100.0,0.0,256,equal scenes; within each scene equal conditions and equal candidates; horizons reported separately
contact_friction,visible_pusht_futures_2026-10-08,agent,False,fixed_norm_offset,2,4.0,512-world-pixels,2.0,10,1.0,100.0,0.0,1.0,100.0,0.0,256,equal scenes; within each scene equal conditions and equal candidates; horizons reported separately
contact_friction,visible_pusht_futures_2026-10-08,agent,False,fixed_norm_offset,2,4.0,512-world-pixels,2.0,15,1.0,100.0,0.0,1.0,100.0,0.0,256,equal scenes; within each scene equal conditions and equal candidates; horizons reported separately
contact_friction,visible_pusht_futures_2026-10-08,agent,False,fixed_norm_offset,2,4.0,512-world-pixels,2.0,20,1.0,100.0,0.0,1.0,100.0,0.0,256,equal scenes; within each scene equal conditions and equal candidates; horizons reported separately
contact_friction,visible_pusht_futures_2026-10-08,agent,False,fixed_norm_offset,2,4.0,512-world-pixels,2.0,25,1.0,100.0,0.0,1.0,100.0,0.0,256,equal scenes; within each scene equal conditions and equal candidates; horizons reported separately
contact_friction,visible_pusht_futures_2026-10-08,agent,False,fixed_norm_offset,2,8.0,512-world-pixels,4.0,5,1.0,100.0,0.0,1.0,100.0,0.0,256,equal scenes; within each scene equal conditions and equal candidates; horizons reported separately
contact_friction,visible_pusht_futures_2026-10-08,agent,False,fixed_norm_offset,2,8.0,512-world-pixels,4.0,10,1.0,100.0,0.0,1.0,100.0,0.0,256,equal scenes; within each scene equal conditions and equal candidates; horizons reported separately
contact_friction,visible_pusht_futures_2026-10-08,agent,False,fixed_norm_offset,2,8.0,512-world-pixels,4.0,15,1.0,100.0,0.0,1.0,100.0,0.0,256,equal scenes; within each scene equal conditions and equal candidates; horizons reported separately
contact_friction,visible_pusht_futures_2026-10-08,agent,False,fixed_norm_offset,2,8.0,512-world-pixels,4.0,20,1.0,100.0,0.0,1.0,100.0,0.0,256,equal scenes; within each scene equal conditions and equal candidates; horizons reported separately
contact_friction,visible_pusht_futures_2026-10-08,agent,False,fixed_norm_offset,2,8.0,512-world-pixels,4.0,25,1.0,100.0,0.0,1.0,100.0,0.0,256,equal scenes; within each scene equal conditions and equal candidates; horizons reported separately
contact_friction,visible_pusht_futures_2026-10-08,agent,False,fixed_norm_offset,2,16.0,512-world-pixels,8.0,5,1.0,100.0,0.0,1.0,100.0,0.0,256,equal scenes; within each scene equal conditions and equal candidates; horizons reported separately
contact_friction,visible_pusht_futures_2026-10-08,agent,False,fixed_norm_offset,2,16.0,512-world-pixels,8.0,10,1.0,100.0,0.0,1.0,100.0,0.0,256,equal scenes; within each scene equal conditions and equal candidates; horizons reported separately
contact_friction,visible_pusht_futures_2026-10-08,agent,False,fixed_norm_offset,2,16.0,512-world-pixels,8.0,15,1.0,100.0,0.0,1.0,100.0,0.0,256,equal scenes; within each scene equal conditions and equal candidates; horizons reported separately
contact_friction,visible_pusht_futures_2026-10-08,agent,False,fixed_norm_offset,2,16.0,512-world-pixels,8.0,20,1.0,100.0,0.0,1.0,100.0,0.0,256,equal scenes; within each scene equal conditions and equal candidates; horizons reported separately
contact_friction,visible_pusht_futures_2026-10-08,agent,False,fixed_norm_offset,2,16.0,512-world-pixels,8.0,25,1.0,100.0,0.0,1.0,100.0,0.0,256,equal scenes; within each scene equal conditions and equal candidates; horizons reported separately
contact_friction,visible_pusht_futures_2026-10-08,agent,False,fixed_norm_offset,2,32.0,512-world-pixels,16.0,5,1.0,100.0,0.0,1.0,100.0,0.0,256,equal scenes; within each scene equal conditions and equal candidates; horizons reported separately
contact_friction,visible_pusht_futures_2026-10-08,agent,False,fixed_norm_offset,2,32.0,512-world-pixels,16.0,10,1.0,100.0,0.0,1.0,100.0,0.0,256,equal scenes; within each scene equal conditions and equal candidates; horizons reported separately
contact_friction,visible_pusht_futures_2026-10-08,agent,False,fixed_norm_offset,2,32.0,512-world-pixels,16.0,15,1.0,100.0,0.0,1.0,100.0,0.0,256,equal scenes; within each scene equal conditions and equal candidates; horizons reported separately
contact_friction,visible_pusht_futures_2026-10-08,agent,False,fixed_norm_offset,2,32.0,512-world-pixels,16.0,20,1.0,100.0,0.0,1.0,100.0,0.0,256,equal scenes; within each scene equal conditions and equal candidates; horizons reported separately
contact_friction,visible_pusht_futures_2026-10-08,agent,False,fixed_norm_offset,2,32.0,512-world-pixels,16.0,25,1.0,100.0,0.0,1.0,100.0,0.0,256,equal scenes; within each scene equal conditions and equal candidates; horizons reported separately
contact_friction,visible_pusht_futures_2026-10-08,agent,False,fixed_norm_offset,32,2.0,512-world-pixels,1.0,5,0.0,0.0,100.0,1.0,100.0,-100.0,256,equal scenes; within each scene equal conditions and equal candidates; horizons reported separately
contact_friction,visible_pusht_futures_2026-10-08,agent,False,fixed_norm_offset,32,2.0,512-world-pixels,1.0,10,0.0,0.0,100.0,1.0,100.0,-100.0,256,equal scenes; within each scene equal conditions and equal candidates; horizons reported separately
contact_friction,visible_pusht_futures_2026-10-08,agent,False,fixed_norm_offset,32,2.0,512-world-pixels,1.0,15,0.0,0.0,100.0,1.0,100.0,-100.0,256,equal scenes; within each scene equal conditions and equal candidates; horizons reported separately
contact_friction,visible_pusht_futures_2026-10-08,agent,False,fixed_norm_offset,32,2.0,512-world-pixels,1.0,20,0.0,0.0,100.0,1.0,100.0,-100.0,256,equal scenes; within each scene equal conditions and equal candidates; horizons reported separately
contact_friction,visible_pusht_futures_2026-10-08,agent,False,fixed_norm_offset,32,2.0,512-world-pixels,1.0,25,0.0,0.0,100.0,1.0,100.0,-100.0,256,equal scenes; within each scene equal conditions and equal candidates; horizons reported separately
contact_friction,visible_pusht_futures_2026-10-08,agent,False,fixed_norm_offset,32,4.0,512-world-pixels,2.0,5,0.0,0.0,100.0,1.0,100.0,-100.0,256,equal scenes; within each scene equal conditions and equal candidates; horizons reported separately
contact_friction,visible_pusht_futures_2026-10-08,agent,False,fixed_norm_offset,32,4.0,512-world-pixels,2.0,10,0.0,0.0,100.0,1.0,100.0,-100.0,256,equal scenes; within each scene equal conditions and equal candidates; horizons reported separately
contact_friction,visible_pusht_futures_2026-10-08,agent,False,fixed_norm_offset,32,4.0,512-world-pixels,2.0,15,0.0,0.0,100.0,1.0,100.0,-100.0,256,equal scenes; within each scene equal conditions and equal candidates; horizons reported separately
contact_friction,visible_pusht_futures_2026-10-08,agent,False,fixed_norm_offset,32,4.0,512-world-pixels,2.0,20,0.0,0.0,100.0,1.0,100.0,-100.0,256,equal scenes; within each scene equal conditions and equal candidates; horizons reported separately
contact_friction,visible_pusht_futures_2026-10-08,agent,False,fixed_norm_offset,32,4.0,512-world-pixels,2.0,25,0.0,0.0,100.0,1.0,100.0,-100.0,256,equal scenes; within each scene equal conditions and equal candidates; horizons reported separately
contact_friction,visible_pusht_futures_2026-10-08,agent,False,fixed_norm_offset,32,8.0,512-world-pixels,4.0,5,0.0,0.0,100.0,1.0,100.0,-100.0,256,equal scenes; within each scene equal conditions and equal candidates; horizons reported separately
contact_friction,visible_pusht_futures_2026-10-08,agent,False,fixed_norm_offset,32,8.0,512-world-pixels,4.0,10,0.0,0.0,100.0,1.0,100.0,-100.0,256,equal scenes; within each scene equal conditions and equal candidates; horizons reported separately
contact_friction,visible_pusht_futures_2026-10-08,agent,False,fixed_norm_offset,32,8.0,512-world-pixels,4.0,15,0.0,0.0,100.0,1.0,100.0,-100.0,256,equal scenes; within each scene equal conditions and equal candidates; horizons reported separately
contact_friction,visible_pusht_futures_2026-10-08,agent,False,fixed_norm_offset,32,8.0,512-world-pixels,4.0,20,0.0,0.0,100.0,1.0,100.0,-100.0,256,equal scenes; within each scene equal conditions and equal candidates; horizons reported separately
contact_friction,visible_pusht_futures_2026-10-08,agent,False,fixed_norm_offset,32,8.0,512-world-pixels,4.0,25,0.0,0.0,100.0,1.0,100.0,-100.0,256,equal scenes; within each scene equal conditions and equal candidates; horizons reported separately
contact_friction,visible_pusht_futures_2026-10-08,agent,False,fixed_norm_offset,32,16.0,512-world-pixels,8.0,5,0.0,0.0,100.0,1.0,100.0,-100.0,256,equal scenes; within each scene equal conditions and equal candidates; horizons reported separately
contact_friction,visible_pusht_futures_2026-10-08,agent,False,fixed_norm_offset,32,16.0,512-world-pixels,8.0,10,0.0,0.0,100.0,1.0,100.0,-100.0,256,equal scenes; within each scene equal conditions and equal candidates; horizons reported separately
contact_friction,visible_pusht_futures_2026-10-08,agent,False,fixed_norm_offset,32,16.0,512-world-pixels,8.0,15,0.0,0.0,100.0,1.0,100.0,-100.0,256,equal scenes; within each scene equal conditions and equal candidates; horizons reported separately
contact_friction,visible_pusht_futures_2026-10-08,agent,False,fixed_norm_offset,32,16.0,512-world-pixels,8.0,20,0.0,0.0,100.0,1.0,100.0,-100.0,256,equal scenes; within each scene equal conditions and equal candidates; horizons reported separately
contact_friction,visible_pusht_futures_2026-10-08,agent,False,fixed_norm_offset,32,16.0,512-world-pixels,8.0,25,0.0,0.0,100.0,1.0,100.0,-100.0,256,equal scenes; within each scene equal conditions and equal candidates; horizons reported separately
contact_friction,visible_pusht_futures_2026-10-08,agent,False,fixed_norm_offset,32,32.0,512-world-pixels,16.0,5,0.0,0.0,100.0,1.0,100.0,-100.0,256,equal scenes; within each scene equal conditions and equal candidates; horizons reported separately
contact_friction,visible_pusht_futures_2026-10-08,agent,False,fixed_norm_offset,32,32.0,512-world-pixels,16.0,10,0.0,0.0,100.0,1.0,100.0,-100.0,256,equal scenes; within each scene equal conditions and equal candidates; horizons reported separately
contact_friction,visible_pusht_futures_2026-10-08,agent,False,fixed_norm_offset,32,32.0,512-world-pixels,16.0,15,0.0,0.0,100.0,1.0,100.0,-100.0,256,equal scenes; within each scene equal conditions and equal candidates; horizons reported separately
contact_friction,visible_pusht_futures_2026-10-08,agent,False,fixed_norm_offset,32,32.0,512-world-pixels,16.0,20,0.0,0.0,100.0,1.0,100.0,-100.0,256,equal scenes; within each scene equal conditions and equal candidates; horizons reported separately
contact_friction,visible_pusht_futures_2026-10-08,agent,False,fixed_norm_offset,32,32.0,512-world-pixels,16.0,25,0.0,0.0,100.0,1.0,100.0,-100.0,256,equal scenes; within each scene equal conditions and equal candidates; horizons reported separately
contact_friction,visible_pusht_futures_2026-10-08,agent,False,fixed_norm_offset,4,2.0,512-world-pixels,1.0,5,0.0,0.0,100.0,1.0,100.0,-100.0,256,equal scenes; within each scene equal conditions and equal candidates; horizons reported separately
contact_friction,visible_pusht_futures_2026-10-08,agent,False,fixed_norm_offset,4,2.0,512-world-pixels,1.0,10,0.0,0.0,100.0,1.0,100.0,-100.0,256,equal scenes; within each scene equal conditions and equal candidates; horizons reported separately
contact_friction,visible_pusht_futures_2026-10-08,agent,False,fixed_norm_offset,4,2.0,512-world-pixels,1.0,15,0.0,0.0,100.0,1.0,100.0,-100.0,256,equal scenes; within each scene equal conditions and equal candidates; horizons reported separately
contact_friction,visible_pusht_futures_2026-10-08,agent,False,fixed_norm_offset,4,2.0,512-world-pixels,1.0,20,0.0,0.0,100.0,1.0,100.0,-100.0,256,equal scenes; within each scene equal conditions and equal candidates; horizons reported separately
contact_friction,visible_pusht_futures_2026-10-08,agent,False,fixed_norm_offset,4,2.0,512-world-pixels,1.0,25,0.0,0.0,100.0,1.0,100.0,-100.0,256,equal scenes; within each scene equal conditions and equal candidates; horizons reported separately
contact_friction,visible_pusht_futures_2026-10-08,agent,False,fixed_norm_offset,4,4.0,512-world-pixels,2.0,5,0.0,0.0,100.0,1.0,100.0,-100.0,256,equal scenes; within each scene equal conditions and equal candidates; horizons reported separately
contact_friction,visible_pusht_futures_2026-10-08,agent,False,fixed_norm_offset,4,4.0,512-world-pixels,2.0,10,0.0,0.0,100.0,1.0,100.0,-100.0,256,equal scenes; within each scene equal conditions and equal candidates; horizons reported separately
contact_friction,visible_pusht_futures_2026-10-08,agent,False,fixed_norm_offset,4,4.0,512-world-pixels,2.0,15,0.0,0.0,100.0,1.0,100.0,-100.0,256,equal scenes; within each scene equal conditions and equal candidates; horizons reported separately
contact_friction,visible_pusht_futures_2026-10-08,agent,False,fixed_norm_offset,4,4.0,512-world-pixels,2.0,20,0.0,0.0,100.0,1.0,100.0,-100.0,256,equal scenes; within each scene equal conditions and equal candidates; horizons reported separately
contact_friction,visible_pusht_futures_2026-10-08,agent,False,fixed_norm_offset,4,4.0,512-world-pixels,2.0,25,0.0,0.0,100.0,1.0,100.0,-100.0,256,equal scenes; within each scene equal conditions and equal candidates; horizons reported separately
contact_friction,visible_pusht_futures_2026-10-08,agent,False,fixed_norm_offset,4,8.0,512-world-pixels,4.0,5,1.0,100.0,0.0,1.0,100.0,0.0,256,equal scenes; within each scene equal conditions and equal candidates; horizons reported separately
contact_friction,visible_pusht_futures_2026-10-08,agent,False,fixed_norm_offset,4,8.0,512-world-pixels,4.0,10,1.0,100.0,0.0,1.0,100.0,0.0,256,equal scenes; within each scene equal conditions and equal candidates; horizons reported separately
contact_friction,visible_pusht_futures_2026-10-08,agent,False,fixed_norm_offset,4,8.0,512-world-pixels,4.0,15,1.0,100.0,0.0,1.0,100.0,0.0,256,equal scenes; within each scene equal conditions and equal candidates; horizons reported separately
contact_friction,visible_pusht_futures_2026-10-08,agent,False,fixed_norm_offset,4,8.0,512-world-pixels,4.0,20,1.0,100.0,0.0,1.0,100.0,0.0,256,equal scenes; within each scene equal conditions and equal candidates; horizons reported separately
contact_friction,visible_pusht_futures_2026-10-08,agent,False,fixed_norm_offset,4,8.0,512-world-pixels,4.0,25,1.0,100.0,0.0,1.0,100.0,0.0,256,equal scenes; within each scene equal conditions and equal candidates; horizons reported separately
contact_friction,visible_pusht_futures_2026-10-08,agent,False,fixed_norm_offset,4,16.0,512-world-pixels,8.0,5,1.0,100.0,0.0,1.0,100.0,0.0,256,equal scenes; within each scene equal conditions and equal candidates; horizons reported separately
contact_friction,visible_pusht_futures_2026-10-08,agent,False,fixed_norm_offset,4,16.0,512-world-pixels,8.0,10,1.0,100.0,0.0,1.0,100.0,0.0,256,equal scenes; within each scene equal conditions and equal candidates; horizons reported separately
contact_friction,visible_pusht_futures_2026-10-08,agent,False,fixed_norm_offset,4,16.0,512-world-pixels,8.0,15,1.0,100.0,0.0,1.0,100.0,0.0,256,equal scenes; within each scene equal conditions and equal candidates; horizons reported separately
contact_friction,visible_pusht_futures_2026-10-08,agent,False,fixed_norm_offset,4,16.0,512-world-pixels,8.0,20,1.0,100.0,0.0,1.0,100.0,0.0,256,equal scenes; within each scene equal conditions and equal candidates; horizons reported separately
contact_friction,visible_pusht_futures_2026-10-08,agent,False,fixed_norm_offset,4,16.0,512-world-pixels,8.0,25,1.0,100.0,0.0,1.0,100.0,0.0,256,equal scenes; within each scene equal conditions and equal candidates; horizons reported separately
contact_friction,visible_pusht_futures_2026-10-08,agent,False,fixed_norm_offset,4,32.0,512-world-pixels,16.0,5,1.0,100.0,0.0,1.0,100.0,0.0,256,equal scenes; within each scene equal conditions and equal candidates; horizons reported separately
contact_friction,visible_pusht_futures_2026-10-08,agent,False,fixed_norm_offset,4,32.0,512-world-pixels,16.0,10,1.0,100.0,0.0,1.0,100.0,0.0,256,equal scenes; within each scene equal conditions and equal candidates; horizons reported separately
contact_friction,visible_pusht_futures_2026-10-08,agent,False,fixed_norm_offset,4,32.0,512-world-pixels,16.0,15,1.0,100.0,0.0,1.0,100.0,0.0,256,equal scenes; within each scene equal conditions and equal candidates; horizons reported separately
contact_friction,visible_pusht_futures_2026-10-08,agent,False,fixed_norm_offset,4,32.0,512-world-pixels,16.0,20,1.0,100.0,0.0,1.0,100.0,0.0,256,equal scenes; within each scene equal conditions and equal candidates; horizons reported separately
contact_friction,visible_pusht_futures_2026-10-08,agent,False,fixed_norm_offset,4,32.0,512-world-pixels,16.0,25,1.0,100.0,0.0,1.0,100.0,0.0,256,equal scenes; within each scene equal conditions and equal candidates; horizons reported separately
contact_friction,visible_pusht_futures_2026-10-08,agent,False,fixed_norm_offset,64,2.0,512-world-pixels,1.0,5,0.0,0.0,100.0,1.0,100.0,-100.0,256,equal scenes; within each scene equal conditions and equal candidates; horizons reported separately
contact_friction,visible_pusht_futures_2026-10-08,agent,False,fixed_norm_offset,64,2.0,512-world-pixels,1.0,10,0.0,0.0,100.0,1.0,100.0,-100.0,256,equal scenes; within each scene equal conditions and equal candidates; horizons reported separately
contact_friction,visible_pusht_futures_2026-10-08,agent,False,fixed_norm_offset,64,2.0,512-world-pixels,1.0,15,0.0,0.0,100.0,1.0,100.0,-100.0,256,equal scenes; within each scene equal conditions and equal candidates; horizons reported separately
contact_friction,visible_pusht_futures_2026-10-08,agent,False,fixed_norm_offset,64,2.0,512-world-pixels,1.0,20,0.0,0.0,100.0,1.0,100.0,-100.0,256,equal scenes; within each scene equal conditions and equal candidates; horizons reported separately
contact_friction,visible_pusht_futures_2026-10-08,agent,False,fixed_norm_offset,64,2.0,512-world-pixels,1.0,25,0.0,0.0,100.0,1.0,100.0,-100.0,256,equal scenes; within each scene equal conditions and equal candidates; horizons reported separately
contact_friction,visible_pusht_futures_2026-10-08,agent,False,fixed_norm_offset,64,4.0,512-world-pixels,2.0,5,0.0,0.0,100.0,1.0,100.0,-100.0,256,equal scenes; within each scene equal conditions and equal candidates; horizons reported separately
contact_friction,visible_pusht_futures_2026-10-08,agent,False,fixed_norm_offset,64,4.0,512-world-pixels,2.0,10,0.0,0.0,100.0,1.0,100.0,-100.0,256,equal scenes; within each scene equal conditions and equal candidates; horizons reported separately
contact_friction,visible_pusht_futures_2026-10-08,agent,False,fixed_norm_offset,64,4.0,512-world-pixels,2.0,15,0.0,0.0,100.0,1.0,100.0,-100.0,256,equal scenes; within each scene equal conditions and equal candidates; horizons reported separately
contact_friction,visible_pusht_futures_2026-10-08,agent,False,fixed_norm_offset,64,4.0,512-world-pixels,2.0,20,0.0,0.0,100.0,1.0,100.0,-100.0,256,equal scenes; within each scene equal conditions and equal candidates; horizons reported separately
contact_friction,visible_pusht_futures_2026-10-08,agent,False,fixed_norm_offset,64,4.0,512-world-pixels,2.0,25,0.0,0.0,100.0,1.0,100.0,-100.0,256,equal scenes; within each scene equal conditions and equal candidates; horizons reported separately
contact_friction,visible_pusht_futures_2026-10-08,agent,False,fixed_norm_offset,64,8.0,512-world-pixels,4.0,5,0.0,0.0,100.0,1.0,100.0,-100.0,256,equal scenes; within each scene equal conditions and equal candidates; horizons reported separately
contact_friction,visible_pusht_futures_2026-10-08,agent,False,fixed_norm_offset,64,8.0,512-world-pixels,4.0,10,0.0,0.0,100.0,1.0,100.0,-100.0,256,equal scenes; within each scene equal conditions and equal candidates; horizons reported separately
contact_friction,visible_pusht_futures_2026-10-08,agent,False,fixed_norm_offset,64,8.0,512-world-pixels,4.0,15,0.0,0.0,100.0,1.0,100.0,-100.0,256,equal scenes; within each scene equal conditions and equal candidates; horizons reported separately
contact_friction,visible_pusht_futures_2026-10-08,agent,False,fixed_norm_offset,64,8.0,512-world-pixels,4.0,20,0.0,0.0,100.0,1.0,100.0,-100.0,256,equal scenes; within each scene equal conditions and equal candidates; horizons reported separately
contact_friction,visible_pusht_futures_2026-10-08,agent,False,fixed_norm_offset,64,8.0,512-world-pixels,4.0,25,0.0,0.0,100.0,1.0,100.0,-100.0,256,equal scenes; within each scene equal conditions and equal candidates; horizons reported separately
contact_friction,visible_pusht_futures_2026-10-08,agent,False,fixed_norm_offset,64,16.0,512-world-pixels,8.0,5,0.0,0.0,100.0,1.0,100.0,-100.0,256,equal scenes; within each scene equal conditions and equal candidates; horizons reported separately
contact_friction,visible_pusht_futures_2026-10-08,agent,False,fixed_norm_offset,64,16.0,512-world-pixels,8.0,10,0.0,0.0,100.0,1.0,100.0,-100.0,256,equal scenes; within each scene equal conditions and equal candidates; horizons reported separately
contact_friction,visible_pusht_futures_2026-10-08,agent,False,fixed_norm_offset,64,16.0,512-world-pixels,8.0,15,0.0,0.0,100.0,1.0,100.0,-100.0,256,equal scenes; within each scene equal conditions and equal candidates; horizons reported separately
contact_friction,visible_pusht_futures_2026-10-08,agent,False,fixed_norm_offset,64,16.0,512-world-pixels,8.0,20,0.0,0.0,100.0,1.0,100.0,-100.0,256,equal scenes; within each scene equal conditions and equal candidates; horizons reported separately
contact_friction,visible_pusht_futures_2026-10-08,agent,False,fixed_norm_offset,64,16.0,512-world-pixels,8.0,25,0.0,0.0,100.0,1.0,100.0,-100.0,256,equal scenes; within each scene equal conditions and equal candidates; horizons reported separately
contact_friction,visible_pusht_futures_2026-10-08,agent,False,fixed_norm_offset,64,32.0,512-world-pixels,16.0,5,0.0,0.0,100.0,1.0,100.0,-100.0,256,equal scenes; within each scene equal conditions and equal candidates; horizons reported separately
contact_friction,visible_pusht_futures_2026-10-08,agent,False,fixed_norm_offset,64,32.0,512-world-pixels,16.0,10,0.0,0.0,100.0,1.0,100.0,-100.0,256,equal scenes; within each scene equal conditions and equal candidates; horizons reported separately
contact_friction,visible_pusht_futures_2026-10-08,agent,False,fixed_norm_offset,64,32.0,512-world-pixels,16.0,15,0.0,0.0,100.0,1.0,100.0,-100.0,256,equal scenes; within each scene equal conditions and equal candidates; horizons reported separately
contact_friction,visible_pusht_futures_2026-10-08,agent,False,fixed_norm_offset,64,32.0,512-world-pixels,16.0,20,0.0,0.0,100.0,1.0,100.0,-100.0,256,equal scenes; within each scene equal conditions and equal candidates; horizons reported separately
contact_friction,visible_pusht_futures_2026-10-08,agent,False,fixed_norm_offset,64,32.0,512-world-pixels,16.0,25,0.0,0.0,100.0,1.0,100.0,-100.0,256,equal scenes; within each scene equal conditions and equal candidates; horizons reported separately
contact_friction,visible_pusht_futures_2026-10-08,agent,False,fixed_norm_offset,8,2.0,512-world-pixels,1.0,5,0.0,0.0,100.0,1.0,100.0,-100.0,256,equal scenes; within each scene equal conditions and equal candidates; horizons reported separately
contact_friction,visible_pusht_futures_2026-10-08,agent,False,fixed_norm_offset,8,2.0,512-world-pixels,1.0,10,0.0,0.0,100.0,1.0,100.0,-100.0,256,equal scenes; within each scene equal conditions and equal candidates; horizons reported separately
contact_friction,visible_pusht_futures_2026-10-08,agent,False,fixed_norm_offset,8,2.0,512-world-pixels,1.0,15,0.0,0.0,100.0,1.0,100.0,-100.0,256,equal scenes; within each scene equal conditions and equal candidates; horizons reported separately
contact_friction,visible_pusht_futures_2026-10-08,agent,False,fixed_norm_offset,8,2.0,512-world-pixels,1.0,20,0.0,0.0,100.0,1.0,100.0,-100.0,256,equal scenes; within each scene equal conditions and equal candidates; horizons reported separately
contact_friction,visible_pusht_futures_2026-10-08,agent,False,fixed_norm_offset,8,2.0,512-world-pixels,1.0,25,0.0,0.0,100.0,1.0,100.0,-100.0,256,equal scenes; within each scene equal conditions and equal candidates; horizons reported separately
contact_friction,visible_pusht_futures_2026-10-08,agent,False,fixed_norm_offset,8,4.0,512-world-pixels,2.0,5,0.0,0.0,100.0,1.0,100.0,-100.0,256,equal scenes; within each scene equal conditions and equal candidates; horizons reported separately
contact_friction,visible_pusht_futures_2026-10-08,agent,False,fixed_norm_offset,8,4.0,512-world-pixels,2.0,10,0.0,0.0,100.0,1.0,100.0,-100.0,256,equal scenes; within each scene equal conditions and equal candidates; horizons reported separately
contact_friction,visible_pusht_futures_2026-10-08,agent,False,fixed_norm_offset,8,4.0,512-world-pixels,2.0,15,0.0,0.0,100.0,1.0,100.0,-100.0,256,equal scenes; within each scene equal conditions and equal candidates; horizons reported separately
contact_friction,visible_pusht_futures_2026-10-08,agent,False,fixed_norm_offset,8,4.0,512-world-pixels,2.0,20,0.0,0.0,100.0,1.0,100.0,-100.0,256,equal scenes; within each scene equal conditions and equal candidates; horizons reported separately
contact_friction,visible_pusht_futures_2026-10-08,agent,False,fixed_norm_offset,8,4.0,512-world-pixels,2.0,25,0.0,0.0,100.0,1.0,100.0,-100.0,256,equal scenes; within each scene equal conditions and equal candidates; horizons reported separately
contact_friction,visible_pusht_futures_2026-10-08,agent,False,fixed_norm_offset,8,8.0,512-world-pixels,4.0,5,0.0,0.0,100.0,1.0,100.0,-100.0,256,equal scenes; within each scene equal conditions and equal candidates; horizons reported separately
contact_friction,visible_pusht_futures_2026-10-08,agent,False,fixed_norm_offset,8,8.0,512-world-pixels,4.0,10,0.0,0.0,100.0,1.0,100.0,-100.0,256,equal scenes; within each scene equal conditions and equal candidates; horizons reported separately
contact_friction,visible_pusht_futures_2026-10-08,agent,False,fixed_norm_offset,8,8.0,512-world-pixels,4.0,15,0.0,0.0,100.0,1.0,100.0,-100.0,256,equal scenes; within each scene equal conditions and equal candidates; horizons reported separately
contact_friction,visible_pusht_futures_2026-10-08,agent,False,fixed_norm_offset,8,8.0,512-world-pixels,4.0,20,0.0,0.0,100.0,1.0,100.0,-100.0,256,equal scenes; within each scene equal conditions and equal candidates; horizons reported separately
contact_friction,visible_pusht_futures_2026-10-08,agent,False,fixed_norm_offset,8,8.0,512-world-pixels,4.0,25,0.0,0.0,100.0,1.0,100.0,-100.0,256,equal scenes; within each scene equal conditions and equal candidates; horizons reported separately
contact_friction,visible_pusht_futures_2026-10-08,agent,False,fixed_norm_offset,8,16.0,512-world-pixels,8.0,5,1.0,100.0,0.0,1.0,100.0,0.0,256,equal scenes; within each scene equal conditions and equal candidates; horizons reported separately
contact_friction,visible_pusht_futures_2026-10-08,agent,False,fixed_norm_offset,8,16.0,512-world-pixels,8.0,10,1.0,100.0,0.0,1.0,100.0,0.0,256,equal scenes; within each scene equal conditions and equal candidates; horizons reported separately
contact_friction,visible_pusht_futures_2026-10-08,agent,False,fixed_norm_offset,8,16.0,512-world-pixels,8.0,15,1.0,100.0,0.0,1.0,100.0,0.0,256,equal scenes; within each scene equal conditions and equal candidates; horizons reported separately
contact_friction,visible_pusht_futures_2026-10-08,agent,False,fixed_norm_offset,8,16.0,512-world-pixels,8.0,20,1.0,100.0,0.0,1.0,100.0,0.0,256,equal scenes; within each scene equal conditions and equal candidates; horizons reported separately
contact_friction,visible_pusht_futures_2026-10-08,agent,False,fixed_norm_offset,8,16.0,512-world-pixels,8.0,25,1.0,100.0,0.0,1.0,100.0,0.0,256,equal scenes; within each scene equal conditions and equal candidates; horizons reported separately
contact_friction,visible_pusht_futures_2026-10-08,agent,False,fixed_norm_offset,8,32.0,512-world-pixels,16.0,5,1.0,100.0,0.0,1.0,100.0,0.0,256,equal scenes; within each scene equal conditions and equal candidates; horizons reported separately
contact_friction,visible_pusht_futures_2026-10-08,agent,False,fixed_norm_offset,8,32.0,512-world-pixels,16.0,10,1.0,100.0,0.0,1.0,100.0,0.0,256,equal scenes; within each scene equal conditions and equal candidates; horizons reported separately
contact_friction,visible_pusht_futures_2026-10-08,agent,False,fixed_norm_offset,8,32.0,512-world-pixels,16.0,15,1.0,100.0,0.0,1.0,100.0,0.0,256,equal scenes; within each scene equal conditions and equal candidates; horizons reported separately
contact_friction,visible_pusht_futures_2026-10-08,agent,False,fixed_norm_offset,8,32.0,512-world-pixels,16.0,20,1.0,100.0,0.0,1.0,100.0,0.0,256,equal scenes; within each scene equal conditions and equal candidates; horizons reported separately
contact_friction,visible_pusht_futures_2026-10-08,agent,False,fixed_norm_offset,8,32.0,512-world-pixels,16.0,25,1.0,100.0,0.0,1.0,100.0,0.0,256,equal scenes; within each scene equal conditions and equal candidates; horizons reported separately
contact_friction,visible_pusht_futures_2026-10-08,agent,False,temporal_lag_prepend_current,one_horizon,2.0,512-world-pixels,1.0,5,0.09461016414141415,9.461016414141415,90.53898358585859,1.0,100.0,-90.53898358585859,256,equal scenes; within each scene equal conditions and equal candidates; horizons reported separately
contact_friction,visible_pusht_futures_2026-10-08,agent,False,temporal_lag_prepend_current,one_horizon,2.0,512-world-pixels,1.0,10,0.1892203282828283,18.92203282828283,81.07796717171716,1.0,100.0,-81.07796717171716,256,equal scenes; within each scene equal conditions and equal candidates; horizons reported separately
contact_friction,visible_pusht_futures_2026-10-08,agent,False,temporal_lag_prepend_current,one_horizon,2.0,512-world-pixels,1.0,15,0.2838304924242423,28.383049242424228,71.61695075757576,1.0,100.0,-71.61695075757576,256,equal scenes; within each scene equal conditions and equal candidates; horizons reported separately
contact_friction,visible_pusht_futures_2026-10-08,agent,False,temporal_lag_prepend_current,one_horizon,2.0,512-world-pixels,1.0,20,0.3784406565656566,37.84406565656566,62.15593434343434,1.0,100.0,-62.15593434343434,256,equal scenes; within each scene equal conditions and equal candidates; horizons reported separately
contact_friction,visible_pusht_futures_2026-10-08,agent,False,temporal_lag_prepend_current,one_horizon,2.0,512-world-pixels,1.0,25,0.4730508207070706,47.30508207070706,52.69491792929294,1.0,100.0,-52.69491792929294,256,equal scenes; within each scene equal conditions and equal candidates; horizons reported separately
contact_friction,visible_pusht_futures_2026-10-08,agent,False,temporal_lag_prepend_current,one_horizon,4.0,512-world-pixels,2.0,5,0.09461016414141415,9.461016414141415,90.53898358585859,1.0,100.0,-90.53898358585859,256,equal scenes; within each scene equal conditions and equal candidates; horizons reported separately
contact_friction,visible_pusht_futures_2026-10-08,agent,False,temporal_lag_prepend_current,one_horizon,4.0,512-world-pixels,2.0,10,0.1892203282828283,18.92203282828283,81.07796717171716,1.0,100.0,-81.07796717171716,256,equal scenes; within each scene equal conditions and equal candidates; horizons reported separately
contact_friction,visible_pusht_futures_2026-10-08,agent,False,temporal_lag_prepend_current,one_horizon,4.0,512-world-pixels,2.0,15,0.2838304924242423,28.383049242424228,71.61695075757576,1.0,100.0,-71.61695075757576,256,equal scenes; within each scene equal conditions and equal candidates; horizons reported separately
contact_friction,visible_pusht_futures_2026-10-08,agent,False,temporal_lag_prepend_current,one_horizon,4.0,512-world-pixels,2.0,20,0.3784406565656566,37.84406565656566,62.15593434343434,1.0,100.0,-62.15593434343434,256,equal scenes; within each scene equal conditions and equal candidates; horizons reported separately
contact_friction,visible_pusht_futures_2026-10-08,agent,False,temporal_lag_prepend_current,one_horizon,4.0,512-world-pixels,2.0,25,0.4730508207070706,47.30508207070706,52.69491792929294,1.0,100.0,-52.69491792929294,256,equal scenes; within each scene equal conditions and equal candidates; horizons reported separately
contact_friction,visible_pusht_futures_2026-10-08,agent,False,temporal_lag_prepend_current,one_horizon,8.0,512-world-pixels,4.0,5,0.09496527777777779,9.496527777777779,90.50347222222223,1.0,100.0,-90.50347222222223,256,equal scenes; within each scene equal conditions and equal candidates; horizons reported separately
contact_friction,visible_pusht_futures_2026-10-08,agent,False,temporal_lag_prepend_current,one_horizon,8.0,512-world-pixels,4.0,10,0.1892203282828283,18.92203282828283,81.07796717171716,1.0,100.0,-81.07796717171716,256,equal scenes; within each scene equal conditions and equal candidates; horizons reported separately
contact_friction,visible_pusht_futures_2026-10-08,agent,False,temporal_lag_prepend_current,one_horizon,8.0,512-world-pixels,4.0,15,0.2838304924242423,28.383049242424228,71.61695075757576,1.0,100.0,-71.61695075757576,256,equal scenes; within each scene equal conditions and equal candidates; horizons reported separately
contact_friction,visible_pusht_futures_2026-10-08,agent,False,temporal_lag_prepend_current,one_horizon,8.0,512-world-pixels,4.0,20,0.3784406565656566,37.84406565656566,62.15593434343434,1.0,100.0,-62.15593434343434,256,equal scenes; within each scene equal conditions and equal candidates; horizons reported separately
contact_friction,visible_pusht_futures_2026-10-08,agent,False,temporal_lag_prepend_current,one_horizon,8.0,512-world-pixels,4.0,25,0.4730508207070706,47.30508207070706,52.69491792929294,1.0,100.0,-52.69491792929294,256,equal scenes; within each scene equal conditions and equal candidates; horizons reported separately
contact_friction,visible_pusht_futures_2026-10-08,agent,False,temporal_lag_prepend_current,one_horizon,16.0,512-world-pixels,8.0,5,0.204525726010101,20.4525726010101,79.5474273989899,1.0,100.0,-79.5474273989899,256,equal scenes; within each scene equal conditions and equal candidates; horizons reported separately
contact_friction,visible_pusht_futures_2026-10-08,agent,False,temporal_lag_prepend_current,one_horizon,16.0,512-world-pixels,8.0,10,0.19919902146464646,19.919902146464647,80.08009785353536,1.0,100.0,-80.08009785353536,256,equal scenes; within each scene equal conditions and equal candidates; horizons reported separately
contact_friction,visible_pusht_futures_2026-10-08,agent,False,temporal_lag_prepend_current,one_horizon,16.0,512-world-pixels,8.0,15,0.2938091856060605,29.38091856060605,70.61908143939395,1.0,100.0,-70.61908143939395,256,equal scenes; within each scene equal conditions and equal candidates; horizons reported separately
contact_friction,visible_pusht_futures_2026-10-08,agent,False,temporal_lag_prepend_current,one_horizon,16.0,512-world-pixels,8.0,20,0.3884193497474747,38.841934974747474,61.158065025252526,1.0,100.0,-61.158065025252526,256,equal scenes; within each scene equal conditions and equal candidates; horizons reported separately
contact_friction,visible_pusht_futures_2026-10-08,agent,False,temporal_lag_prepend_current,one_horizon,16.0,512-world-pixels,8.0,25,0.4830295138888888,48.30295138888888,51.69704861111112,1.0,100.0,-51.69704861111112,256,equal scenes; within each scene equal conditions and equal candidates; horizons reported separately
contact_friction,visible_pusht_futures_2026-10-08,agent,False,temporal_lag_prepend_current,one_horizon,32.0,512-world-pixels,16.0,5,0.8006313131313132,80.06313131313132,19.93686868686868,1.0,100.0,-19.93686868686868,256,equal scenes; within each scene equal conditions and equal candidates; horizons reported separately
contact_friction,visible_pusht_futures_2026-10-08,agent,False,temporal_lag_prepend_current,one_horizon,32.0,512-world-pixels,16.0,10,0.3432212752525252,34.32212752525252,65.67787247474747,1.0,100.0,-65.67787247474747,256,equal scenes; within each scene equal conditions and equal candidates; horizons reported separately
contact_friction,visible_pusht_futures_2026-10-08,agent,False,temporal_lag_prepend_current,one_horizon,32.0,512-world-pixels,16.0,15,0.4378314393939393,43.78314393939393,56.21685606060607,1.0,100.0,-56.21685606060607,256,equal scenes; within each scene equal conditions and equal candidates; horizons reported separately
contact_friction,visible_pusht_futures_2026-10-08,agent,False,temporal_lag_prepend_current,one_horizon,32.0,512-world-pixels,16.0,20,0.5324416035353535,53.24416035353535,46.75583964646465,1.0,100.0,-46.75583964646465,256,equal scenes; within each scene equal conditions and equal candidates; horizons reported separately
contact_friction,visible_pusht_futures_2026-10-08,agent,False,temporal_lag_prepend_current,one_horizon,32.0,512-world-pixels,16.0,25,0.6262271148989899,62.62271148989898,37.37728851010102,1.0,100.0,-37.37728851010102,256,equal scenes; within each scene equal conditions and equal candidates; horizons reported separately
contact_friction,visible_pusht_futures_2026-10-08,agent,False,wrong_condition_true_future,cyclic_shift_by_1,2.0,512-world-pixels,1.0,5,1.0,100.0,0.0,1.0,100.0,0.0,256,equal scenes; within each scene equal conditions and equal candidates; horizons reported separately
contact_friction,visible_pusht_futures_2026-10-08,agent,False,wrong_condition_true_future,cyclic_shift_by_1,2.0,512-world-pixels,1.0,10,1.0,100.0,0.0,1.0,100.0,0.0,256,equal scenes; within each scene equal conditions and equal candidates; horizons reported separately
contact_friction,visible_pusht_futures_2026-10-08,agent,False,wrong_condition_true_future,cyclic_shift_by_1,2.0,512-world-pixels,1.0,15,1.0,100.0,0.0,1.0,100.0,0.0,256,equal scenes; within each scene equal conditions and equal candidates; horizons reported separately
contact_friction,visible_pusht_futures_2026-10-08,agent,False,wrong_condition_true_future,cyclic_shift_by_1,2.0,512-world-pixels,1.0,20,1.0,100.0,0.0,1.0,100.0,0.0,256,equal scenes; within each scene equal conditions and equal candidates; horizons reported separately
contact_friction,visible_pusht_futures_2026-10-08,agent,False,wrong_condition_true_future,cyclic_shift_by_1,2.0,512-world-pixels,1.0,25,1.0,100.0,0.0,1.0,100.0,0.0,256,equal scenes; within each scene equal conditions and equal candidates; horizons reported separately
contact_friction,visible_pusht_futures_2026-10-08,agent,False,wrong_condition_true_future,cyclic_shift_by_1,4.0,512-world-pixels,2.0,5,1.0,100.0,0.0,1.0,100.0,0.0,256,equal scenes; within each scene equal conditions and equal candidates; horizons reported separately
contact_friction,visible_pusht_futures_2026-10-08,agent,False,wrong_condition_true_future,cyclic_shift_by_1,4.0,512-world-pixels,2.0,10,1.0,100.0,0.0,1.0,100.0,0.0,256,equal scenes; within each scene equal conditions and equal candidates; horizons reported separately
contact_friction,visible_pusht_futures_2026-10-08,agent,False,wrong_condition_true_future,cyclic_shift_by_1,4.0,512-world-pixels,2.0,15,1.0,100.0,0.0,1.0,100.0,0.0,256,equal scenes; within each scene equal conditions and equal candidates; horizons reported separately
contact_friction,visible_pusht_futures_2026-10-08,agent,False,wrong_condition_true_future,cyclic_shift_by_1,4.0,512-world-pixels,2.0,20,1.0,100.0,0.0,1.0,100.0,0.0,256,equal scenes; within each scene equal conditions and equal candidates; horizons reported separately
contact_friction,visible_pusht_futures_2026-10-08,agent,False,wrong_condition_true_future,cyclic_shift_by_1,4.0,512-world-pixels,2.0,25,1.0,100.0,0.0,1.0,100.0,0.0,256,equal scenes; within each scene equal conditions and equal candidates; horizons reported separately
contact_friction,visible_pusht_futures_2026-10-08,agent,False,wrong_condition_true_future,cyclic_shift_by_1,8.0,512-world-pixels,4.0,5,1.0,100.0,0.0,1.0,100.0,0.0,256,equal scenes; within each scene equal conditions and equal candidates; horizons reported separately
contact_friction,visible_pusht_futures_2026-10-08,agent,False,wrong_condition_true_future,cyclic_shift_by_1,8.0,512-world-pixels,4.0,10,1.0,100.0,0.0,1.0,100.0,0.0,256,equal scenes; within each scene equal conditions and equal candidates; horizons reported separately
contact_friction,visible_pusht_futures_2026-10-08,agent,False,wrong_condition_true_future,cyclic_shift_by_1,8.0,512-world-pixels,4.0,15,1.0,100.0,0.0,1.0,100.0,0.0,256,equal scenes; within each scene equal conditions and equal candidates; horizons reported separately
contact_friction,visible_pusht_futures_2026-10-08,agent,False,wrong_condition_true_future,cyclic_shift_by_1,8.0,512-world-pixels,4.0,20,1.0,100.0,0.0,1.0,100.0,0.0,256,equal scenes; within each scene equal conditions and equal candidates; horizons reported separately
contact_friction,visible_pusht_futures_2026-10-08,agent,False,wrong_condition_true_future,cyclic_shift_by_1,8.0,512-world-pixels,4.0,25,1.0,100.0,0.0,1.0,100.0,0.0,256,equal scenes; within each scene equal conditions and equal candidates; horizons reported separately
contact_friction,visible_pusht_futures_2026-10-08,agent,False,wrong_condition_true_future,cyclic_shift_by_1,16.0,512-world-pixels,8.0,5,1.0,100.0,0.0,1.0,100.0,0.0,256,equal scenes; within each scene equal conditions and equal candidates; horizons reported separately
contact_friction,visible_pusht_futures_2026-10-08,agent,False,wrong_condition_true_future,cyclic_shift_by_1,16.0,512-world-pixels,8.0,10,1.0,100.0,0.0,1.0,100.0,0.0,256,equal scenes; within each scene equal conditions and equal candidates; horizons reported separately
contact_friction,visible_pusht_futures_2026-10-08,agent,False,wrong_condition_true_future,cyclic_shift_by_1,16.0,512-world-pixels,8.0,15,1.0,100.0,0.0,1.0,100.0,0.0,256,equal scenes; within each scene equal conditions and equal candidates; horizons reported separately
contact_friction,visible_pusht_futures_2026-10-08,agent,False,wrong_condition_true_future,cyclic_shift_by_1,16.0,512-world-pixels,8.0,20,1.0,100.0,0.0,1.0,100.0,0.0,256,equal scenes; within each scene equal conditions and equal candidates; horizons reported separately
contact_friction,visible_pusht_futures_2026-10-08,agent,False,wrong_condition_true_future,cyclic_shift_by_1,16.0,512-world-pixels,8.0,25,1.0,100.0,0.0,1.0,100.0,0.0,256,equal scenes; within each scene equal conditions and equal candidates; horizons reported separately
contact_friction,visible_pusht_futures_2026-10-08,agent,False,wrong_condition_true_future,cyclic_shift_by_1,32.0,512-world-pixels,16.0,5,1.0,100.0,0.0,1.0,100.0,0.0,256,equal scenes; within each scene equal conditions and equal candidates; horizons reported separately
contact_friction,visible_pusht_futures_2026-10-08,agent,False,wrong_condition_true_future,cyclic_shift_by_1,32.0,512-world-pixels,16.0,10,1.0,100.0,0.0,1.0,100.0,0.0,256,equal scenes; within each scene equal conditions and equal candidates; horizons reported separately
contact_friction,visible_pusht_futures_2026-10-08,agent,False,wrong_condition_true_future,cyclic_shift_by_1,32.0,512-world-pixels,16.0,15,1.0,100.0,0.0,1.0,100.0,0.0,256,equal scenes; within each scene equal conditions and equal candidates; horizons reported separately
contact_friction,visible_pusht_futures_2026-10-08,agent,False,wrong_condition_true_future,cyclic_shift_by_1,32.0,512-world-pixels,16.0,20,1.0,100.0,0.0,1.0,100.0,0.0,256,equal scenes; within each scene equal conditions and equal candidates; horizons reported separately
contact_friction,visible_pusht_futures_2026-10-08,agent,False,wrong_condition_true_future,cyclic_shift_by_1,32.0,512-world-pixels,16.0,25,1.0,100.0,0.0,1.0,100.0,0.0,256,equal scenes; within each scene equal conditions and equal candidates; horizons reported separately
contact_friction,visible_pusht_futures_2026-10-08,block,True,condition_mean_common_privileged,mean_across_hidden_conditions,2.0,512-world-pixels,1.0,5,0.3033420138888888,30.334201388888882,69.66579861111111,0.6516710069444446,65.16710069444446,-34.83289930555558,256,equal scenes; within each scene equal conditions and equal candidates; horizons reported separately
contact_friction,visible_pusht_futures_2026-10-08,block,True,condition_mean_common_privileged,mean_across_hidden_conditions,2.0,512-world-pixels,1.0,10,0.20243055555555556,20.243055555555557,79.75694444444444,0.6012152777777778,60.121527777777786,-39.87847222222223,256,equal scenes; within each scene equal conditions and equal candidates; horizons reported separately
contact_friction,visible_pusht_futures_2026-10-08,block,True,condition_mean_common_privileged,mean_across_hidden_conditions,2.0,512-world-pixels,1.0,15,0.20203993055555558,20.203993055555557,79.79600694444444,0.6010199652777779,60.10199652777779,-39.89800347222223,256,equal scenes; within each scene equal conditions and equal candidates; horizons reported separately
contact_friction,visible_pusht_futures_2026-10-08,block,True,condition_mean_common_privileged,mean_across_hidden_conditions,2.0,512-world-pixels,1.0,20,0.20203993055555558,20.203993055555557,79.79600694444444,0.6010199652777779,60.10199652777779,-39.89800347222223,256,equal scenes; within each scene equal conditions and equal candidates; horizons reported separately
contact_friction,visible_pusht_futures_2026-10-08,block,True,condition_mean_common_privileged,mean_across_hidden_conditions,2.0,512-world-pixels,1.0,25,0.20203993055555558,20.203993055555557,79.79600694444444,0.6010199652777779,60.10199652777779,-39.89800347222223,256,equal scenes; within each scene equal conditions and equal candidates; horizons reported separately
contact_friction,visible_pusht_futures_2026-10-08,block,True,condition_mean_common_privileged,mean_across_hidden_conditions,4.0,512-world-pixels,2.0,5,0.855362215909091,85.5362215909091,14.4637784090909,0.9276811079545451,92.7681107954545,-7.231889204545405,256,equal scenes; within each scene equal conditions and equal candidates; horizons reported separately
contact_friction,visible_pusht_futures_2026-10-08,block,True,condition_mean_common_privileged,mean_across_hidden_conditions,4.0,512-world-pixels,2.0,10,0.4734414457070706,47.34414457070706,52.65585542929294,0.7367207228535353,73.67207228535352,-26.32792771464647,256,equal scenes; within each scene equal conditions and equal candidates; horizons reported separately
contact_friction,visible_pusht_futures_2026-10-08,block,True,condition_mean_common_privileged,mean_across_hidden_conditions,4.0,512-world-pixels,2.0,15,0.3784406565656566,37.84406565656566,62.15593434343434,0.6892203282828282,68.92203282828282,-31.07796717171716,256,equal scenes; within each scene equal conditions and equal candidates; horizons reported separately
contact_friction,visible_pusht_futures_2026-10-08,block,True,condition_mean_common_privileged,mean_across_hidden_conditions,4.0,512-world-pixels,2.0,20,0.3784406565656566,37.84406565656566,62.15593434343434,0.6892203282828282,68.92203282828282,-31.07796717171716,256,equal scenes; within each scene equal conditions and equal candidates; horizons reported separately
contact_friction,visible_pusht_futures_2026-10-08,block,True,condition_mean_common_privileged,mean_across_hidden_conditions,4.0,512-world-pixels,2.0,25,0.3784406565656566,37.84406565656566,62.15593434343434,0.6892203282828282,68.92203282828282,-31.07796717171716,256,equal scenes; within each scene equal conditions and equal candidates; horizons reported separately
contact_friction,visible_pusht_futures_2026-10-08,block,True,condition_mean_common_privileged,mean_across_hidden_conditions,8.0,512-world-pixels,4.0,5,0.871768465909091,87.1768465909091,12.823153409090903,0.9358842329545451,93.58842329545452,-6.411576704545419,256,equal scenes; within each scene equal conditions and equal candidates; horizons reported separately
contact_friction,visible_pusht_futures_2026-10-08,block,True,condition_mean_common_privileged,mean_across_hidden_conditions,8.0,512-world-pixels,4.0,10,0.4734414457070706,47.34414457070706,52.65585542929294,0.7367207228535353,73.67207228535352,-26.32792771464647,256,equal scenes; within each scene equal conditions and equal candidates; horizons reported separately
contact_friction,visible_pusht_futures_2026-10-08,block,True,condition_mean_common_privileged,mean_across_hidden_conditions,8.0,512-world-pixels,4.0,15,0.3788312815656566,37.88312815656566,62.11687184343434,0.6894156407828281,68.94156407828281,-31.058435921717155,256,equal scenes; within each scene equal conditions and equal candidates; horizons reported separately
contact_friction,visible_pusht_futures_2026-10-08,block,True,condition_mean_common_privileged,mean_across_hidden_conditions,8.0,512-world-pixels,4.0,20,0.3784406565656566,37.84406565656566,62.15593434343434,0.6892203282828282,68.92203282828282,-31.07796717171716,256,equal scenes; within each scene equal conditions and equal candidates; horizons reported separately
contact_friction,visible_pusht_futures_2026-10-08,block,True,condition_mean_common_privileged,mean_across_hidden_conditions,8.0,512-world-pixels,4.0,25,0.3784406565656566,37.84406565656566,62.15593434343434,0.6892203282828282,68.92203282828282,-31.07796717171716,256,equal scenes; within each scene equal conditions and equal candidates; horizons reported separately
contact_friction,visible_pusht_futures_2026-10-08,block,True,condition_mean_common_privileged,mean_across_hidden_conditions,16.0,512-world-pixels,8.0,5,0.9577414772727271,95.7741477272727,4.225852272727293,0.9788707386363638,97.88707386363637,-2.1129261363636687,256,equal scenes; within each scene equal conditions and equal candidates; horizons reported separately
contact_friction,visible_pusht_futures_2026-10-08,block,True,condition_mean_common_privileged,mean_across_hidden_conditions,16.0,512-world-pixels,8.0,10,0.47974273989898975,47.974273989898975,52.025726010101025,0.739871369949495,73.9871369949495,-26.012863005050523,256,equal scenes; within each scene equal conditions and equal candidates; horizons reported separately
contact_friction,visible_pusht_futures_2026-10-08,block,True,condition_mean_common_privileged,mean_across_hidden_conditions,16.0,512-world-pixels,8.0,15,0.4734414457070706,47.34414457070706,52.65585542929294,0.7367207228535353,73.67207228535352,-26.32792771464647,256,equal scenes; within each scene equal conditions and equal candidates; horizons reported separately
contact_friction,visible_pusht_futures_2026-10-08,block,True,condition_mean_common_privileged,mean_across_hidden_conditions,16.0,512-world-pixels,8.0,20,0.3792219065656566,37.92219065656566,62.07780934343434,0.6896109532828281,68.96109532828281,-31.038904671717148,256,equal scenes; within each scene equal conditions and equal candidates; horizons reported separately
contact_friction,visible_pusht_futures_2026-10-08,block,True,condition_mean_common_privileged,mean_across_hidden_conditions,16.0,512-world-pixels,8.0,25,0.3788312815656566,37.88312815656566,62.11687184343434,0.6894156407828281,68.94156407828281,-31.058435921717155,256,equal scenes; within each scene equal conditions and equal candidates; horizons reported separately
contact_friction,visible_pusht_futures_2026-10-08,block,True,condition_mean_common_privileged,mean_across_hidden_conditions,32.0,512-world-pixels,16.0,5,1.0,100.0,0.0,1.0,100.0,0.0,256,equal scenes; within each scene equal conditions and equal candidates; horizons reported separately
contact_friction,visible_pusht_futures_2026-10-08,block,True,condition_mean_common_privileged,mean_across_hidden_conditions,32.0,512-world-pixels,16.0,10,0.871768465909091,87.1768465909091,12.823153409090903,0.9358842329545451,93.58842329545452,-6.411576704545419,256,equal scenes; within each scene equal conditions and equal candidates; horizons reported separately
contact_friction,visible_pusht_futures_2026-10-08,block,True,condition_mean_common_privileged,mean_across_hidden_conditions,32.0,512-world-pixels,16.0,15,0.5798216540404038,57.98216540404037,42.01783459595963,0.7899108270202022,78.99108270202022,-21.008917297979846,256,equal scenes; within each scene equal conditions and equal candidates; horizons reported separately
contact_friction,visible_pusht_futures_2026-10-08,block,True,condition_mean_common_privileged,mean_across_hidden_conditions,32.0,512-world-pixels,16.0,20,0.5735203598484846,57.352035984848456,42.647964015151544,0.7867601799242425,78.67601799242425,-21.323982007575793,256,equal scenes; within each scene equal conditions and equal candidates; horizons reported separately
contact_friction,visible_pusht_futures_2026-10-08,block,True,condition_mean_common_privileged,mean_across_hidden_conditions,32.0,512-world-pixels,16.0,25,0.5735203598484846,57.352035984848456,42.647964015151544,0.7867601799242425,78.67601799242425,-21.323982007575793,256,equal scenes; within each scene equal conditions and equal candidates; horizons reported separately
contact_friction,visible_pusht_futures_2026-10-08,block,True,current_state_displacement_scale,0,2.0,512-world-pixels,1.0,5,0.3033420138888888,30.334201388888882,69.66579861111111,0.6516710069444446,65.16710069444446,-34.83289930555558,256,equal scenes; within each scene equal conditions and equal candidates; horizons reported separately
contact_friction,visible_pusht_futures_2026-10-08,block,True,current_state_displacement_scale,0,2.0,512-world-pixels,1.0,10,0.20243055555555556,20.243055555555557,79.75694444444444,0.6012152777777778,60.121527777777786,-39.87847222222223,256,equal scenes; within each scene equal conditions and equal candidates; horizons reported separately
contact_friction,visible_pusht_futures_2026-10-08,block,True,current_state_displacement_scale,0,2.0,512-world-pixels,1.0,15,0.20203993055555558,20.203993055555557,79.79600694444444,0.6010199652777779,60.10199652777779,-39.89800347222223,256,equal scenes; within each scene equal conditions and equal candidates; horizons reported separately
contact_friction,visible_pusht_futures_2026-10-08,block,True,current_state_displacement_scale,0,2.0,512-world-pixels,1.0,20,0.20203993055555558,20.203993055555557,79.79600694444444,0.6010199652777779,60.10199652777779,-39.89800347222223,256,equal scenes; within each scene equal conditions and equal candidates; horizons reported separately
contact_friction,visible_pusht_futures_2026-10-08,block,True,current_state_displacement_scale,0,2.0,512-world-pixels,1.0,25,0.20203993055555558,20.203993055555557,79.79600694444444,0.6010199652777779,60.10199652777779,-39.89800347222223,256,equal scenes; within each scene equal conditions and equal candidates; horizons reported separately
contact_friction,visible_pusht_futures_2026-10-08,block,True,current_state_displacement_scale,0,4.0,512-world-pixels,2.0,5,0.3033420138888888,30.334201388888882,69.66579861111111,0.9276811079545451,92.7681107954545,-62.433909406565625,256,equal scenes; within each scene equal conditions and equal candidates; horizons reported separately
contact_friction,visible_pusht_futures_2026-10-08,block,True,current_state_displacement_scale,0,4.0,512-world-pixels,2.0,10,0.20243055555555556,20.243055555555557,79.75694444444444,0.7367207228535353,73.67207228535352,-53.42901672979797,256,equal scenes; within each scene equal conditions and equal candidates; horizons reported separately
contact_friction,visible_pusht_futures_2026-10-08,block,True,current_state_displacement_scale,0,4.0,512-world-pixels,2.0,15,0.20203993055555558,20.203993055555557,79.79600694444444,0.6892203282828282,68.92203282828282,-48.71803977272726,256,equal scenes; within each scene equal conditions and equal candidates; horizons reported separately
contact_friction,visible_pusht_futures_2026-10-08,block,True,current_state_displacement_scale,0,4.0,512-world-pixels,2.0,20,0.20203993055555558,20.203993055555557,79.79600694444444,0.6892203282828282,68.92203282828282,-48.71803977272726,256,equal scenes; within each scene equal conditions and equal candidates; horizons reported separately
contact_friction,visible_pusht_futures_2026-10-08,block,True,current_state_displacement_scale,0,4.0,512-world-pixels,2.0,25,0.20203993055555558,20.203993055555557,79.79600694444444,0.6892203282828282,68.92203282828282,-48.71803977272726,256,equal scenes; within each scene equal conditions and equal candidates; horizons reported separately
contact_friction,visible_pusht_futures_2026-10-08,block,True,current_state_displacement_scale,0,8.0,512-world-pixels,4.0,5,0.9065518465909088,90.65518465909088,9.344815340909118,0.9358842329545451,93.58842329545452,-2.933238636363633,256,equal scenes; within each scene equal conditions and equal candidates; horizons reported separately
contact_friction,visible_pusht_futures_2026-10-08,block,True,current_state_displacement_scale,0,8.0,512-world-pixels,4.0,10,0.47659209280303017,47.65920928030302,52.34079071969698,0.7367207228535353,73.67207228535352,-26.012863005050512,256,equal scenes; within each scene equal conditions and equal candidates; horizons reported separately
contact_friction,visible_pusht_futures_2026-10-08,block,True,current_state_displacement_scale,0,8.0,512-world-pixels,4.0,15,0.4259410511363637,42.594105113636374,57.405894886363626,0.6894156407828281,68.94156407828281,-26.347458964646442,256,equal scenes; within each scene equal conditions and equal candidates; horizons reported separately
contact_friction,visible_pusht_futures_2026-10-08,block,True,current_state_displacement_scale,0,8.0,512-world-pixels,4.0,20,0.37863596906565655,37.863596906565654,62.136403093434346,0.6892203282828282,68.92203282828282,-31.058435921717166,256,equal scenes; within each scene equal conditions and equal candidates; horizons reported separately
contact_friction,visible_pusht_futures_2026-10-08,block,True,current_state_displacement_scale,0,8.0,512-world-pixels,4.0,25,0.37863596906565655,37.863596906565654,62.136403093434346,0.6892203282828282,68.92203282828282,-31.058435921717166,256,equal scenes; within each scene equal conditions and equal candidates; horizons reported separately
contact_friction,visible_pusht_futures_2026-10-08,block,True,current_state_displacement_scale,0,16.0,512-world-pixels,8.0,5,0.9358842329545451,93.58842329545452,6.411576704545485,0.9788707386363638,97.88707386363637,-4.298650568181861,256,equal scenes; within each scene equal conditions and equal candidates; horizons reported separately
contact_friction,visible_pusht_futures_2026-10-08,block,True,current_state_displacement_scale,0,16.0,512-world-pixels,8.0,10,0.7155914614898988,71.55914614898988,28.440853851010118,0.739871369949495,73.9871369949495,-2.4279908459596156,256,equal scenes; within each scene equal conditions and equal candidates; horizons reported separately
contact_friction,visible_pusht_futures_2026-10-08,block,True,current_state_displacement_scale,0,16.0,512-world-pixels,8.0,15,0.6172920612373738,61.72920612373738,38.27079387626262,0.7367207228535353,73.67207228535352,-11.94286616161615,256,equal scenes; within each scene equal conditions and equal candidates; horizons reported separately
contact_friction,visible_pusht_futures_2026-10-08,block,True,current_state_displacement_scale,0,16.0,512-world-pixels,8.0,20,0.5237018623737373,52.37018623737373,47.62981376262627,0.6896109532828281,68.96109532828281,-16.59090909090908,256,equal scenes; within each scene equal conditions and equal candidates; horizons reported separately
contact_friction,visible_pusht_futures_2026-10-08,block,True,current_state_displacement_scale,0,16.0,512-world-pixels,8.0,25,0.5209635416666667,52.09635416666667,47.90364583333333,0.6894156407828281,68.94156407828281,-16.845209911616145,256,equal scenes; within each scene equal conditions and equal candidates; horizons reported separately
contact_friction,visible_pusht_futures_2026-10-08,block,True,current_state_displacement_scale,0,32.0,512-world-pixels,16.0,5,0.9788707386363638,97.88707386363637,2.1129261363636243,1.0,100.0,-2.1129261363636243,256,equal scenes; within each scene equal conditions and equal candidates; horizons reported separately
contact_friction,visible_pusht_futures_2026-10-08,block,True,current_state_displacement_scale,0,32.0,512-world-pixels,16.0,10,0.739871369949495,73.9871369949495,26.0128630050505,0.9358842329545451,93.58842329545452,-19.601286300505016,256,equal scenes; within each scene equal conditions and equal candidates; horizons reported separately
contact_friction,visible_pusht_futures_2026-10-08,block,True,current_state_displacement_scale,0,32.0,512-world-pixels,16.0,15,0.7367207228535353,73.67207228535352,26.32792771464647,0.7899108270202022,78.99108270202022,-5.319010416666692,256,equal scenes; within each scene equal conditions and equal candidates; horizons reported separately
contact_friction,visible_pusht_futures_2026-10-08,block,True,current_state_displacement_scale,0,32.0,512-world-pixels,16.0,20,0.6894156407828281,68.94156407828281,31.058435921717187,0.7867601799242425,78.67601799242425,-9.734453914141438,256,equal scenes; within each scene equal conditions and equal candidates; horizons reported separately
contact_friction,visible_pusht_futures_2026-10-08,block,True,current_state_displacement_scale,0,32.0,512-world-pixels,16.0,25,0.6892203282828282,68.92203282828282,31.07796717171718,0.7867601799242425,78.67601799242425,-9.753985164141433,256,equal scenes; within each scene equal conditions and equal candidates; horizons reported separately
contact_friction,visible_pusht_futures_2026-10-08,block,True,current_state_displacement_scale,0.5,2.0,512-world-pixels,1.0,5,0.3033420138888888,30.334201388888882,69.66579861111111,0.6516710069444446,65.16710069444446,-34.83289930555558,256,equal scenes; within each scene equal conditions and equal candidates; horizons reported separately
contact_friction,visible_pusht_futures_2026-10-08,block,True,current_state_displacement_scale,0.5,2.0,512-world-pixels,1.0,10,0.20243055555555556,20.243055555555557,79.75694444444444,0.6012152777777778,60.121527777777786,-39.87847222222223,256,equal scenes; within each scene equal conditions and equal candidates; horizons reported separately
contact_friction,visible_pusht_futures_2026-10-08,block,True,current_state_displacement_scale,0.5,2.0,512-world-pixels,1.0,15,0.20203993055555558,20.203993055555557,79.79600694444444,0.6010199652777779,60.10199652777779,-39.89800347222223,256,equal scenes; within each scene equal conditions and equal candidates; horizons reported separately
contact_friction,visible_pusht_futures_2026-10-08,block,True,current_state_displacement_scale,0.5,2.0,512-world-pixels,1.0,20,0.20203993055555558,20.203993055555557,79.79600694444444,0.6010199652777779,60.10199652777779,-39.89800347222223,256,equal scenes; within each scene equal conditions and equal candidates; horizons reported separately
contact_friction,visible_pusht_futures_2026-10-08,block,True,current_state_displacement_scale,0.5,2.0,512-world-pixels,1.0,25,0.20203993055555558,20.203993055555557,79.79600694444444,0.6010199652777779,60.10199652777779,-39.89800347222223,256,equal scenes; within each scene equal conditions and equal candidates; horizons reported separately
contact_friction,visible_pusht_futures_2026-10-08,block,True,current_state_displacement_scale,0.5,4.0,512-world-pixels,2.0,5,0.9065518465909088,90.65518465909088,9.344815340909118,0.9276811079545451,92.7681107954545,-2.1129261363636243,256,equal scenes; within each scene equal conditions and equal candidates; horizons reported separately
contact_friction,visible_pusht_futures_2026-10-08,block,True,current_state_displacement_scale,0.5,4.0,512-world-pixels,2.0,10,0.47659209280303017,47.65920928030302,52.34079071969698,0.7367207228535353,73.67207228535352,-26.012863005050512,256,equal scenes; within each scene equal conditions and equal candidates; horizons reported separately
contact_friction,visible_pusht_futures_2026-10-08,block,True,current_state_displacement_scale,0.5,4.0,512-world-pixels,2.0,15,0.4259410511363637,42.594105113636374,57.405894886363626,0.6892203282828282,68.92203282828282,-26.32792771464645,256,equal scenes; within each scene equal conditions and equal candidates; horizons reported separately
contact_friction,visible_pusht_futures_2026-10-08,block,True,current_state_displacement_scale,0.5,4.0,512-world-pixels,2.0,20,0.37863596906565655,37.863596906565654,62.136403093434346,0.6892203282828282,68.92203282828282,-31.058435921717166,256,equal scenes; within each scene equal conditions and equal candidates; horizons reported separately
contact_friction,visible_pusht_futures_2026-10-08,block,True,current_state_displacement_scale,0.5,4.0,512-world-pixels,2.0,25,0.37863596906565655,37.863596906565654,62.136403093434346,0.6892203282828282,68.92203282828282,-31.058435921717166,256,equal scenes; within each scene equal conditions and equal candidates; horizons reported separately
contact_friction,visible_pusht_futures_2026-10-08,block,True,current_state_displacement_scale,0.5,8.0,512-world-pixels,4.0,5,0.9358842329545451,93.58842329545452,6.411576704545485,0.9358842329545451,93.58842329545452,0.0,256,equal scenes; within each scene equal conditions and equal candidates; horizons reported separately
contact_friction,visible_pusht_futures_2026-10-08,block,True,current_state_displacement_scale,0.5,8.0,512-world-pixels,4.0,10,0.7155914614898988,71.55914614898988,28.440853851010118,0.7367207228535353,73.67207228535352,-2.1129261363636465,256,equal scenes; within each scene equal conditions and equal candidates; horizons reported separately
contact_friction,visible_pusht_futures_2026-10-08,block,True,current_state_displacement_scale,0.5,8.0,512-world-pixels,4.0,15,0.6172920612373738,61.72920612373738,38.27079387626262,0.6894156407828281,68.94156407828281,-7.212357954545434,256,equal scenes; within each scene equal conditions and equal candidates; horizons reported separately
contact_friction,visible_pusht_futures_2026-10-08,block,True,current_state_displacement_scale,0.5,8.0,512-world-pixels,4.0,20,0.5237018623737373,52.37018623737373,47.62981376262627,0.6892203282828282,68.92203282828282,-16.551846590909093,256,equal scenes; within each scene equal conditions and equal candidates; horizons reported separately
contact_friction,visible_pusht_futures_2026-10-08,block,True,current_state_displacement_scale,0.5,8.0,512-world-pixels,4.0,25,0.5209635416666667,52.09635416666667,47.90364583333333,0.6892203282828282,68.92203282828282,-16.825678661616152,256,equal scenes; within each scene equal conditions and equal candidates; horizons reported separately
contact_friction,visible_pusht_futures_2026-10-08,block,True,current_state_displacement_scale,0.5,16.0,512-world-pixels,8.0,5,0.9788707386363638,97.88707386363637,2.1129261363636243,0.9788707386363638,97.88707386363637,0.0,256,equal scenes; within each scene equal conditions and equal candidates; horizons reported separately
contact_friction,visible_pusht_futures_2026-10-08,block,True,current_state_displacement_scale,0.5,16.0,512-world-pixels,8.0,10,0.739871369949495,73.9871369949495,26.0128630050505,0.739871369949495,73.9871369949495,0.0,256,equal scenes; within each scene equal conditions and equal candidates; horizons reported separately
contact_friction,visible_pusht_futures_2026-10-08,block,True,current_state_displacement_scale,0.5,16.0,512-world-pixels,8.0,15,0.7367207228535353,73.67207228535352,26.32792771464647,0.7367207228535353,73.67207228535352,0.0,256,equal scenes; within each scene equal conditions and equal candidates; horizons reported separately
contact_friction,visible_pusht_futures_2026-10-08,block,True,current_state_displacement_scale,0.5,16.0,512-world-pixels,8.0,20,0.6894156407828281,68.94156407828281,31.058435921717187,0.6896109532828281,68.96109532828281,-0.01953124999999334,256,equal scenes; within each scene equal conditions and equal candidates; horizons reported separately
contact_friction,visible_pusht_futures_2026-10-08,block,True,current_state_displacement_scale,0.5,16.0,512-world-pixels,8.0,25,0.6892203282828282,68.92203282828282,31.07796717171718,0.6894156407828281,68.94156407828281,-0.01953124999999334,256,equal scenes; within each scene equal conditions and equal candidates; horizons reported separately
contact_friction,visible_pusht_futures_2026-10-08,block,True,current_state_displacement_scale,0.5,32.0,512-world-pixels,16.0,5,1.0,100.0,0.0,1.0,100.0,0.0,256,equal scenes; within each scene equal conditions and equal candidates; horizons reported separately
contact_friction,visible_pusht_futures_2026-10-08,block,True,current_state_displacement_scale,0.5,32.0,512-world-pixels,16.0,10,0.9358842329545451,93.58842329545452,6.411576704545485,0.9358842329545451,93.58842329545452,0.0,256,equal scenes; within each scene equal conditions and equal candidates; horizons reported separately
contact_friction,visible_pusht_futures_2026-10-08,block,True,current_state_displacement_scale,0.5,32.0,512-world-pixels,16.0,15,0.789129577020202,78.91295770202021,21.087042297979796,0.7899108270202022,78.99108270202022,-0.07812500000001776,256,equal scenes; within each scene equal conditions and equal candidates; horizons reported separately
contact_friction,visible_pusht_futures_2026-10-08,block,True,current_state_displacement_scale,0.5,32.0,512-world-pixels,16.0,20,0.7859789299242426,78.59789299242425,21.402107007575744,0.7867601799242425,78.67601799242425,-0.07812499999999556,256,equal scenes; within each scene equal conditions and equal candidates; horizons reported separately
contact_friction,visible_pusht_futures_2026-10-08,block,True,current_state_displacement_scale,0.5,32.0,512-world-pixels,16.0,25,0.7855883049242426,78.55883049242426,21.44116950757574,0.7867601799242425,78.67601799242425,-0.11718749999999334,256,equal scenes; within each scene equal conditions and equal candidates; horizons reported separately
contact_friction,visible_pusht_futures_2026-10-08,block,True,current_state_displacement_scale,1,2.0,512-world-pixels,1.0,5,1.0,100.0,0.0,0.6516710069444446,65.16710069444446,34.83289930555554,256,equal scenes; within each scene equal conditions and equal candidates; horizons reported separately
contact_friction,visible_pusht_futures_2026-10-08,block,True,current_state_displacement_scale,1,2.0,512-world-pixels,1.0,10,1.0,100.0,0.0,0.6012152777777778,60.121527777777786,39.878472222222214,256,equal scenes; within each scene equal conditions and equal candidates; horizons reported separately
contact_friction,visible_pusht_futures_2026-10-08,block,True,current_state_displacement_scale,1,2.0,512-world-pixels,1.0,15,1.0,100.0,0.0,0.6010199652777779,60.10199652777779,39.89800347222221,256,equal scenes; within each scene equal conditions and equal candidates; horizons reported separately
contact_friction,visible_pusht_futures_2026-10-08,block,True,current_state_displacement_scale,1,2.0,512-world-pixels,1.0,20,1.0,100.0,0.0,0.6010199652777779,60.10199652777779,39.89800347222221,256,equal scenes; within each scene equal conditions and equal candidates; horizons reported separately
contact_friction,visible_pusht_futures_2026-10-08,block,True,current_state_displacement_scale,1,2.0,512-world-pixels,1.0,25,1.0,100.0,0.0,0.6010199652777779,60.10199652777779,39.89800347222221,256,equal scenes; within each scene equal conditions and equal candidates; horizons reported separately
contact_friction,visible_pusht_futures_2026-10-08,block,True,current_state_displacement_scale,1,4.0,512-world-pixels,2.0,5,1.0,100.0,0.0,0.9276811079545451,92.7681107954545,7.231889204545494,256,equal scenes; within each scene equal conditions and equal candidates; horizons reported separately
contact_friction,visible_pusht_futures_2026-10-08,block,True,current_state_displacement_scale,1,4.0,512-world-pixels,2.0,10,1.0,100.0,0.0,0.7367207228535353,73.67207228535352,26.32792771464647,256,equal scenes; within each scene equal conditions and equal candidates; horizons reported separately
contact_friction,visible_pusht_futures_2026-10-08,block,True,current_state_displacement_scale,1,4.0,512-world-pixels,2.0,15,1.0,100.0,0.0,0.6892203282828282,68.92203282828282,31.07796717171718,256,equal scenes; within each scene equal conditions and equal candidates; horizons reported separately
contact_friction,visible_pusht_futures_2026-10-08,block,True,current_state_displacement_scale,1,4.0,512-world-pixels,2.0,20,1.0,100.0,0.0,0.6892203282828282,68.92203282828282,31.07796717171718,256,equal scenes; within each scene equal conditions and equal candidates; horizons reported separately
contact_friction,visible_pusht_futures_2026-10-08,block,True,current_state_displacement_scale,1,4.0,512-world-pixels,2.0,25,1.0,100.0,0.0,0.6892203282828282,68.92203282828282,31.07796717171718,256,equal scenes; within each scene equal conditions and equal candidates; horizons reported separately
contact_friction,visible_pusht_futures_2026-10-08,block,True,current_state_displacement_scale,1,8.0,512-world-pixels,4.0,5,1.0,100.0,0.0,0.9358842329545451,93.58842329545452,6.411576704545485,256,equal scenes; within each scene equal conditions and equal candidates; horizons reported separately
contact_friction,visible_pusht_futures_2026-10-08,block,True,current_state_displacement_scale,1,8.0,512-world-pixels,4.0,10,1.0,100.0,0.0,0.7367207228535353,73.67207228535352,26.32792771464647,256,equal scenes; within each scene equal conditions and equal candidates; horizons reported separately
contact_friction,visible_pusht_futures_2026-10-08,block,True,current_state_displacement_scale,1,8.0,512-world-pixels,4.0,15,1.0,100.0,0.0,0.6894156407828281,68.94156407828281,31.058435921717187,256,equal scenes; within each scene equal conditions and equal candidates; horizons reported separately
contact_friction,visible_pusht_futures_2026-10-08,block,True,current_state_displacement_scale,1,8.0,512-world-pixels,4.0,20,1.0,100.0,0.0,0.6892203282828282,68.92203282828282,31.07796717171718,256,equal scenes; within each scene equal conditions and equal candidates; horizons reported separately
contact_friction,visible_pusht_futures_2026-10-08,block,True,current_state_displacement_scale,1,8.0,512-world-pixels,4.0,25,1.0,100.0,0.0,0.6892203282828282,68.92203282828282,31.07796717171718,256,equal scenes; within each scene equal conditions and equal candidates; horizons reported separately
contact_friction,visible_pusht_futures_2026-10-08,block,True,current_state_displacement_scale,1,16.0,512-world-pixels,8.0,5,1.0,100.0,0.0,0.9788707386363638,97.88707386363637,2.1129261363636243,256,equal scenes; within each scene equal conditions and equal candidates; horizons reported separately
contact_friction,visible_pusht_futures_2026-10-08,block,True,current_state_displacement_scale,1,16.0,512-world-pixels,8.0,10,1.0,100.0,0.0,0.739871369949495,73.9871369949495,26.0128630050505,256,equal scenes; within each scene equal conditions and equal candidates; horizons reported separately
contact_friction,visible_pusht_futures_2026-10-08,block,True,current_state_displacement_scale,1,16.0,512-world-pixels,8.0,15,1.0,100.0,0.0,0.7367207228535353,73.67207228535352,26.32792771464647,256,equal scenes; within each scene equal conditions and equal candidates; horizons reported separately
contact_friction,visible_pusht_futures_2026-10-08,block,True,current_state_displacement_scale,1,16.0,512-world-pixels,8.0,20,1.0,100.0,0.0,0.6896109532828281,68.96109532828281,31.038904671717194,256,equal scenes; within each scene equal conditions and equal candidates; horizons reported separately
contact_friction,visible_pusht_futures_2026-10-08,block,True,current_state_displacement_scale,1,16.0,512-world-pixels,8.0,25,1.0,100.0,0.0,0.6894156407828281,68.94156407828281,31.058435921717187,256,equal scenes; within each scene equal conditions and equal candidates; horizons reported separately
contact_friction,visible_pusht_futures_2026-10-08,block,True,current_state_displacement_scale,1,32.0,512-world-pixels,16.0,5,1.0,100.0,0.0,1.0,100.0,0.0,256,equal scenes; within each scene equal conditions and equal candidates; horizons reported separately
contact_friction,visible_pusht_futures_2026-10-08,block,True,current_state_displacement_scale,1,32.0,512-world-pixels,16.0,10,1.0,100.0,0.0,0.9358842329545451,93.58842329545452,6.411576704545485,256,equal scenes; within each scene equal conditions and equal candidates; horizons reported separately
contact_friction,visible_pusht_futures_2026-10-08,block,True,current_state_displacement_scale,1,32.0,512-world-pixels,16.0,15,1.0,100.0,0.0,0.7899108270202022,78.99108270202022,21.008917297979778,256,equal scenes; within each scene equal conditions and equal candidates; horizons reported separately
contact_friction,visible_pusht_futures_2026-10-08,block,True,current_state_displacement_scale,1,32.0,512-world-pixels,16.0,20,1.0,100.0,0.0,0.7867601799242425,78.67601799242425,21.323982007575747,256,equal scenes; within each scene equal conditions and equal candidates; horizons reported separately
contact_friction,visible_pusht_futures_2026-10-08,block,True,current_state_displacement_scale,1,32.0,512-world-pixels,16.0,25,1.0,100.0,0.0,0.7867601799242425,78.67601799242425,21.323982007575747,256,equal scenes; within each scene equal conditions and equal candidates; horizons reported separately
contact_friction,visible_pusht_futures_2026-10-08,block,True,current_state_displacement_scale,1.5,2.0,512-world-pixels,1.0,5,0.3033420138888888,30.334201388888882,69.66579861111111,0.6516710069444446,65.16710069444446,-34.83289930555558,256,equal scenes; within each scene equal conditions and equal candidates; horizons reported separately
contact_friction,visible_pusht_futures_2026-10-08,block,True,current_state_displacement_scale,1.5,2.0,512-world-pixels,1.0,10,0.20243055555555556,20.243055555555557,79.75694444444444,0.6012152777777778,60.121527777777786,-39.87847222222223,256,equal scenes; within each scene equal conditions and equal candidates; horizons reported separately
contact_friction,visible_pusht_futures_2026-10-08,block,True,current_state_displacement_scale,1.5,2.0,512-world-pixels,1.0,15,0.20203993055555558,20.203993055555557,79.79600694444444,0.6010199652777779,60.10199652777779,-39.89800347222223,256,equal scenes; within each scene equal conditions and equal candidates; horizons reported separately
contact_friction,visible_pusht_futures_2026-10-08,block,True,current_state_displacement_scale,1.5,2.0,512-world-pixels,1.0,20,0.20203993055555558,20.203993055555557,79.79600694444444,0.6010199652777779,60.10199652777779,-39.89800347222223,256,equal scenes; within each scene equal conditions and equal candidates; horizons reported separately
contact_friction,visible_pusht_futures_2026-10-08,block,True,current_state_displacement_scale,1.5,2.0,512-world-pixels,1.0,25,0.20203993055555558,20.203993055555557,79.79600694444444,0.6010199652777779,60.10199652777779,-39.89800347222223,256,equal scenes; within each scene equal conditions and equal candidates; horizons reported separately
contact_friction,visible_pusht_futures_2026-10-08,block,True,current_state_displacement_scale,1.5,4.0,512-world-pixels,2.0,5,0.9065518465909088,90.65518465909088,9.344815340909118,0.9276811079545451,92.7681107954545,-2.1129261363636243,256,equal scenes; within each scene equal conditions and equal candidates; horizons reported separately
contact_friction,visible_pusht_futures_2026-10-08,block,True,current_state_displacement_scale,1.5,4.0,512-world-pixels,2.0,10,0.47659209280303017,47.65920928030302,52.34079071969698,0.7367207228535353,73.67207228535352,-26.012863005050512,256,equal scenes; within each scene equal conditions and equal candidates; horizons reported separately
contact_friction,visible_pusht_futures_2026-10-08,block,True,current_state_displacement_scale,1.5,4.0,512-world-pixels,2.0,15,0.4259410511363637,42.594105113636374,57.405894886363626,0.6892203282828282,68.92203282828282,-26.32792771464645,256,equal scenes; within each scene equal conditions and equal candidates; horizons reported separately
contact_friction,visible_pusht_futures_2026-10-08,block,True,current_state_displacement_scale,1.5,4.0,512-world-pixels,2.0,20,0.37863596906565655,37.863596906565654,62.136403093434346,0.6892203282828282,68.92203282828282,-31.058435921717166,256,equal scenes; within each scene equal conditions and equal candidates; horizons reported separately
contact_friction,visible_pusht_futures_2026-10-08,block,True,current_state_displacement_scale,1.5,4.0,512-world-pixels,2.0,25,0.37863596906565655,37.863596906565654,62.136403093434346,0.6892203282828282,68.92203282828282,-31.058435921717166,256,equal scenes; within each scene equal conditions and equal candidates; horizons reported separately
contact_friction,visible_pusht_futures_2026-10-08,block,True,current_state_displacement_scale,1.5,8.0,512-world-pixels,4.0,5,0.9358842329545451,93.58842329545452,6.411576704545485,0.9358842329545451,93.58842329545452,0.0,256,equal scenes; within each scene equal conditions and equal candidates; horizons reported separately
contact_friction,visible_pusht_futures_2026-10-08,block,True,current_state_displacement_scale,1.5,8.0,512-world-pixels,4.0,10,0.7155914614898988,71.55914614898988,28.440853851010118,0.7367207228535353,73.67207228535352,-2.1129261363636465,256,equal scenes; within each scene equal conditions and equal candidates; horizons reported separately
contact_friction,visible_pusht_futures_2026-10-08,block,True,current_state_displacement_scale,1.5,8.0,512-world-pixels,4.0,15,0.6172920612373738,61.72920612373738,38.27079387626262,0.6894156407828281,68.94156407828281,-7.212357954545434,256,equal scenes; within each scene equal conditions and equal candidates; horizons reported separately
contact_friction,visible_pusht_futures_2026-10-08,block,True,current_state_displacement_scale,1.5,8.0,512-world-pixels,4.0,20,0.5237018623737373,52.37018623737373,47.62981376262627,0.6892203282828282,68.92203282828282,-16.551846590909093,256,equal scenes; within each scene equal conditions and equal candidates; horizons reported separately
contact_friction,visible_pusht_futures_2026-10-08,block,True,current_state_displacement_scale,1.5,8.0,512-world-pixels,4.0,25,0.5209635416666667,52.09635416666667,47.90364583333333,0.6892203282828282,68.92203282828282,-16.825678661616152,256,equal scenes; within each scene equal conditions and equal candidates; horizons reported separately
contact_friction,visible_pusht_futures_2026-10-08,block,True,current_state_displacement_scale,1.5,16.0,512-world-pixels,8.0,5,0.9788707386363638,97.88707386363637,2.1129261363636243,0.9788707386363638,97.88707386363637,0.0,256,equal scenes; within each scene equal conditions and equal candidates; horizons reported separately
contact_friction,visible_pusht_futures_2026-10-08,block,True,current_state_displacement_scale,1.5,16.0,512-world-pixels,8.0,10,0.739871369949495,73.9871369949495,26.0128630050505,0.739871369949495,73.9871369949495,0.0,256,equal scenes; within each scene equal conditions and equal candidates; horizons reported separately
contact_friction,visible_pusht_futures_2026-10-08,block,True,current_state_displacement_scale,1.5,16.0,512-world-pixels,8.0,15,0.7367207228535353,73.67207228535352,26.32792771464647,0.7367207228535353,73.67207228535352,0.0,256,equal scenes; within each scene equal conditions and equal candidates; horizons reported separately
contact_friction,visible_pusht_futures_2026-10-08,block,True,current_state_displacement_scale,1.5,16.0,512-world-pixels,8.0,20,0.6894156407828281,68.94156407828281,31.058435921717187,0.6896109532828281,68.96109532828281,-0.01953124999999334,256,equal scenes; within each scene equal conditions and equal candidates; horizons reported separately
contact_friction,visible_pusht_futures_2026-10-08,block,True,current_state_displacement_scale,1.5,16.0,512-world-pixels,8.0,25,0.6892203282828282,68.92203282828282,31.07796717171718,0.6894156407828281,68.94156407828281,-0.01953124999999334,256,equal scenes; within each scene equal conditions and equal candidates; horizons reported separately
contact_friction,visible_pusht_futures_2026-10-08,block,True,current_state_displacement_scale,1.5,32.0,512-world-pixels,16.0,5,1.0,100.0,0.0,1.0,100.0,0.0,256,equal scenes; within each scene equal conditions and equal candidates; horizons reported separately
contact_friction,visible_pusht_futures_2026-10-08,block,True,current_state_displacement_scale,1.5,32.0,512-world-pixels,16.0,10,0.9358842329545451,93.58842329545452,6.411576704545485,0.9358842329545451,93.58842329545452,0.0,256,equal scenes; within each scene equal conditions and equal candidates; horizons reported separately
contact_friction,visible_pusht_futures_2026-10-08,block,True,current_state_displacement_scale,1.5,32.0,512-world-pixels,16.0,15,0.789129577020202,78.91295770202021,21.087042297979796,0.7899108270202022,78.99108270202022,-0.07812500000001776,256,equal scenes; within each scene equal conditions and equal candidates; horizons reported separately
contact_friction,visible_pusht_futures_2026-10-08,block,True,current_state_displacement_scale,1.5,32.0,512-world-pixels,16.0,20,0.7859789299242426,78.59789299242425,21.402107007575744,0.7867601799242425,78.67601799242425,-0.07812499999999556,256,equal scenes; within each scene equal conditions and equal candidates; horizons reported separately
contact_friction,visible_pusht_futures_2026-10-08,block,True,current_state_displacement_scale,1.5,32.0,512-world-pixels,16.0,25,0.7855883049242426,78.55883049242426,21.44116950757574,0.7867601799242425,78.67601799242425,-0.11718749999999334,256,equal scenes; within each scene equal conditions and equal candidates; horizons reported separately
contact_friction,visible_pusht_futures_2026-10-08,block,True,current_state_displacement_scale,2,2.0,512-world-pixels,1.0,5,0.3033420138888888,30.334201388888882,69.66579861111111,0.6516710069444446,65.16710069444446,-34.83289930555558,256,equal scenes; within each scene equal conditions and equal candidates; horizons reported separately
contact_friction,visible_pusht_futures_2026-10-08,block,True,current_state_displacement_scale,2,2.0,512-world-pixels,1.0,10,0.20243055555555556,20.243055555555557,79.75694444444444,0.6012152777777778,60.121527777777786,-39.87847222222223,256,equal scenes; within each scene equal conditions and equal candidates; horizons reported separately
contact_friction,visible_pusht_futures_2026-10-08,block,True,current_state_displacement_scale,2,2.0,512-world-pixels,1.0,15,0.20203993055555558,20.203993055555557,79.79600694444444,0.6010199652777779,60.10199652777779,-39.89800347222223,256,equal scenes; within each scene equal conditions and equal candidates; horizons reported separately
contact_friction,visible_pusht_futures_2026-10-08,block,True,current_state_displacement_scale,2,2.0,512-world-pixels,1.0,20,0.20203993055555558,20.203993055555557,79.79600694444444,0.6010199652777779,60.10199652777779,-39.89800347222223,256,equal scenes; within each scene equal conditions and equal candidates; horizons reported separately
contact_friction,visible_pusht_futures_2026-10-08,block,True,current_state_displacement_scale,2,2.0,512-world-pixels,1.0,25,0.20203993055555558,20.203993055555557,79.79600694444444,0.6010199652777779,60.10199652777779,-39.89800347222223,256,equal scenes; within each scene equal conditions and equal candidates; horizons reported separately
contact_friction,visible_pusht_futures_2026-10-08,block,True,current_state_displacement_scale,2,4.0,512-world-pixels,2.0,5,0.3033420138888888,30.334201388888882,69.66579861111111,0.9276811079545451,92.7681107954545,-62.433909406565625,256,equal scenes; within each scene equal conditions and equal candidates; horizons reported separately
contact_friction,visible_pusht_futures_2026-10-08,block,True,current_state_displacement_scale,2,4.0,512-world-pixels,2.0,10,0.20243055555555556,20.243055555555557,79.75694444444444,0.7367207228535353,73.67207228535352,-53.42901672979797,256,equal scenes; within each scene equal conditions and equal candidates; horizons reported separately
contact_friction,visible_pusht_futures_2026-10-08,block,True,current_state_displacement_scale,2,4.0,512-world-pixels,2.0,15,0.20203993055555558,20.203993055555557,79.79600694444444,0.6892203282828282,68.92203282828282,-48.71803977272726,256,equal scenes; within each scene equal conditions and equal candidates; horizons reported separately
contact_friction,visible_pusht_futures_2026-10-08,block,True,current_state_displacement_scale,2,4.0,512-world-pixels,2.0,20,0.20203993055555558,20.203993055555557,79.79600694444444,0.6892203282828282,68.92203282828282,-48.71803977272726,256,equal scenes; within each scene equal conditions and equal candidates; horizons reported separately
contact_friction,visible_pusht_futures_2026-10-08,block,True,current_state_displacement_scale,2,4.0,512-world-pixels,2.0,25,0.20203993055555558,20.203993055555557,79.79600694444444,0.6892203282828282,68.92203282828282,-48.71803977272726,256,equal scenes; within each scene equal conditions and equal candidates; horizons reported separately
contact_friction,visible_pusht_futures_2026-10-08,block,True,current_state_displacement_scale,2,8.0,512-world-pixels,4.0,5,0.9065518465909088,90.65518465909088,9.344815340909118,0.9358842329545451,93.58842329545452,-2.933238636363633,256,equal scenes; within each scene equal conditions and equal candidates; horizons reported separately
contact_friction,visible_pusht_futures_2026-10-08,block,True,current_state_displacement_scale,2,8.0,512-world-pixels,4.0,10,0.47659209280303017,47.65920928030302,52.34079071969698,0.7367207228535353,73.67207228535352,-26.012863005050512,256,equal scenes; within each scene equal conditions and equal candidates; horizons reported separately
contact_friction,visible_pusht_futures_2026-10-08,block,True,current_state_displacement_scale,2,8.0,512-world-pixels,4.0,15,0.4259410511363637,42.594105113636374,57.405894886363626,0.6894156407828281,68.94156407828281,-26.347458964646442,256,equal scenes; within each scene equal conditions and equal candidates; horizons reported separately
contact_friction,visible_pusht_futures_2026-10-08,block,True,current_state_displacement_scale,2,8.0,512-world-pixels,4.0,20,0.37863596906565655,37.863596906565654,62.136403093434346,0.6892203282828282,68.92203282828282,-31.058435921717166,256,equal scenes; within each scene equal conditions and equal candidates; horizons reported separately
contact_friction,visible_pusht_futures_2026-10-08,block,True,current_state_displacement_scale,2,8.0,512-world-pixels,4.0,25,0.37863596906565655,37.863596906565654,62.136403093434346,0.6892203282828282,68.92203282828282,-31.058435921717166,256,equal scenes; within each scene equal conditions and equal candidates; horizons reported separately
contact_friction,visible_pusht_futures_2026-10-08,block,True,current_state_displacement_scale,2,16.0,512-world-pixels,8.0,5,0.9358842329545451,93.58842329545452,6.411576704545485,0.9788707386363638,97.88707386363637,-4.298650568181861,256,equal scenes; within each scene equal conditions and equal candidates; horizons reported separately
contact_friction,visible_pusht_futures_2026-10-08,block,True,current_state_displacement_scale,2,16.0,512-world-pixels,8.0,10,0.7155914614898988,71.55914614898988,28.440853851010118,0.739871369949495,73.9871369949495,-2.4279908459596156,256,equal scenes; within each scene equal conditions and equal candidates; horizons reported separately
contact_friction,visible_pusht_futures_2026-10-08,block,True,current_state_displacement_scale,2,16.0,512-world-pixels,8.0,15,0.6172920612373738,61.72920612373738,38.27079387626262,0.7367207228535353,73.67207228535352,-11.94286616161615,256,equal scenes; within each scene equal conditions and equal candidates; horizons reported separately
contact_friction,visible_pusht_futures_2026-10-08,block,True,current_state_displacement_scale,2,16.0,512-world-pixels,8.0,20,0.5237018623737373,52.37018623737373,47.62981376262627,0.6896109532828281,68.96109532828281,-16.59090909090908,256,equal scenes; within each scene equal conditions and equal candidates; horizons reported separately
contact_friction,visible_pusht_futures_2026-10-08,block,True,current_state_displacement_scale,2,16.0,512-world-pixels,8.0,25,0.5209635416666667,52.09635416666667,47.90364583333333,0.6894156407828281,68.94156407828281,-16.845209911616145,256,equal scenes; within each scene equal conditions and equal candidates; horizons reported separately
contact_friction,visible_pusht_futures_2026-10-08,block,True,current_state_displacement_scale,2,32.0,512-world-pixels,16.0,5,0.9788707386363638,97.88707386363637,2.1129261363636243,1.0,100.0,-2.1129261363636243,256,equal scenes; within each scene equal conditions and equal candidates; horizons reported separately
contact_friction,visible_pusht_futures_2026-10-08,block,True,current_state_displacement_scale,2,32.0,512-world-pixels,16.0,10,0.739871369949495,73.9871369949495,26.0128630050505,0.9358842329545451,93.58842329545452,-19.601286300505016,256,equal scenes; within each scene equal conditions and equal candidates; horizons reported separately
contact_friction,visible_pusht_futures_2026-10-08,block,True,current_state_displacement_scale,2,32.0,512-world-pixels,16.0,15,0.7367207228535353,73.67207228535352,26.32792771464647,0.7899108270202022,78.99108270202022,-5.319010416666692,256,equal scenes; within each scene equal conditions and equal candidates; horizons reported separately
contact_friction,visible_pusht_futures_2026-10-08,block,True,current_state_displacement_scale,2,32.0,512-world-pixels,16.0,20,0.6894156407828281,68.94156407828281,31.058435921717187,0.7867601799242425,78.67601799242425,-9.734453914141438,256,equal scenes; within each scene equal conditions and equal candidates; horizons reported separately
contact_friction,visible_pusht_futures_2026-10-08,block,True,current_state_displacement_scale,2,32.0,512-world-pixels,16.0,25,0.6892203282828282,68.92203282828282,31.07796717171718,0.7867601799242425,78.67601799242425,-9.753985164141433,256,equal scenes; within each scene equal conditions and equal candidates; horizons reported separately
contact_friction,visible_pusht_futures_2026-10-08,block,True,exact_truth,,2.0,512-world-pixels,1.0,5,1.0,100.0,0.0,0.6516710069444446,65.16710069444446,34.83289930555554,256,equal scenes; within each scene equal conditions and equal candidates; horizons reported separately
contact_friction,visible_pusht_futures_2026-10-08,block,True,exact_truth,,2.0,512-world-pixels,1.0,10,1.0,100.0,0.0,0.6012152777777778,60.121527777777786,39.878472222222214,256,equal scenes; within each scene equal conditions and equal candidates; horizons reported separately
contact_friction,visible_pusht_futures_2026-10-08,block,True,exact_truth,,2.0,512-world-pixels,1.0,15,1.0,100.0,0.0,0.6010199652777779,60.10199652777779,39.89800347222221,256,equal scenes; within each scene equal conditions and equal candidates; horizons reported separately
contact_friction,visible_pusht_futures_2026-10-08,block,True,exact_truth,,2.0,512-world-pixels,1.0,20,1.0,100.0,0.0,0.6010199652777779,60.10199652777779,39.89800347222221,256,equal scenes; within each scene equal conditions and equal candidates; horizons reported separately
contact_friction,visible_pusht_futures_2026-10-08,block,True,exact_truth,,2.0,512-world-pixels,1.0,25,1.0,100.0,0.0,0.6010199652777779,60.10199652777779,39.89800347222221,256,equal scenes; within each scene equal conditions and equal candidates; horizons reported separately
contact_friction,visible_pusht_futures_2026-10-08,block,True,exact_truth,,4.0,512-world-pixels,2.0,5,1.0,100.0,0.0,0.9276811079545451,92.7681107954545,7.231889204545494,256,equal scenes; within each scene equal conditions and equal candidates; horizons reported separately
contact_friction,visible_pusht_futures_2026-10-08,block,True,exact_truth,,4.0,512-world-pixels,2.0,10,1.0,100.0,0.0,0.7367207228535353,73.67207228535352,26.32792771464647,256,equal scenes; within each scene equal conditions and equal candidates; horizons reported separately
contact_friction,visible_pusht_futures_2026-10-08,block,True,exact_truth,,4.0,512-world-pixels,2.0,15,1.0,100.0,0.0,0.6892203282828282,68.92203282828282,31.07796717171718,256,equal scenes; within each scene equal conditions and equal candidates; horizons reported separately
contact_friction,visible_pusht_futures_2026-10-08,block,True,exact_truth,,4.0,512-world-pixels,2.0,20,1.0,100.0,0.0,0.6892203282828282,68.92203282828282,31.07796717171718,256,equal scenes; within each scene equal conditions and equal candidates; horizons reported separately
contact_friction,visible_pusht_futures_2026-10-08,block,True,exact_truth,,4.0,512-world-pixels,2.0,25,1.0,100.0,0.0,0.6892203282828282,68.92203282828282,31.07796717171718,256,equal scenes; within each scene equal conditions and equal candidates; horizons reported separately
contact_friction,visible_pusht_futures_2026-10-08,block,True,exact_truth,,8.0,512-world-pixels,4.0,5,1.0,100.0,0.0,0.9358842329545451,93.58842329545452,6.411576704545485,256,equal scenes; within each scene equal conditions and equal candidates; horizons reported separately
contact_friction,visible_pusht_futures_2026-10-08,block,True,exact_truth,,8.0,512-world-pixels,4.0,10,1.0,100.0,0.0,0.7367207228535353,73.67207228535352,26.32792771464647,256,equal scenes; within each scene equal conditions and equal candidates; horizons reported separately
contact_friction,visible_pusht_futures_2026-10-08,block,True,exact_truth,,8.0,512-world-pixels,4.0,15,1.0,100.0,0.0,0.6894156407828281,68.94156407828281,31.058435921717187,256,equal scenes; within each scene equal conditions and equal candidates; horizons reported separately
contact_friction,visible_pusht_futures_2026-10-08,block,True,exact_truth,,8.0,512-world-pixels,4.0,20,1.0,100.0,0.0,0.6892203282828282,68.92203282828282,31.07796717171718,256,equal scenes; within each scene equal conditions and equal candidates; horizons reported separately
contact_friction,visible_pusht_futures_2026-10-08,block,True,exact_truth,,8.0,512-world-pixels,4.0,25,1.0,100.0,0.0,0.6892203282828282,68.92203282828282,31.07796717171718,256,equal scenes; within each scene equal conditions and equal candidates; horizons reported separately
contact_friction,visible_pusht_futures_2026-10-08,block,True,exact_truth,,16.0,512-world-pixels,8.0,5,1.0,100.0,0.0,0.9788707386363638,97.88707386363637,2.1129261363636243,256,equal scenes; within each scene equal conditions and equal candidates; horizons reported separately
contact_friction,visible_pusht_futures_2026-10-08,block,True,exact_truth,,16.0,512-world-pixels,8.0,10,1.0,100.0,0.0,0.739871369949495,73.9871369949495,26.0128630050505,256,equal scenes; within each scene equal conditions and equal candidates; horizons reported separately
contact_friction,visible_pusht_futures_2026-10-08,block,True,exact_truth,,16.0,512-world-pixels,8.0,15,1.0,100.0,0.0,0.7367207228535353,73.67207228535352,26.32792771464647,256,equal scenes; within each scene equal conditions and equal candidates; horizons reported separately
contact_friction,visible_pusht_futures_2026-10-08,block,True,exact_truth,,16.0,512-world-pixels,8.0,20,1.0,100.0,0.0,0.6896109532828281,68.96109532828281,31.038904671717194,256,equal scenes; within each scene equal conditions and equal candidates; horizons reported separately
contact_friction,visible_pusht_futures_2026-10-08,block,True,exact_truth,,16.0,512-world-pixels,8.0,25,1.0,100.0,0.0,0.6894156407828281,68.94156407828281,31.058435921717187,256,equal scenes; within each scene equal conditions and equal candidates; horizons reported separately
contact_friction,visible_pusht_futures_2026-10-08,block,True,exact_truth,,32.0,512-world-pixels,16.0,5,1.0,100.0,0.0,1.0,100.0,0.0,256,equal scenes; within each scene equal conditions and equal candidates; horizons reported separately
contact_friction,visible_pusht_futures_2026-10-08,block,True,exact_truth,,32.0,512-world-pixels,16.0,10,1.0,100.0,0.0,0.9358842329545451,93.58842329545452,6.411576704545485,256,equal scenes; within each scene equal conditions and equal candidates; horizons reported separately
contact_friction,visible_pusht_futures_2026-10-08,block,True,exact_truth,,32.0,512-world-pixels,16.0,15,1.0,100.0,0.0,0.7899108270202022,78.99108270202022,21.008917297979778,256,equal scenes; within each scene equal conditions and equal candidates; horizons reported separately
contact_friction,visible_pusht_futures_2026-10-08,block,True,exact_truth,,32.0,512-world-pixels,16.0,20,1.0,100.0,0.0,0.7867601799242425,78.67601799242425,21.323982007575747,256,equal scenes; within each scene equal conditions and equal candidates; horizons reported separately
contact_friction,visible_pusht_futures_2026-10-08,block,True,exact_truth,,32.0,512-world-pixels,16.0,25,1.0,100.0,0.0,0.7867601799242425,78.67601799242425,21.323982007575747,256,equal scenes; within each scene equal conditions and equal candidates; horizons reported separately
contact_friction,visible_pusht_futures_2026-10-08,block,True,fixed_norm_offset,1,2.0,512-world-pixels,1.0,5,1.0,100.0,0.0,0.6516710069444446,65.16710069444446,34.83289930555554,256,equal scenes; within each scene equal conditions and equal candidates; horizons reported separately
contact_friction,visible_pusht_futures_2026-10-08,block,True,fixed_norm_offset,1,2.0,512-world-pixels,1.0,10,1.0,100.0,0.0,0.6012152777777778,60.121527777777786,39.878472222222214,256,equal scenes; within each scene equal conditions and equal candidates; horizons reported separately
contact_friction,visible_pusht_futures_2026-10-08,block,True,fixed_norm_offset,1,2.0,512-world-pixels,1.0,15,1.0,100.0,0.0,0.6010199652777779,60.10199652777779,39.89800347222221,256,equal scenes; within each scene equal conditions and equal candidates; horizons reported separately
contact_friction,visible_pusht_futures_2026-10-08,block,True,fixed_norm_offset,1,2.0,512-world-pixels,1.0,20,1.0,100.0,0.0,0.6010199652777779,60.10199652777779,39.89800347222221,256,equal scenes; within each scene equal conditions and equal candidates; horizons reported separately
contact_friction,visible_pusht_futures_2026-10-08,block,True,fixed_norm_offset,1,2.0,512-world-pixels,1.0,25,1.0,100.0,0.0,0.6010199652777779,60.10199652777779,39.89800347222221,256,equal scenes; within each scene equal conditions and equal candidates; horizons reported separately
contact_friction,visible_pusht_futures_2026-10-08,block,True,fixed_norm_offset,1,4.0,512-world-pixels,2.0,5,1.0,100.0,0.0,0.9276811079545451,92.7681107954545,7.231889204545494,256,equal scenes; within each scene equal conditions and equal candidates; horizons reported separately
contact_friction,visible_pusht_futures_2026-10-08,block,True,fixed_norm_offset,1,4.0,512-world-pixels,2.0,10,1.0,100.0,0.0,0.7367207228535353,73.67207228535352,26.32792771464647,256,equal scenes; within each scene equal conditions and equal candidates; horizons reported separately
contact_friction,visible_pusht_futures_2026-10-08,block,True,fixed_norm_offset,1,4.0,512-world-pixels,2.0,15,1.0,100.0,0.0,0.6892203282828282,68.92203282828282,31.07796717171718,256,equal scenes; within each scene equal conditions and equal candidates; horizons reported separately
contact_friction,visible_pusht_futures_2026-10-08,block,True,fixed_norm_offset,1,4.0,512-world-pixels,2.0,20,1.0,100.0,0.0,0.6892203282828282,68.92203282828282,31.07796717171718,256,equal scenes; within each scene equal conditions and equal candidates; horizons reported separately
contact_friction,visible_pusht_futures_2026-10-08,block,True,fixed_norm_offset,1,4.0,512-world-pixels,2.0,25,1.0,100.0,0.0,0.6892203282828282,68.92203282828282,31.07796717171718,256,equal scenes; within each scene equal conditions and equal candidates; horizons reported separately
contact_friction,visible_pusht_futures_2026-10-08,block,True,fixed_norm_offset,1,8.0,512-world-pixels,4.0,5,1.0,100.0,0.0,0.9358842329545451,93.58842329545452,6.411576704545485,256,equal scenes; within each scene equal conditions and equal candidates; horizons reported separately
contact_friction,visible_pusht_futures_2026-10-08,block,True,fixed_norm_offset,1,8.0,512-world-pixels,4.0,10,1.0,100.0,0.0,0.7367207228535353,73.67207228535352,26.32792771464647,256,equal scenes; within each scene equal conditions and equal candidates; horizons reported separately
contact_friction,visible_pusht_futures_2026-10-08,block,True,fixed_norm_offset,1,8.0,512-world-pixels,4.0,15,1.0,100.0,0.0,0.6894156407828281,68.94156407828281,31.058435921717187,256,equal scenes; within each scene equal conditions and equal candidates; horizons reported separately
contact_friction,visible_pusht_futures_2026-10-08,block,True,fixed_norm_offset,1,8.0,512-world-pixels,4.0,20,1.0,100.0,0.0,0.6892203282828282,68.92203282828282,31.07796717171718,256,equal scenes; within each scene equal conditions and equal candidates; horizons reported separately
contact_friction,visible_pusht_futures_2026-10-08,block,True,fixed_norm_offset,1,8.0,512-world-pixels,4.0,25,1.0,100.0,0.0,0.6892203282828282,68.92203282828282,31.07796717171718,256,equal scenes; within each scene equal conditions and equal candidates; horizons reported separately
contact_friction,visible_pusht_futures_2026-10-08,block,True,fixed_norm_offset,1,16.0,512-world-pixels,8.0,5,1.0,100.0,0.0,0.9788707386363638,97.88707386363637,2.1129261363636243,256,equal scenes; within each scene equal conditions and equal candidates; horizons reported separately
contact_friction,visible_pusht_futures_2026-10-08,block,True,fixed_norm_offset,1,16.0,512-world-pixels,8.0,10,1.0,100.0,0.0,0.739871369949495,73.9871369949495,26.0128630050505,256,equal scenes; within each scene equal conditions and equal candidates; horizons reported separately
contact_friction,visible_pusht_futures_2026-10-08,block,True,fixed_norm_offset,1,16.0,512-world-pixels,8.0,15,1.0,100.0,0.0,0.7367207228535353,73.67207228535352,26.32792771464647,256,equal scenes; within each scene equal conditions and equal candidates; horizons reported separately
contact_friction,visible_pusht_futures_2026-10-08,block,True,fixed_norm_offset,1,16.0,512-world-pixels,8.0,20,1.0,100.0,0.0,0.6896109532828281,68.96109532828281,31.038904671717194,256,equal scenes; within each scene equal conditions and equal candidates; horizons reported separately
contact_friction,visible_pusht_futures_2026-10-08,block,True,fixed_norm_offset,1,16.0,512-world-pixels,8.0,25,1.0,100.0,0.0,0.6894156407828281,68.94156407828281,31.058435921717187,256,equal scenes; within each scene equal conditions and equal candidates; horizons reported separately
contact_friction,visible_pusht_futures_2026-10-08,block,True,fixed_norm_offset,1,32.0,512-world-pixels,16.0,5,1.0,100.0,0.0,1.0,100.0,0.0,256,equal scenes; within each scene equal conditions and equal candidates; horizons reported separately
contact_friction,visible_pusht_futures_2026-10-08,block,True,fixed_norm_offset,1,32.0,512-world-pixels,16.0,10,1.0,100.0,0.0,0.9358842329545451,93.58842329545452,6.411576704545485,256,equal scenes; within each scene equal conditions and equal candidates; horizons reported separately
contact_friction,visible_pusht_futures_2026-10-08,block,True,fixed_norm_offset,1,32.0,512-world-pixels,16.0,15,1.0,100.0,0.0,0.7899108270202022,78.99108270202022,21.008917297979778,256,equal scenes; within each scene equal conditions and equal candidates; horizons reported separately
contact_friction,visible_pusht_futures_2026-10-08,block,True,fixed_norm_offset,1,32.0,512-world-pixels,16.0,20,1.0,100.0,0.0,0.7867601799242425,78.67601799242425,21.323982007575747,256,equal scenes; within each scene equal conditions and equal candidates; horizons reported separately
contact_friction,visible_pusht_futures_2026-10-08,block,True,fixed_norm_offset,1,32.0,512-world-pixels,16.0,25,1.0,100.0,0.0,0.7867601799242425,78.67601799242425,21.323982007575747,256,equal scenes; within each scene equal conditions and equal candidates; horizons reported separately
contact_friction,visible_pusht_futures_2026-10-08,block,True,fixed_norm_offset,16,2.0,512-world-pixels,1.0,5,0.0,0.0,100.0,0.6516710069444446,65.16710069444446,-65.16710069444446,256,equal scenes; within each scene equal conditions and equal candidates; horizons reported separately
contact_friction,visible_pusht_futures_2026-10-08,block,True,fixed_norm_offset,16,2.0,512-world-pixels,1.0,10,0.0,0.0,100.0,0.6012152777777778,60.121527777777786,-60.121527777777786,256,equal scenes; within each scene equal conditions and equal candidates; horizons reported separately
contact_friction,visible_pusht_futures_2026-10-08,block,True,fixed_norm_offset,16,2.0,512-world-pixels,1.0,15,0.0,0.0,100.0,0.6010199652777779,60.10199652777779,-60.10199652777779,256,equal scenes; within each scene equal conditions and equal candidates; horizons reported separately
contact_friction,visible_pusht_futures_2026-10-08,block,True,fixed_norm_offset,16,2.0,512-world-pixels,1.0,20,0.0,0.0,100.0,0.6010199652777779,60.10199652777779,-60.10199652777779,256,equal scenes; within each scene equal conditions and equal candidates; horizons reported separately
contact_friction,visible_pusht_futures_2026-10-08,block,True,fixed_norm_offset,16,2.0,512-world-pixels,1.0,25,0.0,0.0,100.0,0.6010199652777779,60.10199652777779,-60.10199652777779,256,equal scenes; within each scene equal conditions and equal candidates; horizons reported separately
contact_friction,visible_pusht_futures_2026-10-08,block,True,fixed_norm_offset,16,4.0,512-world-pixels,2.0,5,0.0,0.0,100.0,0.9276811079545451,92.7681107954545,-92.7681107954545,256,equal scenes; within each scene equal conditions and equal candidates; horizons reported separately
contact_friction,visible_pusht_futures_2026-10-08,block,True,fixed_norm_offset,16,4.0,512-world-pixels,2.0,10,0.0,0.0,100.0,0.7367207228535353,73.67207228535352,-73.67207228535352,256,equal scenes; within each scene equal conditions and equal candidates; horizons reported separately
contact_friction,visible_pusht_futures_2026-10-08,block,True,fixed_norm_offset,16,4.0,512-world-pixels,2.0,15,0.0,0.0,100.0,0.6892203282828282,68.92203282828282,-68.92203282828282,256,equal scenes; within each scene equal conditions and equal candidates; horizons reported separately
contact_friction,visible_pusht_futures_2026-10-08,block,True,fixed_norm_offset,16,4.0,512-world-pixels,2.0,20,0.0,0.0,100.0,0.6892203282828282,68.92203282828282,-68.92203282828282,256,equal scenes; within each scene equal conditions and equal candidates; horizons reported separately
contact_friction,visible_pusht_futures_2026-10-08,block,True,fixed_norm_offset,16,4.0,512-world-pixels,2.0,25,0.0,0.0,100.0,0.6892203282828282,68.92203282828282,-68.92203282828282,256,equal scenes; within each scene equal conditions and equal candidates; horizons reported separately
contact_friction,visible_pusht_futures_2026-10-08,block,True,fixed_norm_offset,16,8.0,512-world-pixels,4.0,5,0.0,0.0,100.0,0.9358842329545451,93.58842329545452,-93.58842329545452,256,equal scenes; within each scene equal conditions and equal candidates; horizons reported separately
contact_friction,visible_pusht_futures_2026-10-08,block,True,fixed_norm_offset,16,8.0,512-world-pixels,4.0,10,0.0,0.0,100.0,0.7367207228535353,73.67207228535352,-73.67207228535352,256,equal scenes; within each scene equal conditions and equal candidates; horizons reported separately
contact_friction,visible_pusht_futures_2026-10-08,block,True,fixed_norm_offset,16,8.0,512-world-pixels,4.0,15,0.0,0.0,100.0,0.6894156407828281,68.94156407828281,-68.94156407828281,256,equal scenes; within each scene equal conditions and equal candidates; horizons reported separately
contact_friction,visible_pusht_futures_2026-10-08,block,True,fixed_norm_offset,16,8.0,512-world-pixels,4.0,20,0.0,0.0,100.0,0.6892203282828282,68.92203282828282,-68.92203282828282,256,equal scenes; within each scene equal conditions and equal candidates; horizons reported separately
contact_friction,visible_pusht_futures_2026-10-08,block,True,fixed_norm_offset,16,8.0,512-world-pixels,4.0,25,0.0,0.0,100.0,0.6892203282828282,68.92203282828282,-68.92203282828282,256,equal scenes; within each scene equal conditions and equal candidates; horizons reported separately
contact_friction,visible_pusht_futures_2026-10-08,block,True,fixed_norm_offset,16,16.0,512-world-pixels,8.0,5,0.0,0.0,100.0,0.9788707386363638,97.88707386363637,-97.88707386363637,256,equal scenes; within each scene equal conditions and equal candidates; horizons reported separately
contact_friction,visible_pusht_futures_2026-10-08,block,True,fixed_norm_offset,16,16.0,512-world-pixels,8.0,10,0.0,0.0,100.0,0.739871369949495,73.9871369949495,-73.9871369949495,256,equal scenes; within each scene equal conditions and equal candidates; horizons reported separately
contact_friction,visible_pusht_futures_2026-10-08,block,True,fixed_norm_offset,16,16.0,512-world-pixels,8.0,15,0.0,0.0,100.0,0.7367207228535353,73.67207228535352,-73.67207228535352,256,equal scenes; within each scene equal conditions and equal candidates; horizons reported separately
contact_friction,visible_pusht_futures_2026-10-08,block,True,fixed_norm_offset,16,16.0,512-world-pixels,8.0,20,0.0,0.0,100.0,0.6896109532828281,68.96109532828281,-68.96109532828281,256,equal scenes; within each scene equal conditions and equal candidates; horizons reported separately
contact_friction,visible_pusht_futures_2026-10-08,block,True,fixed_norm_offset,16,16.0,512-world-pixels,8.0,25,0.0,0.0,100.0,0.6894156407828281,68.94156407828281,-68.94156407828281,256,equal scenes; within each scene equal conditions and equal candidates; horizons reported separately
contact_friction,visible_pusht_futures_2026-10-08,block,True,fixed_norm_offset,16,32.0,512-world-pixels,16.0,5,1.0,100.0,0.0,1.0,100.0,0.0,256,equal scenes; within each scene equal conditions and equal candidates; horizons reported separately
contact_friction,visible_pusht_futures_2026-10-08,block,True,fixed_norm_offset,16,32.0,512-world-pixels,16.0,10,1.0,100.0,0.0,0.9358842329545451,93.58842329545452,6.411576704545485,256,equal scenes; within each scene equal conditions and equal candidates; horizons reported separately
contact_friction,visible_pusht_futures_2026-10-08,block,True,fixed_norm_offset,16,32.0,512-world-pixels,16.0,15,1.0,100.0,0.0,0.7899108270202022,78.99108270202022,21.008917297979778,256,equal scenes; within each scene equal conditions and equal candidates; horizons reported separately
contact_friction,visible_pusht_futures_2026-10-08,block,True,fixed_norm_offset,16,32.0,512-world-pixels,16.0,20,1.0,100.0,0.0,0.7867601799242425,78.67601799242425,21.323982007575747,256,equal scenes; within each scene equal conditions and equal candidates; horizons reported separately
contact_friction,visible_pusht_futures_2026-10-08,block,True,fixed_norm_offset,16,32.0,512-world-pixels,16.0,25,1.0,100.0,0.0,0.7867601799242425,78.67601799242425,21.323982007575747,256,equal scenes; within each scene equal conditions and equal candidates; horizons reported separately
contact_friction,visible_pusht_futures_2026-10-08,block,True,fixed_norm_offset,2,2.0,512-world-pixels,1.0,5,0.0,0.0,100.0,0.6516710069444446,65.16710069444446,-65.16710069444446,256,equal scenes; within each scene equal conditions and equal candidates; horizons reported separately
contact_friction,visible_pusht_futures_2026-10-08,block,True,fixed_norm_offset,2,2.0,512-world-pixels,1.0,10,0.0,0.0,100.0,0.6012152777777778,60.121527777777786,-60.121527777777786,256,equal scenes; within each scene equal conditions and equal candidates; horizons reported separately
contact_friction,visible_pusht_futures_2026-10-08,block,True,fixed_norm_offset,2,2.0,512-world-pixels,1.0,15,0.0,0.0,100.0,0.6010199652777779,60.10199652777779,-60.10199652777779,256,equal scenes; within each scene equal conditions and equal candidates; horizons reported separately
contact_friction,visible_pusht_futures_2026-10-08,block,True,fixed_norm_offset,2,2.0,512-world-pixels,1.0,20,0.0,0.0,100.0,0.6010199652777779,60.10199652777779,-60.10199652777779,256,equal scenes; within each scene equal conditions and equal candidates; horizons reported separately
contact_friction,visible_pusht_futures_2026-10-08,block,True,fixed_norm_offset,2,2.0,512-world-pixels,1.0,25,0.0,0.0,100.0,0.6010199652777779,60.10199652777779,-60.10199652777779,256,equal scenes; within each scene equal conditions and equal candidates; horizons reported separately
contact_friction,visible_pusht_futures_2026-10-08,block,True,fixed_norm_offset,2,4.0,512-world-pixels,2.0,5,1.0,100.0,0.0,0.9276811079545451,92.7681107954545,7.231889204545494,256,equal scenes; within each scene equal conditions and equal candidates; horizons reported separately
contact_friction,visible_pusht_futures_2026-10-08,block,True,fixed_norm_offset,2,4.0,512-world-pixels,2.0,10,1.0,100.0,0.0,0.7367207228535353,73.67207228535352,26.32792771464647,256,equal scenes; within each scene equal conditions and equal candidates; horizons reported separately
contact_friction,visible_pusht_futures_2026-10-08,block,True,fixed_norm_offset,2,4.0,512-world-pixels,2.0,15,1.0,100.0,0.0,0.6892203282828282,68.92203282828282,31.07796717171718,256,equal scenes; within each scene equal conditions and equal candidates; horizons reported separately
contact_friction,visible_pusht_futures_2026-10-08,block,True,fixed_norm_offset,2,4.0,512-world-pixels,2.0,20,1.0,100.0,0.0,0.6892203282828282,68.92203282828282,31.07796717171718,256,equal scenes; within each scene equal conditions and equal candidates; horizons reported separately
contact_friction,visible_pusht_futures_2026-10-08,block,True,fixed_norm_offset,2,4.0,512-world-pixels,2.0,25,1.0,100.0,0.0,0.6892203282828282,68.92203282828282,31.07796717171718,256,equal scenes; within each scene equal conditions and equal candidates; horizons reported separately
contact_friction,visible_pusht_futures_2026-10-08,block,True,fixed_norm_offset,2,8.0,512-world-pixels,4.0,5,1.0,100.0,0.0,0.9358842329545451,93.58842329545452,6.411576704545485,256,equal scenes; within each scene equal conditions and equal candidates; horizons reported separately
contact_friction,visible_pusht_futures_2026-10-08,block,True,fixed_norm_offset,2,8.0,512-world-pixels,4.0,10,1.0,100.0,0.0,0.7367207228535353,73.67207228535352,26.32792771464647,256,equal scenes; within each scene equal conditions and equal candidates; horizons reported separately
contact_friction,visible_pusht_futures_2026-10-08,block,True,fixed_norm_offset,2,8.0,512-world-pixels,4.0,15,1.0,100.0,0.0,0.6894156407828281,68.94156407828281,31.058435921717187,256,equal scenes; within each scene equal conditions and equal candidates; horizons reported separately
contact_friction,visible_pusht_futures_2026-10-08,block,True,fixed_norm_offset,2,8.0,512-world-pixels,4.0,20,1.0,100.0,0.0,0.6892203282828282,68.92203282828282,31.07796717171718,256,equal scenes; within each scene equal conditions and equal candidates; horizons reported separately
contact_friction,visible_pusht_futures_2026-10-08,block,True,fixed_norm_offset,2,8.0,512-world-pixels,4.0,25,1.0,100.0,0.0,0.6892203282828282,68.92203282828282,31.07796717171718,256,equal scenes; within each scene equal conditions and equal candidates; horizons reported separately
contact_friction,visible_pusht_futures_2026-10-08,block,True,fixed_norm_offset,2,16.0,512-world-pixels,8.0,5,1.0,100.0,0.0,0.9788707386363638,97.88707386363637,2.1129261363636243,256,equal scenes; within each scene equal conditions and equal candidates; horizons reported separately
contact_friction,visible_pusht_futures_2026-10-08,block,True,fixed_norm_offset,2,16.0,512-world-pixels,8.0,10,1.0,100.0,0.0,0.739871369949495,73.9871369949495,26.0128630050505,256,equal scenes; within each scene equal conditions and equal candidates; horizons reported separately
contact_friction,visible_pusht_futures_2026-10-08,block,True,fixed_norm_offset,2,16.0,512-world-pixels,8.0,15,1.0,100.0,0.0,0.7367207228535353,73.67207228535352,26.32792771464647,256,equal scenes; within each scene equal conditions and equal candidates; horizons reported separately
contact_friction,visible_pusht_futures_2026-10-08,block,True,fixed_norm_offset,2,16.0,512-world-pixels,8.0,20,1.0,100.0,0.0,0.6896109532828281,68.96109532828281,31.038904671717194,256,equal scenes; within each scene equal conditions and equal candidates; horizons reported separately
contact_friction,visible_pusht_futures_2026-10-08,block,True,fixed_norm_offset,2,16.0,512-world-pixels,8.0,25,1.0,100.0,0.0,0.6894156407828281,68.94156407828281,31.058435921717187,256,equal scenes; within each scene equal conditions and equal candidates; horizons reported separately
contact_friction,visible_pusht_futures_2026-10-08,block,True,fixed_norm_offset,2,32.0,512-world-pixels,16.0,5,1.0,100.0,0.0,1.0,100.0,0.0,256,equal scenes; within each scene equal conditions and equal candidates; horizons reported separately
contact_friction,visible_pusht_futures_2026-10-08,block,True,fixed_norm_offset,2,32.0,512-world-pixels,16.0,10,1.0,100.0,0.0,0.9358842329545451,93.58842329545452,6.411576704545485,256,equal scenes; within each scene equal conditions and equal candidates; horizons reported separately
contact_friction,visible_pusht_futures_2026-10-08,block,True,fixed_norm_offset,2,32.0,512-world-pixels,16.0,15,1.0,100.0,0.0,0.7899108270202022,78.99108270202022,21.008917297979778,256,equal scenes; within each scene equal conditions and equal candidates; horizons reported separately
contact_friction,visible_pusht_futures_2026-10-08,block,True,fixed_norm_offset,2,32.0,512-world-pixels,16.0,20,1.0,100.0,0.0,0.7867601799242425,78.67601799242425,21.323982007575747,256,equal scenes; within each scene equal conditions and equal candidates; horizons reported separately
contact_friction,visible_pusht_futures_2026-10-08,block,True,fixed_norm_offset,2,32.0,512-world-pixels,16.0,25,1.0,100.0,0.0,0.7867601799242425,78.67601799242425,21.323982007575747,256,equal scenes; within each scene equal conditions and equal candidates; horizons reported separately
contact_friction,visible_pusht_futures_2026-10-08,block,True,fixed_norm_offset,32,2.0,512-world-pixels,1.0,5,0.0,0.0,100.0,0.6516710069444446,65.16710069444446,-65.16710069444446,256,equal scenes; within each scene equal conditions and equal candidates; horizons reported separately
contact_friction,visible_pusht_futures_2026-10-08,block,True,fixed_norm_offset,32,2.0,512-world-pixels,1.0,10,0.0,0.0,100.0,0.6012152777777778,60.121527777777786,-60.121527777777786,256,equal scenes; within each scene equal conditions and equal candidates; horizons reported separately
contact_friction,visible_pusht_futures_2026-10-08,block,True,fixed_norm_offset,32,2.0,512-world-pixels,1.0,15,0.0,0.0,100.0,0.6010199652777779,60.10199652777779,-60.10199652777779,256,equal scenes; within each scene equal conditions and equal candidates; horizons reported separately
contact_friction,visible_pusht_futures_2026-10-08,block,True,fixed_norm_offset,32,2.0,512-world-pixels,1.0,20,0.0,0.0,100.0,0.6010199652777779,60.10199652777779,-60.10199652777779,256,equal scenes; within each scene equal conditions and equal candidates; horizons reported separately
contact_friction,visible_pusht_futures_2026-10-08,block,True,fixed_norm_offset,32,2.0,512-world-pixels,1.0,25,0.0,0.0,100.0,0.6010199652777779,60.10199652777779,-60.10199652777779,256,equal scenes; within each scene equal conditions and equal candidates; horizons reported separately
contact_friction,visible_pusht_futures_2026-10-08,block,True,fixed_norm_offset,32,4.0,512-world-pixels,2.0,5,0.0,0.0,100.0,0.9276811079545451,92.7681107954545,-92.7681107954545,256,equal scenes; within each scene equal conditions and equal candidates; horizons reported separately
contact_friction,visible_pusht_futures_2026-10-08,block,True,fixed_norm_offset,32,4.0,512-world-pixels,2.0,10,0.0,0.0,100.0,0.7367207228535353,73.67207228535352,-73.67207228535352,256,equal scenes; within each scene equal conditions and equal candidates; horizons reported separately
contact_friction,visible_pusht_futures_2026-10-08,block,True,fixed_norm_offset,32,4.0,512-world-pixels,2.0,15,0.0,0.0,100.0,0.6892203282828282,68.92203282828282,-68.92203282828282,256,equal scenes; within each scene equal conditions and equal candidates; horizons reported separately
contact_friction,visible_pusht_futures_2026-10-08,block,True,fixed_norm_offset,32,4.0,512-world-pixels,2.0,20,0.0,0.0,100.0,0.6892203282828282,68.92203282828282,-68.92203282828282,256,equal scenes; within each scene equal conditions and equal candidates; horizons reported separately
contact_friction,visible_pusht_futures_2026-10-08,block,True,fixed_norm_offset,32,4.0,512-world-pixels,2.0,25,0.0,0.0,100.0,0.6892203282828282,68.92203282828282,-68.92203282828282,256,equal scenes; within each scene equal conditions and equal candidates; horizons reported separately
contact_friction,visible_pusht_futures_2026-10-08,block,True,fixed_norm_offset,32,8.0,512-world-pixels,4.0,5,0.0,0.0,100.0,0.9358842329545451,93.58842329545452,-93.58842329545452,256,equal scenes; within each scene equal conditions and equal candidates; horizons reported separately
contact_friction,visible_pusht_futures_2026-10-08,block,True,fixed_norm_offset,32,8.0,512-world-pixels,4.0,10,0.0,0.0,100.0,0.7367207228535353,73.67207228535352,-73.67207228535352,256,equal scenes; within each scene equal conditions and equal candidates; horizons reported separately
contact_friction,visible_pusht_futures_2026-10-08,block,True,fixed_norm_offset,32,8.0,512-world-pixels,4.0,15,0.0,0.0,100.0,0.6894156407828281,68.94156407828281,-68.94156407828281,256,equal scenes; within each scene equal conditions and equal candidates; horizons reported separately
contact_friction,visible_pusht_futures_2026-10-08,block,True,fixed_norm_offset,32,8.0,512-world-pixels,4.0,20,0.0,0.0,100.0,0.6892203282828282,68.92203282828282,-68.92203282828282,256,equal scenes; within each scene equal conditions and equal candidates; horizons reported separately
contact_friction,visible_pusht_futures_2026-10-08,block,True,fixed_norm_offset,32,8.0,512-world-pixels,4.0,25,0.0,0.0,100.0,0.6892203282828282,68.92203282828282,-68.92203282828282,256,equal scenes; within each scene equal conditions and equal candidates; horizons reported separately
contact_friction,visible_pusht_futures_2026-10-08,block,True,fixed_norm_offset,32,16.0,512-world-pixels,8.0,5,0.0,0.0,100.0,0.9788707386363638,97.88707386363637,-97.88707386363637,256,equal scenes; within each scene equal conditions and equal candidates; horizons reported separately
contact_friction,visible_pusht_futures_2026-10-08,block,True,fixed_norm_offset,32,16.0,512-world-pixels,8.0,10,0.0,0.0,100.0,0.739871369949495,73.9871369949495,-73.9871369949495,256,equal scenes; within each scene equal conditions and equal candidates; horizons reported separately
contact_friction,visible_pusht_futures_2026-10-08,block,True,fixed_norm_offset,32,16.0,512-world-pixels,8.0,15,0.0,0.0,100.0,0.7367207228535353,73.67207228535352,-73.67207228535352,256,equal scenes; within each scene equal conditions and equal candidates; horizons reported separately
contact_friction,visible_pusht_futures_2026-10-08,block,True,fixed_norm_offset,32,16.0,512-world-pixels,8.0,20,0.0,0.0,100.0,0.6896109532828281,68.96109532828281,-68.96109532828281,256,equal scenes; within each scene equal conditions and equal candidates; horizons reported separately
contact_friction,visible_pusht_futures_2026-10-08,block,True,fixed_norm_offset,32,16.0,512-world-pixels,8.0,25,0.0,0.0,100.0,0.6894156407828281,68.94156407828281,-68.94156407828281,256,equal scenes; within each scene equal conditions and equal candidates; horizons reported separately
contact_friction,visible_pusht_futures_2026-10-08,block,True,fixed_norm_offset,32,32.0,512-world-pixels,16.0,5,0.0,0.0,100.0,1.0,100.0,-100.0,256,equal scenes; within each scene equal conditions and equal candidates; horizons reported separately
contact_friction,visible_pusht_futures_2026-10-08,block,True,fixed_norm_offset,32,32.0,512-world-pixels,16.0,10,0.0,0.0,100.0,0.9358842329545451,93.58842329545452,-93.58842329545452,256,equal scenes; within each scene equal conditions and equal candidates; horizons reported separately
contact_friction,visible_pusht_futures_2026-10-08,block,True,fixed_norm_offset,32,32.0,512-world-pixels,16.0,15,0.0,0.0,100.0,0.7899108270202022,78.99108270202022,-78.99108270202022,256,equal scenes; within each scene equal conditions and equal candidates; horizons reported separately
contact_friction,visible_pusht_futures_2026-10-08,block,True,fixed_norm_offset,32,32.0,512-world-pixels,16.0,20,0.0,0.0,100.0,0.7867601799242425,78.67601799242425,-78.67601799242425,256,equal scenes; within each scene equal conditions and equal candidates; horizons reported separately
contact_friction,visible_pusht_futures_2026-10-08,block,True,fixed_norm_offset,32,32.0,512-world-pixels,16.0,25,0.0,0.0,100.0,0.7867601799242425,78.67601799242425,-78.67601799242425,256,equal scenes; within each scene equal conditions and equal candidates; horizons reported separately
contact_friction,visible_pusht_futures_2026-10-08,block,True,fixed_norm_offset,4,2.0,512-world-pixels,1.0,5,0.0,0.0,100.0,0.6516710069444446,65.16710069444446,-65.16710069444446,256,equal scenes; within each scene equal conditions and equal candidates; horizons reported separately
contact_friction,visible_pusht_futures_2026-10-08,block,True,fixed_norm_offset,4,2.0,512-world-pixels,1.0,10,0.0,0.0,100.0,0.6012152777777778,60.121527777777786,-60.121527777777786,256,equal scenes; within each scene equal conditions and equal candidates; horizons reported separately
contact_friction,visible_pusht_futures_2026-10-08,block,True,fixed_norm_offset,4,2.0,512-world-pixels,1.0,15,0.0,0.0,100.0,0.6010199652777779,60.10199652777779,-60.10199652777779,256,equal scenes; within each scene equal conditions and equal candidates; horizons reported separately
contact_friction,visible_pusht_futures_2026-10-08,block,True,fixed_norm_offset,4,2.0,512-world-pixels,1.0,20,0.0,0.0,100.0,0.6010199652777779,60.10199652777779,-60.10199652777779,256,equal scenes; within each scene equal conditions and equal candidates; horizons reported separately
contact_friction,visible_pusht_futures_2026-10-08,block,True,fixed_norm_offset,4,2.0,512-world-pixels,1.0,25,0.0,0.0,100.0,0.6010199652777779,60.10199652777779,-60.10199652777779,256,equal scenes; within each scene equal conditions and equal candidates; horizons reported separately
contact_friction,visible_pusht_futures_2026-10-08,block,True,fixed_norm_offset,4,4.0,512-world-pixels,2.0,5,0.0,0.0,100.0,0.9276811079545451,92.7681107954545,-92.7681107954545,256,equal scenes; within each scene equal conditions and equal candidates; horizons reported separately
contact_friction,visible_pusht_futures_2026-10-08,block,True,fixed_norm_offset,4,4.0,512-world-pixels,2.0,10,0.0,0.0,100.0,0.7367207228535353,73.67207228535352,-73.67207228535352,256,equal scenes; within each scene equal conditions and equal candidates; horizons reported separately
contact_friction,visible_pusht_futures_2026-10-08,block,True,fixed_norm_offset,4,4.0,512-world-pixels,2.0,15,0.0,0.0,100.0,0.6892203282828282,68.92203282828282,-68.92203282828282,256,equal scenes; within each scene equal conditions and equal candidates; horizons reported separately
contact_friction,visible_pusht_futures_2026-10-08,block,True,fixed_norm_offset,4,4.0,512-world-pixels,2.0,20,0.0,0.0,100.0,0.6892203282828282,68.92203282828282,-68.92203282828282,256,equal scenes; within each scene equal conditions and equal candidates; horizons reported separately
contact_friction,visible_pusht_futures_2026-10-08,block,True,fixed_norm_offset,4,4.0,512-world-pixels,2.0,25,0.0,0.0,100.0,0.6892203282828282,68.92203282828282,-68.92203282828282,256,equal scenes; within each scene equal conditions and equal candidates; horizons reported separately
contact_friction,visible_pusht_futures_2026-10-08,block,True,fixed_norm_offset,4,8.0,512-world-pixels,4.0,5,1.0,100.0,0.0,0.9358842329545451,93.58842329545452,6.411576704545485,256,equal scenes; within each scene equal conditions and equal candidates; horizons reported separately
contact_friction,visible_pusht_futures_2026-10-08,block,True,fixed_norm_offset,4,8.0,512-world-pixels,4.0,10,1.0,100.0,0.0,0.7367207228535353,73.67207228535352,26.32792771464647,256,equal scenes; within each scene equal conditions and equal candidates; horizons reported separately
contact_friction,visible_pusht_futures_2026-10-08,block,True,fixed_norm_offset,4,8.0,512-world-pixels,4.0,15,1.0,100.0,0.0,0.6894156407828281,68.94156407828281,31.058435921717187,256,equal scenes; within each scene equal conditions and equal candidates; horizons reported separately
contact_friction,visible_pusht_futures_2026-10-08,block,True,fixed_norm_offset,4,8.0,512-world-pixels,4.0,20,1.0,100.0,0.0,0.6892203282828282,68.92203282828282,31.07796717171718,256,equal scenes; within each scene equal conditions and equal candidates; horizons reported separately
contact_friction,visible_pusht_futures_2026-10-08,block,True,fixed_norm_offset,4,8.0,512-world-pixels,4.0,25,1.0,100.0,0.0,0.6892203282828282,68.92203282828282,31.07796717171718,256,equal scenes; within each scene equal conditions and equal candidates; horizons reported separately
contact_friction,visible_pusht_futures_2026-10-08,block,True,fixed_norm_offset,4,16.0,512-world-pixels,8.0,5,1.0,100.0,0.0,0.9788707386363638,97.88707386363637,2.1129261363636243,256,equal scenes; within each scene equal conditions and equal candidates; horizons reported separately
contact_friction,visible_pusht_futures_2026-10-08,block,True,fixed_norm_offset,4,16.0,512-world-pixels,8.0,10,1.0,100.0,0.0,0.739871369949495,73.9871369949495,26.0128630050505,256,equal scenes; within each scene equal conditions and equal candidates; horizons reported separately
contact_friction,visible_pusht_futures_2026-10-08,block,True,fixed_norm_offset,4,16.0,512-world-pixels,8.0,15,1.0,100.0,0.0,0.7367207228535353,73.67207228535352,26.32792771464647,256,equal scenes; within each scene equal conditions and equal candidates; horizons reported separately
contact_friction,visible_pusht_futures_2026-10-08,block,True,fixed_norm_offset,4,16.0,512-world-pixels,8.0,20,1.0,100.0,0.0,0.6896109532828281,68.96109532828281,31.038904671717194,256,equal scenes; within each scene equal conditions and equal candidates; horizons reported separately
contact_friction,visible_pusht_futures_2026-10-08,block,True,fixed_norm_offset,4,16.0,512-world-pixels,8.0,25,1.0,100.0,0.0,0.6894156407828281,68.94156407828281,31.058435921717187,256,equal scenes; within each scene equal conditions and equal candidates; horizons reported separately
contact_friction,visible_pusht_futures_2026-10-08,block,True,fixed_norm_offset,4,32.0,512-world-pixels,16.0,5,1.0,100.0,0.0,1.0,100.0,0.0,256,equal scenes; within each scene equal conditions and equal candidates; horizons reported separately
contact_friction,visible_pusht_futures_2026-10-08,block,True,fixed_norm_offset,4,32.0,512-world-pixels,16.0,10,1.0,100.0,0.0,0.9358842329545451,93.58842329545452,6.411576704545485,256,equal scenes; within each scene equal conditions and equal candidates; horizons reported separately
contact_friction,visible_pusht_futures_2026-10-08,block,True,fixed_norm_offset,4,32.0,512-world-pixels,16.0,15,1.0,100.0,0.0,0.7899108270202022,78.99108270202022,21.008917297979778,256,equal scenes; within each scene equal conditions and equal candidates; horizons reported separately
contact_friction,visible_pusht_futures_2026-10-08,block,True,fixed_norm_offset,4,32.0,512-world-pixels,16.0,20,1.0,100.0,0.0,0.7867601799242425,78.67601799242425,21.323982007575747,256,equal scenes; within each scene equal conditions and equal candidates; horizons reported separately
contact_friction,visible_pusht_futures_2026-10-08,block,True,fixed_norm_offset,4,32.0,512-world-pixels,16.0,25,1.0,100.0,0.0,0.7867601799242425,78.67601799242425,21.323982007575747,256,equal scenes; within each scene equal conditions and equal candidates; horizons reported separately
contact_friction,visible_pusht_futures_2026-10-08,block,True,fixed_norm_offset,64,2.0,512-world-pixels,1.0,5,0.0,0.0,100.0,0.6516710069444446,65.16710069444446,-65.16710069444446,256,equal scenes; within each scene equal conditions and equal candidates; horizons reported separately
contact_friction,visible_pusht_futures_2026-10-08,block,True,fixed_norm_offset,64,2.0,512-world-pixels,1.0,10,0.0,0.0,100.0,0.6012152777777778,60.121527777777786,-60.121527777777786,256,equal scenes; within each scene equal conditions and equal candidates; horizons reported separately
contact_friction,visible_pusht_futures_2026-10-08,block,True,fixed_norm_offset,64,2.0,512-world-pixels,1.0,15,0.0,0.0,100.0,0.6010199652777779,60.10199652777779,-60.10199652777779,256,equal scenes; within each scene equal conditions and equal candidates; horizons reported separately
contact_friction,visible_pusht_futures_2026-10-08,block,True,fixed_norm_offset,64,2.0,512-world-pixels,1.0,20,0.0,0.0,100.0,0.6010199652777779,60.10199652777779,-60.10199652777779,256,equal scenes; within each scene equal conditions and equal candidates; horizons reported separately
contact_friction,visible_pusht_futures_2026-10-08,block,True,fixed_norm_offset,64,2.0,512-world-pixels,1.0,25,0.0,0.0,100.0,0.6010199652777779,60.10199652777779,-60.10199652777779,256,equal scenes; within each scene equal conditions and equal candidates; horizons reported separately
contact_friction,visible_pusht_futures_2026-10-08,block,True,fixed_norm_offset,64,4.0,512-world-pixels,2.0,5,0.0,0.0,100.0,0.9276811079545451,92.7681107954545,-92.7681107954545,256,equal scenes; within each scene equal conditions and equal candidates; horizons reported separately
contact_friction,visible_pusht_futures_2026-10-08,block,True,fixed_norm_offset,64,4.0,512-world-pixels,2.0,10,0.0,0.0,100.0,0.7367207228535353,73.67207228535352,-73.67207228535352,256,equal scenes; within each scene equal conditions and equal candidates; horizons reported separately
contact_friction,visible_pusht_futures_2026-10-08,block,True,fixed_norm_offset,64,4.0,512-world-pixels,2.0,15,0.0,0.0,100.0,0.6892203282828282,68.92203282828282,-68.92203282828282,256,equal scenes; within each scene equal conditions and equal candidates; horizons reported separately
contact_friction,visible_pusht_futures_2026-10-08,block,True,fixed_norm_offset,64,4.0,512-world-pixels,2.0,20,0.0,0.0,100.0,0.6892203282828282,68.92203282828282,-68.92203282828282,256,equal scenes; within each scene equal conditions and equal candidates; horizons reported separately
contact_friction,visible_pusht_futures_2026-10-08,block,True,fixed_norm_offset,64,4.0,512-world-pixels,2.0,25,0.0,0.0,100.0,0.6892203282828282,68.92203282828282,-68.92203282828282,256,equal scenes; within each scene equal conditions and equal candidates; horizons reported separately
contact_friction,visible_pusht_futures_2026-10-08,block,True,fixed_norm_offset,64,8.0,512-world-pixels,4.0,5,0.0,0.0,100.0,0.9358842329545451,93.58842329545452,-93.58842329545452,256,equal scenes; within each scene equal conditions and equal candidates; horizons reported separately
contact_friction,visible_pusht_futures_2026-10-08,block,True,fixed_norm_offset,64,8.0,512-world-pixels,4.0,10,0.0,0.0,100.0,0.7367207228535353,73.67207228535352,-73.67207228535352,256,equal scenes; within each scene equal conditions and equal candidates; horizons reported separately
contact_friction,visible_pusht_futures_2026-10-08,block,True,fixed_norm_offset,64,8.0,512-world-pixels,4.0,15,0.0,0.0,100.0,0.6894156407828281,68.94156407828281,-68.94156407828281,256,equal scenes; within each scene equal conditions and equal candidates; horizons reported separately
contact_friction,visible_pusht_futures_2026-10-08,block,True,fixed_norm_offset,64,8.0,512-world-pixels,4.0,20,0.0,0.0,100.0,0.6892203282828282,68.92203282828282,-68.92203282828282,256,equal scenes; within each scene equal conditions and equal candidates; horizons reported separately
contact_friction,visible_pusht_futures_2026-10-08,block,True,fixed_norm_offset,64,8.0,512-world-pixels,4.0,25,0.0,0.0,100.0,0.6892203282828282,68.92203282828282,-68.92203282828282,256,equal scenes; within each scene equal conditions and equal candidates; horizons reported separately
contact_friction,visible_pusht_futures_2026-10-08,block,True,fixed_norm_offset,64,16.0,512-world-pixels,8.0,5,0.0,0.0,100.0,0.9788707386363638,97.88707386363637,-97.88707386363637,256,equal scenes; within each scene equal conditions and equal candidates; horizons reported separately
contact_friction,visible_pusht_futures_2026-10-08,block,True,fixed_norm_offset,64,16.0,512-world-pixels,8.0,10,0.0,0.0,100.0,0.739871369949495,73.9871369949495,-73.9871369949495,256,equal scenes; within each scene equal conditions and equal candidates; horizons reported separately
contact_friction,visible_pusht_futures_2026-10-08,block,True,fixed_norm_offset,64,16.0,512-world-pixels,8.0,15,0.0,0.0,100.0,0.7367207228535353,73.67207228535352,-73.67207228535352,256,equal scenes; within each scene equal conditions and equal candidates; horizons reported separately
contact_friction,visible_pusht_futures_2026-10-08,block,True,fixed_norm_offset,64,16.0,512-world-pixels,8.0,20,0.0,0.0,100.0,0.6896109532828281,68.96109532828281,-68.96109532828281,256,equal scenes; within each scene equal conditions and equal candidates; horizons reported separately
contact_friction,visible_pusht_futures_2026-10-08,block,True,fixed_norm_offset,64,16.0,512-world-pixels,8.0,25,0.0,0.0,100.0,0.6894156407828281,68.94156407828281,-68.94156407828281,256,equal scenes; within each scene equal conditions and equal candidates; horizons reported separately
contact_friction,visible_pusht_futures_2026-10-08,block,True,fixed_norm_offset,64,32.0,512-world-pixels,16.0,5,0.0,0.0,100.0,1.0,100.0,-100.0,256,equal scenes; within each scene equal conditions and equal candidates; horizons reported separately
contact_friction,visible_pusht_futures_2026-10-08,block,True,fixed_norm_offset,64,32.0,512-world-pixels,16.0,10,0.0,0.0,100.0,0.9358842329545451,93.58842329545452,-93.58842329545452,256,equal scenes; within each scene equal conditions and equal candidates; horizons reported separately
contact_friction,visible_pusht_futures_2026-10-08,block,True,fixed_norm_offset,64,32.0,512-world-pixels,16.0,15,0.0,0.0,100.0,0.7899108270202022,78.99108270202022,-78.99108270202022,256,equal scenes; within each scene equal conditions and equal candidates; horizons reported separately
contact_friction,visible_pusht_futures_2026-10-08,block,True,fixed_norm_offset,64,32.0,512-world-pixels,16.0,20,0.0,0.0,100.0,0.7867601799242425,78.67601799242425,-78.67601799242425,256,equal scenes; within each scene equal conditions and equal candidates; horizons reported separately
contact_friction,visible_pusht_futures_2026-10-08,block,True,fixed_norm_offset,64,32.0,512-world-pixels,16.0,25,0.0,0.0,100.0,0.7867601799242425,78.67601799242425,-78.67601799242425,256,equal scenes; within each scene equal conditions and equal candidates; horizons reported separately
contact_friction,visible_pusht_futures_2026-10-08,block,True,fixed_norm_offset,8,2.0,512-world-pixels,1.0,5,0.0,0.0,100.0,0.6516710069444446,65.16710069444446,-65.16710069444446,256,equal scenes; within each scene equal conditions and equal candidates; horizons reported separately
contact_friction,visible_pusht_futures_2026-10-08,block,True,fixed_norm_offset,8,2.0,512-world-pixels,1.0,10,0.0,0.0,100.0,0.6012152777777778,60.121527777777786,-60.121527777777786,256,equal scenes; within each scene equal conditions and equal candidates; horizons reported separately
contact_friction,visible_pusht_futures_2026-10-08,block,True,fixed_norm_offset,8,2.0,512-world-pixels,1.0,15,0.0,0.0,100.0,0.6010199652777779,60.10199652777779,-60.10199652777779,256,equal scenes; within each scene equal conditions and equal candidates; horizons reported separately
contact_friction,visible_pusht_futures_2026-10-08,block,True,fixed_norm_offset,8,2.0,512-world-pixels,1.0,20,0.0,0.0,100.0,0.6010199652777779,60.10199652777779,-60.10199652777779,256,equal scenes; within each scene equal conditions and equal candidates; horizons reported separately
contact_friction,visible_pusht_futures_2026-10-08,block,True,fixed_norm_offset,8,2.0,512-world-pixels,1.0,25,0.0,0.0,100.0,0.6010199652777779,60.10199652777779,-60.10199652777779,256,equal scenes; within each scene equal conditions and equal candidates; horizons reported separately
contact_friction,visible_pusht_futures_2026-10-08,block,True,fixed_norm_offset,8,4.0,512-world-pixels,2.0,5,0.0,0.0,100.0,0.9276811079545451,92.7681107954545,-92.7681107954545,256,equal scenes; within each scene equal conditions and equal candidates; horizons reported separately
contact_friction,visible_pusht_futures_2026-10-08,block,True,fixed_norm_offset,8,4.0,512-world-pixels,2.0,10,0.0,0.0,100.0,0.7367207228535353,73.67207228535352,-73.67207228535352,256,equal scenes; within each scene equal conditions and equal candidates; horizons reported separately
contact_friction,visible_pusht_futures_2026-10-08,block,True,fixed_norm_offset,8,4.0,512-world-pixels,2.0,15,0.0,0.0,100.0,0.6892203282828282,68.92203282828282,-68.92203282828282,256,equal scenes; within each scene equal conditions and equal candidates; horizons reported separately
contact_friction,visible_pusht_futures_2026-10-08,block,True,fixed_norm_offset,8,4.0,512-world-pixels,2.0,20,0.0,0.0,100.0,0.6892203282828282,68.92203282828282,-68.92203282828282,256,equal scenes; within each scene equal conditions and equal candidates; horizons reported separately
contact_friction,visible_pusht_futures_2026-10-08,block,True,fixed_norm_offset,8,4.0,512-world-pixels,2.0,25,0.0,0.0,100.0,0.6892203282828282,68.92203282828282,-68.92203282828282,256,equal scenes; within each scene equal conditions and equal candidates; horizons reported separately
contact_friction,visible_pusht_futures_2026-10-08,block,True,fixed_norm_offset,8,8.0,512-world-pixels,4.0,5,0.0,0.0,100.0,0.9358842329545451,93.58842329545452,-93.58842329545452,256,equal scenes; within each scene equal conditions and equal candidates; horizons reported separately
contact_friction,visible_pusht_futures_2026-10-08,block,True,fixed_norm_offset,8,8.0,512-world-pixels,4.0,10,0.0,0.0,100.0,0.7367207228535353,73.67207228535352,-73.67207228535352,256,equal scenes; within each scene equal conditions and equal candidates; horizons reported separately
contact_friction,visible_pusht_futures_2026-10-08,block,True,fixed_norm_offset,8,8.0,512-world-pixels,4.0,15,0.0,0.0,100.0,0.6894156407828281,68.94156407828281,-68.94156407828281,256,equal scenes; within each scene equal conditions and equal candidates; horizons reported separately
contact_friction,visible_pusht_futures_2026-10-08,block,True,fixed_norm_offset,8,8.0,512-world-pixels,4.0,20,0.0,0.0,100.0,0.6892203282828282,68.92203282828282,-68.92203282828282,256,equal scenes; within each scene equal conditions and equal candidates; horizons reported separately
contact_friction,visible_pusht_futures_2026-10-08,block,True,fixed_norm_offset,8,8.0,512-world-pixels,4.0,25,0.0,0.0,100.0,0.6892203282828282,68.92203282828282,-68.92203282828282,256,equal scenes; within each scene equal conditions and equal candidates; horizons reported separately
contact_friction,visible_pusht_futures_2026-10-08,block,True,fixed_norm_offset,8,16.0,512-world-pixels,8.0,5,1.0,100.0,0.0,0.9788707386363638,97.88707386363637,2.1129261363636243,256,equal scenes; within each scene equal conditions and equal candidates; horizons reported separately
contact_friction,visible_pusht_futures_2026-10-08,block,True,fixed_norm_offset,8,16.0,512-world-pixels,8.0,10,1.0,100.0,0.0,0.739871369949495,73.9871369949495,26.0128630050505,256,equal scenes; within each scene equal conditions and equal candidates; horizons reported separately
contact_friction,visible_pusht_futures_2026-10-08,block,True,fixed_norm_offset,8,16.0,512-world-pixels,8.0,15,1.0,100.0,0.0,0.7367207228535353,73.67207228535352,26.32792771464647,256,equal scenes; within each scene equal conditions and equal candidates; horizons reported separately
contact_friction,visible_pusht_futures_2026-10-08,block,True,fixed_norm_offset,8,16.0,512-world-pixels,8.0,20,1.0,100.0,0.0,0.6896109532828281,68.96109532828281,31.038904671717194,256,equal scenes; within each scene equal conditions and equal candidates; horizons reported separately
contact_friction,visible_pusht_futures_2026-10-08,block,True,fixed_norm_offset,8,16.0,512-world-pixels,8.0,25,1.0,100.0,0.0,0.6894156407828281,68.94156407828281,31.058435921717187,256,equal scenes; within each scene equal conditions and equal candidates; horizons reported separately
contact_friction,visible_pusht_futures_2026-10-08,block,True,fixed_norm_offset,8,32.0,512-world-pixels,16.0,5,1.0,100.0,0.0,1.0,100.0,0.0,256,equal scenes; within each scene equal conditions and equal candidates; horizons reported separately
contact_friction,visible_pusht_futures_2026-10-08,block,True,fixed_norm_offset,8,32.0,512-world-pixels,16.0,10,1.0,100.0,0.0,0.9358842329545451,93.58842329545452,6.411576704545485,256,equal scenes; within each scene equal conditions and equal candidates; horizons reported separately
contact_friction,visible_pusht_futures_2026-10-08,block,True,fixed_norm_offset,8,32.0,512-world-pixels,16.0,15,1.0,100.0,0.0,0.7899108270202022,78.99108270202022,21.008917297979778,256,equal scenes; within each scene equal conditions and equal candidates; horizons reported separately
contact_friction,visible_pusht_futures_2026-10-08,block,True,fixed_norm_offset,8,32.0,512-world-pixels,16.0,20,1.0,100.0,0.0,0.7867601799242425,78.67601799242425,21.323982007575747,256,equal scenes; within each scene equal conditions and equal candidates; horizons reported separately
contact_friction,visible_pusht_futures_2026-10-08,block,True,fixed_norm_offset,8,32.0,512-world-pixels,16.0,25,1.0,100.0,0.0,0.7867601799242425,78.67601799242425,21.323982007575747,256,equal scenes; within each scene equal conditions and equal candidates; horizons reported separately
contact_friction,visible_pusht_futures_2026-10-08,block,True,temporal_lag_prepend_current,one_horizon,2.0,512-world-pixels,1.0,5,0.3033420138888888,30.334201388888882,69.66579861111111,0.6516710069444446,65.16710069444446,-34.83289930555558,256,equal scenes; within each scene equal conditions and equal candidates; horizons reported separately
contact_friction,visible_pusht_futures_2026-10-08,block,True,temporal_lag_prepend_current,one_horizon,2.0,512-world-pixels,1.0,10,0.3788312815656566,37.88312815656566,62.11687184343434,0.6012152777777778,60.121527777777786,-22.238399621212125,256,equal scenes; within each scene equal conditions and equal candidates; horizons reported separately
contact_friction,visible_pusht_futures_2026-10-08,block,True,temporal_lag_prepend_current,one_horizon,2.0,512-world-pixels,1.0,15,0.4732461332070706,47.32461332070706,52.67538667929295,0.6010199652777779,60.10199652777779,-12.77738320707073,256,equal scenes; within each scene equal conditions and equal candidates; horizons reported separately
contact_friction,visible_pusht_futures_2026-10-08,block,True,temporal_lag_prepend_current,one_horizon,2.0,512-world-pixels,1.0,20,0.6348484848484849,63.48484848484849,36.51515151515151,0.6010199652777779,60.10199652777779,3.3828519570706983,256,equal scenes; within each scene equal conditions and equal candidates; horizons reported separately
contact_friction,visible_pusht_futures_2026-10-08,block,True,temporal_lag_prepend_current,one_horizon,2.0,512-world-pixels,1.0,25,0.76294586489899,76.29458648989899,23.705413510101003,0.6010199652777779,60.10199652777779,16.192589962121207,256,equal scenes; within each scene equal conditions and equal candidates; horizons reported separately
contact_friction,visible_pusht_futures_2026-10-08,block,True,temporal_lag_prepend_current,one_horizon,4.0,512-world-pixels,2.0,5,0.3033420138888888,30.334201388888882,69.66579861111111,0.9276811079545451,92.7681107954545,-62.433909406565625,256,equal scenes; within each scene equal conditions and equal candidates; horizons reported separately
contact_friction,visible_pusht_futures_2026-10-08,block,True,temporal_lag_prepend_current,one_horizon,4.0,512-world-pixels,2.0,10,0.3788312815656566,37.88312815656566,62.11687184343434,0.7367207228535353,73.67207228535352,-35.78894412878787,256,equal scenes; within each scene equal conditions and equal candidates; horizons reported separately
contact_friction,visible_pusht_futures_2026-10-08,block,True,temporal_lag_prepend_current,one_horizon,4.0,512-world-pixels,2.0,15,0.5237018623737374,52.37018623737374,47.62981376262626,0.6892203282828282,68.92203282828282,-16.55184659090908,256,equal scenes; within each scene equal conditions and equal candidates; horizons reported separately
contact_friction,visible_pusht_futures_2026-10-08,block,True,temporal_lag_prepend_current,one_horizon,4.0,512-world-pixels,2.0,20,0.6832721748737374,68.32721748737373,31.672782512626263,0.6892203282828282,68.92203282828282,-0.5948153409090828,256,equal scenes; within each scene equal conditions and equal candidates; horizons reported separately
contact_friction,visible_pusht_futures_2026-10-08,block,True,temporal_lag_prepend_current,one_horizon,4.0,512-world-pixels,2.0,25,0.8131096117424244,81.31096117424244,18.689038825757564,0.6892203282828282,68.92203282828282,12.388928345959616,256,equal scenes; within each scene equal conditions and equal candidates; horizons reported separately
contact_friction,visible_pusht_futures_2026-10-08,block,True,temporal_lag_prepend_current,one_horizon,8.0,512-world-pixels,4.0,5,0.9065518465909088,90.65518465909088,9.344815340909118,0.9358842329545451,93.58842329545452,-2.933238636363633,256,equal scenes; within each scene equal conditions and equal candidates; horizons reported separately
contact_friction,visible_pusht_futures_2026-10-08,block,True,temporal_lag_prepend_current,one_horizon,8.0,512-world-pixels,4.0,10,0.6726049558080809,67.26049558080808,32.73950441919191,0.7367207228535353,73.67207228535352,-6.411576704545441,256,equal scenes; within each scene equal conditions and equal candidates; horizons reported separately
contact_friction,visible_pusht_futures_2026-10-08,block,True,temporal_lag_prepend_current,one_horizon,8.0,512-world-pixels,4.0,15,0.6937342171717171,69.37342171717171,30.626578282828287,0.6894156407828281,68.94156407828281,0.4318576388888995,256,equal scenes; within each scene equal conditions and equal candidates; horizons reported separately
contact_friction,visible_pusht_futures_2026-10-08,block,True,temporal_lag_prepend_current,one_horizon,8.0,512-world-pixels,4.0,20,0.8084221117424244,80.84221117424244,19.15778882575756,0.6892203282828282,68.92203282828282,11.92017834595962,256,equal scenes; within each scene equal conditions and equal candidates; horizons reported separately
contact_friction,visible_pusht_futures_2026-10-08,block,True,temporal_lag_prepend_current,one_horizon,8.0,512-world-pixels,4.0,25,0.897311000631313,89.7311000631313,10.268899936868703,0.6892203282828282,68.92203282828282,20.809067234848477,256,equal scenes; within each scene equal conditions and equal candidates; horizons reported separately
contact_friction,visible_pusht_futures_2026-10-08,block,True,temporal_lag_prepend_current,one_horizon,16.0,512-world-pixels,8.0,5,0.9358842329545451,93.58842329545452,6.411576704545485,0.9788707386363638,97.88707386363637,-4.298650568181861,256,equal scenes; within each scene equal conditions and equal candidates; horizons reported separately
contact_friction,visible_pusht_futures_2026-10-08,block,True,temporal_lag_prepend_current,one_horizon,16.0,512-world-pixels,8.0,10,0.7367207228535353,73.67207228535352,26.32792771464647,0.739871369949495,73.9871369949495,-0.3150647095959691,256,equal scenes; within each scene equal conditions and equal candidates; horizons reported separately
contact_friction,visible_pusht_futures_2026-10-08,block,True,temporal_lag_prepend_current,one_horizon,16.0,512-world-pixels,8.0,15,0.7373066603535353,73.73066603535354,26.269333964646467,0.7367207228535353,73.67207228535352,0.05859375000000222,256,equal scenes; within each scene equal conditions and equal candidates; horizons reported separately
contact_friction,visible_pusht_futures_2026-10-08,block,True,temporal_lag_prepend_current,one_horizon,16.0,512-world-pixels,8.0,20,0.809558475378788,80.9558475378788,19.0441524621212,0.6896109532828281,68.96109532828281,11.994752209595994,256,equal scenes; within each scene equal conditions and equal candidates; horizons reported separately
contact_friction,visible_pusht_futures_2026-10-08,block,True,temporal_lag_prepend_current,one_horizon,16.0,512-world-pixels,8.0,25,0.9003827335858583,90.03827335858583,9.96172664141417,0.6894156407828281,68.94156407828281,21.096709280303017,256,equal scenes; within each scene equal conditions and equal candidates; horizons reported separately
contact_friction,visible_pusht_futures_2026-10-08,block,True,temporal_lag_prepend_current,one_horizon,32.0,512-world-pixels,16.0,5,0.9788707386363638,97.88707386363637,2.1129261363636243,1.0,100.0,-2.1129261363636243,256,equal scenes; within each scene equal conditions and equal candidates; horizons reported separately
contact_friction,visible_pusht_futures_2026-10-08,block,True,temporal_lag_prepend_current,one_horizon,32.0,512-world-pixels,16.0,10,0.739871369949495,73.9871369949495,26.0128630050505,0.9358842329545451,93.58842329545452,-19.601286300505016,256,equal scenes; within each scene equal conditions and equal candidates; horizons reported separately
contact_friction,visible_pusht_futures_2026-10-08,block,True,temporal_lag_prepend_current,one_horizon,32.0,512-world-pixels,16.0,15,0.7900528724747475,79.00528724747475,20.994712752525245,0.7899108270202022,78.99108270202022,0.014204545454532536,256,equal scenes; within each scene equal conditions and equal candidates; horizons reported separately
contact_friction,visible_pusht_futures_2026-10-08,block,True,temporal_lag_prepend_current,one_horizon,32.0,512-world-pixels,16.0,20,0.9439098011363636,94.39098011363636,5.609019886363642,0.7867601799242425,78.67601799242425,15.714962121212107,256,equal scenes; within each scene equal conditions and equal candidates; horizons reported separately
contact_friction,visible_pusht_futures_2026-10-08,block,True,temporal_lag_prepend_current,one_horizon,32.0,512-world-pixels,16.0,25,0.9960227272727272,99.60227272727272,0.39772727272727737,0.7867601799242425,78.67601799242425,20.92625473484847,256,equal scenes; within each scene equal conditions and equal candidates; horizons reported separately
contact_friction,visible_pusht_futures_2026-10-08,block,True,wrong_condition_true_future,cyclic_shift_by_1,2.0,512-world-pixels,1.0,5,0.3033420138888888,30.334201388888882,69.66579861111111,0.6516710069444446,65.16710069444446,-34.83289930555558,256,equal scenes; within each scene equal conditions and equal candidates; horizons reported separately
contact_friction,visible_pusht_futures_2026-10-08,block,True,wrong_condition_true_future,cyclic_shift_by_1,2.0,512-world-pixels,1.0,10,0.20243055555555556,20.243055555555557,79.75694444444444,0.6012152777777778,60.121527777777786,-39.87847222222223,256,equal scenes; within each scene equal conditions and equal candidates; horizons reported separately
contact_friction,visible_pusht_futures_2026-10-08,block,True,wrong_condition_true_future,cyclic_shift_by_1,2.0,512-world-pixels,1.0,15,0.20203993055555558,20.203993055555557,79.79600694444444,0.6010199652777779,60.10199652777779,-39.89800347222223,256,equal scenes; within each scene equal conditions and equal candidates; horizons reported separately
contact_friction,visible_pusht_futures_2026-10-08,block,True,wrong_condition_true_future,cyclic_shift_by_1,2.0,512-world-pixels,1.0,20,0.20203993055555558,20.203993055555557,79.79600694444444,0.6010199652777779,60.10199652777779,-39.89800347222223,256,equal scenes; within each scene equal conditions and equal candidates; horizons reported separately
contact_friction,visible_pusht_futures_2026-10-08,block,True,wrong_condition_true_future,cyclic_shift_by_1,2.0,512-world-pixels,1.0,25,0.20203993055555558,20.203993055555557,79.79600694444444,0.6010199652777779,60.10199652777779,-39.89800347222223,256,equal scenes; within each scene equal conditions and equal candidates; horizons reported separately
contact_friction,visible_pusht_futures_2026-10-08,block,True,wrong_condition_true_future,cyclic_shift_by_1,4.0,512-world-pixels,2.0,5,0.3033420138888888,30.334201388888882,69.66579861111111,0.9276811079545451,92.7681107954545,-62.433909406565625,256,equal scenes; within each scene equal conditions and equal candidates; horizons reported separately
contact_friction,visible_pusht_futures_2026-10-08,block,True,wrong_condition_true_future,cyclic_shift_by_1,4.0,512-world-pixels,2.0,10,0.20243055555555556,20.243055555555557,79.75694444444444,0.7367207228535353,73.67207228535352,-53.42901672979797,256,equal scenes; within each scene equal conditions and equal candidates; horizons reported separately
contact_friction,visible_pusht_futures_2026-10-08,block,True,wrong_condition_true_future,cyclic_shift_by_1,4.0,512-world-pixels,2.0,15,0.20203993055555558,20.203993055555557,79.79600694444444,0.6892203282828282,68.92203282828282,-48.71803977272726,256,equal scenes; within each scene equal conditions and equal candidates; horizons reported separately
contact_friction,visible_pusht_futures_2026-10-08,block,True,wrong_condition_true_future,cyclic_shift_by_1,4.0,512-world-pixels,2.0,20,0.20203993055555558,20.203993055555557,79.79600694444444,0.6892203282828282,68.92203282828282,-48.71803977272726,256,equal scenes; within each scene equal conditions and equal candidates; horizons reported separately
contact_friction,visible_pusht_futures_2026-10-08,block,True,wrong_condition_true_future,cyclic_shift_by_1,4.0,512-world-pixels,2.0,25,0.20203993055555558,20.203993055555557,79.79600694444444,0.6892203282828282,68.92203282828282,-48.71803977272726,256,equal scenes; within each scene equal conditions and equal candidates; horizons reported separately
contact_friction,visible_pusht_futures_2026-10-08,block,True,wrong_condition_true_future,cyclic_shift_by_1,8.0,512-world-pixels,4.0,5,0.855362215909091,85.5362215909091,14.4637784090909,0.9358842329545451,93.58842329545452,-8.052201704545414,256,equal scenes; within each scene equal conditions and equal candidates; horizons reported separately
contact_friction,visible_pusht_futures_2026-10-08,block,True,wrong_condition_true_future,cyclic_shift_by_1,8.0,512-world-pixels,4.0,10,0.4734414457070706,47.34414457070706,52.65585542929294,0.7367207228535353,73.67207228535352,-26.32792771464647,256,equal scenes; within each scene equal conditions and equal candidates; horizons reported separately
contact_friction,visible_pusht_futures_2026-10-08,block,True,wrong_condition_true_future,cyclic_shift_by_1,8.0,512-world-pixels,4.0,15,0.3784406565656566,37.84406565656566,62.15593434343434,0.6894156407828281,68.94156407828281,-31.09749842171715,256,equal scenes; within each scene equal conditions and equal candidates; horizons reported separately
contact_friction,visible_pusht_futures_2026-10-08,block,True,wrong_condition_true_future,cyclic_shift_by_1,8.0,512-world-pixels,4.0,20,0.3784406565656566,37.84406565656566,62.15593434343434,0.6892203282828282,68.92203282828282,-31.07796717171716,256,equal scenes; within each scene equal conditions and equal candidates; horizons reported separately
contact_friction,visible_pusht_futures_2026-10-08,block,True,wrong_condition_true_future,cyclic_shift_by_1,8.0,512-world-pixels,4.0,25,0.3784406565656566,37.84406565656566,62.15593434343434,0.6892203282828282,68.92203282828282,-31.07796717171716,256,equal scenes; within each scene equal conditions and equal candidates; horizons reported separately
contact_friction,visible_pusht_futures_2026-10-08,block,True,wrong_condition_true_future,cyclic_shift_by_1,16.0,512-world-pixels,8.0,5,0.871768465909091,87.1768465909091,12.823153409090903,0.9788707386363638,97.88707386363637,-10.71022727272728,256,equal scenes; within each scene equal conditions and equal candidates; horizons reported separately
contact_friction,visible_pusht_futures_2026-10-08,block,True,wrong_condition_true_future,cyclic_shift_by_1,16.0,512-world-pixels,8.0,10,0.4734414457070706,47.34414457070706,52.65585542929294,0.739871369949495,73.9871369949495,-26.64299242424244,256,equal scenes; within each scene equal conditions and equal candidates; horizons reported separately
contact_friction,visible_pusht_futures_2026-10-08,block,True,wrong_condition_true_future,cyclic_shift_by_1,16.0,512-world-pixels,8.0,15,0.3788312815656566,37.88312815656566,62.11687184343434,0.7367207228535353,73.67207228535352,-35.78894412878787,256,equal scenes; within each scene equal conditions and equal candidates; horizons reported separately
contact_friction,visible_pusht_futures_2026-10-08,block,True,wrong_condition_true_future,cyclic_shift_by_1,16.0,512-world-pixels,8.0,20,0.3784406565656566,37.84406565656566,62.15593434343434,0.6896109532828281,68.96109532828281,-31.117029671717145,256,equal scenes; within each scene equal conditions and equal candidates; horizons reported separately
contact_friction,visible_pusht_futures_2026-10-08,block,True,wrong_condition_true_future,cyclic_shift_by_1,16.0,512-world-pixels,8.0,25,0.3784406565656566,37.84406565656566,62.15593434343434,0.6894156407828281,68.94156407828281,-31.09749842171715,256,equal scenes; within each scene equal conditions and equal candidates; horizons reported separately
contact_friction,visible_pusht_futures_2026-10-08,block,True,wrong_condition_true_future,cyclic_shift_by_1,32.0,512-world-pixels,16.0,5,0.9577414772727271,95.7741477272727,4.225852272727293,1.0,100.0,-4.225852272727293,256,equal scenes; within each scene equal conditions and equal candidates; horizons reported separately
contact_friction,visible_pusht_futures_2026-10-08,block,True,wrong_condition_true_future,cyclic_shift_by_1,32.0,512-world-pixels,16.0,10,0.47974273989898975,47.974273989898975,52.025726010101025,0.9358842329545451,93.58842329545452,-45.61414930555554,256,equal scenes; within each scene equal conditions and equal candidates; horizons reported separately
contact_friction,visible_pusht_futures_2026-10-08,block,True,wrong_condition_true_future,cyclic_shift_by_1,32.0,512-world-pixels,16.0,15,0.4734414457070706,47.34414457070706,52.65585542929294,0.7899108270202022,78.99108270202022,-31.646938131313163,256,equal scenes; within each scene equal conditions and equal candidates; horizons reported separately
contact_friction,visible_pusht_futures_2026-10-08,block,True,wrong_condition_true_future,cyclic_shift_by_1,32.0,512-world-pixels,16.0,20,0.3792219065656566,37.92219065656566,62.07780934343434,0.7867601799242425,78.67601799242425,-40.753827335858595,256,equal scenes; within each scene equal conditions and equal candidates; horizons reported separately
contact_friction,visible_pusht_futures_2026-10-08,block,True,wrong_condition_true_future,cyclic_shift_by_1,32.0,512-world-pixels,16.0,25,0.3788312815656566,37.88312815656566,62.11687184343434,0.7867601799242425,78.67601799242425,-40.792889835858595,256,equal scenes; within each scene equal conditions and equal candidates; horizons reported separately
door,legacy_tworoom_multistep_panels_2026-09-30,agent,True,condition_mean_common_privileged,mean_across_hidden_conditions,0.875,224-canvas-pixels,1.0,5,0.25,25.0,75.0,0.625,62.5,-37.5,300,equal scenes; within each scene equal conditions and equal candidates; horizons reported separately
door,legacy_tworoom_multistep_panels_2026-09-30,agent,True,condition_mean_common_privileged,mean_across_hidden_conditions,0.875,224-canvas-pixels,1.0,10,0.16666666666666666,16.666666666666664,83.33333333333334,0.5833333333333334,58.333333333333336,-41.66666666666667,300,equal scenes; within each scene equal conditions and equal candidates; horizons reported separately
door,legacy_tworoom_multistep_panels_2026-09-30,agent,True,condition_mean_common_privileged,mean_across_hidden_conditions,0.875,224-canvas-pixels,1.0,15,0.16666666666666666,16.666666666666664,83.33333333333334,0.5833333333333334,58.333333333333336,-41.66666666666667,300,equal scenes; within each scene equal conditions and equal candidates; horizons reported separately
door,legacy_tworoom_multistep_panels_2026-09-30,agent,True,condition_mean_common_privileged,mean_across_hidden_conditions,0.875,224-canvas-pixels,1.0,20,0.16666666666666666,16.666666666666664,83.33333333333334,0.5833333333333334,58.333333333333336,-41.66666666666667,300,equal scenes; within each scene equal conditions and equal candidates; horizons reported separately
door,legacy_tworoom_multistep_panels_2026-09-30,agent,True,condition_mean_common_privileged,mean_across_hidden_conditions,0.875,224-canvas-pixels,1.0,25,0.16666666666666666,16.666666666666664,83.33333333333334,0.5833333333333334,58.333333333333336,-41.66666666666667,300,equal scenes; within each scene equal conditions and equal candidates; horizons reported separately
door,legacy_tworoom_multistep_panels_2026-09-30,agent,True,condition_mean_common_privileged,mean_across_hidden_conditions,1.75,224-canvas-pixels,2.0,5,0.25,25.0,75.0,0.625,62.5,-37.5,300,equal scenes; within each scene equal conditions and equal candidates; horizons reported separately
door,legacy_tworoom_multistep_panels_2026-09-30,agent,True,condition_mean_common_privileged,mean_across_hidden_conditions,1.75,224-canvas-pixels,2.0,10,0.16666666666666666,16.666666666666664,83.33333333333334,0.5833333333333334,58.333333333333336,-41.66666666666667,300,equal scenes; within each scene equal conditions and equal candidates; horizons reported separately
door,legacy_tworoom_multistep_panels_2026-09-30,agent,True,condition_mean_common_privileged,mean_across_hidden_conditions,1.75,224-canvas-pixels,2.0,15,0.16666666666666666,16.666666666666664,83.33333333333334,0.5833333333333334,58.333333333333336,-41.66666666666667,300,equal scenes; within each scene equal conditions and equal candidates; horizons reported separately
door,legacy_tworoom_multistep_panels_2026-09-30,agent,True,condition_mean_common_privileged,mean_across_hidden_conditions,1.75,224-canvas-pixels,2.0,20,0.16666666666666666,16.666666666666664,83.33333333333334,0.5833333333333334,58.333333333333336,-41.66666666666667,300,equal scenes; within each scene equal conditions and equal candidates; horizons reported separately
door,legacy_tworoom_multistep_panels_2026-09-30,agent,True,condition_mean_common_privileged,mean_across_hidden_conditions,1.75,224-canvas-pixels,2.0,25,0.16666666666666666,16.666666666666664,83.33333333333334,0.5833333333333334,58.333333333333336,-41.66666666666667,300,equal scenes; within each scene equal conditions and equal candidates; horizons reported separately
door,legacy_tworoom_multistep_panels_2026-09-30,agent,True,condition_mean_common_privileged,mean_across_hidden_conditions,3.5,224-canvas-pixels,4.0,5,0.25,25.0,75.0,0.625,62.5,-37.5,300,equal scenes; within each scene equal conditions and equal candidates; horizons reported separately
door,legacy_tworoom_multistep_panels_2026-09-30,agent,True,condition_mean_common_privileged,mean_across_hidden_conditions,3.5,224-canvas-pixels,4.0,10,0.16666666666666666,16.666666666666664,83.33333333333334,0.5833333333333334,58.333333333333336,-41.66666666666667,300,equal scenes; within each scene equal conditions and equal candidates; horizons reported separately
door,legacy_tworoom_multistep_panels_2026-09-30,agent,True,condition_mean_common_privileged,mean_across_hidden_conditions,3.5,224-canvas-pixels,4.0,15,0.16666666666666666,16.666666666666664,83.33333333333334,0.5833333333333334,58.333333333333336,-41.66666666666667,300,equal scenes; within each scene equal conditions and equal candidates; horizons reported separately
door,legacy_tworoom_multistep_panels_2026-09-30,agent,True,condition_mean_common_privileged,mean_across_hidden_conditions,3.5,224-canvas-pixels,4.0,20,0.16666666666666666,16.666666666666664,83.33333333333334,0.5833333333333334,58.333333333333336,-41.66666666666667,300,equal scenes; within each scene equal conditions and equal candidates; horizons reported separately
door,legacy_tworoom_multistep_panels_2026-09-30,agent,True,condition_mean_common_privileged,mean_across_hidden_conditions,3.5,224-canvas-pixels,4.0,25,0.16666666666666666,16.666666666666664,83.33333333333334,0.5833333333333334,58.333333333333336,-41.66666666666667,300,equal scenes; within each scene equal conditions and equal candidates; horizons reported separately
door,legacy_tworoom_multistep_panels_2026-09-30,agent,True,condition_mean_common_privileged,mean_across_hidden_conditions,7.0,224-canvas-pixels,8.0,5,0.3333333333333333,33.33333333333333,66.66666666666667,0.6666666666666666,66.66666666666666,-33.33333333333333,300,equal scenes; within each scene equal conditions and equal candidates; horizons reported separately
door,legacy_tworoom_multistep_panels_2026-09-30,agent,True,condition_mean_common_privileged,mean_across_hidden_conditions,7.0,224-canvas-pixels,8.0,10,0.16666666666666666,16.666666666666664,83.33333333333334,0.5833333333333334,58.333333333333336,-41.66666666666667,300,equal scenes; within each scene equal conditions and equal candidates; horizons reported separately
door,legacy_tworoom_multistep_panels_2026-09-30,agent,True,condition_mean_common_privileged,mean_across_hidden_conditions,7.0,224-canvas-pixels,8.0,15,0.16666666666666666,16.666666666666664,83.33333333333334,0.5833333333333334,58.333333333333336,-41.66666666666667,300,equal scenes; within each scene equal conditions and equal candidates; horizons reported separately
door,legacy_tworoom_multistep_panels_2026-09-30,agent,True,condition_mean_common_privileged,mean_across_hidden_conditions,7.0,224-canvas-pixels,8.0,20,0.16666666666666666,16.666666666666664,83.33333333333334,0.5833333333333334,58.333333333333336,-41.66666666666667,300,equal scenes; within each scene equal conditions and equal candidates; horizons reported separately
door,legacy_tworoom_multistep_panels_2026-09-30,agent,True,condition_mean_common_privileged,mean_across_hidden_conditions,7.0,224-canvas-pixels,8.0,25,0.16666666666666666,16.666666666666664,83.33333333333334,0.5833333333333334,58.333333333333336,-41.66666666666667,300,equal scenes; within each scene equal conditions and equal candidates; horizons reported separately
door,legacy_tworoom_multistep_panels_2026-09-30,agent,True,condition_mean_common_privileged,mean_across_hidden_conditions,14.0,224-canvas-pixels,16.0,5,1.0,100.0,0.0,1.0,100.0,0.0,300,equal scenes; within each scene equal conditions and equal candidates; horizons reported separately
door,legacy_tworoom_multistep_panels_2026-09-30,agent,True,condition_mean_common_privileged,mean_across_hidden_conditions,14.0,224-canvas-pixels,16.0,10,0.5,50.0,50.0,0.75,75.0,-25.0,300,equal scenes; within each scene equal conditions and equal candidates; horizons reported separately
door,legacy_tworoom_multistep_panels_2026-09-30,agent,True,condition_mean_common_privileged,mean_across_hidden_conditions,14.0,224-canvas-pixels,16.0,15,0.3333333333333333,33.33333333333333,66.66666666666667,0.6666666666666666,66.66666666666666,-33.33333333333333,300,equal scenes; within each scene equal conditions and equal candidates; horizons reported separately
door,legacy_tworoom_multistep_panels_2026-09-30,agent,True,condition_mean_common_privileged,mean_across_hidden_conditions,14.0,224-canvas-pixels,16.0,20,0.3333333333333333,33.33333333333333,66.66666666666667,0.6666666666666666,66.66666666666666,-33.33333333333333,300,equal scenes; within each scene equal conditions and equal candidates; horizons reported separately
door,legacy_tworoom_multistep_panels_2026-09-30,agent,True,condition_mean_common_privileged,mean_across_hidden_conditions,14.0,224-canvas-pixels,16.0,25,0.3333333333333333,33.33333333333333,66.66666666666667,0.6666666666666666,66.66666666666666,-33.33333333333333,300,equal scenes; within each scene equal conditions and equal candidates; horizons reported separately
door,legacy_tworoom_multistep_panels_2026-09-30,agent,True,current_state_displacement_scale,0,0.875,224-canvas-pixels,1.0,5,0.4583333333333333,45.83333333333333,54.16666666666667,0.625,62.5,-16.666666666666668,300,equal scenes; within each scene equal conditions and equal candidates; horizons reported separately
door,legacy_tworoom_multistep_panels_2026-09-30,agent,True,current_state_displacement_scale,0,0.875,224-canvas-pixels,1.0,10,0.4583333333333333,45.83333333333333,54.16666666666667,0.5833333333333334,58.333333333333336,-12.500000000000005,300,equal scenes; within each scene equal conditions and equal candidates; horizons reported separately
door,legacy_tworoom_multistep_panels_2026-09-30,agent,True,current_state_displacement_scale,0,0.875,224-canvas-pixels,1.0,15,0.4583333333333333,45.83333333333333,54.16666666666667,0.5833333333333334,58.333333333333336,-12.500000000000005,300,equal scenes; within each scene equal conditions and equal candidates; horizons reported separately
door,legacy_tworoom_multistep_panels_2026-09-30,agent,True,current_state_displacement_scale,0,0.875,224-canvas-pixels,1.0,20,0.4583333333333333,45.83333333333333,54.16666666666667,0.5833333333333334,58.333333333333336,-12.500000000000005,300,equal scenes; within each scene equal conditions and equal candidates; horizons reported separately
door,legacy_tworoom_multistep_panels_2026-09-30,agent,True,current_state_displacement_scale,0,0.875,224-canvas-pixels,1.0,25,0.4583333333333333,45.83333333333333,54.16666666666667,0.5833333333333334,58.333333333333336,-12.500000000000005,300,equal scenes; within each scene equal conditions and equal candidates; horizons reported separately
door,legacy_tworoom_multistep_panels_2026-09-30,agent,True,current_state_displacement_scale,0,1.75,224-canvas-pixels,2.0,5,0.4583333333333333,45.83333333333333,54.16666666666667,0.625,62.5,-16.666666666666668,300,equal scenes; within each scene equal conditions and equal candidates; horizons reported separately
door,legacy_tworoom_multistep_panels_2026-09-30,agent,True,current_state_displacement_scale,0,1.75,224-canvas-pixels,2.0,10,0.4583333333333333,45.83333333333333,54.16666666666667,0.5833333333333334,58.333333333333336,-12.500000000000005,300,equal scenes; within each scene equal conditions and equal candidates; horizons reported separately
door,legacy_tworoom_multistep_panels_2026-09-30,agent,True,current_state_displacement_scale,0,1.75,224-canvas-pixels,2.0,15,0.4583333333333333,45.83333333333333,54.16666666666667,0.5833333333333334,58.333333333333336,-12.500000000000005,300,equal scenes; within each scene equal conditions and equal candidates; horizons reported separately
door,legacy_tworoom_multistep_panels_2026-09-30,agent,True,current_state_displacement_scale,0,1.75,224-canvas-pixels,2.0,20,0.4583333333333333,45.83333333333333,54.16666666666667,0.5833333333333334,58.333333333333336,-12.500000000000005,300,equal scenes; within each scene equal conditions and equal candidates; horizons reported separately
door,legacy_tworoom_multistep_panels_2026-09-30,agent,True,current_state_displacement_scale,0,1.75,224-canvas-pixels,2.0,25,0.4583333333333333,45.83333333333333,54.16666666666667,0.5833333333333334,58.333333333333336,-12.500000000000005,300,equal scenes; within each scene equal conditions and equal candidates; horizons reported separately
door,legacy_tworoom_multistep_panels_2026-09-30,agent,True,current_state_displacement_scale,0,3.5,224-canvas-pixels,4.0,5,0.4583333333333333,45.83333333333333,54.16666666666667,0.625,62.5,-16.666666666666668,300,equal scenes; within each scene equal conditions and equal candidates; horizons reported separately
door,legacy_tworoom_multistep_panels_2026-09-30,agent,True,current_state_displacement_scale,0,3.5,224-canvas-pixels,4.0,10,0.4583333333333333,45.83333333333333,54.16666666666667,0.5833333333333334,58.333333333333336,-12.500000000000005,300,equal scenes; within each scene equal conditions and equal candidates; horizons reported separately
door,legacy_tworoom_multistep_panels_2026-09-30,agent,True,current_state_displacement_scale,0,3.5,224-canvas-pixels,4.0,15,0.4583333333333333,45.83333333333333,54.16666666666667,0.5833333333333334,58.333333333333336,-12.500000000000005,300,equal scenes; within each scene equal conditions and equal candidates; horizons reported separately
door,legacy_tworoom_multistep_panels_2026-09-30,agent,True,current_state_displacement_scale,0,3.5,224-canvas-pixels,4.0,20,0.4583333333333333,45.83333333333333,54.16666666666667,0.5833333333333334,58.333333333333336,-12.500000000000005,300,equal scenes; within each scene equal conditions and equal candidates; horizons reported separately
door,legacy_tworoom_multistep_panels_2026-09-30,agent,True,current_state_displacement_scale,0,3.5,224-canvas-pixels,4.0,25,0.4583333333333333,45.83333333333333,54.16666666666667,0.5833333333333334,58.333333333333336,-12.500000000000005,300,equal scenes; within each scene equal conditions and equal candidates; horizons reported separately
door,legacy_tworoom_multistep_panels_2026-09-30,agent,True,current_state_displacement_scale,0,7.0,224-canvas-pixels,8.0,5,0.4583333333333333,45.83333333333333,54.16666666666667,0.6666666666666666,66.66666666666666,-20.833333333333332,300,equal scenes; within each scene equal conditions and equal candidates; horizons reported separately
door,legacy_tworoom_multistep_panels_2026-09-30,agent,True,current_state_displacement_scale,0,7.0,224-canvas-pixels,8.0,10,0.4583333333333333,45.83333333333333,54.16666666666667,0.5833333333333334,58.333333333333336,-12.500000000000005,300,equal scenes; within each scene equal conditions and equal candidates; horizons reported separately
door,legacy_tworoom_multistep_panels_2026-09-30,agent,True,current_state_displacement_scale,0,7.0,224-canvas-pixels,8.0,15,0.4583333333333333,45.83333333333333,54.16666666666667,0.5833333333333334,58.333333333333336,-12.500000000000005,300,equal scenes; within each scene equal conditions and equal candidates; horizons reported separately
door,legacy_tworoom_multistep_panels_2026-09-30,agent,True,current_state_displacement_scale,0,7.0,224-canvas-pixels,8.0,20,0.4583333333333333,45.83333333333333,54.16666666666667,0.5833333333333334,58.333333333333336,-12.500000000000005,300,equal scenes; within each scene equal conditions and equal candidates; horizons reported separately
door,legacy_tworoom_multistep_panels_2026-09-30,agent,True,current_state_displacement_scale,0,7.0,224-canvas-pixels,8.0,25,0.4583333333333333,45.83333333333333,54.16666666666667,0.5833333333333334,58.333333333333336,-12.500000000000005,300,equal scenes; within each scene equal conditions and equal candidates; horizons reported separately
door,legacy_tworoom_multistep_panels_2026-09-30,agent,True,current_state_displacement_scale,0,14.0,224-canvas-pixels,16.0,5,0.5,50.0,50.0,1.0,100.0,-50.0,300,equal scenes; within each scene equal conditions and equal candidates; horizons reported separately
door,legacy_tworoom_multistep_panels_2026-09-30,agent,True,current_state_displacement_scale,0,14.0,224-canvas-pixels,16.0,10,0.4583333333333333,45.83333333333333,54.16666666666667,0.75,75.0,-29.166666666666668,300,equal scenes; within each scene equal conditions and equal candidates; horizons reported separately
door,legacy_tworoom_multistep_panels_2026-09-30,agent,True,current_state_displacement_scale,0,14.0,224-canvas-pixels,16.0,15,0.4583333333333333,45.83333333333333,54.16666666666667,0.6666666666666666,66.66666666666666,-20.833333333333332,300,equal scenes; within each scene equal conditions and equal candidates; horizons reported separately
door,legacy_tworoom_multistep_panels_2026-09-30,agent,True,current_state_displacement_scale,0,14.0,224-canvas-pixels,16.0,20,0.4583333333333333,45.83333333333333,54.16666666666667,0.6666666666666666,66.66666666666666,-20.833333333333332,300,equal scenes; within each scene equal conditions and equal candidates; horizons reported separately
door,legacy_tworoom_multistep_panels_2026-09-30,agent,True,current_state_displacement_scale,0,14.0,224-canvas-pixels,16.0,25,0.4583333333333333,45.83333333333333,54.16666666666667,0.6666666666666666,66.66666666666666,-20.833333333333332,300,equal scenes; within each scene equal conditions and equal candidates; horizons reported separately
door,legacy_tworoom_multistep_panels_2026-09-30,agent,True,current_state_displacement_scale,0.5,0.875,224-canvas-pixels,1.0,5,0.4583333333333333,45.83333333333333,54.16666666666667,0.625,62.5,-16.666666666666668,300,equal scenes; within each scene equal conditions and equal candidates; horizons reported separately
door,legacy_tworoom_multistep_panels_2026-09-30,agent,True,current_state_displacement_scale,0.5,0.875,224-canvas-pixels,1.0,10,0.4583333333333333,45.83333333333333,54.16666666666667,0.5833333333333334,58.333333333333336,-12.500000000000005,300,equal scenes; within each scene equal conditions and equal candidates; horizons reported separately
door,legacy_tworoom_multistep_panels_2026-09-30,agent,True,current_state_displacement_scale,0.5,0.875,224-canvas-pixels,1.0,15,0.4583333333333333,45.83333333333333,54.16666666666667,0.5833333333333334,58.333333333333336,-12.500000000000005,300,equal scenes; within each scene equal conditions and equal candidates; horizons reported separately
door,legacy_tworoom_multistep_panels_2026-09-30,agent,True,current_state_displacement_scale,0.5,0.875,224-canvas-pixels,1.0,20,0.4583333333333333,45.83333333333333,54.16666666666667,0.5833333333333334,58.333333333333336,-12.500000000000005,300,equal scenes; within each scene equal conditions and equal candidates; horizons reported separately
door,legacy_tworoom_multistep_panels_2026-09-30,agent,True,current_state_displacement_scale,0.5,0.875,224-canvas-pixels,1.0,25,0.4583333333333333,45.83333333333333,54.16666666666667,0.5833333333333334,58.333333333333336,-12.500000000000005,300,equal scenes; within each scene equal conditions and equal candidates; horizons reported separately
door,legacy_tworoom_multistep_panels_2026-09-30,agent,True,current_state_displacement_scale,0.5,1.75,224-canvas-pixels,2.0,5,0.4583333333333333,45.83333333333333,54.16666666666667,0.625,62.5,-16.666666666666668,300,equal scenes; within each scene equal conditions and equal candidates; horizons reported separately
door,legacy_tworoom_multistep_panels_2026-09-30,agent,True,current_state_displacement_scale,0.5,1.75,224-canvas-pixels,2.0,10,0.4583333333333333,45.83333333333333,54.16666666666667,0.5833333333333334,58.333333333333336,-12.500000000000005,300,equal scenes; within each scene equal conditions and equal candidates; horizons reported separately
door,legacy_tworoom_multistep_panels_2026-09-30,agent,True,current_state_displacement_scale,0.5,1.75,224-canvas-pixels,2.0,15,0.4583333333333333,45.83333333333333,54.16666666666667,0.5833333333333334,58.333333333333336,-12.500000000000005,300,equal scenes; within each scene equal conditions and equal candidates; horizons reported separately
door,legacy_tworoom_multistep_panels_2026-09-30,agent,True,current_state_displacement_scale,0.5,1.75,224-canvas-pixels,2.0,20,0.4583333333333333,45.83333333333333,54.16666666666667,0.5833333333333334,58.333333333333336,-12.500000000000005,300,equal scenes; within each scene equal conditions and equal candidates; horizons reported separately
door,legacy_tworoom_multistep_panels_2026-09-30,agent,True,current_state_displacement_scale,0.5,1.75,224-canvas-pixels,2.0,25,0.4583333333333333,45.83333333333333,54.16666666666667,0.5833333333333334,58.333333333333336,-12.500000000000005,300,equal scenes; within each scene equal conditions and equal candidates; horizons reported separately
door,legacy_tworoom_multistep_panels_2026-09-30,agent,True,current_state_displacement_scale,0.5,3.5,224-canvas-pixels,4.0,5,0.4583333333333333,45.83333333333333,54.16666666666667,0.625,62.5,-16.666666666666668,300,equal scenes; within each scene equal conditions and equal candidates; horizons reported separately
door,legacy_tworoom_multistep_panels_2026-09-30,agent,True,current_state_displacement_scale,0.5,3.5,224-canvas-pixels,4.0,10,0.4583333333333333,45.83333333333333,54.16666666666667,0.5833333333333334,58.333333333333336,-12.500000000000005,300,equal scenes; within each scene equal conditions and equal candidates; horizons reported separately
door,legacy_tworoom_multistep_panels_2026-09-30,agent,True,current_state_displacement_scale,0.5,3.5,224-canvas-pixels,4.0,15,0.4583333333333333,45.83333333333333,54.16666666666667,0.5833333333333334,58.333333333333336,-12.500000000000005,300,equal scenes; within each scene equal conditions and equal candidates; horizons reported separately
door,legacy_tworoom_multistep_panels_2026-09-30,agent,True,current_state_displacement_scale,0.5,3.5,224-canvas-pixels,4.0,20,0.4583333333333333,45.83333333333333,54.16666666666667,0.5833333333333334,58.333333333333336,-12.500000000000005,300,equal scenes; within each scene equal conditions and equal candidates; horizons reported separately
door,legacy_tworoom_multistep_panels_2026-09-30,agent,True,current_state_displacement_scale,0.5,3.5,224-canvas-pixels,4.0,25,0.4583333333333333,45.83333333333333,54.16666666666667,0.5833333333333334,58.333333333333336,-12.500000000000005,300,equal scenes; within each scene equal conditions and equal candidates; horizons reported separately
door,legacy_tworoom_multistep_panels_2026-09-30,agent,True,current_state_displacement_scale,0.5,7.0,224-canvas-pixels,8.0,5,0.5,50.0,50.0,0.6666666666666666,66.66666666666666,-16.666666666666664,300,equal scenes; within each scene equal conditions and equal candidates; horizons reported separately
door,legacy_tworoom_multistep_panels_2026-09-30,agent,True,current_state_displacement_scale,0.5,7.0,224-canvas-pixels,8.0,10,0.4583333333333333,45.83333333333333,54.16666666666667,0.5833333333333334,58.333333333333336,-12.500000000000005,300,equal scenes; within each scene equal conditions and equal candidates; horizons reported separately
door,legacy_tworoom_multistep_panels_2026-09-30,agent,True,current_state_displacement_scale,0.5,7.0,224-canvas-pixels,8.0,15,0.4583333333333333,45.83333333333333,54.16666666666667,0.5833333333333334,58.333333333333336,-12.500000000000005,300,equal scenes; within each scene equal conditions and equal candidates; horizons reported separately
door,legacy_tworoom_multistep_panels_2026-09-30,agent,True,current_state_displacement_scale,0.5,7.0,224-canvas-pixels,8.0,20,0.4583333333333333,45.83333333333333,54.16666666666667,0.5833333333333334,58.333333333333336,-12.500000000000005,300,equal scenes; within each scene equal conditions and equal candidates; horizons reported separately
door,legacy_tworoom_multistep_panels_2026-09-30,agent,True,current_state_displacement_scale,0.5,7.0,224-canvas-pixels,8.0,25,0.4583333333333333,45.83333333333333,54.16666666666667,0.5833333333333334,58.333333333333336,-12.500000000000005,300,equal scenes; within each scene equal conditions and equal candidates; horizons reported separately
door,legacy_tworoom_multistep_panels_2026-09-30,agent,True,current_state_displacement_scale,0.5,14.0,224-canvas-pixels,16.0,5,1.0,100.0,0.0,1.0,100.0,0.0,300,equal scenes; within each scene equal conditions and equal candidates; horizons reported separately
door,legacy_tworoom_multistep_panels_2026-09-30,agent,True,current_state_displacement_scale,0.5,14.0,224-canvas-pixels,16.0,10,0.625,62.5,37.5,0.75,75.0,-12.5,300,equal scenes; within each scene equal conditions and equal candidates; horizons reported separately
door,legacy_tworoom_multistep_panels_2026-09-30,agent,True,current_state_displacement_scale,0.5,14.0,224-canvas-pixels,16.0,15,0.5833333333333334,58.333333333333336,41.666666666666664,0.6666666666666666,66.66666666666666,-8.333333333333325,300,equal scenes; within each scene equal conditions and equal candidates; horizons reported separately
door,legacy_tworoom_multistep_panels_2026-09-30,agent,True,current_state_displacement_scale,0.5,14.0,224-canvas-pixels,16.0,20,0.5833333333333334,58.333333333333336,41.666666666666664,0.6666666666666666,66.66666666666666,-8.333333333333325,300,equal scenes; within each scene equal conditions and equal candidates; horizons reported separately
door,legacy_tworoom_multistep_panels_2026-09-30,agent,True,current_state_displacement_scale,0.5,14.0,224-canvas-pixels,16.0,25,0.5833333333333334,58.333333333333336,41.666666666666664,0.6666666666666666,66.66666666666666,-8.333333333333325,300,equal scenes; within each scene equal conditions and equal candidates; horizons reported separately
door,legacy_tworoom_multistep_panels_2026-09-30,agent,True,current_state_displacement_scale,1,0.875,224-canvas-pixels,1.0,5,1.0,100.0,0.0,0.625,62.5,37.5,300,equal scenes; within each scene equal conditions and equal candidates; horizons reported separately
door,legacy_tworoom_multistep_panels_2026-09-30,agent,True,current_state_displacement_scale,1,0.875,224-canvas-pixels,1.0,10,1.0,100.0,0.0,0.5833333333333334,58.333333333333336,41.666666666666664,300,equal scenes; within each scene equal conditions and equal candidates; horizons reported separately
door,legacy_tworoom_multistep_panels_2026-09-30,agent,True,current_state_displacement_scale,1,0.875,224-canvas-pixels,1.0,15,1.0,100.0,0.0,0.5833333333333334,58.333333333333336,41.666666666666664,300,equal scenes; within each scene equal conditions and equal candidates; horizons reported separately
door,legacy_tworoom_multistep_panels_2026-09-30,agent,True,current_state_displacement_scale,1,0.875,224-canvas-pixels,1.0,20,1.0,100.0,0.0,0.5833333333333334,58.333333333333336,41.666666666666664,300,equal scenes; within each scene equal conditions and equal candidates; horizons reported separately
door,legacy_tworoom_multistep_panels_2026-09-30,agent,True,current_state_displacement_scale,1,0.875,224-canvas-pixels,1.0,25,1.0,100.0,0.0,0.5833333333333334,58.333333333333336,41.666666666666664,300,equal scenes; within each scene equal conditions and equal candidates; horizons reported separately
door,legacy_tworoom_multistep_panels_2026-09-30,agent,True,current_state_displacement_scale,1,1.75,224-canvas-pixels,2.0,5,1.0,100.0,0.0,0.625,62.5,37.5,300,equal scenes; within each scene equal conditions and equal candidates; horizons reported separately
door,legacy_tworoom_multistep_panels_2026-09-30,agent,True,current_state_displacement_scale,1,1.75,224-canvas-pixels,2.0,10,1.0,100.0,0.0,0.5833333333333334,58.333333333333336,41.666666666666664,300,equal scenes; within each scene equal conditions and equal candidates; horizons reported separately
door,legacy_tworoom_multistep_panels_2026-09-30,agent,True,current_state_displacement_scale,1,1.75,224-canvas-pixels,2.0,15,1.0,100.0,0.0,0.5833333333333334,58.333333333333336,41.666666666666664,300,equal scenes; within each scene equal conditions and equal candidates; horizons reported separately
door,legacy_tworoom_multistep_panels_2026-09-30,agent,True,current_state_displacement_scale,1,1.75,224-canvas-pixels,2.0,20,1.0,100.0,0.0,0.5833333333333334,58.333333333333336,41.666666666666664,300,equal scenes; within each scene equal conditions and equal candidates; horizons reported separately
door,legacy_tworoom_multistep_panels_2026-09-30,agent,True,current_state_displacement_scale,1,1.75,224-canvas-pixels,2.0,25,1.0,100.0,0.0,0.5833333333333334,58.333333333333336,41.666666666666664,300,equal scenes; within each scene equal conditions and equal candidates; horizons reported separately
door,legacy_tworoom_multistep_panels_2026-09-30,agent,True,current_state_displacement_scale,1,3.5,224-canvas-pixels,4.0,5,1.0,100.0,0.0,0.625,62.5,37.5,300,equal scenes; within each scene equal conditions and equal candidates; horizons reported separately
door,legacy_tworoom_multistep_panels_2026-09-30,agent,True,current_state_displacement_scale,1,3.5,224-canvas-pixels,4.0,10,1.0,100.0,0.0,0.5833333333333334,58.333333333333336,41.666666666666664,300,equal scenes; within each scene equal conditions and equal candidates; horizons reported separately
door,legacy_tworoom_multistep_panels_2026-09-30,agent,True,current_state_displacement_scale,1,3.5,224-canvas-pixels,4.0,15,1.0,100.0,0.0,0.5833333333333334,58.333333333333336,41.666666666666664,300,equal scenes; within each scene equal conditions and equal candidates; horizons reported separately
door,legacy_tworoom_multistep_panels_2026-09-30,agent,True,current_state_displacement_scale,1,3.5,224-canvas-pixels,4.0,20,1.0,100.0,0.0,0.5833333333333334,58.333333333333336,41.666666666666664,300,equal scenes; within each scene equal conditions and equal candidates; horizons reported separately
door,legacy_tworoom_multistep_panels_2026-09-30,agent,True,current_state_displacement_scale,1,3.5,224-canvas-pixels,4.0,25,1.0,100.0,0.0,0.5833333333333334,58.333333333333336,41.666666666666664,300,equal scenes; within each scene equal conditions and equal candidates; horizons reported separately
door,legacy_tworoom_multistep_panels_2026-09-30,agent,True,current_state_displacement_scale,1,7.0,224-canvas-pixels,8.0,5,1.0,100.0,0.0,0.6666666666666666,66.66666666666666,33.333333333333336,300,equal scenes; within each scene equal conditions and equal candidates; horizons reported separately
door,legacy_tworoom_multistep_panels_2026-09-30,agent,True,current_state_displacement_scale,1,7.0,224-canvas-pixels,8.0,10,1.0,100.0,0.0,0.5833333333333334,58.333333333333336,41.666666666666664,300,equal scenes; within each scene equal conditions and equal candidates; horizons reported separately
door,legacy_tworoom_multistep_panels_2026-09-30,agent,True,current_state_displacement_scale,1,7.0,224-canvas-pixels,8.0,15,1.0,100.0,0.0,0.5833333333333334,58.333333333333336,41.666666666666664,300,equal scenes; within each scene equal conditions and equal candidates; horizons reported separately
door,legacy_tworoom_multistep_panels_2026-09-30,agent,True,current_state_displacement_scale,1,7.0,224-canvas-pixels,8.0,20,1.0,100.0,0.0,0.5833333333333334,58.333333333333336,41.666666666666664,300,equal scenes; within each scene equal conditions and equal candidates; horizons reported separately
door,legacy_tworoom_multistep_panels_2026-09-30,agent,True,current_state_displacement_scale,1,7.0,224-canvas-pixels,8.0,25,1.0,100.0,0.0,0.5833333333333334,58.333333333333336,41.666666666666664,300,equal scenes; within each scene equal conditions and equal candidates; horizons reported separately
door,legacy_tworoom_multistep_panels_2026-09-30,agent,True,current_state_displacement_scale,1,14.0,224-canvas-pixels,16.0,5,1.0,100.0,0.0,1.0,100.0,0.0,300,equal scenes; within each scene equal conditions and equal candidates; horizons reported separately
door,legacy_tworoom_multistep_panels_2026-09-30,agent,True,current_state_displacement_scale,1,14.0,224-canvas-pixels,16.0,10,1.0,100.0,0.0,0.75,75.0,25.0,300,equal scenes; within each scene equal conditions and equal candidates; horizons reported separately
door,legacy_tworoom_multistep_panels_2026-09-30,agent,True,current_state_displacement_scale,1,14.0,224-canvas-pixels,16.0,15,1.0,100.0,0.0,0.6666666666666666,66.66666666666666,33.333333333333336,300,equal scenes; within each scene equal conditions and equal candidates; horizons reported separately
door,legacy_tworoom_multistep_panels_2026-09-30,agent,True,current_state_displacement_scale,1,14.0,224-canvas-pixels,16.0,20,1.0,100.0,0.0,0.6666666666666666,66.66666666666666,33.333333333333336,300,equal scenes; within each scene equal conditions and equal candidates; horizons reported separately
door,legacy_tworoom_multistep_panels_2026-09-30,agent,True,current_state_displacement_scale,1,14.0,224-canvas-pixels,16.0,25,1.0,100.0,0.0,0.6666666666666666,66.66666666666666,33.333333333333336,300,equal scenes; within each scene equal conditions and equal candidates; horizons reported separately
door,legacy_tworoom_multistep_panels_2026-09-30,agent,True,current_state_displacement_scale,1.5,0.875,224-canvas-pixels,1.0,5,0.4583333333333333,45.83333333333333,54.16666666666667,0.625,62.5,-16.666666666666668,300,equal scenes; within each scene equal conditions and equal candidates; horizons reported separately
door,legacy_tworoom_multistep_panels_2026-09-30,agent,True,current_state_displacement_scale,1.5,0.875,224-canvas-pixels,1.0,10,0.4583333333333333,45.83333333333333,54.16666666666667,0.5833333333333334,58.333333333333336,-12.500000000000005,300,equal scenes; within each scene equal conditions and equal candidates; horizons reported separately
door,legacy_tworoom_multistep_panels_2026-09-30,agent,True,current_state_displacement_scale,1.5,0.875,224-canvas-pixels,1.0,15,0.4583333333333333,45.83333333333333,54.16666666666667,0.5833333333333334,58.333333333333336,-12.500000000000005,300,equal scenes; within each scene equal conditions and equal candidates; horizons reported separately
door,legacy_tworoom_multistep_panels_2026-09-30,agent,True,current_state_displacement_scale,1.5,0.875,224-canvas-pixels,1.0,20,0.4583333333333333,45.83333333333333,54.16666666666667,0.5833333333333334,58.333333333333336,-12.500000000000005,300,equal scenes; within each scene equal conditions and equal candidates; horizons reported separately
door,legacy_tworoom_multistep_panels_2026-09-30,agent,True,current_state_displacement_scale,1.5,0.875,224-canvas-pixels,1.0,25,0.4583333333333333,45.83333333333333,54.16666666666667,0.5833333333333334,58.333333333333336,-12.500000000000005,300,equal scenes; within each scene equal conditions and equal candidates; horizons reported separately
door,legacy_tworoom_multistep_panels_2026-09-30,agent,True,current_state_displacement_scale,1.5,1.75,224-canvas-pixels,2.0,5,0.4583333333333333,45.83333333333333,54.16666666666667,0.625,62.5,-16.666666666666668,300,equal scenes; within each scene equal conditions and equal candidates; horizons reported separately
door,legacy_tworoom_multistep_panels_2026-09-30,agent,True,current_state_displacement_scale,1.5,1.75,224-canvas-pixels,2.0,10,0.4583333333333333,45.83333333333333,54.16666666666667,0.5833333333333334,58.333333333333336,-12.500000000000005,300,equal scenes; within each scene equal conditions and equal candidates; horizons reported separately
door,legacy_tworoom_multistep_panels_2026-09-30,agent,True,current_state_displacement_scale,1.5,1.75,224-canvas-pixels,2.0,15,0.4583333333333333,45.83333333333333,54.16666666666667,0.5833333333333334,58.333333333333336,-12.500000000000005,300,equal scenes; within each scene equal conditions and equal candidates; horizons reported separately
door,legacy_tworoom_multistep_panels_2026-09-30,agent,True,current_state_displacement_scale,1.5,1.75,224-canvas-pixels,2.0,20,0.4583333333333333,45.83333333333333,54.16666666666667,0.5833333333333334,58.333333333333336,-12.500000000000005,300,equal scenes; within each scene equal conditions and equal candidates; horizons reported separately
door,legacy_tworoom_multistep_panels_2026-09-30,agent,True,current_state_displacement_scale,1.5,1.75,224-canvas-pixels,2.0,25,0.4583333333333333,45.83333333333333,54.16666666666667,0.5833333333333334,58.333333333333336,-12.500000000000005,300,equal scenes; within each scene equal conditions and equal candidates; horizons reported separately
door,legacy_tworoom_multistep_panels_2026-09-30,agent,True,current_state_displacement_scale,1.5,3.5,224-canvas-pixels,4.0,5,0.4583333333333333,45.83333333333333,54.16666666666667,0.625,62.5,-16.666666666666668,300,equal scenes; within each scene equal conditions and equal candidates; horizons reported separately
door,legacy_tworoom_multistep_panels_2026-09-30,agent,True,current_state_displacement_scale,1.5,3.5,224-canvas-pixels,4.0,10,0.4583333333333333,45.83333333333333,54.16666666666667,0.5833333333333334,58.333333333333336,-12.500000000000005,300,equal scenes; within each scene equal conditions and equal candidates; horizons reported separately
door,legacy_tworoom_multistep_panels_2026-09-30,agent,True,current_state_displacement_scale,1.5,3.5,224-canvas-pixels,4.0,15,0.4583333333333333,45.83333333333333,54.16666666666667,0.5833333333333334,58.333333333333336,-12.500000000000005,300,equal scenes; within each scene equal conditions and equal candidates; horizons reported separately
door,legacy_tworoom_multistep_panels_2026-09-30,agent,True,current_state_displacement_scale,1.5,3.5,224-canvas-pixels,4.0,20,0.4583333333333333,45.83333333333333,54.16666666666667,0.5833333333333334,58.333333333333336,-12.500000000000005,300,equal scenes; within each scene equal conditions and equal candidates; horizons reported separately
door,legacy_tworoom_multistep_panels_2026-09-30,agent,True,current_state_displacement_scale,1.5,3.5,224-canvas-pixels,4.0,25,0.4583333333333333,45.83333333333333,54.16666666666667,0.5833333333333334,58.333333333333336,-12.500000000000005,300,equal scenes; within each scene equal conditions and equal candidates; horizons reported separately
door,legacy_tworoom_multistep_panels_2026-09-30,agent,True,current_state_displacement_scale,1.5,7.0,224-canvas-pixels,8.0,5,0.5,50.0,50.0,0.6666666666666666,66.66666666666666,-16.666666666666664,300,equal scenes; within each scene equal conditions and equal candidates; horizons reported separately
door,legacy_tworoom_multistep_panels_2026-09-30,agent,True,current_state_displacement_scale,1.5,7.0,224-canvas-pixels,8.0,10,0.4583333333333333,45.83333333333333,54.16666666666667,0.5833333333333334,58.333333333333336,-12.500000000000005,300,equal scenes; within each scene equal conditions and equal candidates; horizons reported separately
door,legacy_tworoom_multistep_panels_2026-09-30,agent,True,current_state_displacement_scale,1.5,7.0,224-canvas-pixels,8.0,15,0.4583333333333333,45.83333333333333,54.16666666666667,0.5833333333333334,58.333333333333336,-12.500000000000005,300,equal scenes; within each scene equal conditions and equal candidates; horizons reported separately
door,legacy_tworoom_multistep_panels_2026-09-30,agent,True,current_state_displacement_scale,1.5,7.0,224-canvas-pixels,8.0,20,0.4583333333333333,45.83333333333333,54.16666666666667,0.5833333333333334,58.333333333333336,-12.500000000000005,300,equal scenes; within each scene equal conditions and equal candidates; horizons reported separately
door,legacy_tworoom_multistep_panels_2026-09-30,agent,True,current_state_displacement_scale,1.5,7.0,224-canvas-pixels,8.0,25,0.4583333333333333,45.83333333333333,54.16666666666667,0.5833333333333334,58.333333333333336,-12.500000000000005,300,equal scenes; within each scene equal conditions and equal candidates; horizons reported separately
door,legacy_tworoom_multistep_panels_2026-09-30,agent,True,current_state_displacement_scale,1.5,14.0,224-canvas-pixels,16.0,5,1.0,100.0,0.0,1.0,100.0,0.0,300,equal scenes; within each scene equal conditions and equal candidates; horizons reported separately
door,legacy_tworoom_multistep_panels_2026-09-30,agent,True,current_state_displacement_scale,1.5,14.0,224-canvas-pixels,16.0,10,0.625,62.5,37.5,0.75,75.0,-12.5,300,equal scenes; within each scene equal conditions and equal candidates; horizons reported separately
door,legacy_tworoom_multistep_panels_2026-09-30,agent,True,current_state_displacement_scale,1.5,14.0,224-canvas-pixels,16.0,15,0.5833333333333334,58.333333333333336,41.666666666666664,0.6666666666666666,66.66666666666666,-8.333333333333325,300,equal scenes; within each scene equal conditions and equal candidates; horizons reported separately
door,legacy_tworoom_multistep_panels_2026-09-30,agent,True,current_state_displacement_scale,1.5,14.0,224-canvas-pixels,16.0,20,0.5833333333333334,58.333333333333336,41.666666666666664,0.6666666666666666,66.66666666666666,-8.333333333333325,300,equal scenes; within each scene equal conditions and equal candidates; horizons reported separately
door,legacy_tworoom_multistep_panels_2026-09-30,agent,True,current_state_displacement_scale,1.5,14.0,224-canvas-pixels,16.0,25,0.5833333333333334,58.333333333333336,41.666666666666664,0.6666666666666666,66.66666666666666,-8.333333333333325,300,equal scenes; within each scene equal conditions and equal candidates; horizons reported separately
door,legacy_tworoom_multistep_panels_2026-09-30,agent,True,current_state_displacement_scale,2,0.875,224-canvas-pixels,1.0,5,0.4583333333333333,45.83333333333333,54.16666666666667,0.625,62.5,-16.666666666666668,300,equal scenes; within each scene equal conditions and equal candidates; horizons reported separately
door,legacy_tworoom_multistep_panels_2026-09-30,agent,True,current_state_displacement_scale,2,0.875,224-canvas-pixels,1.0,10,0.4583333333333333,45.83333333333333,54.16666666666667,0.5833333333333334,58.333333333333336,-12.500000000000005,300,equal scenes; within each scene equal conditions and equal candidates; horizons reported separately
door,legacy_tworoom_multistep_panels_2026-09-30,agent,True,current_state_displacement_scale,2,0.875,224-canvas-pixels,1.0,15,0.4583333333333333,45.83333333333333,54.16666666666667,0.5833333333333334,58.333333333333336,-12.500000000000005,300,equal scenes; within each scene equal conditions and equal candidates; horizons reported separately
door,legacy_tworoom_multistep_panels_2026-09-30,agent,True,current_state_displacement_scale,2,0.875,224-canvas-pixels,1.0,20,0.4583333333333333,45.83333333333333,54.16666666666667,0.5833333333333334,58.333333333333336,-12.500000000000005,300,equal scenes; within each scene equal conditions and equal candidates; horizons reported separately
door,legacy_tworoom_multistep_panels_2026-09-30,agent,True,current_state_displacement_scale,2,0.875,224-canvas-pixels,1.0,25,0.4583333333333333,45.83333333333333,54.16666666666667,0.5833333333333334,58.333333333333336,-12.500000000000005,300,equal scenes; within each scene equal conditions and equal candidates; horizons reported separately
door,legacy_tworoom_multistep_panels_2026-09-30,agent,True,current_state_displacement_scale,2,1.75,224-canvas-pixels,2.0,5,0.4583333333333333,45.83333333333333,54.16666666666667,0.625,62.5,-16.666666666666668,300,equal scenes; within each scene equal conditions and equal candidates; horizons reported separately
door,legacy_tworoom_multistep_panels_2026-09-30,agent,True,current_state_displacement_scale,2,1.75,224-canvas-pixels,2.0,10,0.4583333333333333,45.83333333333333,54.16666666666667,0.5833333333333334,58.333333333333336,-12.500000000000005,300,equal scenes; within each scene equal conditions and equal candidates; horizons reported separately
door,legacy_tworoom_multistep_panels_2026-09-30,agent,True,current_state_displacement_scale,2,1.75,224-canvas-pixels,2.0,15,0.4583333333333333,45.83333333333333,54.16666666666667,0.5833333333333334,58.333333333333336,-12.500000000000005,300,equal scenes; within each scene equal conditions and equal candidates; horizons reported separately
door,legacy_tworoom_multistep_panels_2026-09-30,agent,True,current_state_displacement_scale,2,1.75,224-canvas-pixels,2.0,20,0.4583333333333333,45.83333333333333,54.16666666666667,0.5833333333333334,58.333333333333336,-12.500000000000005,300,equal scenes; within each scene equal conditions and equal candidates; horizons reported separately
door,legacy_tworoom_multistep_panels_2026-09-30,agent,True,current_state_displacement_scale,2,1.75,224-canvas-pixels,2.0,25,0.4583333333333333,45.83333333333333,54.16666666666667,0.5833333333333334,58.333333333333336,-12.500000000000005,300,equal scenes; within each scene equal conditions and equal candidates; horizons reported separately
door,legacy_tworoom_multistep_panels_2026-09-30,agent,True,current_state_displacement_scale,2,3.5,224-canvas-pixels,4.0,5,0.4583333333333333,45.83333333333333,54.16666666666667,0.625,62.5,-16.666666666666668,300,equal scenes; within each scene equal conditions and equal candidates; horizons reported separately
door,legacy_tworoom_multistep_panels_2026-09-30,agent,True,current_state_displacement_scale,2,3.5,224-canvas-pixels,4.0,10,0.4583333333333333,45.83333333333333,54.16666666666667,0.5833333333333334,58.333333333333336,-12.500000000000005,300,equal scenes; within each scene equal conditions and equal candidates; horizons reported separately
door,legacy_tworoom_multistep_panels_2026-09-30,agent,True,current_state_displacement_scale,2,3.5,224-canvas-pixels,4.0,15,0.4583333333333333,45.83333333333333,54.16666666666667,0.5833333333333334,58.333333333333336,-12.500000000000005,300,equal scenes; within each scene equal conditions and equal candidates; horizons reported separately
door,legacy_tworoom_multistep_panels_2026-09-30,agent,True,current_state_displacement_scale,2,3.5,224-canvas-pixels,4.0,20,0.4583333333333333,45.83333333333333,54.16666666666667,0.5833333333333334,58.333333333333336,-12.500000000000005,300,equal scenes; within each scene equal conditions and equal candidates; horizons reported separately
door,legacy_tworoom_multistep_panels_2026-09-30,agent,True,current_state_displacement_scale,2,3.5,224-canvas-pixels,4.0,25,0.4583333333333333,45.83333333333333,54.16666666666667,0.5833333333333334,58.333333333333336,-12.500000000000005,300,equal scenes; within each scene equal conditions and equal candidates; horizons reported separately
door,legacy_tworoom_multistep_panels_2026-09-30,agent,True,current_state_displacement_scale,2,7.0,224-canvas-pixels,8.0,5,0.4583333333333333,45.83333333333333,54.16666666666667,0.6666666666666666,66.66666666666666,-20.833333333333332,300,equal scenes; within each scene equal conditions and equal candidates; horizons reported separately
door,legacy_tworoom_multistep_panels_2026-09-30,agent,True,current_state_displacement_scale,2,7.0,224-canvas-pixels,8.0,10,0.4583333333333333,45.83333333333333,54.16666666666667,0.5833333333333334,58.333333333333336,-12.500000000000005,300,equal scenes; within each scene equal conditions and equal candidates; horizons reported separately
door,legacy_tworoom_multistep_panels_2026-09-30,agent,True,current_state_displacement_scale,2,7.0,224-canvas-pixels,8.0,15,0.4583333333333333,45.83333333333333,54.16666666666667,0.5833333333333334,58.333333333333336,-12.500000000000005,300,equal scenes; within each scene equal conditions and equal candidates; horizons reported separately
door,legacy_tworoom_multistep_panels_2026-09-30,agent,True,current_state_displacement_scale,2,7.0,224-canvas-pixels,8.0,20,0.4583333333333333,45.83333333333333,54.16666666666667,0.5833333333333334,58.333333333333336,-12.500000000000005,300,equal scenes; within each scene equal conditions and equal candidates; horizons reported separately
door,legacy_tworoom_multistep_panels_2026-09-30,agent,True,current_state_displacement_scale,2,7.0,224-canvas-pixels,8.0,25,0.4583333333333333,45.83333333333333,54.16666666666667,0.5833333333333334,58.333333333333336,-12.500000000000005,300,equal scenes; within each scene equal conditions and equal candidates; horizons reported separately
door,legacy_tworoom_multistep_panels_2026-09-30,agent,True,current_state_displacement_scale,2,14.0,224-canvas-pixels,16.0,5,0.5,50.0,50.0,1.0,100.0,-50.0,300,equal scenes; within each scene equal conditions and equal candidates; horizons reported separately
door,legacy_tworoom_multistep_panels_2026-09-30,agent,True,current_state_displacement_scale,2,14.0,224-canvas-pixels,16.0,10,0.4583333333333333,45.83333333333333,54.16666666666667,0.75,75.0,-29.166666666666668,300,equal scenes; within each scene equal conditions and equal candidates; horizons reported separately
door,legacy_tworoom_multistep_panels_2026-09-30,agent,True,current_state_displacement_scale,2,14.0,224-canvas-pixels,16.0,15,0.4583333333333333,45.83333333333333,54.16666666666667,0.6666666666666666,66.66666666666666,-20.833333333333332,300,equal scenes; within each scene equal conditions and equal candidates; horizons reported separately
door,legacy_tworoom_multistep_panels_2026-09-30,agent,True,current_state_displacement_scale,2,14.0,224-canvas-pixels,16.0,20,0.4583333333333333,45.83333333333333,54.16666666666667,0.6666666666666666,66.66666666666666,-20.833333333333332,300,equal scenes; within each scene equal conditions and equal candidates; horizons reported separately
door,legacy_tworoom_multistep_panels_2026-09-30,agent,True,current_state_displacement_scale,2,14.0,224-canvas-pixels,16.0,25,0.4583333333333333,45.83333333333333,54.16666666666667,0.6666666666666666,66.66666666666666,-20.833333333333332,300,equal scenes; within each scene equal conditions and equal candidates; horizons reported separately
door,legacy_tworoom_multistep_panels_2026-09-30,agent,True,exact_truth,,0.875,224-canvas-pixels,1.0,5,1.0,100.0,0.0,0.625,62.5,37.5,300,equal scenes; within each scene equal conditions and equal candidates; horizons reported separately
door,legacy_tworoom_multistep_panels_2026-09-30,agent,True,exact_truth,,0.875,224-canvas-pixels,1.0,10,1.0,100.0,0.0,0.5833333333333334,58.333333333333336,41.666666666666664,300,equal scenes; within each scene equal conditions and equal candidates; horizons reported separately
door,legacy_tworoom_multistep_panels_2026-09-30,agent,True,exact_truth,,0.875,224-canvas-pixels,1.0,15,1.0,100.0,0.0,0.5833333333333334,58.333333333333336,41.666666666666664,300,equal scenes; within each scene equal conditions and equal candidates; horizons reported separately
door,legacy_tworoom_multistep_panels_2026-09-30,agent,True,exact_truth,,0.875,224-canvas-pixels,1.0,20,1.0,100.0,0.0,0.5833333333333334,58.333333333333336,41.666666666666664,300,equal scenes; within each scene equal conditions and equal candidates; horizons reported separately
door,legacy_tworoom_multistep_panels_2026-09-30,agent,True,exact_truth,,0.875,224-canvas-pixels,1.0,25,1.0,100.0,0.0,0.5833333333333334,58.333333333333336,41.666666666666664,300,equal scenes; within each scene equal conditions and equal candidates; horizons reported separately
door,legacy_tworoom_multistep_panels_2026-09-30,agent,True,exact_truth,,1.75,224-canvas-pixels,2.0,5,1.0,100.0,0.0,0.625,62.5,37.5,300,equal scenes; within each scene equal conditions and equal candidates; horizons reported separately
door,legacy_tworoom_multistep_panels_2026-09-30,agent,True,exact_truth,,1.75,224-canvas-pixels,2.0,10,1.0,100.0,0.0,0.5833333333333334,58.333333333333336,41.666666666666664,300,equal scenes; within each scene equal conditions and equal candidates; horizons reported separately
door,legacy_tworoom_multistep_panels_2026-09-30,agent,True,exact_truth,,1.75,224-canvas-pixels,2.0,15,1.0,100.0,0.0,0.5833333333333334,58.333333333333336,41.666666666666664,300,equal scenes; within each scene equal conditions and equal candidates; horizons reported separately
door,legacy_tworoom_multistep_panels_2026-09-30,agent,True,exact_truth,,1.75,224-canvas-pixels,2.0,20,1.0,100.0,0.0,0.5833333333333334,58.333333333333336,41.666666666666664,300,equal scenes; within each scene equal conditions and equal candidates; horizons reported separately
door,legacy_tworoom_multistep_panels_2026-09-30,agent,True,exact_truth,,1.75,224-canvas-pixels,2.0,25,1.0,100.0,0.0,0.5833333333333334,58.333333333333336,41.666666666666664,300,equal scenes; within each scene equal conditions and equal candidates; horizons reported separately
door,legacy_tworoom_multistep_panels_2026-09-30,agent,True,exact_truth,,3.5,224-canvas-pixels,4.0,5,1.0,100.0,0.0,0.625,62.5,37.5,300,equal scenes; within each scene equal conditions and equal candidates; horizons reported separately
door,legacy_tworoom_multistep_panels_2026-09-30,agent,True,exact_truth,,3.5,224-canvas-pixels,4.0,10,1.0,100.0,0.0,0.5833333333333334,58.333333333333336,41.666666666666664,300,equal scenes; within each scene equal conditions and equal candidates; horizons reported separately
door,legacy_tworoom_multistep_panels_2026-09-30,agent,True,exact_truth,,3.5,224-canvas-pixels,4.0,15,1.0,100.0,0.0,0.5833333333333334,58.333333333333336,41.666666666666664,300,equal scenes; within each scene equal conditions and equal candidates; horizons reported separately
door,legacy_tworoom_multistep_panels_2026-09-30,agent,True,exact_truth,,3.5,224-canvas-pixels,4.0,20,1.0,100.0,0.0,0.5833333333333334,58.333333333333336,41.666666666666664,300,equal scenes; within each scene equal conditions and equal candidates; horizons reported separately
door,legacy_tworoom_multistep_panels_2026-09-30,agent,True,exact_truth,,3.5,224-canvas-pixels,4.0,25,1.0,100.0,0.0,0.5833333333333334,58.333333333333336,41.666666666666664,300,equal scenes; within each scene equal conditions and equal candidates; horizons reported separately
door,legacy_tworoom_multistep_panels_2026-09-30,agent,True,exact_truth,,7.0,224-canvas-pixels,8.0,5,1.0,100.0,0.0,0.6666666666666666,66.66666666666666,33.333333333333336,300,equal scenes; within each scene equal conditions and equal candidates; horizons reported separately
door,legacy_tworoom_multistep_panels_2026-09-30,agent,True,exact_truth,,7.0,224-canvas-pixels,8.0,10,1.0,100.0,0.0,0.5833333333333334,58.333333333333336,41.666666666666664,300,equal scenes; within each scene equal conditions and equal candidates; horizons reported separately
door,legacy_tworoom_multistep_panels_2026-09-30,agent,True,exact_truth,,7.0,224-canvas-pixels,8.0,15,1.0,100.0,0.0,0.5833333333333334,58.333333333333336,41.666666666666664,300,equal scenes; within each scene equal conditions and equal candidates; horizons reported separately
door,legacy_tworoom_multistep_panels_2026-09-30,agent,True,exact_truth,,7.0,224-canvas-pixels,8.0,20,1.0,100.0,0.0,0.5833333333333334,58.333333333333336,41.666666666666664,300,equal scenes; within each scene equal conditions and equal candidates; horizons reported separately
door,legacy_tworoom_multistep_panels_2026-09-30,agent,True,exact_truth,,7.0,224-canvas-pixels,8.0,25,1.0,100.0,0.0,0.5833333333333334,58.333333333333336,41.666666666666664,300,equal scenes; within each scene equal conditions and equal candidates; horizons reported separately
door,legacy_tworoom_multistep_panels_2026-09-30,agent,True,exact_truth,,14.0,224-canvas-pixels,16.0,5,1.0,100.0,0.0,1.0,100.0,0.0,300,equal scenes; within each scene equal conditions and equal candidates; horizons reported separately
door,legacy_tworoom_multistep_panels_2026-09-30,agent,True,exact_truth,,14.0,224-canvas-pixels,16.0,10,1.0,100.0,0.0,0.75,75.0,25.0,300,equal scenes; within each scene equal conditions and equal candidates; horizons reported separately
door,legacy_tworoom_multistep_panels_2026-09-30,agent,True,exact_truth,,14.0,224-canvas-pixels,16.0,15,1.0,100.0,0.0,0.6666666666666666,66.66666666666666,33.333333333333336,300,equal scenes; within each scene equal conditions and equal candidates; horizons reported separately
door,legacy_tworoom_multistep_panels_2026-09-30,agent,True,exact_truth,,14.0,224-canvas-pixels,16.0,20,1.0,100.0,0.0,0.6666666666666666,66.66666666666666,33.333333333333336,300,equal scenes; within each scene equal conditions and equal candidates; horizons reported separately
door,legacy_tworoom_multistep_panels_2026-09-30,agent,True,exact_truth,,14.0,224-canvas-pixels,16.0,25,1.0,100.0,0.0,0.6666666666666666,66.66666666666666,33.333333333333336,300,equal scenes; within each scene equal conditions and equal candidates; horizons reported separately
door,legacy_tworoom_multistep_panels_2026-09-30,agent,True,fixed_norm_offset,1,0.875,224-canvas-pixels,1.0,5,0.0,0.0,100.0,0.625,62.5,-62.5,300,equal scenes; within each scene equal conditions and equal candidates; horizons reported separately
door,legacy_tworoom_multistep_panels_2026-09-30,agent,True,fixed_norm_offset,1,0.875,224-canvas-pixels,1.0,10,0.0,0.0,100.0,0.5833333333333334,58.333333333333336,-58.333333333333336,300,equal scenes; within each scene equal conditions and equal candidates; horizons reported separately
door,legacy_tworoom_multistep_panels_2026-09-30,agent,True,fixed_norm_offset,1,0.875,224-canvas-pixels,1.0,15,0.0,0.0,100.0,0.5833333333333334,58.333333333333336,-58.333333333333336,300,equal scenes; within each scene equal conditions and equal candidates; horizons reported separately
door,legacy_tworoom_multistep_panels_2026-09-30,agent,True,fixed_norm_offset,1,0.875,224-canvas-pixels,1.0,20,0.0,0.0,100.0,0.5833333333333334,58.333333333333336,-58.333333333333336,300,equal scenes; within each scene equal conditions and equal candidates; horizons reported separately
door,legacy_tworoom_multistep_panels_2026-09-30,agent,True,fixed_norm_offset,1,0.875,224-canvas-pixels,1.0,25,0.0,0.0,100.0,0.5833333333333334,58.333333333333336,-58.333333333333336,300,equal scenes; within each scene equal conditions and equal candidates; horizons reported separately
door,legacy_tworoom_multistep_panels_2026-09-30,agent,True,fixed_norm_offset,1,1.75,224-canvas-pixels,2.0,5,1.0,100.0,0.0,0.625,62.5,37.5,300,equal scenes; within each scene equal conditions and equal candidates; horizons reported separately
door,legacy_tworoom_multistep_panels_2026-09-30,agent,True,fixed_norm_offset,1,1.75,224-canvas-pixels,2.0,10,1.0,100.0,0.0,0.5833333333333334,58.333333333333336,41.666666666666664,300,equal scenes; within each scene equal conditions and equal candidates; horizons reported separately
door,legacy_tworoom_multistep_panels_2026-09-30,agent,True,fixed_norm_offset,1,1.75,224-canvas-pixels,2.0,15,1.0,100.0,0.0,0.5833333333333334,58.333333333333336,41.666666666666664,300,equal scenes; within each scene equal conditions and equal candidates; horizons reported separately
door,legacy_tworoom_multistep_panels_2026-09-30,agent,True,fixed_norm_offset,1,1.75,224-canvas-pixels,2.0,20,1.0,100.0,0.0,0.5833333333333334,58.333333333333336,41.666666666666664,300,equal scenes; within each scene equal conditions and equal candidates; horizons reported separately
door,legacy_tworoom_multistep_panels_2026-09-30,agent,True,fixed_norm_offset,1,1.75,224-canvas-pixels,2.0,25,1.0,100.0,0.0,0.5833333333333334,58.333333333333336,41.666666666666664,300,equal scenes; within each scene equal conditions and equal candidates; horizons reported separately
door,legacy_tworoom_multistep_panels_2026-09-30,agent,True,fixed_norm_offset,1,3.5,224-canvas-pixels,4.0,5,1.0,100.0,0.0,0.625,62.5,37.5,300,equal scenes; within each scene equal conditions and equal candidates; horizons reported separately
door,legacy_tworoom_multistep_panels_2026-09-30,agent,True,fixed_norm_offset,1,3.5,224-canvas-pixels,4.0,10,1.0,100.0,0.0,0.5833333333333334,58.333333333333336,41.666666666666664,300,equal scenes; within each scene equal conditions and equal candidates; horizons reported separately
door,legacy_tworoom_multistep_panels_2026-09-30,agent,True,fixed_norm_offset,1,3.5,224-canvas-pixels,4.0,15,1.0,100.0,0.0,0.5833333333333334,58.333333333333336,41.666666666666664,300,equal scenes; within each scene equal conditions and equal candidates; horizons reported separately
door,legacy_tworoom_multistep_panels_2026-09-30,agent,True,fixed_norm_offset,1,3.5,224-canvas-pixels,4.0,20,1.0,100.0,0.0,0.5833333333333334,58.333333333333336,41.666666666666664,300,equal scenes; within each scene equal conditions and equal candidates; horizons reported separately
door,legacy_tworoom_multistep_panels_2026-09-30,agent,True,fixed_norm_offset,1,3.5,224-canvas-pixels,4.0,25,1.0,100.0,0.0,0.5833333333333334,58.333333333333336,41.666666666666664,300,equal scenes; within each scene equal conditions and equal candidates; horizons reported separately
door,legacy_tworoom_multistep_panels_2026-09-30,agent,True,fixed_norm_offset,1,7.0,224-canvas-pixels,8.0,5,1.0,100.0,0.0,0.6666666666666666,66.66666666666666,33.333333333333336,300,equal scenes; within each scene equal conditions and equal candidates; horizons reported separately
door,legacy_tworoom_multistep_panels_2026-09-30,agent,True,fixed_norm_offset,1,7.0,224-canvas-pixels,8.0,10,1.0,100.0,0.0,0.5833333333333334,58.333333333333336,41.666666666666664,300,equal scenes; within each scene equal conditions and equal candidates; horizons reported separately
door,legacy_tworoom_multistep_panels_2026-09-30,agent,True,fixed_norm_offset,1,7.0,224-canvas-pixels,8.0,15,1.0,100.0,0.0,0.5833333333333334,58.333333333333336,41.666666666666664,300,equal scenes; within each scene equal conditions and equal candidates; horizons reported separately
door,legacy_tworoom_multistep_panels_2026-09-30,agent,True,fixed_norm_offset,1,7.0,224-canvas-pixels,8.0,20,1.0,100.0,0.0,0.5833333333333334,58.333333333333336,41.666666666666664,300,equal scenes; within each scene equal conditions and equal candidates; horizons reported separately
door,legacy_tworoom_multistep_panels_2026-09-30,agent,True,fixed_norm_offset,1,7.0,224-canvas-pixels,8.0,25,1.0,100.0,0.0,0.5833333333333334,58.333333333333336,41.666666666666664,300,equal scenes; within each scene equal conditions and equal candidates; horizons reported separately
door,legacy_tworoom_multistep_panels_2026-09-30,agent,True,fixed_norm_offset,1,14.0,224-canvas-pixels,16.0,5,1.0,100.0,0.0,1.0,100.0,0.0,300,equal scenes; within each scene equal conditions and equal candidates; horizons reported separately
door,legacy_tworoom_multistep_panels_2026-09-30,agent,True,fixed_norm_offset,1,14.0,224-canvas-pixels,16.0,10,1.0,100.0,0.0,0.75,75.0,25.0,300,equal scenes; within each scene equal conditions and equal candidates; horizons reported separately
door,legacy_tworoom_multistep_panels_2026-09-30,agent,True,fixed_norm_offset,1,14.0,224-canvas-pixels,16.0,15,1.0,100.0,0.0,0.6666666666666666,66.66666666666666,33.333333333333336,300,equal scenes; within each scene equal conditions and equal candidates; horizons reported separately
door,legacy_tworoom_multistep_panels_2026-09-30,agent,True,fixed_norm_offset,1,14.0,224-canvas-pixels,16.0,20,1.0,100.0,0.0,0.6666666666666666,66.66666666666666,33.333333333333336,300,equal scenes; within each scene equal conditions and equal candidates; horizons reported separately
door,legacy_tworoom_multistep_panels_2026-09-30,agent,True,fixed_norm_offset,1,14.0,224-canvas-pixels,16.0,25,1.0,100.0,0.0,0.6666666666666666,66.66666666666666,33.333333333333336,300,equal scenes; within each scene equal conditions and equal candidates; horizons reported separately
door,legacy_tworoom_multistep_panels_2026-09-30,agent,True,fixed_norm_offset,16,0.875,224-canvas-pixels,1.0,5,0.0,0.0,100.0,0.625,62.5,-62.5,300,equal scenes; within each scene equal conditions and equal candidates; horizons reported separately
door,legacy_tworoom_multistep_panels_2026-09-30,agent,True,fixed_norm_offset,16,0.875,224-canvas-pixels,1.0,10,0.0,0.0,100.0,0.5833333333333334,58.333333333333336,-58.333333333333336,300,equal scenes; within each scene equal conditions and equal candidates; horizons reported separately
door,legacy_tworoom_multistep_panels_2026-09-30,agent,True,fixed_norm_offset,16,0.875,224-canvas-pixels,1.0,15,0.0,0.0,100.0,0.5833333333333334,58.333333333333336,-58.333333333333336,300,equal scenes; within each scene equal conditions and equal candidates; horizons reported separately
door,legacy_tworoom_multistep_panels_2026-09-30,agent,True,fixed_norm_offset,16,0.875,224-canvas-pixels,1.0,20,0.0,0.0,100.0,0.5833333333333334,58.333333333333336,-58.333333333333336,300,equal scenes; within each scene equal conditions and equal candidates; horizons reported separately
door,legacy_tworoom_multistep_panels_2026-09-30,agent,True,fixed_norm_offset,16,0.875,224-canvas-pixels,1.0,25,0.0,0.0,100.0,0.5833333333333334,58.333333333333336,-58.333333333333336,300,equal scenes; within each scene equal conditions and equal candidates; horizons reported separately
door,legacy_tworoom_multistep_panels_2026-09-30,agent,True,fixed_norm_offset,16,1.75,224-canvas-pixels,2.0,5,0.0,0.0,100.0,0.625,62.5,-62.5,300,equal scenes; within each scene equal conditions and equal candidates; horizons reported separately
door,legacy_tworoom_multistep_panels_2026-09-30,agent,True,fixed_norm_offset,16,1.75,224-canvas-pixels,2.0,10,0.0,0.0,100.0,0.5833333333333334,58.333333333333336,-58.333333333333336,300,equal scenes; within each scene equal conditions and equal candidates; horizons reported separately
door,legacy_tworoom_multistep_panels_2026-09-30,agent,True,fixed_norm_offset,16,1.75,224-canvas-pixels,2.0,15,0.0,0.0,100.0,0.5833333333333334,58.333333333333336,-58.333333333333336,300,equal scenes; within each scene equal conditions and equal candidates; horizons reported separately
door,legacy_tworoom_multistep_panels_2026-09-30,agent,True,fixed_norm_offset,16,1.75,224-canvas-pixels,2.0,20,0.0,0.0,100.0,0.5833333333333334,58.333333333333336,-58.333333333333336,300,equal scenes; within each scene equal conditions and equal candidates; horizons reported separately
door,legacy_tworoom_multistep_panels_2026-09-30,agent,True,fixed_norm_offset,16,1.75,224-canvas-pixels,2.0,25,0.0,0.0,100.0,0.5833333333333334,58.333333333333336,-58.333333333333336,300,equal scenes; within each scene equal conditions and equal candidates; horizons reported separately
door,legacy_tworoom_multistep_panels_2026-09-30,agent,True,fixed_norm_offset,16,3.5,224-canvas-pixels,4.0,5,0.0,0.0,100.0,0.625,62.5,-62.5,300,equal scenes; within each scene equal conditions and equal candidates; horizons reported separately
door,legacy_tworoom_multistep_panels_2026-09-30,agent,True,fixed_norm_offset,16,3.5,224-canvas-pixels,4.0,10,0.0,0.0,100.0,0.5833333333333334,58.333333333333336,-58.333333333333336,300,equal scenes; within each scene equal conditions and equal candidates; horizons reported separately
door,legacy_tworoom_multistep_panels_2026-09-30,agent,True,fixed_norm_offset,16,3.5,224-canvas-pixels,4.0,15,0.0,0.0,100.0,0.5833333333333334,58.333333333333336,-58.333333333333336,300,equal scenes; within each scene equal conditions and equal candidates; horizons reported separately
door,legacy_tworoom_multistep_panels_2026-09-30,agent,True,fixed_norm_offset,16,3.5,224-canvas-pixels,4.0,20,0.0,0.0,100.0,0.5833333333333334,58.333333333333336,-58.333333333333336,300,equal scenes; within each scene equal conditions and equal candidates; horizons reported separately
door,legacy_tworoom_multistep_panels_2026-09-30,agent,True,fixed_norm_offset,16,3.5,224-canvas-pixels,4.0,25,0.0,0.0,100.0,0.5833333333333334,58.333333333333336,-58.333333333333336,300,equal scenes; within each scene equal conditions and equal candidates; horizons reported separately
door,legacy_tworoom_multistep_panels_2026-09-30,agent,True,fixed_norm_offset,16,7.0,224-canvas-pixels,8.0,5,0.0,0.0,100.0,0.6666666666666666,66.66666666666666,-66.66666666666666,300,equal scenes; within each scene equal conditions and equal candidates; horizons reported separately
door,legacy_tworoom_multistep_panels_2026-09-30,agent,True,fixed_norm_offset,16,7.0,224-canvas-pixels,8.0,10,0.0,0.0,100.0,0.5833333333333334,58.333333333333336,-58.333333333333336,300,equal scenes; within each scene equal conditions and equal candidates; horizons reported separately
door,legacy_tworoom_multistep_panels_2026-09-30,agent,True,fixed_norm_offset,16,7.0,224-canvas-pixels,8.0,15,0.0,0.0,100.0,0.5833333333333334,58.333333333333336,-58.333333333333336,300,equal scenes; within each scene equal conditions and equal candidates; horizons reported separately
door,legacy_tworoom_multistep_panels_2026-09-30,agent,True,fixed_norm_offset,16,7.0,224-canvas-pixels,8.0,20,0.0,0.0,100.0,0.5833333333333334,58.333333333333336,-58.333333333333336,300,equal scenes; within each scene equal conditions and equal candidates; horizons reported separately
door,legacy_tworoom_multistep_panels_2026-09-30,agent,True,fixed_norm_offset,16,7.0,224-canvas-pixels,8.0,25,0.0,0.0,100.0,0.5833333333333334,58.333333333333336,-58.333333333333336,300,equal scenes; within each scene equal conditions and equal candidates; horizons reported separately
door,legacy_tworoom_multistep_panels_2026-09-30,agent,True,fixed_norm_offset,16,14.0,224-canvas-pixels,16.0,5,0.0,0.0,100.0,1.0,100.0,-100.0,300,equal scenes; within each scene equal conditions and equal candidates; horizons reported separately
door,legacy_tworoom_multistep_panels_2026-09-30,agent,True,fixed_norm_offset,16,14.0,224-canvas-pixels,16.0,10,0.0,0.0,100.0,0.75,75.0,-75.0,300,equal scenes; within each scene equal conditions and equal candidates; horizons reported separately
door,legacy_tworoom_multistep_panels_2026-09-30,agent,True,fixed_norm_offset,16,14.0,224-canvas-pixels,16.0,15,0.0,0.0,100.0,0.6666666666666666,66.66666666666666,-66.66666666666666,300,equal scenes; within each scene equal conditions and equal candidates; horizons reported separately
door,legacy_tworoom_multistep_panels_2026-09-30,agent,True,fixed_norm_offset,16,14.0,224-canvas-pixels,16.0,20,0.0,0.0,100.0,0.6666666666666666,66.66666666666666,-66.66666666666666,300,equal scenes; within each scene equal conditions and equal candidates; horizons reported separately
door,legacy_tworoom_multistep_panels_2026-09-30,agent,True,fixed_norm_offset,16,14.0,224-canvas-pixels,16.0,25,0.0,0.0,100.0,0.6666666666666666,66.66666666666666,-66.66666666666666,300,equal scenes; within each scene equal conditions and equal candidates; horizons reported separately
door,legacy_tworoom_multistep_panels_2026-09-30,agent,True,fixed_norm_offset,2,0.875,224-canvas-pixels,1.0,5,0.0,0.0,100.0,0.625,62.5,-62.5,300,equal scenes; within each scene equal conditions and equal candidates; horizons reported separately
door,legacy_tworoom_multistep_panels_2026-09-30,agent,True,fixed_norm_offset,2,0.875,224-canvas-pixels,1.0,10,0.0,0.0,100.0,0.5833333333333334,58.333333333333336,-58.333333333333336,300,equal scenes; within each scene equal conditions and equal candidates; horizons reported separately
door,legacy_tworoom_multistep_panels_2026-09-30,agent,True,fixed_norm_offset,2,0.875,224-canvas-pixels,1.0,15,0.0,0.0,100.0,0.5833333333333334,58.333333333333336,-58.333333333333336,300,equal scenes; within each scene equal conditions and equal candidates; horizons reported separately
door,legacy_tworoom_multistep_panels_2026-09-30,agent,True,fixed_norm_offset,2,0.875,224-canvas-pixels,1.0,20,0.0,0.0,100.0,0.5833333333333334,58.333333333333336,-58.333333333333336,300,equal scenes; within each scene equal conditions and equal candidates; horizons reported separately
door,legacy_tworoom_multistep_panels_2026-09-30,agent,True,fixed_norm_offset,2,0.875,224-canvas-pixels,1.0,25,0.0,0.0,100.0,0.5833333333333334,58.333333333333336,-58.333333333333336,300,equal scenes; within each scene equal conditions and equal candidates; horizons reported separately
door,legacy_tworoom_multistep_panels_2026-09-30,agent,True,fixed_norm_offset,2,1.75,224-canvas-pixels,2.0,5,0.0,0.0,100.0,0.625,62.5,-62.5,300,equal scenes; within each scene equal conditions and equal candidates; horizons reported separately
door,legacy_tworoom_multistep_panels_2026-09-30,agent,True,fixed_norm_offset,2,1.75,224-canvas-pixels,2.0,10,0.0,0.0,100.0,0.5833333333333334,58.333333333333336,-58.333333333333336,300,equal scenes; within each scene equal conditions and equal candidates; horizons reported separately
door,legacy_tworoom_multistep_panels_2026-09-30,agent,True,fixed_norm_offset,2,1.75,224-canvas-pixels,2.0,15,0.0,0.0,100.0,0.5833333333333334,58.333333333333336,-58.333333333333336,300,equal scenes; within each scene equal conditions and equal candidates; horizons reported separately
door,legacy_tworoom_multistep_panels_2026-09-30,agent,True,fixed_norm_offset,2,1.75,224-canvas-pixels,2.0,20,0.0,0.0,100.0,0.5833333333333334,58.333333333333336,-58.333333333333336,300,equal scenes; within each scene equal conditions and equal candidates; horizons reported separately
door,legacy_tworoom_multistep_panels_2026-09-30,agent,True,fixed_norm_offset,2,1.75,224-canvas-pixels,2.0,25,0.0,0.0,100.0,0.5833333333333334,58.333333333333336,-58.333333333333336,300,equal scenes; within each scene equal conditions and equal candidates; horizons reported separately
door,legacy_tworoom_multistep_panels_2026-09-30,agent,True,fixed_norm_offset,2,3.5,224-canvas-pixels,4.0,5,1.0,100.0,0.0,0.625,62.5,37.5,300,equal scenes; within each scene equal conditions and equal candidates; horizons reported separately
door,legacy_tworoom_multistep_panels_2026-09-30,agent,True,fixed_norm_offset,2,3.5,224-canvas-pixels,4.0,10,1.0,100.0,0.0,0.5833333333333334,58.333333333333336,41.666666666666664,300,equal scenes; within each scene equal conditions and equal candidates; horizons reported separately
door,legacy_tworoom_multistep_panels_2026-09-30,agent,True,fixed_norm_offset,2,3.5,224-canvas-pixels,4.0,15,1.0,100.0,0.0,0.5833333333333334,58.333333333333336,41.666666666666664,300,equal scenes; within each scene equal conditions and equal candidates; horizons reported separately
door,legacy_tworoom_multistep_panels_2026-09-30,agent,True,fixed_norm_offset,2,3.5,224-canvas-pixels,4.0,20,1.0,100.0,0.0,0.5833333333333334,58.333333333333336,41.666666666666664,300,equal scenes; within each scene equal conditions and equal candidates; horizons reported separately
door,legacy_tworoom_multistep_panels_2026-09-30,agent,True,fixed_norm_offset,2,3.5,224-canvas-pixels,4.0,25,1.0,100.0,0.0,0.5833333333333334,58.333333333333336,41.666666666666664,300,equal scenes; within each scene equal conditions and equal candidates; horizons reported separately
door,legacy_tworoom_multistep_panels_2026-09-30,agent,True,fixed_norm_offset,2,7.0,224-canvas-pixels,8.0,5,1.0,100.0,0.0,0.6666666666666666,66.66666666666666,33.333333333333336,300,equal scenes; within each scene equal conditions and equal candidates; horizons reported separately
door,legacy_tworoom_multistep_panels_2026-09-30,agent,True,fixed_norm_offset,2,7.0,224-canvas-pixels,8.0,10,1.0,100.0,0.0,0.5833333333333334,58.333333333333336,41.666666666666664,300,equal scenes; within each scene equal conditions and equal candidates; horizons reported separately
door,legacy_tworoom_multistep_panels_2026-09-30,agent,True,fixed_norm_offset,2,7.0,224-canvas-pixels,8.0,15,1.0,100.0,0.0,0.5833333333333334,58.333333333333336,41.666666666666664,300,equal scenes; within each scene equal conditions and equal candidates; horizons reported separately
door,legacy_tworoom_multistep_panels_2026-09-30,agent,True,fixed_norm_offset,2,7.0,224-canvas-pixels,8.0,20,1.0,100.0,0.0,0.5833333333333334,58.333333333333336,41.666666666666664,300,equal scenes; within each scene equal conditions and equal candidates; horizons reported separately
door,legacy_tworoom_multistep_panels_2026-09-30,agent,True,fixed_norm_offset,2,7.0,224-canvas-pixels,8.0,25,1.0,100.0,0.0,0.5833333333333334,58.333333333333336,41.666666666666664,300,equal scenes; within each scene equal conditions and equal candidates; horizons reported separately
door,legacy_tworoom_multistep_panels_2026-09-30,agent,True,fixed_norm_offset,2,14.0,224-canvas-pixels,16.0,5,1.0,100.0,0.0,1.0,100.0,0.0,300,equal scenes; within each scene equal conditions and equal candidates; horizons reported separately
door,legacy_tworoom_multistep_panels_2026-09-30,agent,True,fixed_norm_offset,2,14.0,224-canvas-pixels,16.0,10,1.0,100.0,0.0,0.75,75.0,25.0,300,equal scenes; within each scene equal conditions and equal candidates; horizons reported separately
door,legacy_tworoom_multistep_panels_2026-09-30,agent,True,fixed_norm_offset,2,14.0,224-canvas-pixels,16.0,15,1.0,100.0,0.0,0.6666666666666666,66.66666666666666,33.333333333333336,300,equal scenes; within each scene equal conditions and equal candidates; horizons reported separately
door,legacy_tworoom_multistep_panels_2026-09-30,agent,True,fixed_norm_offset,2,14.0,224-canvas-pixels,16.0,20,1.0,100.0,0.0,0.6666666666666666,66.66666666666666,33.333333333333336,300,equal scenes; within each scene equal conditions and equal candidates; horizons reported separately
door,legacy_tworoom_multistep_panels_2026-09-30,agent,True,fixed_norm_offset,2,14.0,224-canvas-pixels,16.0,25,1.0,100.0,0.0,0.6666666666666666,66.66666666666666,33.333333333333336,300,equal scenes; within each scene equal conditions and equal candidates; horizons reported separately
door,legacy_tworoom_multistep_panels_2026-09-30,agent,True,fixed_norm_offset,32,0.875,224-canvas-pixels,1.0,5,0.0,0.0,100.0,0.625,62.5,-62.5,300,equal scenes; within each scene equal conditions and equal candidates; horizons reported separately
door,legacy_tworoom_multistep_panels_2026-09-30,agent,True,fixed_norm_offset,32,0.875,224-canvas-pixels,1.0,10,0.0,0.0,100.0,0.5833333333333334,58.333333333333336,-58.333333333333336,300,equal scenes; within each scene equal conditions and equal candidates; horizons reported separately
door,legacy_tworoom_multistep_panels_2026-09-30,agent,True,fixed_norm_offset,32,0.875,224-canvas-pixels,1.0,15,0.0,0.0,100.0,0.5833333333333334,58.333333333333336,-58.333333333333336,300,equal scenes; within each scene equal conditions and equal candidates; horizons reported separately
door,legacy_tworoom_multistep_panels_2026-09-30,agent,True,fixed_norm_offset,32,0.875,224-canvas-pixels,1.0,20,0.0,0.0,100.0,0.5833333333333334,58.333333333333336,-58.333333333333336,300,equal scenes; within each scene equal conditions and equal candidates; horizons reported separately
door,legacy_tworoom_multistep_panels_2026-09-30,agent,True,fixed_norm_offset,32,0.875,224-canvas-pixels,1.0,25,0.0,0.0,100.0,0.5833333333333334,58.333333333333336,-58.333333333333336,300,equal scenes; within each scene equal conditions and equal candidates; horizons reported separately
door,legacy_tworoom_multistep_panels_2026-09-30,agent,True,fixed_norm_offset,32,1.75,224-canvas-pixels,2.0,5,0.0,0.0,100.0,0.625,62.5,-62.5,300,equal scenes; within each scene equal conditions and equal candidates; horizons reported separately
door,legacy_tworoom_multistep_panels_2026-09-30,agent,True,fixed_norm_offset,32,1.75,224-canvas-pixels,2.0,10,0.0,0.0,100.0,0.5833333333333334,58.333333333333336,-58.333333333333336,300,equal scenes; within each scene equal conditions and equal candidates; horizons reported separately
door,legacy_tworoom_multistep_panels_2026-09-30,agent,True,fixed_norm_offset,32,1.75,224-canvas-pixels,2.0,15,0.0,0.0,100.0,0.5833333333333334,58.333333333333336,-58.333333333333336,300,equal scenes; within each scene equal conditions and equal candidates; horizons reported separately
door,legacy_tworoom_multistep_panels_2026-09-30,agent,True,fixed_norm_offset,32,1.75,224-canvas-pixels,2.0,20,0.0,0.0,100.0,0.5833333333333334,58.333333333333336,-58.333333333333336,300,equal scenes; within each scene equal conditions and equal candidates; horizons reported separately
door,legacy_tworoom_multistep_panels_2026-09-30,agent,True,fixed_norm_offset,32,1.75,224-canvas-pixels,2.0,25,0.0,0.0,100.0,0.5833333333333334,58.333333333333336,-58.333333333333336,300,equal scenes; within each scene equal conditions and equal candidates; horizons reported separately
door,legacy_tworoom_multistep_panels_2026-09-30,agent,True,fixed_norm_offset,32,3.5,224-canvas-pixels,4.0,5,0.0,0.0,100.0,0.625,62.5,-62.5,300,equal scenes; within each scene equal conditions and equal candidates; horizons reported separately
door,legacy_tworoom_multistep_panels_2026-09-30,agent,True,fixed_norm_offset,32,3.5,224-canvas-pixels,4.0,10,0.0,0.0,100.0,0.5833333333333334,58.333333333333336,-58.333333333333336,300,equal scenes; within each scene equal conditions and equal candidates; horizons reported separately
door,legacy_tworoom_multistep_panels_2026-09-30,agent,True,fixed_norm_offset,32,3.5,224-canvas-pixels,4.0,15,0.0,0.0,100.0,0.5833333333333334,58.333333333333336,-58.333333333333336,300,equal scenes; within each scene equal conditions and equal candidates; horizons reported separately
door,legacy_tworoom_multistep_panels_2026-09-30,agent,True,fixed_norm_offset,32,3.5,224-canvas-pixels,4.0,20,0.0,0.0,100.0,0.5833333333333334,58.333333333333336,-58.333333333333336,300,equal scenes; within each scene equal conditions and equal candidates; horizons reported separately
door,legacy_tworoom_multistep_panels_2026-09-30,agent,True,fixed_norm_offset,32,3.5,224-canvas-pixels,4.0,25,0.0,0.0,100.0,0.5833333333333334,58.333333333333336,-58.333333333333336,300,equal scenes; within each scene equal conditions and equal candidates; horizons reported separately
door,legacy_tworoom_multistep_panels_2026-09-30,agent,True,fixed_norm_offset,32,7.0,224-canvas-pixels,8.0,5,0.0,0.0,100.0,0.6666666666666666,66.66666666666666,-66.66666666666666,300,equal scenes; within each scene equal conditions and equal candidates; horizons reported separately
door,legacy_tworoom_multistep_panels_2026-09-30,agent,True,fixed_norm_offset,32,7.0,224-canvas-pixels,8.0,10,0.0,0.0,100.0,0.5833333333333334,58.333333333333336,-58.333333333333336,300,equal scenes; within each scene equal conditions and equal candidates; horizons reported separately
door,legacy_tworoom_multistep_panels_2026-09-30,agent,True,fixed_norm_offset,32,7.0,224-canvas-pixels,8.0,15,0.0,0.0,100.0,0.5833333333333334,58.333333333333336,-58.333333333333336,300,equal scenes; within each scene equal conditions and equal candidates; horizons reported separately
door,legacy_tworoom_multistep_panels_2026-09-30,agent,True,fixed_norm_offset,32,7.0,224-canvas-pixels,8.0,20,0.0,0.0,100.0,0.5833333333333334,58.333333333333336,-58.333333333333336,300,equal scenes; within each scene equal conditions and equal candidates; horizons reported separately
door,legacy_tworoom_multistep_panels_2026-09-30,agent,True,fixed_norm_offset,32,7.0,224-canvas-pixels,8.0,25,0.0,0.0,100.0,0.5833333333333334,58.333333333333336,-58.333333333333336,300,equal scenes; within each scene equal conditions and equal candidates; horizons reported separately
door,legacy_tworoom_multistep_panels_2026-09-30,agent,True,fixed_norm_offset,32,14.0,224-canvas-pixels,16.0,5,0.0,0.0,100.0,1.0,100.0,-100.0,300,equal scenes; within each scene equal conditions and equal candidates; horizons reported separately
door,legacy_tworoom_multistep_panels_2026-09-30,agent,True,fixed_norm_offset,32,14.0,224-canvas-pixels,16.0,10,0.0,0.0,100.0,0.75,75.0,-75.0,300,equal scenes; within each scene equal conditions and equal candidates; horizons reported separately
door,legacy_tworoom_multistep_panels_2026-09-30,agent,True,fixed_norm_offset,32,14.0,224-canvas-pixels,16.0,15,0.0,0.0,100.0,0.6666666666666666,66.66666666666666,-66.66666666666666,300,equal scenes; within each scene equal conditions and equal candidates; horizons reported separately
door,legacy_tworoom_multistep_panels_2026-09-30,agent,True,fixed_norm_offset,32,14.0,224-canvas-pixels,16.0,20,0.0,0.0,100.0,0.6666666666666666,66.66666666666666,-66.66666666666666,300,equal scenes; within each scene equal conditions and equal candidates; horizons reported separately
door,legacy_tworoom_multistep_panels_2026-09-30,agent,True,fixed_norm_offset,32,14.0,224-canvas-pixels,16.0,25,0.0,0.0,100.0,0.6666666666666666,66.66666666666666,-66.66666666666666,300,equal scenes; within each scene equal conditions and equal candidates; horizons reported separately
door,legacy_tworoom_multistep_panels_2026-09-30,agent,True,fixed_norm_offset,4,0.875,224-canvas-pixels,1.0,5,0.0,0.0,100.0,0.625,62.5,-62.5,300,equal scenes; within each scene equal conditions and equal candidates; horizons reported separately
door,legacy_tworoom_multistep_panels_2026-09-30,agent,True,fixed_norm_offset,4,0.875,224-canvas-pixels,1.0,10,0.0,0.0,100.0,0.5833333333333334,58.333333333333336,-58.333333333333336,300,equal scenes; within each scene equal conditions and equal candidates; horizons reported separately
door,legacy_tworoom_multistep_panels_2026-09-30,agent,True,fixed_norm_offset,4,0.875,224-canvas-pixels,1.0,15,0.0,0.0,100.0,0.5833333333333334,58.333333333333336,-58.333333333333336,300,equal scenes; within each scene equal conditions and equal candidates; horizons reported separately
door,legacy_tworoom_multistep_panels_2026-09-30,agent,True,fixed_norm_offset,4,0.875,224-canvas-pixels,1.0,20,0.0,0.0,100.0,0.5833333333333334,58.333333333333336,-58.333333333333336,300,equal scenes; within each scene equal conditions and equal candidates; horizons reported separately
door,legacy_tworoom_multistep_panels_2026-09-30,agent,True,fixed_norm_offset,4,0.875,224-canvas-pixels,1.0,25,0.0,0.0,100.0,0.5833333333333334,58.333333333333336,-58.333333333333336,300,equal scenes; within each scene equal conditions and equal candidates; horizons reported separately
door,legacy_tworoom_multistep_panels_2026-09-30,agent,True,fixed_norm_offset,4,1.75,224-canvas-pixels,2.0,5,0.0,0.0,100.0,0.625,62.5,-62.5,300,equal scenes; within each scene equal conditions and equal candidates; horizons reported separately
door,legacy_tworoom_multistep_panels_2026-09-30,agent,True,fixed_norm_offset,4,1.75,224-canvas-pixels,2.0,10,0.0,0.0,100.0,0.5833333333333334,58.333333333333336,-58.333333333333336,300,equal scenes; within each scene equal conditions and equal candidates; horizons reported separately
door,legacy_tworoom_multistep_panels_2026-09-30,agent,True,fixed_norm_offset,4,1.75,224-canvas-pixels,2.0,15,0.0,0.0,100.0,0.5833333333333334,58.333333333333336,-58.333333333333336,300,equal scenes; within each scene equal conditions and equal candidates; horizons reported separately
door,legacy_tworoom_multistep_panels_2026-09-30,agent,True,fixed_norm_offset,4,1.75,224-canvas-pixels,2.0,20,0.0,0.0,100.0,0.5833333333333334,58.333333333333336,-58.333333333333336,300,equal scenes; within each scene equal conditions and equal candidates; horizons reported separately
door,legacy_tworoom_multistep_panels_2026-09-30,agent,True,fixed_norm_offset,4,1.75,224-canvas-pixels,2.0,25,0.0,0.0,100.0,0.5833333333333334,58.333333333333336,-58.333333333333336,300,equal scenes; within each scene equal conditions and equal candidates; horizons reported separately
door,legacy_tworoom_multistep_panels_2026-09-30,agent,True,fixed_norm_offset,4,3.5,224-canvas-pixels,4.0,5,0.0,0.0,100.0,0.625,62.5,-62.5,300,equal scenes; within each scene equal conditions and equal candidates; horizons reported separately
door,legacy_tworoom_multistep_panels_2026-09-30,agent,True,fixed_norm_offset,4,3.5,224-canvas-pixels,4.0,10,0.0,0.0,100.0,0.5833333333333334,58.333333333333336,-58.333333333333336,300,equal scenes; within each scene equal conditions and equal candidates; horizons reported separately
door,legacy_tworoom_multistep_panels_2026-09-30,agent,True,fixed_norm_offset,4,3.5,224-canvas-pixels,4.0,15,0.0,0.0,100.0,0.5833333333333334,58.333333333333336,-58.333333333333336,300,equal scenes; within each scene equal conditions and equal candidates; horizons reported separately
door,legacy_tworoom_multistep_panels_2026-09-30,agent,True,fixed_norm_offset,4,3.5,224-canvas-pixels,4.0,20,0.0,0.0,100.0,0.5833333333333334,58.333333333333336,-58.333333333333336,300,equal scenes; within each scene equal conditions and equal candidates; horizons reported separately
door,legacy_tworoom_multistep_panels_2026-09-30,agent,True,fixed_norm_offset,4,3.5,224-canvas-pixels,4.0,25,0.0,0.0,100.0,0.5833333333333334,58.333333333333336,-58.333333333333336,300,equal scenes; within each scene equal conditions and equal candidates; horizons reported separately
door,legacy_tworoom_multistep_panels_2026-09-30,agent,True,fixed_norm_offset,4,7.0,224-canvas-pixels,8.0,5,1.0,100.0,0.0,0.6666666666666666,66.66666666666666,33.333333333333336,300,equal scenes; within each scene equal conditions and equal candidates; horizons reported separately
door,legacy_tworoom_multistep_panels_2026-09-30,agent,True,fixed_norm_offset,4,7.0,224-canvas-pixels,8.0,10,1.0,100.0,0.0,0.5833333333333334,58.333333333333336,41.666666666666664,300,equal scenes; within each scene equal conditions and equal candidates; horizons reported separately
door,legacy_tworoom_multistep_panels_2026-09-30,agent,True,fixed_norm_offset,4,7.0,224-canvas-pixels,8.0,15,1.0,100.0,0.0,0.5833333333333334,58.333333333333336,41.666666666666664,300,equal scenes; within each scene equal conditions and equal candidates; horizons reported separately
door,legacy_tworoom_multistep_panels_2026-09-30,agent,True,fixed_norm_offset,4,7.0,224-canvas-pixels,8.0,20,1.0,100.0,0.0,0.5833333333333334,58.333333333333336,41.666666666666664,300,equal scenes; within each scene equal conditions and equal candidates; horizons reported separately
door,legacy_tworoom_multistep_panels_2026-09-30,agent,True,fixed_norm_offset,4,7.0,224-canvas-pixels,8.0,25,1.0,100.0,0.0,0.5833333333333334,58.333333333333336,41.666666666666664,300,equal scenes; within each scene equal conditions and equal candidates; horizons reported separately
door,legacy_tworoom_multistep_panels_2026-09-30,agent,True,fixed_norm_offset,4,14.0,224-canvas-pixels,16.0,5,1.0,100.0,0.0,1.0,100.0,0.0,300,equal scenes; within each scene equal conditions and equal candidates; horizons reported separately
door,legacy_tworoom_multistep_panels_2026-09-30,agent,True,fixed_norm_offset,4,14.0,224-canvas-pixels,16.0,10,1.0,100.0,0.0,0.75,75.0,25.0,300,equal scenes; within each scene equal conditions and equal candidates; horizons reported separately
door,legacy_tworoom_multistep_panels_2026-09-30,agent,True,fixed_norm_offset,4,14.0,224-canvas-pixels,16.0,15,1.0,100.0,0.0,0.6666666666666666,66.66666666666666,33.333333333333336,300,equal scenes; within each scene equal conditions and equal candidates; horizons reported separately
door,legacy_tworoom_multistep_panels_2026-09-30,agent,True,fixed_norm_offset,4,14.0,224-canvas-pixels,16.0,20,1.0,100.0,0.0,0.6666666666666666,66.66666666666666,33.333333333333336,300,equal scenes; within each scene equal conditions and equal candidates; horizons reported separately
door,legacy_tworoom_multistep_panels_2026-09-30,agent,True,fixed_norm_offset,4,14.0,224-canvas-pixels,16.0,25,1.0,100.0,0.0,0.6666666666666666,66.66666666666666,33.333333333333336,300,equal scenes; within each scene equal conditions and equal candidates; horizons reported separately
door,legacy_tworoom_multistep_panels_2026-09-30,agent,True,fixed_norm_offset,64,0.875,224-canvas-pixels,1.0,5,0.0,0.0,100.0,0.625,62.5,-62.5,300,equal scenes; within each scene equal conditions and equal candidates; horizons reported separately
door,legacy_tworoom_multistep_panels_2026-09-30,agent,True,fixed_norm_offset,64,0.875,224-canvas-pixels,1.0,10,0.0,0.0,100.0,0.5833333333333334,58.333333333333336,-58.333333333333336,300,equal scenes; within each scene equal conditions and equal candidates; horizons reported separately
door,legacy_tworoom_multistep_panels_2026-09-30,agent,True,fixed_norm_offset,64,0.875,224-canvas-pixels,1.0,15,0.0,0.0,100.0,0.5833333333333334,58.333333333333336,-58.333333333333336,300,equal scenes; within each scene equal conditions and equal candidates; horizons reported separately
door,legacy_tworoom_multistep_panels_2026-09-30,agent,True,fixed_norm_offset,64,0.875,224-canvas-pixels,1.0,20,0.0,0.0,100.0,0.5833333333333334,58.333333333333336,-58.333333333333336,300,equal scenes; within each scene equal conditions and equal candidates; horizons reported separately
door,legacy_tworoom_multistep_panels_2026-09-30,agent,True,fixed_norm_offset,64,0.875,224-canvas-pixels,1.0,25,0.0,0.0,100.0,0.5833333333333334,58.333333333333336,-58.333333333333336,300,equal scenes; within each scene equal conditions and equal candidates; horizons reported separately
door,legacy_tworoom_multistep_panels_2026-09-30,agent,True,fixed_norm_offset,64,1.75,224-canvas-pixels,2.0,5,0.0,0.0,100.0,0.625,62.5,-62.5,300,equal scenes; within each scene equal conditions and equal candidates; horizons reported separately
door,legacy_tworoom_multistep_panels_2026-09-30,agent,True,fixed_norm_offset,64,1.75,224-canvas-pixels,2.0,10,0.0,0.0,100.0,0.5833333333333334,58.333333333333336,-58.333333333333336,300,equal scenes; within each scene equal conditions and equal candidates; horizons reported separately
door,legacy_tworoom_multistep_panels_2026-09-30,agent,True,fixed_norm_offset,64,1.75,224-canvas-pixels,2.0,15,0.0,0.0,100.0,0.5833333333333334,58.333333333333336,-58.333333333333336,300,equal scenes; within each scene equal conditions and equal candidates; horizons reported separately
door,legacy_tworoom_multistep_panels_2026-09-30,agent,True,fixed_norm_offset,64,1.75,224-canvas-pixels,2.0,20,0.0,0.0,100.0,0.5833333333333334,58.333333333333336,-58.333333333333336,300,equal scenes; within each scene equal conditions and equal candidates; horizons reported separately
door,legacy_tworoom_multistep_panels_2026-09-30,agent,True,fixed_norm_offset,64,1.75,224-canvas-pixels,2.0,25,0.0,0.0,100.0,0.5833333333333334,58.333333333333336,-58.333333333333336,300,equal scenes; within each scene equal conditions and equal candidates; horizons reported separately
door,legacy_tworoom_multistep_panels_2026-09-30,agent,True,fixed_norm_offset,64,3.5,224-canvas-pixels,4.0,5,0.0,0.0,100.0,0.625,62.5,-62.5,300,equal scenes; within each scene equal conditions and equal candidates; horizons reported separately
door,legacy_tworoom_multistep_panels_2026-09-30,agent,True,fixed_norm_offset,64,3.5,224-canvas-pixels,4.0,10,0.0,0.0,100.0,0.5833333333333334,58.333333333333336,-58.333333333333336,300,equal scenes; within each scene equal conditions and equal candidates; horizons reported separately
door,legacy_tworoom_multistep_panels_2026-09-30,agent,True,fixed_norm_offset,64,3.5,224-canvas-pixels,4.0,15,0.0,0.0,100.0,0.5833333333333334,58.333333333333336,-58.333333333333336,300,equal scenes; within each scene equal conditions and equal candidates; horizons reported separately
door,legacy_tworoom_multistep_panels_2026-09-30,agent,True,fixed_norm_offset,64,3.5,224-canvas-pixels,4.0,20,0.0,0.0,100.0,0.5833333333333334,58.333333333333336,-58.333333333333336,300,equal scenes; within each scene equal conditions and equal candidates; horizons reported separately
door,legacy_tworoom_multistep_panels_2026-09-30,agent,True,fixed_norm_offset,64,3.5,224-canvas-pixels,4.0,25,0.0,0.0,100.0,0.5833333333333334,58.333333333333336,-58.333333333333336,300,equal scenes; within each scene equal conditions and equal candidates; horizons reported separately
door,legacy_tworoom_multistep_panels_2026-09-30,agent,True,fixed_norm_offset,64,7.0,224-canvas-pixels,8.0,5,0.0,0.0,100.0,0.6666666666666666,66.66666666666666,-66.66666666666666,300,equal scenes; within each scene equal conditions and equal candidates; horizons reported separately
door,legacy_tworoom_multistep_panels_2026-09-30,agent,True,fixed_norm_offset,64,7.0,224-canvas-pixels,8.0,10,0.0,0.0,100.0,0.5833333333333334,58.333333333333336,-58.333333333333336,300,equal scenes; within each scene equal conditions and equal candidates; horizons reported separately
door,legacy_tworoom_multistep_panels_2026-09-30,agent,True,fixed_norm_offset,64,7.0,224-canvas-pixels,8.0,15,0.0,0.0,100.0,0.5833333333333334,58.333333333333336,-58.333333333333336,300,equal scenes; within each scene equal conditions and equal candidates; horizons reported separately
door,legacy_tworoom_multistep_panels_2026-09-30,agent,True,fixed_norm_offset,64,7.0,224-canvas-pixels,8.0,20,0.0,0.0,100.0,0.5833333333333334,58.333333333333336,-58.333333333333336,300,equal scenes; within each scene equal conditions and equal candidates; horizons reported separately
door,legacy_tworoom_multistep_panels_2026-09-30,agent,True,fixed_norm_offset,64,7.0,224-canvas-pixels,8.0,25,0.0,0.0,100.0,0.5833333333333334,58.333333333333336,-58.333333333333336,300,equal scenes; within each scene equal conditions and equal candidates; horizons reported separately
door,legacy_tworoom_multistep_panels_2026-09-30,agent,True,fixed_norm_offset,64,14.0,224-canvas-pixels,16.0,5,0.0,0.0,100.0,1.0,100.0,-100.0,300,equal scenes; within each scene equal conditions and equal candidates; horizons reported separately
door,legacy_tworoom_multistep_panels_2026-09-30,agent,True,fixed_norm_offset,64,14.0,224-canvas-pixels,16.0,10,0.0,0.0,100.0,0.75,75.0,-75.0,300,equal scenes; within each scene equal conditions and equal candidates; horizons reported separately
door,legacy_tworoom_multistep_panels_2026-09-30,agent,True,fixed_norm_offset,64,14.0,224-canvas-pixels,16.0,15,0.0,0.0,100.0,0.6666666666666666,66.66666666666666,-66.66666666666666,300,equal scenes; within each scene equal conditions and equal candidates; horizons reported separately
door,legacy_tworoom_multistep_panels_2026-09-30,agent,True,fixed_norm_offset,64,14.0,224-canvas-pixels,16.0,20,0.0,0.0,100.0,0.6666666666666666,66.66666666666666,-66.66666666666666,300,equal scenes; within each scene equal conditions and equal candidates; horizons reported separately
door,legacy_tworoom_multistep_panels_2026-09-30,agent,True,fixed_norm_offset,64,14.0,224-canvas-pixels,16.0,25,0.0,0.0,100.0,0.6666666666666666,66.66666666666666,-66.66666666666666,300,equal scenes; within each scene equal conditions and equal candidates; horizons reported separately
door,legacy_tworoom_multistep_panels_2026-09-30,agent,True,fixed_norm_offset,8,0.875,224-canvas-pixels,1.0,5,0.0,0.0,100.0,0.625,62.5,-62.5,300,equal scenes; within each scene equal conditions and equal candidates; horizons reported separately
door,legacy_tworoom_multistep_panels_2026-09-30,agent,True,fixed_norm_offset,8,0.875,224-canvas-pixels,1.0,10,0.0,0.0,100.0,0.5833333333333334,58.333333333333336,-58.333333333333336,300,equal scenes; within each scene equal conditions and equal candidates; horizons reported separately
door,legacy_tworoom_multistep_panels_2026-09-30,agent,True,fixed_norm_offset,8,0.875,224-canvas-pixels,1.0,15,0.0,0.0,100.0,0.5833333333333334,58.333333333333336,-58.333333333333336,300,equal scenes; within each scene equal conditions and equal candidates; horizons reported separately
door,legacy_tworoom_multistep_panels_2026-09-30,agent,True,fixed_norm_offset,8,0.875,224-canvas-pixels,1.0,20,0.0,0.0,100.0,0.5833333333333334,58.333333333333336,-58.333333333333336,300,equal scenes; within each scene equal conditions and equal candidates; horizons reported separately
door,legacy_tworoom_multistep_panels_2026-09-30,agent,True,fixed_norm_offset,8,0.875,224-canvas-pixels,1.0,25,0.0,0.0,100.0,0.5833333333333334,58.333333333333336,-58.333333333333336,300,equal scenes; within each scene equal conditions and equal candidates; horizons reported separately
door,legacy_tworoom_multistep_panels_2026-09-30,agent,True,fixed_norm_offset,8,1.75,224-canvas-pixels,2.0,5,0.0,0.0,100.0,0.625,62.5,-62.5,300,equal scenes; within each scene equal conditions and equal candidates; horizons reported separately
door,legacy_tworoom_multistep_panels_2026-09-30,agent,True,fixed_norm_offset,8,1.75,224-canvas-pixels,2.0,10,0.0,0.0,100.0,0.5833333333333334,58.333333333333336,-58.333333333333336,300,equal scenes; within each scene equal conditions and equal candidates; horizons reported separately
door,legacy_tworoom_multistep_panels_2026-09-30,agent,True,fixed_norm_offset,8,1.75,224-canvas-pixels,2.0,15,0.0,0.0,100.0,0.5833333333333334,58.333333333333336,-58.333333333333336,300,equal scenes; within each scene equal conditions and equal candidates; horizons reported separately
door,legacy_tworoom_multistep_panels_2026-09-30,agent,True,fixed_norm_offset,8,1.75,224-canvas-pixels,2.0,20,0.0,0.0,100.0,0.5833333333333334,58.333333333333336,-58.333333333333336,300,equal scenes; within each scene equal conditions and equal candidates; horizons reported separately
door,legacy_tworoom_multistep_panels_2026-09-30,agent,True,fixed_norm_offset,8,1.75,224-canvas-pixels,2.0,25,0.0,0.0,100.0,0.5833333333333334,58.333333333333336,-58.333333333333336,300,equal scenes; within each scene equal conditions and equal candidates; horizons reported separately
door,legacy_tworoom_multistep_panels_2026-09-30,agent,True,fixed_norm_offset,8,3.5,224-canvas-pixels,4.0,5,0.0,0.0,100.0,0.625,62.5,-62.5,300,equal scenes; within each scene equal conditions and equal candidates; horizons reported separately
door,legacy_tworoom_multistep_panels_2026-09-30,agent,True,fixed_norm_offset,8,3.5,224-canvas-pixels,4.0,10,0.0,0.0,100.0,0.5833333333333334,58.333333333333336,-58.333333333333336,300,equal scenes; within each scene equal conditions and equal candidates; horizons reported separately
door,legacy_tworoom_multistep_panels_2026-09-30,agent,True,fixed_norm_offset,8,3.5,224-canvas-pixels,4.0,15,0.0,0.0,100.0,0.5833333333333334,58.333333333333336,-58.333333333333336,300,equal scenes; within each scene equal conditions and equal candidates; horizons reported separately
door,legacy_tworoom_multistep_panels_2026-09-30,agent,True,fixed_norm_offset,8,3.5,224-canvas-pixels,4.0,20,0.0,0.0,100.0,0.5833333333333334,58.333333333333336,-58.333333333333336,300,equal scenes; within each scene equal conditions and equal candidates; horizons reported separately
door,legacy_tworoom_multistep_panels_2026-09-30,agent,True,fixed_norm_offset,8,3.5,224-canvas-pixels,4.0,25,0.0,0.0,100.0,0.5833333333333334,58.333333333333336,-58.333333333333336,300,equal scenes; within each scene equal conditions and equal candidates; horizons reported separately
door,legacy_tworoom_multistep_panels_2026-09-30,agent,True,fixed_norm_offset,8,7.0,224-canvas-pixels,8.0,5,0.0,0.0,100.0,0.6666666666666666,66.66666666666666,-66.66666666666666,300,equal scenes; within each scene equal conditions and equal candidates; horizons reported separately
door,legacy_tworoom_multistep_panels_2026-09-30,agent,True,fixed_norm_offset,8,7.0,224-canvas-pixels,8.0,10,0.0,0.0,100.0,0.5833333333333334,58.333333333333336,-58.333333333333336,300,equal scenes; within each scene equal conditions and equal candidates; horizons reported separately
door,legacy_tworoom_multistep_panels_2026-09-30,agent,True,fixed_norm_offset,8,7.0,224-canvas-pixels,8.0,15,0.0,0.0,100.0,0.5833333333333334,58.333333333333336,-58.333333333333336,300,equal scenes; within each scene equal conditions and equal candidates; horizons reported separately
door,legacy_tworoom_multistep_panels_2026-09-30,agent,True,fixed_norm_offset,8,7.0,224-canvas-pixels,8.0,20,0.0,0.0,100.0,0.5833333333333334,58.333333333333336,-58.333333333333336,300,equal scenes; within each scene equal conditions and equal candidates; horizons reported separately
door,legacy_tworoom_multistep_panels_2026-09-30,agent,True,fixed_norm_offset,8,7.0,224-canvas-pixels,8.0,25,0.0,0.0,100.0,0.5833333333333334,58.333333333333336,-58.333333333333336,300,equal scenes; within each scene equal conditions and equal candidates; horizons reported separately
door,legacy_tworoom_multistep_panels_2026-09-30,agent,True,fixed_norm_offset,8,14.0,224-canvas-pixels,16.0,5,1.0,100.0,0.0,1.0,100.0,0.0,300,equal scenes; within each scene equal conditions and equal candidates; horizons reported separately
door,legacy_tworoom_multistep_panels_2026-09-30,agent,True,fixed_norm_offset,8,14.0,224-canvas-pixels,16.0,10,1.0,100.0,0.0,0.75,75.0,25.0,300,equal scenes; within each scene equal conditions and equal candidates; horizons reported separately
door,legacy_tworoom_multistep_panels_2026-09-30,agent,True,fixed_norm_offset,8,14.0,224-canvas-pixels,16.0,15,1.0,100.0,0.0,0.6666666666666666,66.66666666666666,33.333333333333336,300,equal scenes; within each scene equal conditions and equal candidates; horizons reported separately
door,legacy_tworoom_multistep_panels_2026-09-30,agent,True,fixed_norm_offset,8,14.0,224-canvas-pixels,16.0,20,1.0,100.0,0.0,0.6666666666666666,66.66666666666666,33.333333333333336,300,equal scenes; within each scene equal conditions and equal candidates; horizons reported separately
door,legacy_tworoom_multistep_panels_2026-09-30,agent,True,fixed_norm_offset,8,14.0,224-canvas-pixels,16.0,25,1.0,100.0,0.0,0.6666666666666666,66.66666666666666,33.333333333333336,300,equal scenes; within each scene equal conditions and equal candidates; horizons reported separately
door,legacy_tworoom_multistep_panels_2026-09-30,agent,True,temporal_lag_prepend_current,one_horizon,0.875,224-canvas-pixels,1.0,5,0.4583333333333333,45.83333333333333,54.16666666666667,0.625,62.5,-16.666666666666668,300,equal scenes; within each scene equal conditions and equal candidates; horizons reported separately
door,legacy_tworoom_multistep_panels_2026-09-30,agent,True,temporal_lag_prepend_current,one_horizon,0.875,224-canvas-pixels,1.0,10,0.5,50.0,50.0,0.5833333333333334,58.333333333333336,-8.333333333333337,300,equal scenes; within each scene equal conditions and equal candidates; horizons reported separately
door,legacy_tworoom_multistep_panels_2026-09-30,agent,True,temporal_lag_prepend_current,one_horizon,0.875,224-canvas-pixels,1.0,15,0.625,62.5,37.5,0.5833333333333334,58.333333333333336,4.1666666666666625,300,equal scenes; within each scene equal conditions and equal candidates; horizons reported separately
door,legacy_tworoom_multistep_panels_2026-09-30,agent,True,temporal_lag_prepend_current,one_horizon,0.875,224-canvas-pixels,1.0,20,0.6666666666666666,66.66666666666666,33.333333333333336,0.5833333333333334,58.333333333333336,8.333333333333325,300,equal scenes; within each scene equal conditions and equal candidates; horizons reported separately
door,legacy_tworoom_multistep_panels_2026-09-30,agent,True,temporal_lag_prepend_current,one_horizon,0.875,224-canvas-pixels,1.0,25,0.8333333333333331,83.33333333333331,16.666666666666686,0.5833333333333334,58.333333333333336,24.99999999999998,300,equal scenes; within each scene equal conditions and equal candidates; horizons reported separately
door,legacy_tworoom_multistep_panels_2026-09-30,agent,True,temporal_lag_prepend_current,one_horizon,1.75,224-canvas-pixels,2.0,5,0.4583333333333333,45.83333333333333,54.16666666666667,0.625,62.5,-16.666666666666668,300,equal scenes; within each scene equal conditions and equal candidates; horizons reported separately
door,legacy_tworoom_multistep_panels_2026-09-30,agent,True,temporal_lag_prepend_current,one_horizon,1.75,224-canvas-pixels,2.0,10,0.5,50.0,50.0,0.5833333333333334,58.333333333333336,-8.333333333333337,300,equal scenes; within each scene equal conditions and equal candidates; horizons reported separately
door,legacy_tworoom_multistep_panels_2026-09-30,agent,True,temporal_lag_prepend_current,one_horizon,1.75,224-canvas-pixels,2.0,15,0.625,62.5,37.5,0.5833333333333334,58.333333333333336,4.1666666666666625,300,equal scenes; within each scene equal conditions and equal candidates; horizons reported separately
door,legacy_tworoom_multistep_panels_2026-09-30,agent,True,temporal_lag_prepend_current,one_horizon,1.75,224-canvas-pixels,2.0,20,0.6666666666666666,66.66666666666666,33.333333333333336,0.5833333333333334,58.333333333333336,8.333333333333325,300,equal scenes; within each scene equal conditions and equal candidates; horizons reported separately
door,legacy_tworoom_multistep_panels_2026-09-30,agent,True,temporal_lag_prepend_current,one_horizon,1.75,224-canvas-pixels,2.0,25,0.8333333333333331,83.33333333333331,16.666666666666686,0.5833333333333334,58.333333333333336,24.99999999999998,300,equal scenes; within each scene equal conditions and equal candidates; horizons reported separately
door,legacy_tworoom_multistep_panels_2026-09-30,agent,True,temporal_lag_prepend_current,one_horizon,3.5,224-canvas-pixels,4.0,5,0.4583333333333333,45.83333333333333,54.16666666666667,0.625,62.5,-16.666666666666668,300,equal scenes; within each scene equal conditions and equal candidates; horizons reported separately
door,legacy_tworoom_multistep_panels_2026-09-30,agent,True,temporal_lag_prepend_current,one_horizon,3.5,224-canvas-pixels,4.0,10,0.5,50.0,50.0,0.5833333333333334,58.333333333333336,-8.333333333333337,300,equal scenes; within each scene equal conditions and equal candidates; horizons reported separately
door,legacy_tworoom_multistep_panels_2026-09-30,agent,True,temporal_lag_prepend_current,one_horizon,3.5,224-canvas-pixels,4.0,15,0.625,62.5,37.5,0.5833333333333334,58.333333333333336,4.1666666666666625,300,equal scenes; within each scene equal conditions and equal candidates; horizons reported separately
door,legacy_tworoom_multistep_panels_2026-09-30,agent,True,temporal_lag_prepend_current,one_horizon,3.5,224-canvas-pixels,4.0,20,0.6666666666666666,66.66666666666666,33.333333333333336,0.5833333333333334,58.333333333333336,8.333333333333325,300,equal scenes; within each scene equal conditions and equal candidates; horizons reported separately
door,legacy_tworoom_multistep_panels_2026-09-30,agent,True,temporal_lag_prepend_current,one_horizon,3.5,224-canvas-pixels,4.0,25,0.8333333333333331,83.33333333333331,16.666666666666686,0.5833333333333334,58.333333333333336,24.99999999999998,300,equal scenes; within each scene equal conditions and equal candidates; horizons reported separately
door,legacy_tworoom_multistep_panels_2026-09-30,agent,True,temporal_lag_prepend_current,one_horizon,7.0,224-canvas-pixels,8.0,5,0.4583333333333333,45.83333333333333,54.16666666666667,0.6666666666666666,66.66666666666666,-20.833333333333332,300,equal scenes; within each scene equal conditions and equal candidates; horizons reported separately
door,legacy_tworoom_multistep_panels_2026-09-30,agent,True,temporal_lag_prepend_current,one_horizon,7.0,224-canvas-pixels,8.0,10,0.5,50.0,50.0,0.5833333333333334,58.333333333333336,-8.333333333333337,300,equal scenes; within each scene equal conditions and equal candidates; horizons reported separately
door,legacy_tworoom_multistep_panels_2026-09-30,agent,True,temporal_lag_prepend_current,one_horizon,7.0,224-canvas-pixels,8.0,15,0.625,62.5,37.5,0.5833333333333334,58.333333333333336,4.1666666666666625,300,equal scenes; within each scene equal conditions and equal candidates; horizons reported separately
door,legacy_tworoom_multistep_panels_2026-09-30,agent,True,temporal_lag_prepend_current,one_horizon,7.0,224-canvas-pixels,8.0,20,0.75,75.0,25.0,0.5833333333333334,58.333333333333336,16.666666666666664,300,equal scenes; within each scene equal conditions and equal candidates; horizons reported separately
door,legacy_tworoom_multistep_panels_2026-09-30,agent,True,temporal_lag_prepend_current,one_horizon,7.0,224-canvas-pixels,8.0,25,0.9583333333333334,95.83333333333334,4.1666666666666625,0.5833333333333334,58.333333333333336,37.5,300,equal scenes; within each scene equal conditions and equal candidates; horizons reported separately
door,legacy_tworoom_multistep_panels_2026-09-30,agent,True,temporal_lag_prepend_current,one_horizon,14.0,224-canvas-pixels,16.0,5,0.5,50.0,50.0,1.0,100.0,-50.0,300,equal scenes; within each scene equal conditions and equal candidates; horizons reported separately
door,legacy_tworoom_multistep_panels_2026-09-30,agent,True,temporal_lag_prepend_current,one_horizon,14.0,224-canvas-pixels,16.0,10,0.5416666666666666,54.166666666666664,45.833333333333336,0.75,75.0,-20.833333333333336,300,equal scenes; within each scene equal conditions and equal candidates; horizons reported separately
door,legacy_tworoom_multistep_panels_2026-09-30,agent,True,temporal_lag_prepend_current,one_horizon,14.0,224-canvas-pixels,16.0,15,0.6666666666666666,66.66666666666666,33.333333333333336,0.6666666666666666,66.66666666666666,0.0,300,equal scenes; within each scene equal conditions and equal candidates; horizons reported separately
door,legacy_tworoom_multistep_panels_2026-09-30,agent,True,temporal_lag_prepend_current,one_horizon,14.0,224-canvas-pixels,16.0,20,0.7916666666666669,79.16666666666669,20.833333333333314,0.6666666666666666,66.66666666666666,12.500000000000021,300,equal scenes; within each scene equal conditions and equal candidates; horizons reported separately
door,legacy_tworoom_multistep_panels_2026-09-30,agent,True,temporal_lag_prepend_current,one_horizon,14.0,224-canvas-pixels,16.0,25,1.0,100.0,0.0,0.6666666666666666,66.66666666666666,33.333333333333336,300,equal scenes; within each scene equal conditions and equal candidates; horizons reported separately
door,legacy_tworoom_multistep_panels_2026-09-30,agent,True,wrong_condition_true_future,cyclic_shift_by_1,0.875,224-canvas-pixels,1.0,5,0.25,25.0,75.0,0.625,62.5,-37.5,300,equal scenes; within each scene equal conditions and equal candidates; horizons reported separately
door,legacy_tworoom_multistep_panels_2026-09-30,agent,True,wrong_condition_true_future,cyclic_shift_by_1,0.875,224-canvas-pixels,1.0,10,0.16666666666666666,16.666666666666664,83.33333333333334,0.5833333333333334,58.333333333333336,-41.66666666666667,300,equal scenes; within each scene equal conditions and equal candidates; horizons reported separately
door,legacy_tworoom_multistep_panels_2026-09-30,agent,True,wrong_condition_true_future,cyclic_shift_by_1,0.875,224-canvas-pixels,1.0,15,0.16666666666666666,16.666666666666664,83.33333333333334,0.5833333333333334,58.333333333333336,-41.66666666666667,300,equal scenes; within each scene equal conditions and equal candidates; horizons reported separately
door,legacy_tworoom_multistep_panels_2026-09-30,agent,True,wrong_condition_true_future,cyclic_shift_by_1,0.875,224-canvas-pixels,1.0,20,0.16666666666666666,16.666666666666664,83.33333333333334,0.5833333333333334,58.333333333333336,-41.66666666666667,300,equal scenes; within each scene equal conditions and equal candidates; horizons reported separately
door,legacy_tworoom_multistep_panels_2026-09-30,agent,True,wrong_condition_true_future,cyclic_shift_by_1,0.875,224-canvas-pixels,1.0,25,0.16666666666666666,16.666666666666664,83.33333333333334,0.5833333333333334,58.333333333333336,-41.66666666666667,300,equal scenes; within each scene equal conditions and equal candidates; horizons reported separately
door,legacy_tworoom_multistep_panels_2026-09-30,agent,True,wrong_condition_true_future,cyclic_shift_by_1,1.75,224-canvas-pixels,2.0,5,0.25,25.0,75.0,0.625,62.5,-37.5,300,equal scenes; within each scene equal conditions and equal candidates; horizons reported separately
door,legacy_tworoom_multistep_panels_2026-09-30,agent,True,wrong_condition_true_future,cyclic_shift_by_1,1.75,224-canvas-pixels,2.0,10,0.16666666666666666,16.666666666666664,83.33333333333334,0.5833333333333334,58.333333333333336,-41.66666666666667,300,equal scenes; within each scene equal conditions and equal candidates; horizons reported separately
door,legacy_tworoom_multistep_panels_2026-09-30,agent,True,wrong_condition_true_future,cyclic_shift_by_1,1.75,224-canvas-pixels,2.0,15,0.16666666666666666,16.666666666666664,83.33333333333334,0.5833333333333334,58.333333333333336,-41.66666666666667,300,equal scenes; within each scene equal conditions and equal candidates; horizons reported separately
door,legacy_tworoom_multistep_panels_2026-09-30,agent,True,wrong_condition_true_future,cyclic_shift_by_1,1.75,224-canvas-pixels,2.0,20,0.16666666666666666,16.666666666666664,83.33333333333334,0.5833333333333334,58.333333333333336,-41.66666666666667,300,equal scenes; within each scene equal conditions and equal candidates; horizons reported separately
door,legacy_tworoom_multistep_panels_2026-09-30,agent,True,wrong_condition_true_future,cyclic_shift_by_1,1.75,224-canvas-pixels,2.0,25,0.16666666666666666,16.666666666666664,83.33333333333334,0.5833333333333334,58.333333333333336,-41.66666666666667,300,equal scenes; within each scene equal conditions and equal candidates; horizons reported separately
door,legacy_tworoom_multistep_panels_2026-09-30,agent,True,wrong_condition_true_future,cyclic_shift_by_1,3.5,224-canvas-pixels,4.0,5,0.25,25.0,75.0,0.625,62.5,-37.5,300,equal scenes; within each scene equal conditions and equal candidates; horizons reported separately
door,legacy_tworoom_multistep_panels_2026-09-30,agent,True,wrong_condition_true_future,cyclic_shift_by_1,3.5,224-canvas-pixels,4.0,10,0.16666666666666666,16.666666666666664,83.33333333333334,0.5833333333333334,58.333333333333336,-41.66666666666667,300,equal scenes; within each scene equal conditions and equal candidates; horizons reported separately
door,legacy_tworoom_multistep_panels_2026-09-30,agent,True,wrong_condition_true_future,cyclic_shift_by_1,3.5,224-canvas-pixels,4.0,15,0.16666666666666666,16.666666666666664,83.33333333333334,0.5833333333333334,58.333333333333336,-41.66666666666667,300,equal scenes; within each scene equal conditions and equal candidates; horizons reported separately
door,legacy_tworoom_multistep_panels_2026-09-30,agent,True,wrong_condition_true_future,cyclic_shift_by_1,3.5,224-canvas-pixels,4.0,20,0.16666666666666666,16.666666666666664,83.33333333333334,0.5833333333333334,58.333333333333336,-41.66666666666667,300,equal scenes; within each scene equal conditions and equal candidates; horizons reported separately
door,legacy_tworoom_multistep_panels_2026-09-30,agent,True,wrong_condition_true_future,cyclic_shift_by_1,3.5,224-canvas-pixels,4.0,25,0.16666666666666666,16.666666666666664,83.33333333333334,0.5833333333333334,58.333333333333336,-41.66666666666667,300,equal scenes; within each scene equal conditions and equal candidates; horizons reported separately
door,legacy_tworoom_multistep_panels_2026-09-30,agent,True,wrong_condition_true_future,cyclic_shift_by_1,7.0,224-canvas-pixels,8.0,5,0.25,25.0,75.0,0.6666666666666666,66.66666666666666,-41.666666666666664,300,equal scenes; within each scene equal conditions and equal candidates; horizons reported separately
door,legacy_tworoom_multistep_panels_2026-09-30,agent,True,wrong_condition_true_future,cyclic_shift_by_1,7.0,224-canvas-pixels,8.0,10,0.16666666666666666,16.666666666666664,83.33333333333334,0.5833333333333334,58.333333333333336,-41.66666666666667,300,equal scenes; within each scene equal conditions and equal candidates; horizons reported separately
door,legacy_tworoom_multistep_panels_2026-09-30,agent,True,wrong_condition_true_future,cyclic_shift_by_1,7.0,224-canvas-pixels,8.0,15,0.16666666666666666,16.666666666666664,83.33333333333334,0.5833333333333334,58.333333333333336,-41.66666666666667,300,equal scenes; within each scene equal conditions and equal candidates; horizons reported separately
door,legacy_tworoom_multistep_panels_2026-09-30,agent,True,wrong_condition_true_future,cyclic_shift_by_1,7.0,224-canvas-pixels,8.0,20,0.16666666666666666,16.666666666666664,83.33333333333334,0.5833333333333334,58.333333333333336,-41.66666666666667,300,equal scenes; within each scene equal conditions and equal candidates; horizons reported separately
door,legacy_tworoom_multistep_panels_2026-09-30,agent,True,wrong_condition_true_future,cyclic_shift_by_1,7.0,224-canvas-pixels,8.0,25,0.16666666666666666,16.666666666666664,83.33333333333334,0.5833333333333334,58.333333333333336,-41.66666666666667,300,equal scenes; within each scene equal conditions and equal candidates; horizons reported separately
door,legacy_tworoom_multistep_panels_2026-09-30,agent,True,wrong_condition_true_future,cyclic_shift_by_1,14.0,224-canvas-pixels,16.0,5,0.3333333333333333,33.33333333333333,66.66666666666667,1.0,100.0,-66.66666666666667,300,equal scenes; within each scene equal conditions and equal candidates; horizons reported separately
door,legacy_tworoom_multistep_panels_2026-09-30,agent,True,wrong_condition_true_future,cyclic_shift_by_1,14.0,224-canvas-pixels,16.0,10,0.16666666666666666,16.666666666666664,83.33333333333334,0.75,75.0,-58.333333333333336,300,equal scenes; within each scene equal conditions and equal candidates; horizons reported separately
door,legacy_tworoom_multistep_panels_2026-09-30,agent,True,wrong_condition_true_future,cyclic_shift_by_1,14.0,224-canvas-pixels,16.0,15,0.16666666666666666,16.666666666666664,83.33333333333334,0.6666666666666666,66.66666666666666,-50.0,300,equal scenes; within each scene equal conditions and equal candidates; horizons reported separately
door,legacy_tworoom_multistep_panels_2026-09-30,agent,True,wrong_condition_true_future,cyclic_shift_by_1,14.0,224-canvas-pixels,16.0,20,0.16666666666666666,16.666666666666664,83.33333333333334,0.6666666666666666,66.66666666666666,-50.0,300,equal scenes; within each scene equal conditions and equal candidates; horizons reported separately
door,legacy_tworoom_multistep_panels_2026-09-30,agent,True,wrong_condition_true_future,cyclic_shift_by_1,14.0,224-canvas-pixels,16.0,25,0.16666666666666666,16.666666666666664,83.33333333333334,0.6666666666666666,66.66666666666666,-50.0,300,equal scenes; within each scene equal conditions and equal candidates; horizons reported separately
motion_damping,visible_pusht_futures_2026-10-08,agent,False,condition_mean_common_privileged,mean_across_hidden_conditions,2.0,512-world-pixels,1.0,5,1.0,100.0,0.0,1.0,100.0,0.0,256,equal scenes; within each scene equal conditions and equal candidates; horizons reported separately
motion_damping,visible_pusht_futures_2026-10-08,agent,False,condition_mean_common_privileged,mean_across_hidden_conditions,2.0,512-world-pixels,1.0,10,1.0,100.0,0.0,1.0,100.0,0.0,256,equal scenes; within each scene equal conditions and equal candidates; horizons reported separately
motion_damping,visible_pusht_futures_2026-10-08,agent,False,condition_mean_common_privileged,mean_across_hidden_conditions,2.0,512-world-pixels,1.0,15,1.0,100.0,0.0,1.0,100.0,0.0,256,equal scenes; within each scene equal conditions and equal candidates; horizons reported separately
motion_damping,visible_pusht_futures_2026-10-08,agent,False,condition_mean_common_privileged,mean_across_hidden_conditions,2.0,512-world-pixels,1.0,20,1.0,100.0,0.0,1.0,100.0,0.0,256,equal scenes; within each scene equal conditions and equal candidates; horizons reported separately
motion_damping,visible_pusht_futures_2026-10-08,agent,False,condition_mean_common_privileged,mean_across_hidden_conditions,2.0,512-world-pixels,1.0,25,1.0,100.0,0.0,1.0,100.0,0.0,256,equal scenes; within each scene equal conditions and equal candidates; horizons reported separately
motion_damping,visible_pusht_futures_2026-10-08,agent,False,condition_mean_common_privileged,mean_across_hidden_conditions,4.0,512-world-pixels,2.0,5,1.0,100.0,0.0,1.0,100.0,0.0,256,equal scenes; within each scene equal conditions and equal candidates; horizons reported separately
motion_damping,visible_pusht_futures_2026-10-08,agent,False,condition_mean_common_privileged,mean_across_hidden_conditions,4.0,512-world-pixels,2.0,10,1.0,100.0,0.0,1.0,100.0,0.0,256,equal scenes; within each scene equal conditions and equal candidates; horizons reported separately
motion_damping,visible_pusht_futures_2026-10-08,agent,False,condition_mean_common_privileged,mean_across_hidden_conditions,4.0,512-world-pixels,2.0,15,1.0,100.0,0.0,1.0,100.0,0.0,256,equal scenes; within each scene equal conditions and equal candidates; horizons reported separately
motion_damping,visible_pusht_futures_2026-10-08,agent,False,condition_mean_common_privileged,mean_across_hidden_conditions,4.0,512-world-pixels,2.0,20,1.0,100.0,0.0,1.0,100.0,0.0,256,equal scenes; within each scene equal conditions and equal candidates; horizons reported separately
motion_damping,visible_pusht_futures_2026-10-08,agent,False,condition_mean_common_privileged,mean_across_hidden_conditions,4.0,512-world-pixels,2.0,25,1.0,100.0,0.0,1.0,100.0,0.0,256,equal scenes; within each scene equal conditions and equal candidates; horizons reported separately
motion_damping,visible_pusht_futures_2026-10-08,agent,False,condition_mean_common_privileged,mean_across_hidden_conditions,8.0,512-world-pixels,4.0,5,1.0,100.0,0.0,1.0,100.0,0.0,256,equal scenes; within each scene equal conditions and equal candidates; horizons reported separately
motion_damping,visible_pusht_futures_2026-10-08,agent,False,condition_mean_common_privileged,mean_across_hidden_conditions,8.0,512-world-pixels,4.0,10,1.0,100.0,0.0,1.0,100.0,0.0,256,equal scenes; within each scene equal conditions and equal candidates; horizons reported separately
motion_damping,visible_pusht_futures_2026-10-08,agent,False,condition_mean_common_privileged,mean_across_hidden_conditions,8.0,512-world-pixels,4.0,15,1.0,100.0,0.0,1.0,100.0,0.0,256,equal scenes; within each scene equal conditions and equal candidates; horizons reported separately
motion_damping,visible_pusht_futures_2026-10-08,agent,False,condition_mean_common_privileged,mean_across_hidden_conditions,8.0,512-world-pixels,4.0,20,1.0,100.0,0.0,1.0,100.0,0.0,256,equal scenes; within each scene equal conditions and equal candidates; horizons reported separately
motion_damping,visible_pusht_futures_2026-10-08,agent,False,condition_mean_common_privileged,mean_across_hidden_conditions,8.0,512-world-pixels,4.0,25,1.0,100.0,0.0,1.0,100.0,0.0,256,equal scenes; within each scene equal conditions and equal candidates; horizons reported separately
motion_damping,visible_pusht_futures_2026-10-08,agent,False,condition_mean_common_privileged,mean_across_hidden_conditions,16.0,512-world-pixels,8.0,5,1.0,100.0,0.0,1.0,100.0,0.0,256,equal scenes; within each scene equal conditions and equal candidates; horizons reported separately
motion_damping,visible_pusht_futures_2026-10-08,agent,False,condition_mean_common_privileged,mean_across_hidden_conditions,16.0,512-world-pixels,8.0,10,1.0,100.0,0.0,1.0,100.0,0.0,256,equal scenes; within each scene equal conditions and equal candidates; horizons reported separately
motion_damping,visible_pusht_futures_2026-10-08,agent,False,condition_mean_common_privileged,mean_across_hidden_conditions,16.0,512-world-pixels,8.0,15,1.0,100.0,0.0,1.0,100.0,0.0,256,equal scenes; within each scene equal conditions and equal candidates; horizons reported separately
motion_damping,visible_pusht_futures_2026-10-08,agent,False,condition_mean_common_privileged,mean_across_hidden_conditions,16.0,512-world-pixels,8.0,20,1.0,100.0,0.0,1.0,100.0,0.0,256,equal scenes; within each scene equal conditions and equal candidates; horizons reported separately
motion_damping,visible_pusht_futures_2026-10-08,agent,False,condition_mean_common_privileged,mean_across_hidden_conditions,16.0,512-world-pixels,8.0,25,1.0,100.0,0.0,1.0,100.0,0.0,256,equal scenes; within each scene equal conditions and equal candidates; horizons reported separately
motion_damping,visible_pusht_futures_2026-10-08,agent,False,condition_mean_common_privileged,mean_across_hidden_conditions,32.0,512-world-pixels,16.0,5,1.0,100.0,0.0,1.0,100.0,0.0,256,equal scenes; within each scene equal conditions and equal candidates; horizons reported separately
motion_damping,visible_pusht_futures_2026-10-08,agent,False,condition_mean_common_privileged,mean_across_hidden_conditions,32.0,512-world-pixels,16.0,10,1.0,100.0,0.0,1.0,100.0,0.0,256,equal scenes; within each scene equal conditions and equal candidates; horizons reported separately
motion_damping,visible_pusht_futures_2026-10-08,agent,False,condition_mean_common_privileged,mean_across_hidden_conditions,32.0,512-world-pixels,16.0,15,1.0,100.0,0.0,1.0,100.0,0.0,256,equal scenes; within each scene equal conditions and equal candidates; horizons reported separately
motion_damping,visible_pusht_futures_2026-10-08,agent,False,condition_mean_common_privileged,mean_across_hidden_conditions,32.0,512-world-pixels,16.0,20,1.0,100.0,0.0,1.0,100.0,0.0,256,equal scenes; within each scene equal conditions and equal candidates; horizons reported separately
motion_damping,visible_pusht_futures_2026-10-08,agent,False,condition_mean_common_privileged,mean_across_hidden_conditions,32.0,512-world-pixels,16.0,25,1.0,100.0,0.0,1.0,100.0,0.0,256,equal scenes; within each scene equal conditions and equal candidates; horizons reported separately
motion_damping,visible_pusht_futures_2026-10-08,agent,False,current_state_displacement_scale,0,2.0,512-world-pixels,1.0,5,0.10668106849747477,10.668106849747478,89.33189315025251,1.0,100.0,-89.33189315025251,256,equal scenes; within each scene equal conditions and equal candidates; horizons reported separately
motion_damping,visible_pusht_futures_2026-10-08,agent,False,current_state_displacement_scale,0,2.0,512-world-pixels,1.0,10,0.13847360321969698,13.847360321969699,86.15263967803031,1.0,100.0,-86.15263967803031,256,equal scenes; within each scene equal conditions and equal candidates; horizons reported separately
motion_damping,visible_pusht_futures_2026-10-08,agent,False,current_state_displacement_scale,0,2.0,512-world-pixels,1.0,15,0.10668106849747477,10.668106849747478,89.33189315025251,1.0,100.0,-89.33189315025251,256,equal scenes; within each scene equal conditions and equal candidates; horizons reported separately
motion_damping,visible_pusht_futures_2026-10-08,agent,False,current_state_displacement_scale,0,2.0,512-world-pixels,1.0,20,0.10668106849747477,10.668106849747478,89.33189315025251,1.0,100.0,-89.33189315025251,256,equal scenes; within each scene equal conditions and equal candidates; horizons reported separately
motion_damping,visible_pusht_futures_2026-10-08,agent,False,current_state_displacement_scale,0,2.0,512-world-pixels,1.0,25,0.10668106849747477,10.668106849747478,89.33189315025251,1.0,100.0,-89.33189315025251,256,equal scenes; within each scene equal conditions and equal candidates; horizons reported separately
motion_damping,visible_pusht_futures_2026-10-08,agent,False,current_state_displacement_scale,0,4.0,512-world-pixels,2.0,5,0.10668106849747477,10.668106849747478,89.33189315025251,1.0,100.0,-89.33189315025251,256,equal scenes; within each scene equal conditions and equal candidates; horizons reported separately
motion_damping,visible_pusht_futures_2026-10-08,agent,False,current_state_displacement_scale,0,4.0,512-world-pixels,2.0,10,0.18223149463383842,18.22314946338384,81.77685053661617,1.0,100.0,-81.77685053661617,256,equal scenes; within each scene equal conditions and equal candidates; horizons reported separately
motion_damping,visible_pusht_futures_2026-10-08,agent,False,current_state_displacement_scale,0,4.0,512-world-pixels,2.0,15,0.10668106849747477,10.668106849747478,89.33189315025251,1.0,100.0,-89.33189315025251,256,equal scenes; within each scene equal conditions and equal candidates; horizons reported separately
motion_damping,visible_pusht_futures_2026-10-08,agent,False,current_state_displacement_scale,0,4.0,512-world-pixels,2.0,20,0.10668106849747477,10.668106849747478,89.33189315025251,1.0,100.0,-89.33189315025251,256,equal scenes; within each scene equal conditions and equal candidates; horizons reported separately
motion_damping,visible_pusht_futures_2026-10-08,agent,False,current_state_displacement_scale,0,4.0,512-world-pixels,2.0,25,0.10668106849747477,10.668106849747478,89.33189315025251,1.0,100.0,-89.33189315025251,256,equal scenes; within each scene equal conditions and equal candidates; horizons reported separately
motion_damping,visible_pusht_futures_2026-10-08,agent,False,current_state_displacement_scale,0,8.0,512-world-pixels,4.0,5,0.11790068655303032,11.790068655303031,88.20993134469697,1.0,100.0,-88.20993134469697,256,equal scenes; within each scene equal conditions and equal candidates; horizons reported separately
motion_damping,visible_pusht_futures_2026-10-08,agent,False,current_state_displacement_scale,0,8.0,512-world-pixels,4.0,10,0.21287385574494955,21.287385574494955,78.71261442550505,1.0,100.0,-78.71261442550505,256,equal scenes; within each scene equal conditions and equal candidates; horizons reported separately
motion_damping,visible_pusht_futures_2026-10-08,agent,False,current_state_displacement_scale,0,8.0,512-world-pixels,4.0,15,0.11152047821969699,11.152047821969699,88.8479521780303,1.0,100.0,-88.8479521780303,256,equal scenes; within each scene equal conditions and equal candidates; horizons reported separately
motion_damping,visible_pusht_futures_2026-10-08,agent,False,current_state_displacement_scale,0,8.0,512-world-pixels,4.0,20,0.10668106849747477,10.668106849747478,89.33189315025251,1.0,100.0,-89.33189315025251,256,equal scenes; within each scene equal conditions and equal candidates; horizons reported separately
motion_damping,visible_pusht_futures_2026-10-08,agent,False,current_state_displacement_scale,0,8.0,512-world-pixels,4.0,25,0.10668106849747477,10.668106849747478,89.33189315025251,1.0,100.0,-89.33189315025251,256,equal scenes; within each scene equal conditions and equal candidates; horizons reported separately
motion_damping,visible_pusht_futures_2026-10-08,agent,False,current_state_displacement_scale,0,16.0,512-world-pixels,8.0,5,0.147067353219697,14.706735321969699,85.2932646780303,1.0,100.0,-85.2932646780303,256,equal scenes; within each scene equal conditions and equal candidates; horizons reported separately
motion_damping,visible_pusht_futures_2026-10-08,agent,False,current_state_displacement_scale,0,16.0,512-world-pixels,8.0,10,0.21925406407828288,21.925406407828287,78.07459359217171,1.0,100.0,-78.07459359217171,256,equal scenes; within each scene equal conditions and equal candidates; horizons reported separately
motion_damping,visible_pusht_futures_2026-10-08,agent,False,current_state_displacement_scale,0,16.0,512-world-pixels,8.0,15,0.12836075599747476,12.836075599747476,87.16392440025253,1.0,100.0,-87.16392440025253,256,equal scenes; within each scene equal conditions and equal candidates; horizons reported separately
motion_damping,visible_pusht_futures_2026-10-08,agent,False,current_state_displacement_scale,0,16.0,512-world-pixels,8.0,20,0.11152047821969699,11.152047821969699,88.8479521780303,1.0,100.0,-88.8479521780303,256,equal scenes; within each scene equal conditions and equal candidates; horizons reported separately
motion_damping,visible_pusht_futures_2026-10-08,agent,False,current_state_displacement_scale,0,16.0,512-world-pixels,8.0,25,0.11152047821969699,11.152047821969699,88.8479521780303,1.0,100.0,-88.8479521780303,256,equal scenes; within each scene equal conditions and equal candidates; horizons reported separately
motion_damping,visible_pusht_futures_2026-10-08,agent,False,current_state_displacement_scale,0,32.0,512-world-pixels,16.0,5,0.27802635732323233,27.802635732323232,72.19736426767676,1.0,100.0,-72.19736426767676,256,equal scenes; within each scene equal conditions and equal candidates; horizons reported separately
motion_damping,visible_pusht_futures_2026-10-08,agent,False,current_state_displacement_scale,0,32.0,512-world-pixels,16.0,10,0.23796066130050508,23.79606613005051,76.2039338699495,1.0,100.0,-76.2039338699495,256,equal scenes; within each scene equal conditions and equal candidates; horizons reported separately
motion_damping,visible_pusht_futures_2026-10-08,agent,False,current_state_displacement_scale,0,32.0,512-world-pixels,16.0,15,0.16182429766414141,16.182429766414142,83.81757023358585,1.0,100.0,-83.81757023358585,256,equal scenes; within each scene equal conditions and equal candidates; horizons reported separately
motion_damping,visible_pusht_futures_2026-10-08,agent,False,current_state_displacement_scale,0,32.0,512-world-pixels,16.0,20,0.12836075599747476,12.836075599747476,87.16392440025253,1.0,100.0,-87.16392440025253,256,equal scenes; within each scene equal conditions and equal candidates; horizons reported separately
motion_damping,visible_pusht_futures_2026-10-08,agent,False,current_state_displacement_scale,0,32.0,512-world-pixels,16.0,25,0.12836075599747476,12.836075599747476,87.16392440025253,1.0,100.0,-87.16392440025253,256,equal scenes; within each scene equal conditions and equal candidates; horizons reported separately
motion_damping,visible_pusht_futures_2026-10-08,agent,False,current_state_displacement_scale,0.5,2.0,512-world-pixels,1.0,5,0.10668106849747477,10.668106849747478,89.33189315025251,1.0,100.0,-89.33189315025251,256,equal scenes; within each scene equal conditions and equal candidates; horizons reported separately
motion_damping,visible_pusht_futures_2026-10-08,agent,False,current_state_displacement_scale,0.5,2.0,512-world-pixels,1.0,10,0.18223149463383842,18.22314946338384,81.77685053661617,1.0,100.0,-81.77685053661617,256,equal scenes; within each scene equal conditions and equal candidates; horizons reported separately
motion_damping,visible_pusht_futures_2026-10-08,agent,False,current_state_displacement_scale,0.5,2.0,512-world-pixels,1.0,15,0.10668106849747477,10.668106849747478,89.33189315025251,1.0,100.0,-89.33189315025251,256,equal scenes; within each scene equal conditions and equal candidates; horizons reported separately
motion_damping,visible_pusht_futures_2026-10-08,agent,False,current_state_displacement_scale,0.5,2.0,512-world-pixels,1.0,20,0.10668106849747477,10.668106849747478,89.33189315025251,1.0,100.0,-89.33189315025251,256,equal scenes; within each scene equal conditions and equal candidates; horizons reported separately
motion_damping,visible_pusht_futures_2026-10-08,agent,False,current_state_displacement_scale,0.5,2.0,512-world-pixels,1.0,25,0.10668106849747477,10.668106849747478,89.33189315025251,1.0,100.0,-89.33189315025251,256,equal scenes; within each scene equal conditions and equal candidates; horizons reported separately
motion_damping,visible_pusht_futures_2026-10-08,agent,False,current_state_displacement_scale,0.5,4.0,512-world-pixels,2.0,5,0.11790068655303032,11.790068655303031,88.20993134469697,1.0,100.0,-88.20993134469697,256,equal scenes; within each scene equal conditions and equal candidates; horizons reported separately
motion_damping,visible_pusht_futures_2026-10-08,agent,False,current_state_displacement_scale,0.5,4.0,512-world-pixels,2.0,10,0.21287385574494955,21.287385574494955,78.71261442550505,1.0,100.0,-78.71261442550505,256,equal scenes; within each scene equal conditions and equal candidates; horizons reported separately
motion_damping,visible_pusht_futures_2026-10-08,agent,False,current_state_displacement_scale,0.5,4.0,512-world-pixels,2.0,15,0.11152047821969699,11.152047821969699,88.8479521780303,1.0,100.0,-88.8479521780303,256,equal scenes; within each scene equal conditions and equal candidates; horizons reported separately
motion_damping,visible_pusht_futures_2026-10-08,agent,False,current_state_displacement_scale,0.5,4.0,512-world-pixels,2.0,20,0.10668106849747477,10.668106849747478,89.33189315025251,1.0,100.0,-89.33189315025251,256,equal scenes; within each scene equal conditions and equal candidates; horizons reported separately
motion_damping,visible_pusht_futures_2026-10-08,agent,False,current_state_displacement_scale,0.5,4.0,512-world-pixels,2.0,25,0.10668106849747477,10.668106849747478,89.33189315025251,1.0,100.0,-89.33189315025251,256,equal scenes; within each scene equal conditions and equal candidates; horizons reported separately
motion_damping,visible_pusht_futures_2026-10-08,agent,False,current_state_displacement_scale,0.5,8.0,512-world-pixels,4.0,5,0.147067353219697,14.706735321969699,85.2932646780303,1.0,100.0,-85.2932646780303,256,equal scenes; within each scene equal conditions and equal candidates; horizons reported separately
motion_damping,visible_pusht_futures_2026-10-08,agent,False,current_state_displacement_scale,0.5,8.0,512-world-pixels,4.0,10,0.21925406407828288,21.925406407828287,78.07459359217171,1.0,100.0,-78.07459359217171,256,equal scenes; within each scene equal conditions and equal candidates; horizons reported separately
motion_damping,visible_pusht_futures_2026-10-08,agent,False,current_state_displacement_scale,0.5,8.0,512-world-pixels,4.0,15,0.12836075599747476,12.836075599747476,87.16392440025253,1.0,100.0,-87.16392440025253,256,equal scenes; within each scene equal conditions and equal candidates; horizons reported separately
motion_damping,visible_pusht_futures_2026-10-08,agent,False,current_state_displacement_scale,0.5,8.0,512-world-pixels,4.0,20,0.11152047821969699,11.152047821969699,88.8479521780303,1.0,100.0,-88.8479521780303,256,equal scenes; within each scene equal conditions and equal candidates; horizons reported separately
motion_damping,visible_pusht_futures_2026-10-08,agent,False,current_state_displacement_scale,0.5,8.0,512-world-pixels,4.0,25,0.11152047821969699,11.152047821969699,88.8479521780303,1.0,100.0,-88.8479521780303,256,equal scenes; within each scene equal conditions and equal candidates; horizons reported separately
motion_damping,visible_pusht_futures_2026-10-08,agent,False,current_state_displacement_scale,0.5,16.0,512-world-pixels,8.0,5,0.27802635732323233,27.802635732323232,72.19736426767676,1.0,100.0,-72.19736426767676,256,equal scenes; within each scene equal conditions and equal candidates; horizons reported separately
motion_damping,visible_pusht_futures_2026-10-08,agent,False,current_state_displacement_scale,0.5,16.0,512-world-pixels,8.0,10,0.23796066130050508,23.79606613005051,76.2039338699495,1.0,100.0,-76.2039338699495,256,equal scenes; within each scene equal conditions and equal candidates; horizons reported separately
motion_damping,visible_pusht_futures_2026-10-08,agent,False,current_state_displacement_scale,0.5,16.0,512-world-pixels,8.0,15,0.16182429766414141,16.182429766414142,83.81757023358585,1.0,100.0,-83.81757023358585,256,equal scenes; within each scene equal conditions and equal candidates; horizons reported separately
motion_damping,visible_pusht_futures_2026-10-08,agent,False,current_state_displacement_scale,0.5,16.0,512-world-pixels,8.0,20,0.12836075599747476,12.836075599747476,87.16392440025253,1.0,100.0,-87.16392440025253,256,equal scenes; within each scene equal conditions and equal candidates; horizons reported separately
motion_damping,visible_pusht_futures_2026-10-08,agent,False,current_state_displacement_scale,0.5,16.0,512-world-pixels,8.0,25,0.12836075599747476,12.836075599747476,87.16392440025253,1.0,100.0,-87.16392440025253,256,equal scenes; within each scene equal conditions and equal candidates; horizons reported separately
motion_damping,visible_pusht_futures_2026-10-08,agent,False,current_state_displacement_scale,0.5,32.0,512-world-pixels,16.0,5,0.6027215514520202,60.27215514520202,39.72784485479798,1.0,100.0,-39.72784485479798,256,equal scenes; within each scene equal conditions and equal candidates; horizons reported separately
motion_damping,visible_pusht_futures_2026-10-08,agent,False,current_state_displacement_scale,0.5,32.0,512-world-pixels,16.0,10,0.35242660984848484,35.242660984848484,64.75733901515152,1.0,100.0,-64.75733901515152,256,equal scenes; within each scene equal conditions and equal candidates; horizons reported separately
motion_damping,visible_pusht_futures_2026-10-08,agent,False,current_state_displacement_scale,0.5,32.0,512-world-pixels,16.0,15,0.2656782670454545,26.56782670454545,73.43217329545455,1.0,100.0,-73.43217329545455,256,equal scenes; within each scene equal conditions and equal candidates; horizons reported separately
motion_damping,visible_pusht_futures_2026-10-08,agent,False,current_state_displacement_scale,0.5,32.0,512-world-pixels,16.0,20,0.1644284643308081,16.44284643308081,83.5571535669192,1.0,100.0,-83.5571535669192,256,equal scenes; within each scene equal conditions and equal candidates; horizons reported separately
motion_damping,visible_pusht_futures_2026-10-08,agent,False,current_state_displacement_scale,0.5,32.0,512-world-pixels,16.0,25,0.162692353219697,16.2692353219697,83.7307646780303,1.0,100.0,-83.7307646780303,256,equal scenes; within each scene equal conditions and equal candidates; horizons reported separately
motion_damping,visible_pusht_futures_2026-10-08,agent,False,current_state_displacement_scale,1,2.0,512-world-pixels,1.0,5,1.0,100.0,0.0,1.0,100.0,0.0,256,equal scenes; within each scene equal conditions and equal candidates; horizons reported separately
motion_damping,visible_pusht_futures_2026-10-08,agent,False,current_state_displacement_scale,1,2.0,512-world-pixels,1.0,10,1.0,100.0,0.0,1.0,100.0,0.0,256,equal scenes; within each scene equal conditions and equal candidates; horizons reported separately
motion_damping,visible_pusht_futures_2026-10-08,agent,False,current_state_displacement_scale,1,2.0,512-world-pixels,1.0,15,1.0,100.0,0.0,1.0,100.0,0.0,256,equal scenes; within each scene equal conditions and equal candidates; horizons reported separately
motion_damping,visible_pusht_futures_2026-10-08,agent,False,current_state_displacement_scale,1,2.0,512-world-pixels,1.0,20,1.0,100.0,0.0,1.0,100.0,0.0,256,equal scenes; within each scene equal conditions and equal candidates; horizons reported separately
motion_damping,visible_pusht_futures_2026-10-08,agent,False,current_state_displacement_scale,1,2.0,512-world-pixels,1.0,25,1.0,100.0,0.0,1.0,100.0,0.0,256,equal scenes; within each scene equal conditions and equal candidates; horizons reported separately
motion_damping,visible_pusht_futures_2026-10-08,agent,False,current_state_displacement_scale,1,4.0,512-world-pixels,2.0,5,1.0,100.0,0.0,1.0,100.0,0.0,256,equal scenes; within each scene equal conditions and equal candidates; horizons reported separately
motion_damping,visible_pusht_futures_2026-10-08,agent,False,current_state_displacement_scale,1,4.0,512-world-pixels,2.0,10,1.0,100.0,0.0,1.0,100.0,0.0,256,equal scenes; within each scene equal conditions and equal candidates; horizons reported separately
motion_damping,visible_pusht_futures_2026-10-08,agent,False,current_state_displacement_scale,1,4.0,512-world-pixels,2.0,15,1.0,100.0,0.0,1.0,100.0,0.0,256,equal scenes; within each scene equal conditions and equal candidates; horizons reported separately
motion_damping,visible_pusht_futures_2026-10-08,agent,False,current_state_displacement_scale,1,4.0,512-world-pixels,2.0,20,1.0,100.0,0.0,1.0,100.0,0.0,256,equal scenes; within each scene equal conditions and equal candidates; horizons reported separately
motion_damping,visible_pusht_futures_2026-10-08,agent,False,current_state_displacement_scale,1,4.0,512-world-pixels,2.0,25,1.0,100.0,0.0,1.0,100.0,0.0,256,equal scenes; within each scene equal conditions and equal candidates; horizons reported separately
motion_damping,visible_pusht_futures_2026-10-08,agent,False,current_state_displacement_scale,1,8.0,512-world-pixels,4.0,5,1.0,100.0,0.0,1.0,100.0,0.0,256,equal scenes; within each scene equal conditions and equal candidates; horizons reported separately
motion_damping,visible_pusht_futures_2026-10-08,agent,False,current_state_displacement_scale,1,8.0,512-world-pixels,4.0,10,1.0,100.0,0.0,1.0,100.0,0.0,256,equal scenes; within each scene equal conditions and equal candidates; horizons reported separately
motion_damping,visible_pusht_futures_2026-10-08,agent,False,current_state_displacement_scale,1,8.0,512-world-pixels,4.0,15,1.0,100.0,0.0,1.0,100.0,0.0,256,equal scenes; within each scene equal conditions and equal candidates; horizons reported separately
motion_damping,visible_pusht_futures_2026-10-08,agent,False,current_state_displacement_scale,1,8.0,512-world-pixels,4.0,20,1.0,100.0,0.0,1.0,100.0,0.0,256,equal scenes; within each scene equal conditions and equal candidates; horizons reported separately
motion_damping,visible_pusht_futures_2026-10-08,agent,False,current_state_displacement_scale,1,8.0,512-world-pixels,4.0,25,1.0,100.0,0.0,1.0,100.0,0.0,256,equal scenes; within each scene equal conditions and equal candidates; horizons reported separately
motion_damping,visible_pusht_futures_2026-10-08,agent,False,current_state_displacement_scale,1,16.0,512-world-pixels,8.0,5,1.0,100.0,0.0,1.0,100.0,0.0,256,equal scenes; within each scene equal conditions and equal candidates; horizons reported separately
motion_damping,visible_pusht_futures_2026-10-08,agent,False,current_state_displacement_scale,1,16.0,512-world-pixels,8.0,10,1.0,100.0,0.0,1.0,100.0,0.0,256,equal scenes; within each scene equal conditions and equal candidates; horizons reported separately
motion_damping,visible_pusht_futures_2026-10-08,agent,False,current_state_displacement_scale,1,16.0,512-world-pixels,8.0,15,1.0,100.0,0.0,1.0,100.0,0.0,256,equal scenes; within each scene equal conditions and equal candidates; horizons reported separately
motion_damping,visible_pusht_futures_2026-10-08,agent,False,current_state_displacement_scale,1,16.0,512-world-pixels,8.0,20,1.0,100.0,0.0,1.0,100.0,0.0,256,equal scenes; within each scene equal conditions and equal candidates; horizons reported separately
motion_damping,visible_pusht_futures_2026-10-08,agent,False,current_state_displacement_scale,1,16.0,512-world-pixels,8.0,25,1.0,100.0,0.0,1.0,100.0,0.0,256,equal scenes; within each scene equal conditions and equal candidates; horizons reported separately
motion_damping,visible_pusht_futures_2026-10-08,agent,False,current_state_displacement_scale,1,32.0,512-world-pixels,16.0,5,1.0,100.0,0.0,1.0,100.0,0.0,256,equal scenes; within each scene equal conditions and equal candidates; horizons reported separately
motion_damping,visible_pusht_futures_2026-10-08,agent,False,current_state_displacement_scale,1,32.0,512-world-pixels,16.0,10,1.0,100.0,0.0,1.0,100.0,0.0,256,equal scenes; within each scene equal conditions and equal candidates; horizons reported separately
motion_damping,visible_pusht_futures_2026-10-08,agent,False,current_state_displacement_scale,1,32.0,512-world-pixels,16.0,15,1.0,100.0,0.0,1.0,100.0,0.0,256,equal scenes; within each scene equal conditions and equal candidates; horizons reported separately
motion_damping,visible_pusht_futures_2026-10-08,agent,False,current_state_displacement_scale,1,32.0,512-world-pixels,16.0,20,1.0,100.0,0.0,1.0,100.0,0.0,256,equal scenes; within each scene equal conditions and equal candidates; horizons reported separately
motion_damping,visible_pusht_futures_2026-10-08,agent,False,current_state_displacement_scale,1,32.0,512-world-pixels,16.0,25,1.0,100.0,0.0,1.0,100.0,0.0,256,equal scenes; within each scene equal conditions and equal candidates; horizons reported separately
motion_damping,visible_pusht_futures_2026-10-08,agent,False,current_state_displacement_scale,1.5,2.0,512-world-pixels,1.0,5,0.10668106849747477,10.668106849747478,89.33189315025251,1.0,100.0,-89.33189315025251,256,equal scenes; within each scene equal conditions and equal candidates; horizons reported separately
motion_damping,visible_pusht_futures_2026-10-08,agent,False,current_state_displacement_scale,1.5,2.0,512-world-pixels,1.0,10,0.18223149463383842,18.22314946338384,81.77685053661617,1.0,100.0,-81.77685053661617,256,equal scenes; within each scene equal conditions and equal candidates; horizons reported separately
motion_damping,visible_pusht_futures_2026-10-08,agent,False,current_state_displacement_scale,1.5,2.0,512-world-pixels,1.0,15,0.10668106849747477,10.668106849747478,89.33189315025251,1.0,100.0,-89.33189315025251,256,equal scenes; within each scene equal conditions and equal candidates; horizons reported separately
motion_damping,visible_pusht_futures_2026-10-08,agent,False,current_state_displacement_scale,1.5,2.0,512-world-pixels,1.0,20,0.10668106849747477,10.668106849747478,89.33189315025251,1.0,100.0,-89.33189315025251,256,equal scenes; within each scene equal conditions and equal candidates; horizons reported separately
motion_damping,visible_pusht_futures_2026-10-08,agent,False,current_state_displacement_scale,1.5,2.0,512-world-pixels,1.0,25,0.10668106849747477,10.668106849747478,89.33189315025251,1.0,100.0,-89.33189315025251,256,equal scenes; within each scene equal conditions and equal candidates; horizons reported separately
motion_damping,visible_pusht_futures_2026-10-08,agent,False,current_state_displacement_scale,1.5,4.0,512-world-pixels,2.0,5,0.11790068655303032,11.790068655303031,88.20993134469697,1.0,100.0,-88.20993134469697,256,equal scenes; within each scene equal conditions and equal candidates; horizons reported separately
motion_damping,visible_pusht_futures_2026-10-08,agent,False,current_state_displacement_scale,1.5,4.0,512-world-pixels,2.0,10,0.21287385574494955,21.287385574494955,78.71261442550505,1.0,100.0,-78.71261442550505,256,equal scenes; within each scene equal conditions and equal candidates; horizons reported separately
motion_damping,visible_pusht_futures_2026-10-08,agent,False,current_state_displacement_scale,1.5,4.0,512-world-pixels,2.0,15,0.11152047821969699,11.152047821969699,88.8479521780303,1.0,100.0,-88.8479521780303,256,equal scenes; within each scene equal conditions and equal candidates; horizons reported separately
motion_damping,visible_pusht_futures_2026-10-08,agent,False,current_state_displacement_scale,1.5,4.0,512-world-pixels,2.0,20,0.10668106849747477,10.668106849747478,89.33189315025251,1.0,100.0,-89.33189315025251,256,equal scenes; within each scene equal conditions and equal candidates; horizons reported separately
motion_damping,visible_pusht_futures_2026-10-08,agent,False,current_state_displacement_scale,1.5,4.0,512-world-pixels,2.0,25,0.10668106849747477,10.668106849747478,89.33189315025251,1.0,100.0,-89.33189315025251,256,equal scenes; within each scene equal conditions and equal candidates; horizons reported separately
motion_damping,visible_pusht_futures_2026-10-08,agent,False,current_state_displacement_scale,1.5,8.0,512-world-pixels,4.0,5,0.147067353219697,14.706735321969699,85.2932646780303,1.0,100.0,-85.2932646780303,256,equal scenes; within each scene equal conditions and equal candidates; horizons reported separately
motion_damping,visible_pusht_futures_2026-10-08,agent,False,current_state_displacement_scale,1.5,8.0,512-world-pixels,4.0,10,0.21925406407828288,21.925406407828287,78.07459359217171,1.0,100.0,-78.07459359217171,256,equal scenes; within each scene equal conditions and equal candidates; horizons reported separately
motion_damping,visible_pusht_futures_2026-10-08,agent,False,current_state_displacement_scale,1.5,8.0,512-world-pixels,4.0,15,0.12836075599747476,12.836075599747476,87.16392440025253,1.0,100.0,-87.16392440025253,256,equal scenes; within each scene equal conditions and equal candidates; horizons reported separately
motion_damping,visible_pusht_futures_2026-10-08,agent,False,current_state_displacement_scale,1.5,8.0,512-world-pixels,4.0,20,0.11152047821969699,11.152047821969699,88.8479521780303,1.0,100.0,-88.8479521780303,256,equal scenes; within each scene equal conditions and equal candidates; horizons reported separately
motion_damping,visible_pusht_futures_2026-10-08,agent,False,current_state_displacement_scale,1.5,8.0,512-world-pixels,4.0,25,0.11152047821969699,11.152047821969699,88.8479521780303,1.0,100.0,-88.8479521780303,256,equal scenes; within each scene equal conditions and equal candidates; horizons reported separately
motion_damping,visible_pusht_futures_2026-10-08,agent,False,current_state_displacement_scale,1.5,16.0,512-world-pixels,8.0,5,0.27802635732323233,27.802635732323232,72.19736426767676,1.0,100.0,-72.19736426767676,256,equal scenes; within each scene equal conditions and equal candidates; horizons reported separately
motion_damping,visible_pusht_futures_2026-10-08,agent,False,current_state_displacement_scale,1.5,16.0,512-world-pixels,8.0,10,0.23796066130050508,23.79606613005051,76.2039338699495,1.0,100.0,-76.2039338699495,256,equal scenes; within each scene equal conditions and equal candidates; horizons reported separately
motion_damping,visible_pusht_futures_2026-10-08,agent,False,current_state_displacement_scale,1.5,16.0,512-world-pixels,8.0,15,0.16182429766414141,16.182429766414142,83.81757023358585,1.0,100.0,-83.81757023358585,256,equal scenes; within each scene equal conditions and equal candidates; horizons reported separately
motion_damping,visible_pusht_futures_2026-10-08,agent,False,current_state_displacement_scale,1.5,16.0,512-world-pixels,8.0,20,0.12836075599747476,12.836075599747476,87.16392440025253,1.0,100.0,-87.16392440025253,256,equal scenes; within each scene equal conditions and equal candidates; horizons reported separately
motion_damping,visible_pusht_futures_2026-10-08,agent,False,current_state_displacement_scale,1.5,16.0,512-world-pixels,8.0,25,0.12836075599747476,12.836075599747476,87.16392440025253,1.0,100.0,-87.16392440025253,256,equal scenes; within each scene equal conditions and equal candidates; horizons reported separately
motion_damping,visible_pusht_futures_2026-10-08,agent,False,current_state_displacement_scale,1.5,32.0,512-world-pixels,16.0,5,0.6027215514520202,60.27215514520202,39.72784485479798,1.0,100.0,-39.72784485479798,256,equal scenes; within each scene equal conditions and equal candidates; horizons reported separately
motion_damping,visible_pusht_futures_2026-10-08,agent,False,current_state_displacement_scale,1.5,32.0,512-world-pixels,16.0,10,0.35242660984848484,35.242660984848484,64.75733901515152,1.0,100.0,-64.75733901515152,256,equal scenes; within each scene equal conditions and equal candidates; horizons reported separately
motion_damping,visible_pusht_futures_2026-10-08,agent,False,current_state_displacement_scale,1.5,32.0,512-world-pixels,16.0,15,0.2656782670454545,26.56782670454545,73.43217329545455,1.0,100.0,-73.43217329545455,256,equal scenes; within each scene equal conditions and equal candidates; horizons reported separately
motion_damping,visible_pusht_futures_2026-10-08,agent,False,current_state_displacement_scale,1.5,32.0,512-world-pixels,16.0,20,0.1644284643308081,16.44284643308081,83.5571535669192,1.0,100.0,-83.5571535669192,256,equal scenes; within each scene equal conditions and equal candidates; horizons reported separately
motion_damping,visible_pusht_futures_2026-10-08,agent,False,current_state_displacement_scale,1.5,32.0,512-world-pixels,16.0,25,0.162692353219697,16.2692353219697,83.7307646780303,1.0,100.0,-83.7307646780303,256,equal scenes; within each scene equal conditions and equal candidates; horizons reported separately
motion_damping,visible_pusht_futures_2026-10-08,agent,False,current_state_displacement_scale,2,2.0,512-world-pixels,1.0,5,0.10668106849747477,10.668106849747478,89.33189315025251,1.0,100.0,-89.33189315025251,256,equal scenes; within each scene equal conditions and equal candidates; horizons reported separately
motion_damping,visible_pusht_futures_2026-10-08,agent,False,current_state_displacement_scale,2,2.0,512-world-pixels,1.0,10,0.13847360321969698,13.847360321969699,86.15263967803031,1.0,100.0,-86.15263967803031,256,equal scenes; within each scene equal conditions and equal candidates; horizons reported separately
motion_damping,visible_pusht_futures_2026-10-08,agent,False,current_state_displacement_scale,2,2.0,512-world-pixels,1.0,15,0.10668106849747477,10.668106849747478,89.33189315025251,1.0,100.0,-89.33189315025251,256,equal scenes; within each scene equal conditions and equal candidates; horizons reported separately
motion_damping,visible_pusht_futures_2026-10-08,agent,False,current_state_displacement_scale,2,2.0,512-world-pixels,1.0,20,0.10668106849747477,10.668106849747478,89.33189315025251,1.0,100.0,-89.33189315025251,256,equal scenes; within each scene equal conditions and equal candidates; horizons reported separately
motion_damping,visible_pusht_futures_2026-10-08,agent,False,current_state_displacement_scale,2,2.0,512-world-pixels,1.0,25,0.10668106849747477,10.668106849747478,89.33189315025251,1.0,100.0,-89.33189315025251,256,equal scenes; within each scene equal conditions and equal candidates; horizons reported separately
motion_damping,visible_pusht_futures_2026-10-08,agent,False,current_state_displacement_scale,2,4.0,512-world-pixels,2.0,5,0.10668106849747477,10.668106849747478,89.33189315025251,1.0,100.0,-89.33189315025251,256,equal scenes; within each scene equal conditions and equal candidates; horizons reported separately
motion_damping,visible_pusht_futures_2026-10-08,agent,False,current_state_displacement_scale,2,4.0,512-world-pixels,2.0,10,0.18223149463383842,18.22314946338384,81.77685053661617,1.0,100.0,-81.77685053661617,256,equal scenes; within each scene equal conditions and equal candidates; horizons reported separately
motion_damping,visible_pusht_futures_2026-10-08,agent,False,current_state_displacement_scale,2,4.0,512-world-pixels,2.0,15,0.10668106849747477,10.668106849747478,89.33189315025251,1.0,100.0,-89.33189315025251,256,equal scenes; within each scene equal conditions and equal candidates; horizons reported separately
motion_damping,visible_pusht_futures_2026-10-08,agent,False,current_state_displacement_scale,2,4.0,512-world-pixels,2.0,20,0.10668106849747477,10.668106849747478,89.33189315025251,1.0,100.0,-89.33189315025251,256,equal scenes; within each scene equal conditions and equal candidates; horizons reported separately
motion_damping,visible_pusht_futures_2026-10-08,agent,False,current_state_displacement_scale,2,4.0,512-world-pixels,2.0,25,0.10668106849747477,10.668106849747478,89.33189315025251,1.0,100.0,-89.33189315025251,256,equal scenes; within each scene equal conditions and equal candidates; horizons reported separately
motion_damping,visible_pusht_futures_2026-10-08,agent,False,current_state_displacement_scale,2,8.0,512-world-pixels,4.0,5,0.11790068655303032,11.790068655303031,88.20993134469697,1.0,100.0,-88.20993134469697,256,equal scenes; within each scene equal conditions and equal candidates; horizons reported separately
motion_damping,visible_pusht_futures_2026-10-08,agent,False,current_state_displacement_scale,2,8.0,512-world-pixels,4.0,10,0.21287385574494955,21.287385574494955,78.71261442550505,1.0,100.0,-78.71261442550505,256,equal scenes; within each scene equal conditions and equal candidates; horizons reported separately
motion_damping,visible_pusht_futures_2026-10-08,agent,False,current_state_displacement_scale,2,8.0,512-world-pixels,4.0,15,0.11152047821969699,11.152047821969699,88.8479521780303,1.0,100.0,-88.8479521780303,256,equal scenes; within each scene equal conditions and equal candidates; horizons reported separately
motion_damping,visible_pusht_futures_2026-10-08,agent,False,current_state_displacement_scale,2,8.0,512-world-pixels,4.0,20,0.10668106849747477,10.668106849747478,89.33189315025251,1.0,100.0,-89.33189315025251,256,equal scenes; within each scene equal conditions and equal candidates; horizons reported separately
motion_damping,visible_pusht_futures_2026-10-08,agent,False,current_state_displacement_scale,2,8.0,512-world-pixels,4.0,25,0.10668106849747477,10.668106849747478,89.33189315025251,1.0,100.0,-89.33189315025251,256,equal scenes; within each scene equal conditions and equal candidates; horizons reported separately
motion_damping,visible_pusht_futures_2026-10-08,agent,False,current_state_displacement_scale,2,16.0,512-world-pixels,8.0,5,0.147067353219697,14.706735321969699,85.2932646780303,1.0,100.0,-85.2932646780303,256,equal scenes; within each scene equal conditions and equal candidates; horizons reported separately
motion_damping,visible_pusht_futures_2026-10-08,agent,False,current_state_displacement_scale,2,16.0,512-world-pixels,8.0,10,0.21925406407828288,21.925406407828287,78.07459359217171,1.0,100.0,-78.07459359217171,256,equal scenes; within each scene equal conditions and equal candidates; horizons reported separately
motion_damping,visible_pusht_futures_2026-10-08,agent,False,current_state_displacement_scale,2,16.0,512-world-pixels,8.0,15,0.12836075599747476,12.836075599747476,87.16392440025253,1.0,100.0,-87.16392440025253,256,equal scenes; within each scene equal conditions and equal candidates; horizons reported separately
motion_damping,visible_pusht_futures_2026-10-08,agent,False,current_state_displacement_scale,2,16.0,512-world-pixels,8.0,20,0.11152047821969699,11.152047821969699,88.8479521780303,1.0,100.0,-88.8479521780303,256,equal scenes; within each scene equal conditions and equal candidates; horizons reported separately
motion_damping,visible_pusht_futures_2026-10-08,agent,False,current_state_displacement_scale,2,16.0,512-world-pixels,8.0,25,0.11152047821969699,11.152047821969699,88.8479521780303,1.0,100.0,-88.8479521780303,256,equal scenes; within each scene equal conditions and equal candidates; horizons reported separately
motion_damping,visible_pusht_futures_2026-10-08,agent,False,current_state_displacement_scale,2,32.0,512-world-pixels,16.0,5,0.27802635732323233,27.802635732323232,72.19736426767676,1.0,100.0,-72.19736426767676,256,equal scenes; within each scene equal conditions and equal candidates; horizons reported separately
motion_damping,visible_pusht_futures_2026-10-08,agent,False,current_state_displacement_scale,2,32.0,512-world-pixels,16.0,10,0.23796066130050508,23.79606613005051,76.2039338699495,1.0,100.0,-76.2039338699495,256,equal scenes; within each scene equal conditions and equal candidates; horizons reported separately
motion_damping,visible_pusht_futures_2026-10-08,agent,False,current_state_displacement_scale,2,32.0,512-world-pixels,16.0,15,0.16182429766414141,16.182429766414142,83.81757023358585,1.0,100.0,-83.81757023358585,256,equal scenes; within each scene equal conditions and equal candidates; horizons reported separately
motion_damping,visible_pusht_futures_2026-10-08,agent,False,current_state_displacement_scale,2,32.0,512-world-pixels,16.0,20,0.12836075599747476,12.836075599747476,87.16392440025253,1.0,100.0,-87.16392440025253,256,equal scenes; within each scene equal conditions and equal candidates; horizons reported separately
motion_damping,visible_pusht_futures_2026-10-08,agent,False,current_state_displacement_scale,2,32.0,512-world-pixels,16.0,25,0.12836075599747476,12.836075599747476,87.16392440025253,1.0,100.0,-87.16392440025253,256,equal scenes; within each scene equal conditions and equal candidates; horizons reported separately
motion_damping,visible_pusht_futures_2026-10-08,agent,False,exact_truth,,2.0,512-world-pixels,1.0,5,1.0,100.0,0.0,1.0,100.0,0.0,256,equal scenes; within each scene equal conditions and equal candidates; horizons reported separately
motion_damping,visible_pusht_futures_2026-10-08,agent,False,exact_truth,,2.0,512-world-pixels,1.0,10,1.0,100.0,0.0,1.0,100.0,0.0,256,equal scenes; within each scene equal conditions and equal candidates; horizons reported separately
motion_damping,visible_pusht_futures_2026-10-08,agent,False,exact_truth,,2.0,512-world-pixels,1.0,15,1.0,100.0,0.0,1.0,100.0,0.0,256,equal scenes; within each scene equal conditions and equal candidates; horizons reported separately
motion_damping,visible_pusht_futures_2026-10-08,agent,False,exact_truth,,2.0,512-world-pixels,1.0,20,1.0,100.0,0.0,1.0,100.0,0.0,256,equal scenes; within each scene equal conditions and equal candidates; horizons reported separately
motion_damping,visible_pusht_futures_2026-10-08,agent,False,exact_truth,,2.0,512-world-pixels,1.0,25,1.0,100.0,0.0,1.0,100.0,0.0,256,equal scenes; within each scene equal conditions and equal candidates; horizons reported separately
motion_damping,visible_pusht_futures_2026-10-08,agent,False,exact_truth,,4.0,512-world-pixels,2.0,5,1.0,100.0,0.0,1.0,100.0,0.0,256,equal scenes; within each scene equal conditions and equal candidates; horizons reported separately
motion_damping,visible_pusht_futures_2026-10-08,agent,False,exact_truth,,4.0,512-world-pixels,2.0,10,1.0,100.0,0.0,1.0,100.0,0.0,256,equal scenes; within each scene equal conditions and equal candidates; horizons reported separately
motion_damping,visible_pusht_futures_2026-10-08,agent,False,exact_truth,,4.0,512-world-pixels,2.0,15,1.0,100.0,0.0,1.0,100.0,0.0,256,equal scenes; within each scene equal conditions and equal candidates; horizons reported separately
motion_damping,visible_pusht_futures_2026-10-08,agent,False,exact_truth,,4.0,512-world-pixels,2.0,20,1.0,100.0,0.0,1.0,100.0,0.0,256,equal scenes; within each scene equal conditions and equal candidates; horizons reported separately
motion_damping,visible_pusht_futures_2026-10-08,agent,False,exact_truth,,4.0,512-world-pixels,2.0,25,1.0,100.0,0.0,1.0,100.0,0.0,256,equal scenes; within each scene equal conditions and equal candidates; horizons reported separately
motion_damping,visible_pusht_futures_2026-10-08,agent,False,exact_truth,,8.0,512-world-pixels,4.0,5,1.0,100.0,0.0,1.0,100.0,0.0,256,equal scenes; within each scene equal conditions and equal candidates; horizons reported separately
motion_damping,visible_pusht_futures_2026-10-08,agent,False,exact_truth,,8.0,512-world-pixels,4.0,10,1.0,100.0,0.0,1.0,100.0,0.0,256,equal scenes; within each scene equal conditions and equal candidates; horizons reported separately
motion_damping,visible_pusht_futures_2026-10-08,agent,False,exact_truth,,8.0,512-world-pixels,4.0,15,1.0,100.0,0.0,1.0,100.0,0.0,256,equal scenes; within each scene equal conditions and equal candidates; horizons reported separately
motion_damping,visible_pusht_futures_2026-10-08,agent,False,exact_truth,,8.0,512-world-pixels,4.0,20,1.0,100.0,0.0,1.0,100.0,0.0,256,equal scenes; within each scene equal conditions and equal candidates; horizons reported separately
motion_damping,visible_pusht_futures_2026-10-08,agent,False,exact_truth,,8.0,512-world-pixels,4.0,25,1.0,100.0,0.0,1.0,100.0,0.0,256,equal scenes; within each scene equal conditions and equal candidates; horizons reported separately
motion_damping,visible_pusht_futures_2026-10-08,agent,False,exact_truth,,16.0,512-world-pixels,8.0,5,1.0,100.0,0.0,1.0,100.0,0.0,256,equal scenes; within each scene equal conditions and equal candidates; horizons reported separately
motion_damping,visible_pusht_futures_2026-10-08,agent,False,exact_truth,,16.0,512-world-pixels,8.0,10,1.0,100.0,0.0,1.0,100.0,0.0,256,equal scenes; within each scene equal conditions and equal candidates; horizons reported separately
motion_damping,visible_pusht_futures_2026-10-08,agent,False,exact_truth,,16.0,512-world-pixels,8.0,15,1.0,100.0,0.0,1.0,100.0,0.0,256,equal scenes; within each scene equal conditions and equal candidates; horizons reported separately
motion_damping,visible_pusht_futures_2026-10-08,agent,False,exact_truth,,16.0,512-world-pixels,8.0,20,1.0,100.0,0.0,1.0,100.0,0.0,256,equal scenes; within each scene equal conditions and equal candidates; horizons reported separately
motion_damping,visible_pusht_futures_2026-10-08,agent,False,exact_truth,,16.0,512-world-pixels,8.0,25,1.0,100.0,0.0,1.0,100.0,0.0,256,equal scenes; within each scene equal conditions and equal candidates; horizons reported separately
motion_damping,visible_pusht_futures_2026-10-08,agent,False,exact_truth,,32.0,512-world-pixels,16.0,5,1.0,100.0,0.0,1.0,100.0,0.0,256,equal scenes; within each scene equal conditions and equal candidates; horizons reported separately
motion_damping,visible_pusht_futures_2026-10-08,agent,False,exact_truth,,32.0,512-world-pixels,16.0,10,1.0,100.0,0.0,1.0,100.0,0.0,256,equal scenes; within each scene equal conditions and equal candidates; horizons reported separately
motion_damping,visible_pusht_futures_2026-10-08,agent,False,exact_truth,,32.0,512-world-pixels,16.0,15,1.0,100.0,0.0,1.0,100.0,0.0,256,equal scenes; within each scene equal conditions and equal candidates; horizons reported separately
motion_damping,visible_pusht_futures_2026-10-08,agent,False,exact_truth,,32.0,512-world-pixels,16.0,20,1.0,100.0,0.0,1.0,100.0,0.0,256,equal scenes; within each scene equal conditions and equal candidates; horizons reported separately
motion_damping,visible_pusht_futures_2026-10-08,agent,False,exact_truth,,32.0,512-world-pixels,16.0,25,1.0,100.0,0.0,1.0,100.0,0.0,256,equal scenes; within each scene equal conditions and equal candidates; horizons reported separately
motion_damping,visible_pusht_futures_2026-10-08,agent,False,fixed_norm_offset,1,2.0,512-world-pixels,1.0,5,1.0,100.0,0.0,1.0,100.0,0.0,256,equal scenes; within each scene equal conditions and equal candidates; horizons reported separately
motion_damping,visible_pusht_futures_2026-10-08,agent,False,fixed_norm_offset,1,2.0,512-world-pixels,1.0,10,1.0,100.0,0.0,1.0,100.0,0.0,256,equal scenes; within each scene equal conditions and equal candidates; horizons reported separately
motion_damping,visible_pusht_futures_2026-10-08,agent,False,fixed_norm_offset,1,2.0,512-world-pixels,1.0,15,1.0,100.0,0.0,1.0,100.0,0.0,256,equal scenes; within each scene equal conditions and equal candidates; horizons reported separately
motion_damping,visible_pusht_futures_2026-10-08,agent,False,fixed_norm_offset,1,2.0,512-world-pixels,1.0,20,1.0,100.0,0.0,1.0,100.0,0.0,256,equal scenes; within each scene equal conditions and equal candidates; horizons reported separately
motion_damping,visible_pusht_futures_2026-10-08,agent,False,fixed_norm_offset,1,2.0,512-world-pixels,1.0,25,1.0,100.0,0.0,1.0,100.0,0.0,256,equal scenes; within each scene equal conditions and equal candidates; horizons reported separately
motion_damping,visible_pusht_futures_2026-10-08,agent,False,fixed_norm_offset,1,4.0,512-world-pixels,2.0,5,1.0,100.0,0.0,1.0,100.0,0.0,256,equal scenes; within each scene equal conditions and equal candidates; horizons reported separately
motion_damping,visible_pusht_futures_2026-10-08,agent,False,fixed_norm_offset,1,4.0,512-world-pixels,2.0,10,1.0,100.0,0.0,1.0,100.0,0.0,256,equal scenes; within each scene equal conditions and equal candidates; horizons reported separately
motion_damping,visible_pusht_futures_2026-10-08,agent,False,fixed_norm_offset,1,4.0,512-world-pixels,2.0,15,1.0,100.0,0.0,1.0,100.0,0.0,256,equal scenes; within each scene equal conditions and equal candidates; horizons reported separately
motion_damping,visible_pusht_futures_2026-10-08,agent,False,fixed_norm_offset,1,4.0,512-world-pixels,2.0,20,1.0,100.0,0.0,1.0,100.0,0.0,256,equal scenes; within each scene equal conditions and equal candidates; horizons reported separately
motion_damping,visible_pusht_futures_2026-10-08,agent,False,fixed_norm_offset,1,4.0,512-world-pixels,2.0,25,1.0,100.0,0.0,1.0,100.0,0.0,256,equal scenes; within each scene equal conditions and equal candidates; horizons reported separately
motion_damping,visible_pusht_futures_2026-10-08,agent,False,fixed_norm_offset,1,8.0,512-world-pixels,4.0,5,1.0,100.0,0.0,1.0,100.0,0.0,256,equal scenes; within each scene equal conditions and equal candidates; horizons reported separately
motion_damping,visible_pusht_futures_2026-10-08,agent,False,fixed_norm_offset,1,8.0,512-world-pixels,4.0,10,1.0,100.0,0.0,1.0,100.0,0.0,256,equal scenes; within each scene equal conditions and equal candidates; horizons reported separately
motion_damping,visible_pusht_futures_2026-10-08,agent,False,fixed_norm_offset,1,8.0,512-world-pixels,4.0,15,1.0,100.0,0.0,1.0,100.0,0.0,256,equal scenes; within each scene equal conditions and equal candidates; horizons reported separately
motion_damping,visible_pusht_futures_2026-10-08,agent,False,fixed_norm_offset,1,8.0,512-world-pixels,4.0,20,1.0,100.0,0.0,1.0,100.0,0.0,256,equal scenes; within each scene equal conditions and equal candidates; horizons reported separately
motion_damping,visible_pusht_futures_2026-10-08,agent,False,fixed_norm_offset,1,8.0,512-world-pixels,4.0,25,1.0,100.0,0.0,1.0,100.0,0.0,256,equal scenes; within each scene equal conditions and equal candidates; horizons reported separately
motion_damping,visible_pusht_futures_2026-10-08,agent,False,fixed_norm_offset,1,16.0,512-world-pixels,8.0,5,1.0,100.0,0.0,1.0,100.0,0.0,256,equal scenes; within each scene equal conditions and equal candidates; horizons reported separately
motion_damping,visible_pusht_futures_2026-10-08,agent,False,fixed_norm_offset,1,16.0,512-world-pixels,8.0,10,1.0,100.0,0.0,1.0,100.0,0.0,256,equal scenes; within each scene equal conditions and equal candidates; horizons reported separately
motion_damping,visible_pusht_futures_2026-10-08,agent,False,fixed_norm_offset,1,16.0,512-world-pixels,8.0,15,1.0,100.0,0.0,1.0,100.0,0.0,256,equal scenes; within each scene equal conditions and equal candidates; horizons reported separately
motion_damping,visible_pusht_futures_2026-10-08,agent,False,fixed_norm_offset,1,16.0,512-world-pixels,8.0,20,1.0,100.0,0.0,1.0,100.0,0.0,256,equal scenes; within each scene equal conditions and equal candidates; horizons reported separately
motion_damping,visible_pusht_futures_2026-10-08,agent,False,fixed_norm_offset,1,16.0,512-world-pixels,8.0,25,1.0,100.0,0.0,1.0,100.0,0.0,256,equal scenes; within each scene equal conditions and equal candidates; horizons reported separately
motion_damping,visible_pusht_futures_2026-10-08,agent,False,fixed_norm_offset,1,32.0,512-world-pixels,16.0,5,1.0,100.0,0.0,1.0,100.0,0.0,256,equal scenes; within each scene equal conditions and equal candidates; horizons reported separately
motion_damping,visible_pusht_futures_2026-10-08,agent,False,fixed_norm_offset,1,32.0,512-world-pixels,16.0,10,1.0,100.0,0.0,1.0,100.0,0.0,256,equal scenes; within each scene equal conditions and equal candidates; horizons reported separately
motion_damping,visible_pusht_futures_2026-10-08,agent,False,fixed_norm_offset,1,32.0,512-world-pixels,16.0,15,1.0,100.0,0.0,1.0,100.0,0.0,256,equal scenes; within each scene equal conditions and equal candidates; horizons reported separately
motion_damping,visible_pusht_futures_2026-10-08,agent,False,fixed_norm_offset,1,32.0,512-world-pixels,16.0,20,1.0,100.0,0.0,1.0,100.0,0.0,256,equal scenes; within each scene equal conditions and equal candidates; horizons reported separately
motion_damping,visible_pusht_futures_2026-10-08,agent,False,fixed_norm_offset,1,32.0,512-world-pixels,16.0,25,1.0,100.0,0.0,1.0,100.0,0.0,256,equal scenes; within each scene equal conditions and equal candidates; horizons reported separately
motion_damping,visible_pusht_futures_2026-10-08,agent,False,fixed_norm_offset,16,2.0,512-world-pixels,1.0,5,0.0,0.0,100.0,1.0,100.0,-100.0,256,equal scenes; within each scene equal conditions and equal candidates; horizons reported separately
motion_damping,visible_pusht_futures_2026-10-08,agent,False,fixed_norm_offset,16,2.0,512-world-pixels,1.0,10,0.0,0.0,100.0,1.0,100.0,-100.0,256,equal scenes; within each scene equal conditions and equal candidates; horizons reported separately
motion_damping,visible_pusht_futures_2026-10-08,agent,False,fixed_norm_offset,16,2.0,512-world-pixels,1.0,15,0.0,0.0,100.0,1.0,100.0,-100.0,256,equal scenes; within each scene equal conditions and equal candidates; horizons reported separately
motion_damping,visible_pusht_futures_2026-10-08,agent,False,fixed_norm_offset,16,2.0,512-world-pixels,1.0,20,0.0,0.0,100.0,1.0,100.0,-100.0,256,equal scenes; within each scene equal conditions and equal candidates; horizons reported separately
motion_damping,visible_pusht_futures_2026-10-08,agent,False,fixed_norm_offset,16,2.0,512-world-pixels,1.0,25,0.0,0.0,100.0,1.0,100.0,-100.0,256,equal scenes; within each scene equal conditions and equal candidates; horizons reported separately
motion_damping,visible_pusht_futures_2026-10-08,agent,False,fixed_norm_offset,16,4.0,512-world-pixels,2.0,5,0.0,0.0,100.0,1.0,100.0,-100.0,256,equal scenes; within each scene equal conditions and equal candidates; horizons reported separately
motion_damping,visible_pusht_futures_2026-10-08,agent,False,fixed_norm_offset,16,4.0,512-world-pixels,2.0,10,0.0,0.0,100.0,1.0,100.0,-100.0,256,equal scenes; within each scene equal conditions and equal candidates; horizons reported separately
motion_damping,visible_pusht_futures_2026-10-08,agent,False,fixed_norm_offset,16,4.0,512-world-pixels,2.0,15,0.0,0.0,100.0,1.0,100.0,-100.0,256,equal scenes; within each scene equal conditions and equal candidates; horizons reported separately
motion_damping,visible_pusht_futures_2026-10-08,agent,False,fixed_norm_offset,16,4.0,512-world-pixels,2.0,20,0.0,0.0,100.0,1.0,100.0,-100.0,256,equal scenes; within each scene equal conditions and equal candidates; horizons reported separately
motion_damping,visible_pusht_futures_2026-10-08,agent,False,fixed_norm_offset,16,4.0,512-world-pixels,2.0,25,0.0,0.0,100.0,1.0,100.0,-100.0,256,equal scenes; within each scene equal conditions and equal candidates; horizons reported separately
motion_damping,visible_pusht_futures_2026-10-08,agent,False,fixed_norm_offset,16,8.0,512-world-pixels,4.0,5,0.0,0.0,100.0,1.0,100.0,-100.0,256,equal scenes; within each scene equal conditions and equal candidates; horizons reported separately
motion_damping,visible_pusht_futures_2026-10-08,agent,False,fixed_norm_offset,16,8.0,512-world-pixels,4.0,10,0.0,0.0,100.0,1.0,100.0,-100.0,256,equal scenes; within each scene equal conditions and equal candidates; horizons reported separately
motion_damping,visible_pusht_futures_2026-10-08,agent,False,fixed_norm_offset,16,8.0,512-world-pixels,4.0,15,0.0,0.0,100.0,1.0,100.0,-100.0,256,equal scenes; within each scene equal conditions and equal candidates; horizons reported separately
motion_damping,visible_pusht_futures_2026-10-08,agent,False,fixed_norm_offset,16,8.0,512-world-pixels,4.0,20,0.0,0.0,100.0,1.0,100.0,-100.0,256,equal scenes; within each scene equal conditions and equal candidates; horizons reported separately
motion_damping,visible_pusht_futures_2026-10-08,agent,False,fixed_norm_offset,16,8.0,512-world-pixels,4.0,25,0.0,0.0,100.0,1.0,100.0,-100.0,256,equal scenes; within each scene equal conditions and equal candidates; horizons reported separately
motion_damping,visible_pusht_futures_2026-10-08,agent,False,fixed_norm_offset,16,16.0,512-world-pixels,8.0,5,0.0,0.0,100.0,1.0,100.0,-100.0,256,equal scenes; within each scene equal conditions and equal candidates; horizons reported separately
motion_damping,visible_pusht_futures_2026-10-08,agent,False,fixed_norm_offset,16,16.0,512-world-pixels,8.0,10,0.0,0.0,100.0,1.0,100.0,-100.0,256,equal scenes; within each scene equal conditions and equal candidates; horizons reported separately
motion_damping,visible_pusht_futures_2026-10-08,agent,False,fixed_norm_offset,16,16.0,512-world-pixels,8.0,15,0.0,0.0,100.0,1.0,100.0,-100.0,256,equal scenes; within each scene equal conditions and equal candidates; horizons reported separately
motion_damping,visible_pusht_futures_2026-10-08,agent,False,fixed_norm_offset,16,16.0,512-world-pixels,8.0,20,0.0,0.0,100.0,1.0,100.0,-100.0,256,equal scenes; within each scene equal conditions and equal candidates; horizons reported separately
motion_damping,visible_pusht_futures_2026-10-08,agent,False,fixed_norm_offset,16,16.0,512-world-pixels,8.0,25,0.0,0.0,100.0,1.0,100.0,-100.0,256,equal scenes; within each scene equal conditions and equal candidates; horizons reported separately
motion_damping,visible_pusht_futures_2026-10-08,agent,False,fixed_norm_offset,16,32.0,512-world-pixels,16.0,5,1.0,100.0,0.0,1.0,100.0,0.0,256,equal scenes; within each scene equal conditions and equal candidates; horizons reported separately
motion_damping,visible_pusht_futures_2026-10-08,agent,False,fixed_norm_offset,16,32.0,512-world-pixels,16.0,10,1.0,100.0,0.0,1.0,100.0,0.0,256,equal scenes; within each scene equal conditions and equal candidates; horizons reported separately
motion_damping,visible_pusht_futures_2026-10-08,agent,False,fixed_norm_offset,16,32.0,512-world-pixels,16.0,15,1.0,100.0,0.0,1.0,100.0,0.0,256,equal scenes; within each scene equal conditions and equal candidates; horizons reported separately
motion_damping,visible_pusht_futures_2026-10-08,agent,False,fixed_norm_offset,16,32.0,512-world-pixels,16.0,20,1.0,100.0,0.0,1.0,100.0,0.0,256,equal scenes; within each scene equal conditions and equal candidates; horizons reported separately
motion_damping,visible_pusht_futures_2026-10-08,agent,False,fixed_norm_offset,16,32.0,512-world-pixels,16.0,25,1.0,100.0,0.0,1.0,100.0,0.0,256,equal scenes; within each scene equal conditions and equal candidates; horizons reported separately
motion_damping,visible_pusht_futures_2026-10-08,agent,False,fixed_norm_offset,2,2.0,512-world-pixels,1.0,5,0.0,0.0,100.0,1.0,100.0,-100.0,256,equal scenes; within each scene equal conditions and equal candidates; horizons reported separately
motion_damping,visible_pusht_futures_2026-10-08,agent,False,fixed_norm_offset,2,2.0,512-world-pixels,1.0,10,0.0,0.0,100.0,1.0,100.0,-100.0,256,equal scenes; within each scene equal conditions and equal candidates; horizons reported separately
motion_damping,visible_pusht_futures_2026-10-08,agent,False,fixed_norm_offset,2,2.0,512-world-pixels,1.0,15,0.0,0.0,100.0,1.0,100.0,-100.0,256,equal scenes; within each scene equal conditions and equal candidates; horizons reported separately
motion_damping,visible_pusht_futures_2026-10-08,agent,False,fixed_norm_offset,2,2.0,512-world-pixels,1.0,20,0.0,0.0,100.0,1.0,100.0,-100.0,256,equal scenes; within each scene equal conditions and equal candidates; horizons reported separately
motion_damping,visible_pusht_futures_2026-10-08,agent,False,fixed_norm_offset,2,2.0,512-world-pixels,1.0,25,0.0,0.0,100.0,1.0,100.0,-100.0,256,equal scenes; within each scene equal conditions and equal candidates; horizons reported separately
motion_damping,visible_pusht_futures_2026-10-08,agent,False,fixed_norm_offset,2,4.0,512-world-pixels,2.0,5,1.0,100.0,0.0,1.0,100.0,0.0,256,equal scenes; within each scene equal conditions and equal candidates; horizons reported separately
motion_damping,visible_pusht_futures_2026-10-08,agent,False,fixed_norm_offset,2,4.0,512-world-pixels,2.0,10,1.0,100.0,0.0,1.0,100.0,0.0,256,equal scenes; within each scene equal conditions and equal candidates; horizons reported separately
motion_damping,visible_pusht_futures_2026-10-08,agent,False,fixed_norm_offset,2,4.0,512-world-pixels,2.0,15,1.0,100.0,0.0,1.0,100.0,0.0,256,equal scenes; within each scene equal conditions and equal candidates; horizons reported separately
motion_damping,visible_pusht_futures_2026-10-08,agent,False,fixed_norm_offset,2,4.0,512-world-pixels,2.0,20,1.0,100.0,0.0,1.0,100.0,0.0,256,equal scenes; within each scene equal conditions and equal candidates; horizons reported separately
motion_damping,visible_pusht_futures_2026-10-08,agent,False,fixed_norm_offset,2,4.0,512-world-pixels,2.0,25,1.0,100.0,0.0,1.0,100.0,0.0,256,equal scenes; within each scene equal conditions and equal candidates; horizons reported separately
motion_damping,visible_pusht_futures_2026-10-08,agent,False,fixed_norm_offset,2,8.0,512-world-pixels,4.0,5,1.0,100.0,0.0,1.0,100.0,0.0,256,equal scenes; within each scene equal conditions and equal candidates; horizons reported separately
motion_damping,visible_pusht_futures_2026-10-08,agent,False,fixed_norm_offset,2,8.0,512-world-pixels,4.0,10,1.0,100.0,0.0,1.0,100.0,0.0,256,equal scenes; within each scene equal conditions and equal candidates; horizons reported separately
motion_damping,visible_pusht_futures_2026-10-08,agent,False,fixed_norm_offset,2,8.0,512-world-pixels,4.0,15,1.0,100.0,0.0,1.0,100.0,0.0,256,equal scenes; within each scene equal conditions and equal candidates; horizons reported separately
motion_damping,visible_pusht_futures_2026-10-08,agent,False,fixed_norm_offset,2,8.0,512-world-pixels,4.0,20,1.0,100.0,0.0,1.0,100.0,0.0,256,equal scenes; within each scene equal conditions and equal candidates; horizons reported separately
motion_damping,visible_pusht_futures_2026-10-08,agent,False,fixed_norm_offset,2,8.0,512-world-pixels,4.0,25,1.0,100.0,0.0,1.0,100.0,0.0,256,equal scenes; within each scene equal conditions and equal candidates; horizons reported separately
motion_damping,visible_pusht_futures_2026-10-08,agent,False,fixed_norm_offset,2,16.0,512-world-pixels,8.0,5,1.0,100.0,0.0,1.0,100.0,0.0,256,equal scenes; within each scene equal conditions and equal candidates; horizons reported separately
motion_damping,visible_pusht_futures_2026-10-08,agent,False,fixed_norm_offset,2,16.0,512-world-pixels,8.0,10,1.0,100.0,0.0,1.0,100.0,0.0,256,equal scenes; within each scene equal conditions and equal candidates; horizons reported separately
motion_damping,visible_pusht_futures_2026-10-08,agent,False,fixed_norm_offset,2,16.0,512-world-pixels,8.0,15,1.0,100.0,0.0,1.0,100.0,0.0,256,equal scenes; within each scene equal conditions and equal candidates; horizons reported separately
motion_damping,visible_pusht_futures_2026-10-08,agent,False,fixed_norm_offset,2,16.0,512-world-pixels,8.0,20,1.0,100.0,0.0,1.0,100.0,0.0,256,equal scenes; within each scene equal conditions and equal candidates; horizons reported separately
motion_damping,visible_pusht_futures_2026-10-08,agent,False,fixed_norm_offset,2,16.0,512-world-pixels,8.0,25,1.0,100.0,0.0,1.0,100.0,0.0,256,equal scenes; within each scene equal conditions and equal candidates; horizons reported separately
motion_damping,visible_pusht_futures_2026-10-08,agent,False,fixed_norm_offset,2,32.0,512-world-pixels,16.0,5,1.0,100.0,0.0,1.0,100.0,0.0,256,equal scenes; within each scene equal conditions and equal candidates; horizons reported separately
motion_damping,visible_pusht_futures_2026-10-08,agent,False,fixed_norm_offset,2,32.0,512-world-pixels,16.0,10,1.0,100.0,0.0,1.0,100.0,0.0,256,equal scenes; within each scene equal conditions and equal candidates; horizons reported separately
motion_damping,visible_pusht_futures_2026-10-08,agent,False,fixed_norm_offset,2,32.0,512-world-pixels,16.0,15,1.0,100.0,0.0,1.0,100.0,0.0,256,equal scenes; within each scene equal conditions and equal candidates; horizons reported separately
motion_damping,visible_pusht_futures_2026-10-08,agent,False,fixed_norm_offset,2,32.0,512-world-pixels,16.0,20,1.0,100.0,0.0,1.0,100.0,0.0,256,equal scenes; within each scene equal conditions and equal candidates; horizons reported separately
motion_damping,visible_pusht_futures_2026-10-08,agent,False,fixed_norm_offset,2,32.0,512-world-pixels,16.0,25,1.0,100.0,0.0,1.0,100.0,0.0,256,equal scenes; within each scene equal conditions and equal candidates; horizons reported separately
motion_damping,visible_pusht_futures_2026-10-08,agent,False,fixed_norm_offset,32,2.0,512-world-pixels,1.0,5,0.0,0.0,100.0,1.0,100.0,-100.0,256,equal scenes; within each scene equal conditions and equal candidates; horizons reported separately
motion_damping,visible_pusht_futures_2026-10-08,agent,False,fixed_norm_offset,32,2.0,512-world-pixels,1.0,10,0.0,0.0,100.0,1.0,100.0,-100.0,256,equal scenes; within each scene equal conditions and equal candidates; horizons reported separately
motion_damping,visible_pusht_futures_2026-10-08,agent,False,fixed_norm_offset,32,2.0,512-world-pixels,1.0,15,0.0,0.0,100.0,1.0,100.0,-100.0,256,equal scenes; within each scene equal conditions and equal candidates; horizons reported separately
motion_damping,visible_pusht_futures_2026-10-08,agent,False,fixed_norm_offset,32,2.0,512-world-pixels,1.0,20,0.0,0.0,100.0,1.0,100.0,-100.0,256,equal scenes; within each scene equal conditions and equal candidates; horizons reported separately
motion_damping,visible_pusht_futures_2026-10-08,agent,False,fixed_norm_offset,32,2.0,512-world-pixels,1.0,25,0.0,0.0,100.0,1.0,100.0,-100.0,256,equal scenes; within each scene equal conditions and equal candidates; horizons reported separately
motion_damping,visible_pusht_futures_2026-10-08,agent,False,fixed_norm_offset,32,4.0,512-world-pixels,2.0,5,0.0,0.0,100.0,1.0,100.0,-100.0,256,equal scenes; within each scene equal conditions and equal candidates; horizons reported separately
motion_damping,visible_pusht_futures_2026-10-08,agent,False,fixed_norm_offset,32,4.0,512-world-pixels,2.0,10,0.0,0.0,100.0,1.0,100.0,-100.0,256,equal scenes; within each scene equal conditions and equal candidates; horizons reported separately
motion_damping,visible_pusht_futures_2026-10-08,agent,False,fixed_norm_offset,32,4.0,512-world-pixels,2.0,15,0.0,0.0,100.0,1.0,100.0,-100.0,256,equal scenes; within each scene equal conditions and equal candidates; horizons reported separately
motion_damping,visible_pusht_futures_2026-10-08,agent,False,fixed_norm_offset,32,4.0,512-world-pixels,2.0,20,0.0,0.0,100.0,1.0,100.0,-100.0,256,equal scenes; within each scene equal conditions and equal candidates; horizons reported separately
motion_damping,visible_pusht_futures_2026-10-08,agent,False,fixed_norm_offset,32,4.0,512-world-pixels,2.0,25,0.0,0.0,100.0,1.0,100.0,-100.0,256,equal scenes; within each scene equal conditions and equal candidates; horizons reported separately
motion_damping,visible_pusht_futures_2026-10-08,agent,False,fixed_norm_offset,32,8.0,512-world-pixels,4.0,5,0.0,0.0,100.0,1.0,100.0,-100.0,256,equal scenes; within each scene equal conditions and equal candidates; horizons reported separately
motion_damping,visible_pusht_futures_2026-10-08,agent,False,fixed_norm_offset,32,8.0,512-world-pixels,4.0,10,0.0,0.0,100.0,1.0,100.0,-100.0,256,equal scenes; within each scene equal conditions and equal candidates; horizons reported separately
motion_damping,visible_pusht_futures_2026-10-08,agent,False,fixed_norm_offset,32,8.0,512-world-pixels,4.0,15,0.0,0.0,100.0,1.0,100.0,-100.0,256,equal scenes; within each scene equal conditions and equal candidates; horizons reported separately
motion_damping,visible_pusht_futures_2026-10-08,agent,False,fixed_norm_offset,32,8.0,512-world-pixels,4.0,20,0.0,0.0,100.0,1.0,100.0,-100.0,256,equal scenes; within each scene equal conditions and equal candidates; horizons reported separately
motion_damping,visible_pusht_futures_2026-10-08,agent,False,fixed_norm_offset,32,8.0,512-world-pixels,4.0,25,0.0,0.0,100.0,1.0,100.0,-100.0,256,equal scenes; within each scene equal conditions and equal candidates; horizons reported separately
motion_damping,visible_pusht_futures_2026-10-08,agent,False,fixed_norm_offset,32,16.0,512-world-pixels,8.0,5,0.0,0.0,100.0,1.0,100.0,-100.0,256,equal scenes; within each scene equal conditions and equal candidates; horizons reported separately
motion_damping,visible_pusht_futures_2026-10-08,agent,False,fixed_norm_offset,32,16.0,512-world-pixels,8.0,10,0.0,0.0,100.0,1.0,100.0,-100.0,256,equal scenes; within each scene equal conditions and equal candidates; horizons reported separately
motion_damping,visible_pusht_futures_2026-10-08,agent,False,fixed_norm_offset,32,16.0,512-world-pixels,8.0,15,0.0,0.0,100.0,1.0,100.0,-100.0,256,equal scenes; within each scene equal conditions and equal candidates; horizons reported separately
motion_damping,visible_pusht_futures_2026-10-08,agent,False,fixed_norm_offset,32,16.0,512-world-pixels,8.0,20,0.0,0.0,100.0,1.0,100.0,-100.0,256,equal scenes; within each scene equal conditions and equal candidates; horizons reported separately
motion_damping,visible_pusht_futures_2026-10-08,agent,False,fixed_norm_offset,32,16.0,512-world-pixels,8.0,25,0.0,0.0,100.0,1.0,100.0,-100.0,256,equal scenes; within each scene equal conditions and equal candidates; horizons reported separately
motion_damping,visible_pusht_futures_2026-10-08,agent,False,fixed_norm_offset,32,32.0,512-world-pixels,16.0,5,0.0,0.0,100.0,1.0,100.0,-100.0,256,equal scenes; within each scene equal conditions and equal candidates; horizons reported separately
motion_damping,visible_pusht_futures_2026-10-08,agent,False,fixed_norm_offset,32,32.0,512-world-pixels,16.0,10,0.0,0.0,100.0,1.0,100.0,-100.0,256,equal scenes; within each scene equal conditions and equal candidates; horizons reported separately
motion_damping,visible_pusht_futures_2026-10-08,agent,False,fixed_norm_offset,32,32.0,512-world-pixels,16.0,15,0.0,0.0,100.0,1.0,100.0,-100.0,256,equal scenes; within each scene equal conditions and equal candidates; horizons reported separately
motion_damping,visible_pusht_futures_2026-10-08,agent,False,fixed_norm_offset,32,32.0,512-world-pixels,16.0,20,0.0,0.0,100.0,1.0,100.0,-100.0,256,equal scenes; within each scene equal conditions and equal candidates; horizons reported separately
motion_damping,visible_pusht_futures_2026-10-08,agent,False,fixed_norm_offset,32,32.0,512-world-pixels,16.0,25,0.0,0.0,100.0,1.0,100.0,-100.0,256,equal scenes; within each scene equal conditions and equal candidates; horizons reported separately
motion_damping,visible_pusht_futures_2026-10-08,agent,False,fixed_norm_offset,4,2.0,512-world-pixels,1.0,5,0.0,0.0,100.0,1.0,100.0,-100.0,256,equal scenes; within each scene equal conditions and equal candidates; horizons reported separately
motion_damping,visible_pusht_futures_2026-10-08,agent,False,fixed_norm_offset,4,2.0,512-world-pixels,1.0,10,0.0,0.0,100.0,1.0,100.0,-100.0,256,equal scenes; within each scene equal conditions and equal candidates; horizons reported separately
motion_damping,visible_pusht_futures_2026-10-08,agent,False,fixed_norm_offset,4,2.0,512-world-pixels,1.0,15,0.0,0.0,100.0,1.0,100.0,-100.0,256,equal scenes; within each scene equal conditions and equal candidates; horizons reported separately
motion_damping,visible_pusht_futures_2026-10-08,agent,False,fixed_norm_offset,4,2.0,512-world-pixels,1.0,20,0.0,0.0,100.0,1.0,100.0,-100.0,256,equal scenes; within each scene equal conditions and equal candidates; horizons reported separately
motion_damping,visible_pusht_futures_2026-10-08,agent,False,fixed_norm_offset,4,2.0,512-world-pixels,1.0,25,0.0,0.0,100.0,1.0,100.0,-100.0,256,equal scenes; within each scene equal conditions and equal candidates; horizons reported separately
motion_damping,visible_pusht_futures_2026-10-08,agent,False,fixed_norm_offset,4,4.0,512-world-pixels,2.0,5,0.0,0.0,100.0,1.0,100.0,-100.0,256,equal scenes; within each scene equal conditions and equal candidates; horizons reported separately
motion_damping,visible_pusht_futures_2026-10-08,agent,False,fixed_norm_offset,4,4.0,512-world-pixels,2.0,10,0.0,0.0,100.0,1.0,100.0,-100.0,256,equal scenes; within each scene equal conditions and equal candidates; horizons reported separately
motion_damping,visible_pusht_futures_2026-10-08,agent,False,fixed_norm_offset,4,4.0,512-world-pixels,2.0,15,0.0,0.0,100.0,1.0,100.0,-100.0,256,equal scenes; within each scene equal conditions and equal candidates; horizons reported separately
motion_damping,visible_pusht_futures_2026-10-08,agent,False,fixed_norm_offset,4,4.0,512-world-pixels,2.0,20,0.0,0.0,100.0,1.0,100.0,-100.0,256,equal scenes; within each scene equal conditions and equal candidates; horizons reported separately
motion_damping,visible_pusht_futures_2026-10-08,agent,False,fixed_norm_offset,4,4.0,512-world-pixels,2.0,25,0.0,0.0,100.0,1.0,100.0,-100.0,256,equal scenes; within each scene equal conditions and equal candidates; horizons reported separately
motion_damping,visible_pusht_futures_2026-10-08,agent,False,fixed_norm_offset,4,8.0,512-world-pixels,4.0,5,1.0,100.0,0.0,1.0,100.0,0.0,256,equal scenes; within each scene equal conditions and equal candidates; horizons reported separately
motion_damping,visible_pusht_futures_2026-10-08,agent,False,fixed_norm_offset,4,8.0,512-world-pixels,4.0,10,1.0,100.0,0.0,1.0,100.0,0.0,256,equal scenes; within each scene equal conditions and equal candidates; horizons reported separately
motion_damping,visible_pusht_futures_2026-10-08,agent,False,fixed_norm_offset,4,8.0,512-world-pixels,4.0,15,1.0,100.0,0.0,1.0,100.0,0.0,256,equal scenes; within each scene equal conditions and equal candidates; horizons reported separately
motion_damping,visible_pusht_futures_2026-10-08,agent,False,fixed_norm_offset,4,8.0,512-world-pixels,4.0,20,1.0,100.0,0.0,1.0,100.0,0.0,256,equal scenes; within each scene equal conditions and equal candidates; horizons reported separately
motion_damping,visible_pusht_futures_2026-10-08,agent,False,fixed_norm_offset,4,8.0,512-world-pixels,4.0,25,1.0,100.0,0.0,1.0,100.0,0.0,256,equal scenes; within each scene equal conditions and equal candidates; horizons reported separately
motion_damping,visible_pusht_futures_2026-10-08,agent,False,fixed_norm_offset,4,16.0,512-world-pixels,8.0,5,1.0,100.0,0.0,1.0,100.0,0.0,256,equal scenes; within each scene equal conditions and equal candidates; horizons reported separately
motion_damping,visible_pusht_futures_2026-10-08,agent,False,fixed_norm_offset,4,16.0,512-world-pixels,8.0,10,1.0,100.0,0.0,1.0,100.0,0.0,256,equal scenes; within each scene equal conditions and equal candidates; horizons reported separately
motion_damping,visible_pusht_futures_2026-10-08,agent,False,fixed_norm_offset,4,16.0,512-world-pixels,8.0,15,1.0,100.0,0.0,1.0,100.0,0.0,256,equal scenes; within each scene equal conditions and equal candidates; horizons reported separately
motion_damping,visible_pusht_futures_2026-10-08,agent,False,fixed_norm_offset,4,16.0,512-world-pixels,8.0,20,1.0,100.0,0.0,1.0,100.0,0.0,256,equal scenes; within each scene equal conditions and equal candidates; horizons reported separately
motion_damping,visible_pusht_futures_2026-10-08,agent,False,fixed_norm_offset,4,16.0,512-world-pixels,8.0,25,1.0,100.0,0.0,1.0,100.0,0.0,256,equal scenes; within each scene equal conditions and equal candidates; horizons reported separately
motion_damping,visible_pusht_futures_2026-10-08,agent,False,fixed_norm_offset,4,32.0,512-world-pixels,16.0,5,1.0,100.0,0.0,1.0,100.0,0.0,256,equal scenes; within each scene equal conditions and equal candidates; horizons reported separately
motion_damping,visible_pusht_futures_2026-10-08,agent,False,fixed_norm_offset,4,32.0,512-world-pixels,16.0,10,1.0,100.0,0.0,1.0,100.0,0.0,256,equal scenes; within each scene equal conditions and equal candidates; horizons reported separately
motion_damping,visible_pusht_futures_2026-10-08,agent,False,fixed_norm_offset,4,32.0,512-world-pixels,16.0,15,1.0,100.0,0.0,1.0,100.0,0.0,256,equal scenes; within each scene equal conditions and equal candidates; horizons reported separately
motion_damping,visible_pusht_futures_2026-10-08,agent,False,fixed_norm_offset,4,32.0,512-world-pixels,16.0,20,1.0,100.0,0.0,1.0,100.0,0.0,256,equal scenes; within each scene equal conditions and equal candidates; horizons reported separately
motion_damping,visible_pusht_futures_2026-10-08,agent,False,fixed_norm_offset,4,32.0,512-world-pixels,16.0,25,1.0,100.0,0.0,1.0,100.0,0.0,256,equal scenes; within each scene equal conditions and equal candidates; horizons reported separately
motion_damping,visible_pusht_futures_2026-10-08,agent,False,fixed_norm_offset,64,2.0,512-world-pixels,1.0,5,0.0,0.0,100.0,1.0,100.0,-100.0,256,equal scenes; within each scene equal conditions and equal candidates; horizons reported separately
motion_damping,visible_pusht_futures_2026-10-08,agent,False,fixed_norm_offset,64,2.0,512-world-pixels,1.0,10,0.0,0.0,100.0,1.0,100.0,-100.0,256,equal scenes; within each scene equal conditions and equal candidates; horizons reported separately
motion_damping,visible_pusht_futures_2026-10-08,agent,False,fixed_norm_offset,64,2.0,512-world-pixels,1.0,15,0.0,0.0,100.0,1.0,100.0,-100.0,256,equal scenes; within each scene equal conditions and equal candidates; horizons reported separately
motion_damping,visible_pusht_futures_2026-10-08,agent,False,fixed_norm_offset,64,2.0,512-world-pixels,1.0,20,0.0,0.0,100.0,1.0,100.0,-100.0,256,equal scenes; within each scene equal conditions and equal candidates; horizons reported separately
motion_damping,visible_pusht_futures_2026-10-08,agent,False,fixed_norm_offset,64,2.0,512-world-pixels,1.0,25,0.0,0.0,100.0,1.0,100.0,-100.0,256,equal scenes; within each scene equal conditions and equal candidates; horizons reported separately
motion_damping,visible_pusht_futures_2026-10-08,agent,False,fixed_norm_offset,64,4.0,512-world-pixels,2.0,5,0.0,0.0,100.0,1.0,100.0,-100.0,256,equal scenes; within each scene equal conditions and equal candidates; horizons reported separately
motion_damping,visible_pusht_futures_2026-10-08,agent,False,fixed_norm_offset,64,4.0,512-world-pixels,2.0,10,0.0,0.0,100.0,1.0,100.0,-100.0,256,equal scenes; within each scene equal conditions and equal candidates; horizons reported separately
motion_damping,visible_pusht_futures_2026-10-08,agent,False,fixed_norm_offset,64,4.0,512-world-pixels,2.0,15,0.0,0.0,100.0,1.0,100.0,-100.0,256,equal scenes; within each scene equal conditions and equal candidates; horizons reported separately
motion_damping,visible_pusht_futures_2026-10-08,agent,False,fixed_norm_offset,64,4.0,512-world-pixels,2.0,20,0.0,0.0,100.0,1.0,100.0,-100.0,256,equal scenes; within each scene equal conditions and equal candidates; horizons reported separately
motion_damping,visible_pusht_futures_2026-10-08,agent,False,fixed_norm_offset,64,4.0,512-world-pixels,2.0,25,0.0,0.0,100.0,1.0,100.0,-100.0,256,equal scenes; within each scene equal conditions and equal candidates; horizons reported separately
motion_damping,visible_pusht_futures_2026-10-08,agent,False,fixed_norm_offset,64,8.0,512-world-pixels,4.0,5,0.0,0.0,100.0,1.0,100.0,-100.0,256,equal scenes; within each scene equal conditions and equal candidates; horizons reported separately
motion_damping,visible_pusht_futures_2026-10-08,agent,False,fixed_norm_offset,64,8.0,512-world-pixels,4.0,10,0.0,0.0,100.0,1.0,100.0,-100.0,256,equal scenes; within each scene equal conditions and equal candidates; horizons reported separately
motion_damping,visible_pusht_futures_2026-10-08,agent,False,fixed_norm_offset,64,8.0,512-world-pixels,4.0,15,0.0,0.0,100.0,1.0,100.0,-100.0,256,equal scenes; within each scene equal conditions and equal candidates; horizons reported separately
motion_damping,visible_pusht_futures_2026-10-08,agent,False,fixed_norm_offset,64,8.0,512-world-pixels,4.0,20,0.0,0.0,100.0,1.0,100.0,-100.0,256,equal scenes; within each scene equal conditions and equal candidates; horizons reported separately
motion_damping,visible_pusht_futures_2026-10-08,agent,False,fixed_norm_offset,64,8.0,512-world-pixels,4.0,25,0.0,0.0,100.0,1.0,100.0,-100.0,256,equal scenes; within each scene equal conditions and equal candidates; horizons reported separately
motion_damping,visible_pusht_futures_2026-10-08,agent,False,fixed_norm_offset,64,16.0,512-world-pixels,8.0,5,0.0,0.0,100.0,1.0,100.0,-100.0,256,equal scenes; within each scene equal conditions and equal candidates; horizons reported separately
motion_damping,visible_pusht_futures_2026-10-08,agent,False,fixed_norm_offset,64,16.0,512-world-pixels,8.0,10,0.0,0.0,100.0,1.0,100.0,-100.0,256,equal scenes; within each scene equal conditions and equal candidates; horizons reported separately
motion_damping,visible_pusht_futures_2026-10-08,agent,False,fixed_norm_offset,64,16.0,512-world-pixels,8.0,15,0.0,0.0,100.0,1.0,100.0,-100.0,256,equal scenes; within each scene equal conditions and equal candidates; horizons reported separately
motion_damping,visible_pusht_futures_2026-10-08,agent,False,fixed_norm_offset,64,16.0,512-world-pixels,8.0,20,0.0,0.0,100.0,1.0,100.0,-100.0,256,equal scenes; within each scene equal conditions and equal candidates; horizons reported separately
motion_damping,visible_pusht_futures_2026-10-08,agent,False,fixed_norm_offset,64,16.0,512-world-pixels,8.0,25,0.0,0.0,100.0,1.0,100.0,-100.0,256,equal scenes; within each scene equal conditions and equal candidates; horizons reported separately
motion_damping,visible_pusht_futures_2026-10-08,agent,False,fixed_norm_offset,64,32.0,512-world-pixels,16.0,5,0.0,0.0,100.0,1.0,100.0,-100.0,256,equal scenes; within each scene equal conditions and equal candidates; horizons reported separately
motion_damping,visible_pusht_futures_2026-10-08,agent,False,fixed_norm_offset,64,32.0,512-world-pixels,16.0,10,0.0,0.0,100.0,1.0,100.0,-100.0,256,equal scenes; within each scene equal conditions and equal candidates; horizons reported separately
motion_damping,visible_pusht_futures_2026-10-08,agent,False,fixed_norm_offset,64,32.0,512-world-pixels,16.0,15,0.0,0.0,100.0,1.0,100.0,-100.0,256,equal scenes; within each scene equal conditions and equal candidates; horizons reported separately
motion_damping,visible_pusht_futures_2026-10-08,agent,False,fixed_norm_offset,64,32.0,512-world-pixels,16.0,20,0.0,0.0,100.0,1.0,100.0,-100.0,256,equal scenes; within each scene equal conditions and equal candidates; horizons reported separately
motion_damping,visible_pusht_futures_2026-10-08,agent,False,fixed_norm_offset,64,32.0,512-world-pixels,16.0,25,0.0,0.0,100.0,1.0,100.0,-100.0,256,equal scenes; within each scene equal conditions and equal candidates; horizons reported separately
motion_damping,visible_pusht_futures_2026-10-08,agent,False,fixed_norm_offset,8,2.0,512-world-pixels,1.0,5,0.0,0.0,100.0,1.0,100.0,-100.0,256,equal scenes; within each scene equal conditions and equal candidates; horizons reported separately
motion_damping,visible_pusht_futures_2026-10-08,agent,False,fixed_norm_offset,8,2.0,512-world-pixels,1.0,10,0.0,0.0,100.0,1.0,100.0,-100.0,256,equal scenes; within each scene equal conditions and equal candidates; horizons reported separately
motion_damping,visible_pusht_futures_2026-10-08,agent,False,fixed_norm_offset,8,2.0,512-world-pixels,1.0,15,0.0,0.0,100.0,1.0,100.0,-100.0,256,equal scenes; within each scene equal conditions and equal candidates; horizons reported separately
motion_damping,visible_pusht_futures_2026-10-08,agent,False,fixed_norm_offset,8,2.0,512-world-pixels,1.0,20,0.0,0.0,100.0,1.0,100.0,-100.0,256,equal scenes; within each scene equal conditions and equal candidates; horizons reported separately
motion_damping,visible_pusht_futures_2026-10-08,agent,False,fixed_norm_offset,8,2.0,512-world-pixels,1.0,25,0.0,0.0,100.0,1.0,100.0,-100.0,256,equal scenes; within each scene equal conditions and equal candidates; horizons reported separately
motion_damping,visible_pusht_futures_2026-10-08,agent,False,fixed_norm_offset,8,4.0,512-world-pixels,2.0,5,0.0,0.0,100.0,1.0,100.0,-100.0,256,equal scenes; within each scene equal conditions and equal candidates; horizons reported separately
motion_damping,visible_pusht_futures_2026-10-08,agent,False,fixed_norm_offset,8,4.0,512-world-pixels,2.0,10,0.0,0.0,100.0,1.0,100.0,-100.0,256,equal scenes; within each scene equal conditions and equal candidates; horizons reported separately
motion_damping,visible_pusht_futures_2026-10-08,agent,False,fixed_norm_offset,8,4.0,512-world-pixels,2.0,15,0.0,0.0,100.0,1.0,100.0,-100.0,256,equal scenes; within each scene equal conditions and equal candidates; horizons reported separately
motion_damping,visible_pusht_futures_2026-10-08,agent,False,fixed_norm_offset,8,4.0,512-world-pixels,2.0,20,0.0,0.0,100.0,1.0,100.0,-100.0,256,equal scenes; within each scene equal conditions and equal candidates; horizons reported separately
motion_damping,visible_pusht_futures_2026-10-08,agent,False,fixed_norm_offset,8,4.0,512-world-pixels,2.0,25,0.0,0.0,100.0,1.0,100.0,-100.0,256,equal scenes; within each scene equal conditions and equal candidates; horizons reported separately
motion_damping,visible_pusht_futures_2026-10-08,agent,False,fixed_norm_offset,8,8.0,512-world-pixels,4.0,5,0.0,0.0,100.0,1.0,100.0,-100.0,256,equal scenes; within each scene equal conditions and equal candidates; horizons reported separately
motion_damping,visible_pusht_futures_2026-10-08,agent,False,fixed_norm_offset,8,8.0,512-world-pixels,4.0,10,0.0,0.0,100.0,1.0,100.0,-100.0,256,equal scenes; within each scene equal conditions and equal candidates; horizons reported separately
motion_damping,visible_pusht_futures_2026-10-08,agent,False,fixed_norm_offset,8,8.0,512-world-pixels,4.0,15,0.0,0.0,100.0,1.0,100.0,-100.0,256,equal scenes; within each scene equal conditions and equal candidates; horizons reported separately
motion_damping,visible_pusht_futures_2026-10-08,agent,False,fixed_norm_offset,8,8.0,512-world-pixels,4.0,20,0.0,0.0,100.0,1.0,100.0,-100.0,256,equal scenes; within each scene equal conditions and equal candidates; horizons reported separately
motion_damping,visible_pusht_futures_2026-10-08,agent,False,fixed_norm_offset,8,8.0,512-world-pixels,4.0,25,0.0,0.0,100.0,1.0,100.0,-100.0,256,equal scenes; within each scene equal conditions and equal candidates; horizons reported separately
motion_damping,visible_pusht_futures_2026-10-08,agent,False,fixed_norm_offset,8,16.0,512-world-pixels,8.0,5,1.0,100.0,0.0,1.0,100.0,0.0,256,equal scenes; within each scene equal conditions and equal candidates; horizons reported separately
motion_damping,visible_pusht_futures_2026-10-08,agent,False,fixed_norm_offset,8,16.0,512-world-pixels,8.0,10,1.0,100.0,0.0,1.0,100.0,0.0,256,equal scenes; within each scene equal conditions and equal candidates; horizons reported separately
motion_damping,visible_pusht_futures_2026-10-08,agent,False,fixed_norm_offset,8,16.0,512-world-pixels,8.0,15,1.0,100.0,0.0,1.0,100.0,0.0,256,equal scenes; within each scene equal conditions and equal candidates; horizons reported separately
motion_damping,visible_pusht_futures_2026-10-08,agent,False,fixed_norm_offset,8,16.0,512-world-pixels,8.0,20,1.0,100.0,0.0,1.0,100.0,0.0,256,equal scenes; within each scene equal conditions and equal candidates; horizons reported separately
motion_damping,visible_pusht_futures_2026-10-08,agent,False,fixed_norm_offset,8,16.0,512-world-pixels,8.0,25,1.0,100.0,0.0,1.0,100.0,0.0,256,equal scenes; within each scene equal conditions and equal candidates; horizons reported separately
motion_damping,visible_pusht_futures_2026-10-08,agent,False,fixed_norm_offset,8,32.0,512-world-pixels,16.0,5,1.0,100.0,0.0,1.0,100.0,0.0,256,equal scenes; within each scene equal conditions and equal candidates; horizons reported separately
motion_damping,visible_pusht_futures_2026-10-08,agent,False,fixed_norm_offset,8,32.0,512-world-pixels,16.0,10,1.0,100.0,0.0,1.0,100.0,0.0,256,equal scenes; within each scene equal conditions and equal candidates; horizons reported separately
motion_damping,visible_pusht_futures_2026-10-08,agent,False,fixed_norm_offset,8,32.0,512-world-pixels,16.0,15,1.0,100.0,0.0,1.0,100.0,0.0,256,equal scenes; within each scene equal conditions and equal candidates; horizons reported separately
motion_damping,visible_pusht_futures_2026-10-08,agent,False,fixed_norm_offset,8,32.0,512-world-pixels,16.0,20,1.0,100.0,0.0,1.0,100.0,0.0,256,equal scenes; within each scene equal conditions and equal candidates; horizons reported separately
motion_damping,visible_pusht_futures_2026-10-08,agent,False,fixed_norm_offset,8,32.0,512-world-pixels,16.0,25,1.0,100.0,0.0,1.0,100.0,0.0,256,equal scenes; within each scene equal conditions and equal candidates; horizons reported separately
motion_damping,visible_pusht_futures_2026-10-08,agent,False,temporal_lag_prepend_current,one_horizon,2.0,512-world-pixels,1.0,5,0.10668106849747477,10.668106849747478,89.33189315025251,1.0,100.0,-89.33189315025251,256,equal scenes; within each scene equal conditions and equal candidates; horizons reported separately
motion_damping,visible_pusht_futures_2026-10-08,agent,False,temporal_lag_prepend_current,one_horizon,2.0,512-world-pixels,1.0,10,0.10668106849747477,10.668106849747478,89.33189315025251,1.0,100.0,-89.33189315025251,256,equal scenes; within each scene equal conditions and equal candidates; horizons reported separately
motion_damping,visible_pusht_futures_2026-10-08,agent,False,temporal_lag_prepend_current,one_horizon,2.0,512-world-pixels,1.0,15,0.21336213699494955,21.336213699494955,78.66378630050505,1.0,100.0,-78.66378630050505,256,equal scenes; within each scene equal conditions and equal candidates; horizons reported separately
motion_damping,visible_pusht_futures_2026-10-08,agent,False,temporal_lag_prepend_current,one_horizon,2.0,512-world-pixels,1.0,20,0.32091126104797973,32.09112610479797,67.90887389520202,1.0,100.0,-67.90887389520202,256,equal scenes; within each scene equal conditions and equal candidates; horizons reported separately
motion_damping,visible_pusht_futures_2026-10-08,agent,False,temporal_lag_prepend_current,one_horizon,2.0,512-world-pixels,1.0,25,0.43093434343434356,43.09343434343435,56.90656565656565,1.0,100.0,-56.90656565656565,256,equal scenes; within each scene equal conditions and equal candidates; horizons reported separately
motion_damping,visible_pusht_futures_2026-10-08,agent,False,temporal_lag_prepend_current,one_horizon,4.0,512-world-pixels,2.0,5,0.10668106849747477,10.668106849747478,89.33189315025251,1.0,100.0,-89.33189315025251,256,equal scenes; within each scene equal conditions and equal candidates; horizons reported separately
motion_damping,visible_pusht_futures_2026-10-08,agent,False,temporal_lag_prepend_current,one_horizon,4.0,512-world-pixels,2.0,10,0.10668106849747477,10.668106849747478,89.33189315025251,1.0,100.0,-89.33189315025251,256,equal scenes; within each scene equal conditions and equal candidates; horizons reported separately
motion_damping,visible_pusht_futures_2026-10-08,agent,False,temporal_lag_prepend_current,one_horizon,4.0,512-world-pixels,2.0,15,0.21631352588383845,21.631352588383844,78.36864741161615,1.0,100.0,-78.36864741161615,256,equal scenes; within each scene equal conditions and equal candidates; horizons reported separately
motion_damping,visible_pusht_futures_2026-10-08,agent,False,temporal_lag_prepend_current,one_horizon,4.0,512-world-pixels,2.0,20,0.3493075284090909,34.93075284090909,65.0692471590909,1.0,100.0,-65.0692471590909,256,equal scenes; within each scene equal conditions and equal candidates; horizons reported separately
motion_damping,visible_pusht_futures_2026-10-08,agent,False,temporal_lag_prepend_current,one_horizon,4.0,512-world-pixels,2.0,25,0.4846531723484849,48.465317234848484,51.534682765151516,1.0,100.0,-51.534682765151516,256,equal scenes; within each scene equal conditions and equal candidates; horizons reported separately
motion_damping,visible_pusht_futures_2026-10-08,agent,False,temporal_lag_prepend_current,one_horizon,8.0,512-world-pixels,4.0,5,0.11790068655303032,11.790068655303031,88.20993134469697,1.0,100.0,-88.20993134469697,256,equal scenes; within each scene equal conditions and equal candidates; horizons reported separately
motion_damping,visible_pusht_futures_2026-10-08,agent,False,temporal_lag_prepend_current,one_horizon,8.0,512-world-pixels,4.0,10,0.2245817550505051,22.45817550505051,77.54182449494948,1.0,100.0,-77.54182449494948,256,equal scenes; within each scene equal conditions and equal candidates; horizons reported separately
motion_damping,visible_pusht_futures_2026-10-08,agent,False,temporal_lag_prepend_current,one_horizon,8.0,512-world-pixels,4.0,15,0.33126282354797976,33.12628235479798,66.87371764520202,1.0,100.0,-66.87371764520202,256,equal scenes; within each scene equal conditions and equal candidates; horizons reported separately
motion_damping,visible_pusht_futures_2026-10-08,agent,False,temporal_lag_prepend_current,one_horizon,8.0,512-world-pixels,4.0,20,0.43794389204545464,43.79438920454547,56.20561079545454,1.0,100.0,-56.20561079545454,256,equal scenes; within each scene equal conditions and equal candidates; horizons reported separately
motion_damping,visible_pusht_futures_2026-10-08,agent,False,temporal_lag_prepend_current,one_horizon,8.0,512-world-pixels,4.0,25,0.5446249605429292,54.46249605429292,45.53750394570708,1.0,100.0,-45.53750394570708,256,equal scenes; within each scene equal conditions and equal candidates; horizons reported separately
motion_damping,visible_pusht_futures_2026-10-08,agent,False,temporal_lag_prepend_current,one_horizon,16.0,512-world-pixels,8.0,5,0.147067353219697,14.706735321969699,85.2932646780303,1.0,100.0,-85.2932646780303,256,equal scenes; within each scene equal conditions and equal candidates; horizons reported separately
motion_damping,visible_pusht_futures_2026-10-08,agent,False,temporal_lag_prepend_current,one_horizon,16.0,512-world-pixels,8.0,10,0.2537484217171717,25.37484217171717,74.62515782828282,1.0,100.0,-74.62515782828282,256,equal scenes; within each scene equal conditions and equal candidates; horizons reported separately
motion_damping,visible_pusht_futures_2026-10-08,agent,False,temporal_lag_prepend_current,one_horizon,16.0,512-world-pixels,8.0,15,0.36042949021464643,36.04294902146464,63.95705097853536,1.0,100.0,-63.95705097853536,256,equal scenes; within each scene equal conditions and equal candidates; horizons reported separately
motion_damping,visible_pusht_futures_2026-10-08,agent,False,temporal_lag_prepend_current,one_horizon,16.0,512-world-pixels,8.0,20,0.46711055871212126,46.711055871212125,53.288944128787875,1.0,100.0,-53.288944128787875,256,equal scenes; within each scene equal conditions and equal candidates; horizons reported separately
motion_damping,visible_pusht_futures_2026-10-08,agent,False,temporal_lag_prepend_current,one_horizon,16.0,512-world-pixels,8.0,25,0.5733575994318181,57.335759943181806,42.664240056818194,1.0,100.0,-42.664240056818194,256,equal scenes; within each scene equal conditions and equal candidates; horizons reported separately
motion_damping,visible_pusht_futures_2026-10-08,agent,False,temporal_lag_prepend_current,one_horizon,32.0,512-world-pixels,16.0,5,0.27802635732323233,27.802635732323232,72.19736426767676,1.0,100.0,-72.19736426767676,256,equal scenes; within each scene equal conditions and equal candidates; horizons reported separately
motion_damping,visible_pusht_futures_2026-10-08,agent,False,temporal_lag_prepend_current,one_horizon,32.0,512-world-pixels,16.0,10,0.38470742582070705,38.470742582070706,61.529257417929294,1.0,100.0,-61.529257417929294,256,equal scenes; within each scene equal conditions and equal candidates; horizons reported separately
motion_damping,visible_pusht_futures_2026-10-08,agent,False,temporal_lag_prepend_current,one_horizon,32.0,512-world-pixels,16.0,15,0.4913884943181819,49.13884943181819,50.86115056818181,1.0,100.0,-50.86115056818181,256,equal scenes; within each scene equal conditions and equal candidates; horizons reported separately
motion_damping,visible_pusht_futures_2026-10-08,agent,False,temporal_lag_prepend_current,one_horizon,32.0,512-world-pixels,16.0,20,0.5972015072601009,59.72015072601009,40.27984927398991,1.0,100.0,-40.27984927398991,256,equal scenes; within each scene equal conditions and equal candidates; horizons reported separately
motion_damping,visible_pusht_futures_2026-10-08,agent,False,temporal_lag_prepend_current,one_horizon,32.0,512-world-pixels,16.0,25,0.6996725063131313,69.96725063131312,30.032749368686872,1.0,100.0,-30.032749368686872,256,equal scenes; within each scene equal conditions and equal candidates; horizons reported separately
motion_damping,visible_pusht_futures_2026-10-08,agent,False,wrong_condition_true_future,cyclic_shift_by_1,2.0,512-world-pixels,1.0,5,1.0,100.0,0.0,1.0,100.0,0.0,256,equal scenes; within each scene equal conditions and equal candidates; horizons reported separately
motion_damping,visible_pusht_futures_2026-10-08,agent,False,wrong_condition_true_future,cyclic_shift_by_1,2.0,512-world-pixels,1.0,10,1.0,100.0,0.0,1.0,100.0,0.0,256,equal scenes; within each scene equal conditions and equal candidates; horizons reported separately
motion_damping,visible_pusht_futures_2026-10-08,agent,False,wrong_condition_true_future,cyclic_shift_by_1,2.0,512-world-pixels,1.0,15,1.0,100.0,0.0,1.0,100.0,0.0,256,equal scenes; within each scene equal conditions and equal candidates; horizons reported separately
motion_damping,visible_pusht_futures_2026-10-08,agent,False,wrong_condition_true_future,cyclic_shift_by_1,2.0,512-world-pixels,1.0,20,1.0,100.0,0.0,1.0,100.0,0.0,256,equal scenes; within each scene equal conditions and equal candidates; horizons reported separately
motion_damping,visible_pusht_futures_2026-10-08,agent,False,wrong_condition_true_future,cyclic_shift_by_1,2.0,512-world-pixels,1.0,25,1.0,100.0,0.0,1.0,100.0,0.0,256,equal scenes; within each scene equal conditions and equal candidates; horizons reported separately
motion_damping,visible_pusht_futures_2026-10-08,agent,False,wrong_condition_true_future,cyclic_shift_by_1,4.0,512-world-pixels,2.0,5,1.0,100.0,0.0,1.0,100.0,0.0,256,equal scenes; within each scene equal conditions and equal candidates; horizons reported separately
motion_damping,visible_pusht_futures_2026-10-08,agent,False,wrong_condition_true_future,cyclic_shift_by_1,4.0,512-world-pixels,2.0,10,1.0,100.0,0.0,1.0,100.0,0.0,256,equal scenes; within each scene equal conditions and equal candidates; horizons reported separately
motion_damping,visible_pusht_futures_2026-10-08,agent,False,wrong_condition_true_future,cyclic_shift_by_1,4.0,512-world-pixels,2.0,15,1.0,100.0,0.0,1.0,100.0,0.0,256,equal scenes; within each scene equal conditions and equal candidates; horizons reported separately
motion_damping,visible_pusht_futures_2026-10-08,agent,False,wrong_condition_true_future,cyclic_shift_by_1,4.0,512-world-pixels,2.0,20,1.0,100.0,0.0,1.0,100.0,0.0,256,equal scenes; within each scene equal conditions and equal candidates; horizons reported separately
motion_damping,visible_pusht_futures_2026-10-08,agent,False,wrong_condition_true_future,cyclic_shift_by_1,4.0,512-world-pixels,2.0,25,1.0,100.0,0.0,1.0,100.0,0.0,256,equal scenes; within each scene equal conditions and equal candidates; horizons reported separately
motion_damping,visible_pusht_futures_2026-10-08,agent,False,wrong_condition_true_future,cyclic_shift_by_1,8.0,512-world-pixels,4.0,5,1.0,100.0,0.0,1.0,100.0,0.0,256,equal scenes; within each scene equal conditions and equal candidates; horizons reported separately
motion_damping,visible_pusht_futures_2026-10-08,agent,False,wrong_condition_true_future,cyclic_shift_by_1,8.0,512-world-pixels,4.0,10,1.0,100.0,0.0,1.0,100.0,0.0,256,equal scenes; within each scene equal conditions and equal candidates; horizons reported separately
motion_damping,visible_pusht_futures_2026-10-08,agent,False,wrong_condition_true_future,cyclic_shift_by_1,8.0,512-world-pixels,4.0,15,1.0,100.0,0.0,1.0,100.0,0.0,256,equal scenes; within each scene equal conditions and equal candidates; horizons reported separately
motion_damping,visible_pusht_futures_2026-10-08,agent,False,wrong_condition_true_future,cyclic_shift_by_1,8.0,512-world-pixels,4.0,20,1.0,100.0,0.0,1.0,100.0,0.0,256,equal scenes; within each scene equal conditions and equal candidates; horizons reported separately
motion_damping,visible_pusht_futures_2026-10-08,agent,False,wrong_condition_true_future,cyclic_shift_by_1,8.0,512-world-pixels,4.0,25,1.0,100.0,0.0,1.0,100.0,0.0,256,equal scenes; within each scene equal conditions and equal candidates; horizons reported separately
motion_damping,visible_pusht_futures_2026-10-08,agent,False,wrong_condition_true_future,cyclic_shift_by_1,16.0,512-world-pixels,8.0,5,1.0,100.0,0.0,1.0,100.0,0.0,256,equal scenes; within each scene equal conditions and equal candidates; horizons reported separately
motion_damping,visible_pusht_futures_2026-10-08,agent,False,wrong_condition_true_future,cyclic_shift_by_1,16.0,512-world-pixels,8.0,10,1.0,100.0,0.0,1.0,100.0,0.0,256,equal scenes; within each scene equal conditions and equal candidates; horizons reported separately
motion_damping,visible_pusht_futures_2026-10-08,agent,False,wrong_condition_true_future,cyclic_shift_by_1,16.0,512-world-pixels,8.0,15,1.0,100.0,0.0,1.0,100.0,0.0,256,equal scenes; within each scene equal conditions and equal candidates; horizons reported separately
motion_damping,visible_pusht_futures_2026-10-08,agent,False,wrong_condition_true_future,cyclic_shift_by_1,16.0,512-world-pixels,8.0,20,1.0,100.0,0.0,1.0,100.0,0.0,256,equal scenes; within each scene equal conditions and equal candidates; horizons reported separately
motion_damping,visible_pusht_futures_2026-10-08,agent,False,wrong_condition_true_future,cyclic_shift_by_1,16.0,512-world-pixels,8.0,25,1.0,100.0,0.0,1.0,100.0,0.0,256,equal scenes; within each scene equal conditions and equal candidates; horizons reported separately
motion_damping,visible_pusht_futures_2026-10-08,agent,False,wrong_condition_true_future,cyclic_shift_by_1,32.0,512-world-pixels,16.0,5,1.0,100.0,0.0,1.0,100.0,0.0,256,equal scenes; within each scene equal conditions and equal candidates; horizons reported separately
motion_damping,visible_pusht_futures_2026-10-08,agent,False,wrong_condition_true_future,cyclic_shift_by_1,32.0,512-world-pixels,16.0,10,1.0,100.0,0.0,1.0,100.0,0.0,256,equal scenes; within each scene equal conditions and equal candidates; horizons reported separately
motion_damping,visible_pusht_futures_2026-10-08,agent,False,wrong_condition_true_future,cyclic_shift_by_1,32.0,512-world-pixels,16.0,15,1.0,100.0,0.0,1.0,100.0,0.0,256,equal scenes; within each scene equal conditions and equal candidates; horizons reported separately
motion_damping,visible_pusht_futures_2026-10-08,agent,False,wrong_condition_true_future,cyclic_shift_by_1,32.0,512-world-pixels,16.0,20,1.0,100.0,0.0,1.0,100.0,0.0,256,equal scenes; within each scene equal conditions and equal candidates; horizons reported separately
motion_damping,visible_pusht_futures_2026-10-08,agent,False,wrong_condition_true_future,cyclic_shift_by_1,32.0,512-world-pixels,16.0,25,1.0,100.0,0.0,1.0,100.0,0.0,256,equal scenes; within each scene equal conditions and equal candidates; horizons reported separately
motion_damping,visible_pusht_futures_2026-10-08,block,True,condition_mean_common_privileged,mean_across_hidden_conditions,2.0,512-world-pixels,1.0,5,0.9189670138888889,91.89670138888889,8.103298611111109,0.9594835069444445,95.94835069444446,-4.051649305555561,256,equal scenes; within each scene equal conditions and equal candidates; horizons reported separately
motion_damping,visible_pusht_futures_2026-10-08,block,True,condition_mean_common_privileged,mean_across_hidden_conditions,2.0,512-world-pixels,1.0,10,0.00078125,0.078125,99.921875,0.500390625,50.0390625,-49.9609375,256,equal scenes; within each scene equal conditions and equal candidates; horizons reported separately
motion_damping,visible_pusht_futures_2026-10-08,block,True,condition_mean_common_privileged,mean_across_hidden_conditions,2.0,512-world-pixels,1.0,15,0.0008680555555555555,0.08680555555555555,99.91319444444444,0.5004340277777778,50.04340277777778,-49.95659722222222,256,equal scenes; within each scene equal conditions and equal candidates; horizons reported separately
motion_damping,visible_pusht_futures_2026-10-08,block,True,condition_mean_common_privileged,mean_across_hidden_conditions,2.0,512-world-pixels,1.0,20,0.0008680555555555555,0.08680555555555555,99.91319444444444,0.5004340277777778,50.04340277777778,-49.95659722222222,256,equal scenes; within each scene equal conditions and equal candidates; horizons reported separately
motion_damping,visible_pusht_futures_2026-10-08,block,True,condition_mean_common_privileged,mean_across_hidden_conditions,2.0,512-world-pixels,1.0,25,0.0,0.0,100.0,0.5,50.0,-50.0,256,equal scenes; within each scene equal conditions and equal candidates; horizons reported separately
motion_damping,visible_pusht_futures_2026-10-08,block,True,condition_mean_common_privileged,mean_across_hidden_conditions,4.0,512-world-pixels,2.0,5,0.982421875,98.2421875,1.7578125,0.9912109375,99.12109375,-0.87890625,256,equal scenes; within each scene equal conditions and equal candidates; horizons reported separately
motion_damping,visible_pusht_futures_2026-10-08,block,True,condition_mean_common_privileged,mean_across_hidden_conditions,4.0,512-world-pixels,2.0,10,0.09517144097222223,9.517144097222223,90.48285590277779,0.5475857204861111,54.75857204861111,-45.241427951388886,256,equal scenes; within each scene equal conditions and equal candidates; horizons reported separately
motion_damping,visible_pusht_futures_2026-10-08,block,True,condition_mean_common_privileged,mean_across_hidden_conditions,4.0,512-world-pixels,2.0,15,0.002604166666666667,0.2604166666666667,99.73958333333334,0.5013020833333333,50.13020833333333,-49.86979166666666,256,equal scenes; within each scene equal conditions and equal candidates; horizons reported separately
motion_damping,visible_pusht_futures_2026-10-08,block,True,condition_mean_common_privileged,mean_across_hidden_conditions,4.0,512-world-pixels,2.0,20,0.0013020833333333333,0.13020833333333331,99.86979166666666,0.5006510416666667,50.06510416666667,-49.93489583333334,256,equal scenes; within each scene equal conditions and equal candidates; horizons reported separately
motion_damping,visible_pusht_futures_2026-10-08,block,True,condition_mean_common_privileged,mean_across_hidden_conditions,4.0,512-world-pixels,2.0,25,0.00043402777777777775,0.043402777777777776,99.95659722222221,0.5002170138888888,50.021701388888886,-49.97829861111111,256,equal scenes; within each scene equal conditions and equal candidates; horizons reported separately
motion_damping,visible_pusht_futures_2026-10-08,block,True,condition_mean_common_privileged,mean_across_hidden_conditions,8.0,512-world-pixels,4.0,5,1.0,100.0,0.0,1.0,100.0,0.0,256,equal scenes; within each scene equal conditions and equal candidates; horizons reported separately
motion_damping,visible_pusht_futures_2026-10-08,block,True,condition_mean_common_privileged,mean_across_hidden_conditions,8.0,512-world-pixels,4.0,10,0.5581034958964647,55.81034958964647,44.18965041035353,0.7790517479482324,77.90517479482324,-22.09482520517677,256,equal scenes; within each scene equal conditions and equal candidates; horizons reported separately
motion_damping,visible_pusht_futures_2026-10-08,block,True,condition_mean_common_privileged,mean_across_hidden_conditions,8.0,512-world-pixels,4.0,15,0.13850812815656566,13.850812815656566,86.14918718434343,0.5692540640782828,56.925406407828284,-43.074593592171716,256,equal scenes; within each scene equal conditions and equal candidates; horizons reported separately
motion_damping,visible_pusht_futures_2026-10-08,block,True,condition_mean_common_privileged,mean_across_hidden_conditions,8.0,512-world-pixels,4.0,20,0.009157986111111112,0.9157986111111112,99.08420138888889,0.5045789930555555,50.45789930555556,-49.54210069444444,256,equal scenes; within each scene equal conditions and equal candidates; horizons reported separately
motion_damping,visible_pusht_futures_2026-10-08,block,True,condition_mean_common_privileged,mean_across_hidden_conditions,8.0,512-world-pixels,4.0,25,0.0042968749999999995,0.42968749999999994,99.5703125,0.5021484375,50.21484375000001,-49.78515625000001,256,equal scenes; within each scene equal conditions and equal candidates; horizons reported separately
motion_damping,visible_pusht_futures_2026-10-08,block,True,condition_mean_common_privileged,mean_across_hidden_conditions,16.0,512-world-pixels,8.0,5,1.0,100.0,0.0,1.0,100.0,0.0,256,equal scenes; within each scene equal conditions and equal candidates; horizons reported separately
motion_damping,visible_pusht_futures_2026-10-08,block,True,condition_mean_common_privileged,mean_across_hidden_conditions,16.0,512-world-pixels,8.0,10,0.9528645833333333,95.28645833333333,4.713541666666665,0.9764322916666666,97.64322916666666,-2.3567708333333215,256,equal scenes; within each scene equal conditions and equal candidates; horizons reported separately
motion_damping,visible_pusht_futures_2026-10-08,block,True,condition_mean_common_privileged,mean_across_hidden_conditions,16.0,512-world-pixels,8.0,15,0.4866279987373738,48.66279987373738,51.337200126262616,0.7433139993686868,74.33139993686868,-25.668600063131304,256,equal scenes; within each scene equal conditions and equal candidates; horizons reported separately
motion_damping,visible_pusht_futures_2026-10-08,block,True,condition_mean_common_privileged,mean_across_hidden_conditions,16.0,512-world-pixels,8.0,20,0.32319779829545453,32.31977982954545,67.68022017045455,0.6615988991477273,66.15988991477273,-33.84011008522727,256,equal scenes; within each scene equal conditions and equal candidates; horizons reported separately
motion_damping,visible_pusht_futures_2026-10-08,block,True,condition_mean_common_privileged,mean_across_hidden_conditions,16.0,512-world-pixels,8.0,25,0.1410501499368687,14.10501499368687,85.89498500631314,0.5705250749684343,57.05250749684343,-42.94749250315656,256,equal scenes; within each scene equal conditions and equal candidates; horizons reported separately
motion_damping,visible_pusht_futures_2026-10-08,block,True,condition_mean_common_privileged,mean_across_hidden_conditions,32.0,512-world-pixels,16.0,5,1.0,100.0,0.0,1.0,100.0,0.0,256,equal scenes; within each scene equal conditions and equal candidates; horizons reported separately
motion_damping,visible_pusht_futures_2026-10-08,block,True,condition_mean_common_privileged,mean_across_hidden_conditions,32.0,512-world-pixels,16.0,10,0.9975694444444444,99.75694444444444,0.24305555555556024,0.9987847222222221,99.87847222222221,-0.12152777777777457,256,equal scenes; within each scene equal conditions and equal candidates; horizons reported separately
motion_damping,visible_pusht_futures_2026-10-08,block,True,condition_mean_common_privileged,mean_across_hidden_conditions,32.0,512-world-pixels,16.0,15,0.7200984453914142,72.00984453914143,27.990155460858578,0.860049222695707,86.0049222695707,-13.995077730429283,256,equal scenes; within each scene equal conditions and equal candidates; horizons reported separately
motion_damping,visible_pusht_futures_2026-10-08,block,True,condition_mean_common_privileged,mean_across_hidden_conditions,32.0,512-world-pixels,16.0,20,0.5513415404040405,55.13415404040405,44.86584595959595,0.7756707702020202,77.56707702020202,-22.432922979797976,256,equal scenes; within each scene equal conditions and equal candidates; horizons reported separately
motion_damping,visible_pusht_futures_2026-10-08,block,True,condition_mean_common_privileged,mean_across_hidden_conditions,32.0,512-world-pixels,16.0,25,0.43942747790404035,43.942747790404034,56.057252209595966,0.7197137389520202,71.97137389520202,-28.028626104797983,256,equal scenes; within each scene equal conditions and equal candidates; horizons reported separately
motion_damping,visible_pusht_futures_2026-10-08,block,True,current_state_displacement_scale,0,2.0,512-world-pixels,1.0,5,0.0,0.0,100.0,0.9594835069444445,95.94835069444446,-95.94835069444446,256,equal scenes; within each scene equal conditions and equal candidates; horizons reported separately
motion_damping,visible_pusht_futures_2026-10-08,block,True,current_state_displacement_scale,0,2.0,512-world-pixels,1.0,10,0.0,0.0,100.0,0.500390625,50.0390625,-50.0390625,256,equal scenes; within each scene equal conditions and equal candidates; horizons reported separately
motion_damping,visible_pusht_futures_2026-10-08,block,True,current_state_displacement_scale,0,2.0,512-world-pixels,1.0,15,0.0,0.0,100.0,0.5004340277777778,50.04340277777778,-50.04340277777778,256,equal scenes; within each scene equal conditions and equal candidates; horizons reported separately
motion_damping,visible_pusht_futures_2026-10-08,block,True,current_state_displacement_scale,0,2.0,512-world-pixels,1.0,20,0.0,0.0,100.0,0.5004340277777778,50.04340277777778,-50.04340277777778,256,equal scenes; within each scene equal conditions and equal candidates; horizons reported separately
motion_damping,visible_pusht_futures_2026-10-08,block,True,current_state_displacement_scale,0,2.0,512-world-pixels,1.0,25,0.0,0.0,100.0,0.5,50.0,-50.0,256,equal scenes; within each scene equal conditions and equal candidates; horizons reported separately
motion_damping,visible_pusht_futures_2026-10-08,block,True,current_state_displacement_scale,0,4.0,512-world-pixels,2.0,5,0.0,0.0,100.0,0.9912109375,99.12109375,-99.12109375,256,equal scenes; within each scene equal conditions and equal candidates; horizons reported separately
motion_damping,visible_pusht_futures_2026-10-08,block,True,current_state_displacement_scale,0,4.0,512-world-pixels,2.0,10,0.0,0.0,100.0,0.5475857204861111,54.75857204861111,-54.75857204861111,256,equal scenes; within each scene equal conditions and equal candidates; horizons reported separately
motion_damping,visible_pusht_futures_2026-10-08,block,True,current_state_displacement_scale,0,4.0,512-world-pixels,2.0,15,0.0,0.0,100.0,0.5013020833333333,50.13020833333333,-50.13020833333333,256,equal scenes; within each scene equal conditions and equal candidates; horizons reported separately
motion_damping,visible_pusht_futures_2026-10-08,block,True,current_state_displacement_scale,0,4.0,512-world-pixels,2.0,20,0.0,0.0,100.0,0.5006510416666667,50.06510416666667,-50.06510416666667,256,equal scenes; within each scene equal conditions and equal candidates; horizons reported separately
motion_damping,visible_pusht_futures_2026-10-08,block,True,current_state_displacement_scale,0,4.0,512-world-pixels,2.0,25,0.0,0.0,100.0,0.5002170138888888,50.021701388888886,-50.021701388888886,256,equal scenes; within each scene equal conditions and equal candidates; horizons reported separately
motion_damping,visible_pusht_futures_2026-10-08,block,True,current_state_displacement_scale,0,8.0,512-world-pixels,4.0,5,0.2839291351010101,28.39291351010101,71.60708648989899,1.0,100.0,-71.60708648989899,256,equal scenes; within each scene equal conditions and equal candidates; horizons reported separately
motion_damping,visible_pusht_futures_2026-10-08,block,True,current_state_displacement_scale,0,8.0,512-world-pixels,4.0,10,0.036707899305555555,3.6707899305555554,96.32921006944444,0.7790517479482324,77.90517479482324,-74.23438486426768,256,equal scenes; within each scene equal conditions and equal candidates; horizons reported separately
motion_damping,visible_pusht_futures_2026-10-08,block,True,current_state_displacement_scale,0,8.0,512-world-pixels,4.0,15,0.0,0.0,100.0,0.5692540640782828,56.925406407828284,-56.925406407828284,256,equal scenes; within each scene equal conditions and equal candidates; horizons reported separately
motion_damping,visible_pusht_futures_2026-10-08,block,True,current_state_displacement_scale,0,8.0,512-world-pixels,4.0,20,0.0,0.0,100.0,0.5045789930555555,50.45789930555556,-50.45789930555556,256,equal scenes; within each scene equal conditions and equal candidates; horizons reported separately
motion_damping,visible_pusht_futures_2026-10-08,block,True,current_state_displacement_scale,0,8.0,512-world-pixels,4.0,25,0.0,0.0,100.0,0.5021484375,50.21484375000001,-50.21484375000001,256,equal scenes; within each scene equal conditions and equal candidates; horizons reported separately
motion_damping,visible_pusht_futures_2026-10-08,block,True,current_state_displacement_scale,0,16.0,512-world-pixels,8.0,5,0.5665019333964647,56.65019333964647,43.34980666035353,1.0,100.0,-43.34980666035353,256,equal scenes; within each scene equal conditions and equal candidates; horizons reported separately
motion_damping,visible_pusht_futures_2026-10-08,block,True,current_state_displacement_scale,0,16.0,512-world-pixels,8.0,10,0.19707919034090907,19.707919034090907,80.2920809659091,0.9764322916666666,97.64322916666666,-77.93531013257575,256,equal scenes; within each scene equal conditions and equal candidates; horizons reported separately
motion_damping,visible_pusht_futures_2026-10-08,block,True,current_state_displacement_scale,0,16.0,512-world-pixels,8.0,15,0.1372879182449495,13.728791824494948,86.27120817550505,0.7433139993686868,74.33139993686868,-60.60260811237374,256,equal scenes; within each scene equal conditions and equal candidates; horizons reported separately
motion_damping,visible_pusht_futures_2026-10-08,block,True,current_state_displacement_scale,0,16.0,512-world-pixels,8.0,20,0.13063792219065656,13.063792219065656,86.93620778093434,0.6615988991477273,66.15988991477273,-53.096097695707066,256,equal scenes; within each scene equal conditions and equal candidates; horizons reported separately
motion_damping,visible_pusht_futures_2026-10-08,block,True,current_state_displacement_scale,0,16.0,512-world-pixels,8.0,25,0.1297915680239899,12.97915680239899,87.02084319760101,0.5705250749684343,57.05250749684343,-44.07335069444444,256,equal scenes; within each scene equal conditions and equal candidates; horizons reported separately
motion_damping,visible_pusht_futures_2026-10-08,block,True,current_state_displacement_scale,0,32.0,512-world-pixels,16.0,5,0.9146158854166666,91.46158854166666,8.53841145833334,1.0,100.0,-8.53841145833334,256,equal scenes; within each scene equal conditions and equal candidates; horizons reported separately
motion_damping,visible_pusht_futures_2026-10-08,block,True,current_state_displacement_scale,0,32.0,512-world-pixels,16.0,10,0.4017592921401515,40.17592921401515,59.82407078598485,0.9987847222222221,99.87847222222221,-59.702543008207066,256,equal scenes; within each scene equal conditions and equal candidates; horizons reported separately
motion_damping,visible_pusht_futures_2026-10-08,block,True,current_state_displacement_scale,0,32.0,512-world-pixels,16.0,15,0.2690513533775252,26.905135337752522,73.09486466224749,0.860049222695707,86.0049222695707,-59.09978693181819,256,equal scenes; within each scene equal conditions and equal candidates; horizons reported separately
motion_damping,visible_pusht_futures_2026-10-08,block,True,current_state_displacement_scale,0,32.0,512-world-pixels,16.0,20,0.17631786616161615,17.631786616161616,82.36821338383838,0.7756707702020202,77.56707702020202,-59.93529040404041,256,equal scenes; within each scene equal conditions and equal candidates; horizons reported separately
motion_damping,visible_pusht_futures_2026-10-08,block,True,current_state_displacement_scale,0,32.0,512-world-pixels,16.0,25,0.131722991635101,13.1722991635101,86.8277008364899,0.7197137389520202,71.97137389520202,-58.79907473169192,256,equal scenes; within each scene equal conditions and equal candidates; horizons reported separately
motion_damping,visible_pusht_futures_2026-10-08,block,True,current_state_displacement_scale,0.5,2.0,512-world-pixels,1.0,5,0.0,0.0,100.0,0.9594835069444445,95.94835069444446,-95.94835069444446,256,equal scenes; within each scene equal conditions and equal candidates; horizons reported separately
motion_damping,visible_pusht_futures_2026-10-08,block,True,current_state_displacement_scale,0.5,2.0,512-world-pixels,1.0,10,0.0,0.0,100.0,0.500390625,50.0390625,-50.0390625,256,equal scenes; within each scene equal conditions and equal candidates; horizons reported separately
motion_damping,visible_pusht_futures_2026-10-08,block,True,current_state_displacement_scale,0.5,2.0,512-world-pixels,1.0,15,0.0,0.0,100.0,0.5004340277777778,50.04340277777778,-50.04340277777778,256,equal scenes; within each scene equal conditions and equal candidates; horizons reported separately
motion_damping,visible_pusht_futures_2026-10-08,block,True,current_state_displacement_scale,0.5,2.0,512-world-pixels,1.0,20,0.0,0.0,100.0,0.5004340277777778,50.04340277777778,-50.04340277777778,256,equal scenes; within each scene equal conditions and equal candidates; horizons reported separately
motion_damping,visible_pusht_futures_2026-10-08,block,True,current_state_displacement_scale,0.5,2.0,512-world-pixels,1.0,25,0.0,0.0,100.0,0.5,50.0,-50.0,256,equal scenes; within each scene equal conditions and equal candidates; horizons reported separately
motion_damping,visible_pusht_futures_2026-10-08,block,True,current_state_displacement_scale,0.5,4.0,512-world-pixels,2.0,5,0.2839291351010101,28.39291351010101,71.60708648989899,0.9912109375,99.12109375,-70.72818023989899,256,equal scenes; within each scene equal conditions and equal candidates; horizons reported separately
motion_damping,visible_pusht_futures_2026-10-08,block,True,current_state_displacement_scale,0.5,4.0,512-world-pixels,2.0,10,0.036707899305555555,3.6707899305555554,96.32921006944444,0.5475857204861111,54.75857204861111,-51.08778211805556,256,equal scenes; within each scene equal conditions and equal candidates; horizons reported separately
motion_damping,visible_pusht_futures_2026-10-08,block,True,current_state_displacement_scale,0.5,4.0,512-world-pixels,2.0,15,0.0,0.0,100.0,0.5013020833333333,50.13020833333333,-50.13020833333333,256,equal scenes; within each scene equal conditions and equal candidates; horizons reported separately
motion_damping,visible_pusht_futures_2026-10-08,block,True,current_state_displacement_scale,0.5,4.0,512-world-pixels,2.0,20,0.0,0.0,100.0,0.5006510416666667,50.06510416666667,-50.06510416666667,256,equal scenes; within each scene equal conditions and equal candidates; horizons reported separately
motion_damping,visible_pusht_futures_2026-10-08,block,True,current_state_displacement_scale,0.5,4.0,512-world-pixels,2.0,25,0.0,0.0,100.0,0.5002170138888888,50.021701388888886,-50.021701388888886,256,equal scenes; within each scene equal conditions and equal candidates; horizons reported separately
motion_damping,visible_pusht_futures_2026-10-08,block,True,current_state_displacement_scale,0.5,8.0,512-world-pixels,4.0,5,0.5665019333964647,56.65019333964647,43.34980666035353,1.0,100.0,-43.34980666035353,256,equal scenes; within each scene equal conditions and equal candidates; horizons reported separately
motion_damping,visible_pusht_futures_2026-10-08,block,True,current_state_displacement_scale,0.5,8.0,512-world-pixels,4.0,10,0.19707919034090907,19.707919034090907,80.2920809659091,0.7790517479482324,77.90517479482324,-58.19725576073233,256,equal scenes; within each scene equal conditions and equal candidates; horizons reported separately
motion_damping,visible_pusht_futures_2026-10-08,block,True,current_state_displacement_scale,0.5,8.0,512-world-pixels,4.0,15,0.1372879182449495,13.728791824494948,86.27120817550505,0.5692540640782828,56.925406407828284,-43.196614583333336,256,equal scenes; within each scene equal conditions and equal candidates; horizons reported separately
motion_damping,visible_pusht_futures_2026-10-08,block,True,current_state_displacement_scale,0.5,8.0,512-world-pixels,4.0,20,0.13063792219065656,13.063792219065656,86.93620778093434,0.5045789930555555,50.45789930555556,-37.394107086489896,256,equal scenes; within each scene equal conditions and equal candidates; horizons reported separately
motion_damping,visible_pusht_futures_2026-10-08,block,True,current_state_displacement_scale,0.5,8.0,512-world-pixels,4.0,25,0.1297915680239899,12.97915680239899,87.02084319760101,0.5021484375,50.21484375000001,-37.23568694760102,256,equal scenes; within each scene equal conditions and equal candidates; horizons reported separately
motion_damping,visible_pusht_futures_2026-10-08,block,True,current_state_displacement_scale,0.5,16.0,512-world-pixels,8.0,5,0.9146158854166666,91.46158854166666,8.53841145833334,1.0,100.0,-8.53841145833334,256,equal scenes; within each scene equal conditions and equal candidates; horizons reported separately
motion_damping,visible_pusht_futures_2026-10-08,block,True,current_state_displacement_scale,0.5,16.0,512-world-pixels,8.0,10,0.4017592921401515,40.17592921401515,59.82407078598485,0.9764322916666666,97.64322916666666,-57.46729995265151,256,equal scenes; within each scene equal conditions and equal candidates; horizons reported separately
motion_damping,visible_pusht_futures_2026-10-08,block,True,current_state_displacement_scale,0.5,16.0,512-world-pixels,8.0,15,0.2690513533775252,26.905135337752522,73.09486466224749,0.7433139993686868,74.33139993686868,-47.42626459911616,256,equal scenes; within each scene equal conditions and equal candidates; horizons reported separately
motion_damping,visible_pusht_futures_2026-10-08,block,True,current_state_displacement_scale,0.5,16.0,512-world-pixels,8.0,20,0.17631786616161615,17.631786616161616,82.36821338383838,0.6615988991477273,66.15988991477273,-48.528103298611114,256,equal scenes; within each scene equal conditions and equal candidates; horizons reported separately
motion_damping,visible_pusht_futures_2026-10-08,block,True,current_state_displacement_scale,0.5,16.0,512-world-pixels,8.0,25,0.131722991635101,13.1722991635101,86.8277008364899,0.5705250749684343,57.05250749684343,-43.88020833333333,256,equal scenes; within each scene equal conditions and equal candidates; horizons reported separately
motion_damping,visible_pusht_futures_2026-10-08,block,True,current_state_displacement_scale,0.5,32.0,512-world-pixels,16.0,5,1.0,100.0,0.0,1.0,100.0,0.0,256,equal scenes; within each scene equal conditions and equal candidates; horizons reported separately
motion_damping,visible_pusht_futures_2026-10-08,block,True,current_state_displacement_scale,0.5,32.0,512-world-pixels,16.0,10,0.5949726759785354,59.49726759785354,40.50273240214646,0.9987847222222221,99.87847222222221,-40.38120462436867,256,equal scenes; within each scene equal conditions and equal candidates; horizons reported separately
motion_damping,visible_pusht_futures_2026-10-08,block,True,current_state_displacement_scale,0.5,32.0,512-world-pixels,16.0,15,0.4151219223484848,41.51219223484848,58.48780776515152,0.860049222695707,86.0049222695707,-44.49273003472223,256,equal scenes; within each scene equal conditions and equal candidates; horizons reported separately
motion_damping,visible_pusht_futures_2026-10-08,block,True,current_state_displacement_scale,0.5,32.0,512-world-pixels,16.0,20,0.32883177477904035,32.883177477904034,67.11682252209596,0.7756707702020202,77.56707702020202,-44.683899542297986,256,equal scenes; within each scene equal conditions and equal candidates; horizons reported separately
motion_damping,visible_pusht_futures_2026-10-08,block,True,current_state_displacement_scale,0.5,32.0,512-world-pixels,16.0,25,0.2988473603219697,29.88473603219697,70.11526396780303,0.7197137389520202,71.97137389520202,-42.08663786300505,256,equal scenes; within each scene equal conditions and equal candidates; horizons reported separately
motion_damping,visible_pusht_futures_2026-10-08,block,True,current_state_displacement_scale,1,2.0,512-world-pixels,1.0,5,1.0,100.0,0.0,0.9594835069444445,95.94835069444446,4.051649305555549,256,equal scenes; within each scene equal conditions and equal candidates; horizons reported separately
motion_damping,visible_pusht_futures_2026-10-08,block,True,current_state_displacement_scale,1,2.0,512-world-pixels,1.0,10,1.0,100.0,0.0,0.500390625,50.0390625,49.9609375,256,equal scenes; within each scene equal conditions and equal candidates; horizons reported separately
motion_damping,visible_pusht_futures_2026-10-08,block,True,current_state_displacement_scale,1,2.0,512-world-pixels,1.0,15,1.0,100.0,0.0,0.5004340277777778,50.04340277777778,49.95659722222222,256,equal scenes; within each scene equal conditions and equal candidates; horizons reported separately
motion_damping,visible_pusht_futures_2026-10-08,block,True,current_state_displacement_scale,1,2.0,512-world-pixels,1.0,20,1.0,100.0,0.0,0.5004340277777778,50.04340277777778,49.95659722222222,256,equal scenes; within each scene equal conditions and equal candidates; horizons reported separately
motion_damping,visible_pusht_futures_2026-10-08,block,True,current_state_displacement_scale,1,2.0,512-world-pixels,1.0,25,1.0,100.0,0.0,0.5,50.0,50.0,256,equal scenes; within each scene equal conditions and equal candidates; horizons reported separately
motion_damping,visible_pusht_futures_2026-10-08,block,True,current_state_displacement_scale,1,4.0,512-world-pixels,2.0,5,1.0,100.0,0.0,0.9912109375,99.12109375,0.87890625,256,equal scenes; within each scene equal conditions and equal candidates; horizons reported separately
motion_damping,visible_pusht_futures_2026-10-08,block,True,current_state_displacement_scale,1,4.0,512-world-pixels,2.0,10,1.0,100.0,0.0,0.5475857204861111,54.75857204861111,45.24142795138889,256,equal scenes; within each scene equal conditions and equal candidates; horizons reported separately
motion_damping,visible_pusht_futures_2026-10-08,block,True,current_state_displacement_scale,1,4.0,512-world-pixels,2.0,15,1.0,100.0,0.0,0.5013020833333333,50.13020833333333,49.86979166666667,256,equal scenes; within each scene equal conditions and equal candidates; horizons reported separately
motion_damping,visible_pusht_futures_2026-10-08,block,True,current_state_displacement_scale,1,4.0,512-world-pixels,2.0,20,1.0,100.0,0.0,0.5006510416666667,50.06510416666667,49.93489583333333,256,equal scenes; within each scene equal conditions and equal candidates; horizons reported separately
motion_damping,visible_pusht_futures_2026-10-08,block,True,current_state_displacement_scale,1,4.0,512-world-pixels,2.0,25,1.0,100.0,0.0,0.5002170138888888,50.021701388888886,49.978298611111114,256,equal scenes; within each scene equal conditions and equal candidates; horizons reported separately
motion_damping,visible_pusht_futures_2026-10-08,block,True,current_state_displacement_scale,1,8.0,512-world-pixels,4.0,5,1.0,100.0,0.0,1.0,100.0,0.0,256,equal scenes; within each scene equal conditions and equal candidates; horizons reported separately
motion_damping,visible_pusht_futures_2026-10-08,block,True,current_state_displacement_scale,1,8.0,512-world-pixels,4.0,10,1.0,100.0,0.0,0.7790517479482324,77.90517479482324,22.09482520517676,256,equal scenes; within each scene equal conditions and equal candidates; horizons reported separately
motion_damping,visible_pusht_futures_2026-10-08,block,True,current_state_displacement_scale,1,8.0,512-world-pixels,4.0,15,1.0,100.0,0.0,0.5692540640782828,56.925406407828284,43.074593592171716,256,equal scenes; within each scene equal conditions and equal candidates; horizons reported separately
motion_damping,visible_pusht_futures_2026-10-08,block,True,current_state_displacement_scale,1,8.0,512-world-pixels,4.0,20,1.0,100.0,0.0,0.5045789930555555,50.45789930555556,49.54210069444444,256,equal scenes; within each scene equal conditions and equal candidates; horizons reported separately
motion_damping,visible_pusht_futures_2026-10-08,block,True,current_state_displacement_scale,1,8.0,512-world-pixels,4.0,25,1.0,100.0,0.0,0.5021484375,50.21484375000001,49.78515624999999,256,equal scenes; within each scene equal conditions and equal candidates; horizons reported separately
motion_damping,visible_pusht_futures_2026-10-08,block,True,current_state_displacement_scale,1,16.0,512-world-pixels,8.0,5,1.0,100.0,0.0,1.0,100.0,0.0,256,equal scenes; within each scene equal conditions and equal candidates; horizons reported separately
motion_damping,visible_pusht_futures_2026-10-08,block,True,current_state_displacement_scale,1,16.0,512-world-pixels,8.0,10,1.0,100.0,0.0,0.9764322916666666,97.64322916666666,2.3567708333333437,256,equal scenes; within each scene equal conditions and equal candidates; horizons reported separately
motion_damping,visible_pusht_futures_2026-10-08,block,True,current_state_displacement_scale,1,16.0,512-world-pixels,8.0,15,1.0,100.0,0.0,0.7433139993686868,74.33139993686868,25.66860006313132,256,equal scenes; within each scene equal conditions and equal candidates; horizons reported separately
motion_damping,visible_pusht_futures_2026-10-08,block,True,current_state_displacement_scale,1,16.0,512-world-pixels,8.0,20,1.0,100.0,0.0,0.6615988991477273,66.15988991477273,33.84011008522727,256,equal scenes; within each scene equal conditions and equal candidates; horizons reported separately
motion_damping,visible_pusht_futures_2026-10-08,block,True,current_state_displacement_scale,1,16.0,512-world-pixels,8.0,25,1.0,100.0,0.0,0.5705250749684343,57.05250749684343,42.94749250315657,256,equal scenes; within each scene equal conditions and equal candidates; horizons reported separately
motion_damping,visible_pusht_futures_2026-10-08,block,True,current_state_displacement_scale,1,32.0,512-world-pixels,16.0,5,1.0,100.0,0.0,1.0,100.0,0.0,256,equal scenes; within each scene equal conditions and equal candidates; horizons reported separately
motion_damping,visible_pusht_futures_2026-10-08,block,True,current_state_displacement_scale,1,32.0,512-world-pixels,16.0,10,1.0,100.0,0.0,0.9987847222222221,99.87847222222221,0.12152777777778567,256,equal scenes; within each scene equal conditions and equal candidates; horizons reported separately
motion_damping,visible_pusht_futures_2026-10-08,block,True,current_state_displacement_scale,1,32.0,512-world-pixels,16.0,15,1.0,100.0,0.0,0.860049222695707,86.0049222695707,13.995077730429294,256,equal scenes; within each scene equal conditions and equal candidates; horizons reported separately
motion_damping,visible_pusht_futures_2026-10-08,block,True,current_state_displacement_scale,1,32.0,512-world-pixels,16.0,20,1.0,100.0,0.0,0.7756707702020202,77.56707702020202,22.432922979797976,256,equal scenes; within each scene equal conditions and equal candidates; horizons reported separately
motion_damping,visible_pusht_futures_2026-10-08,block,True,current_state_displacement_scale,1,32.0,512-world-pixels,16.0,25,1.0,100.0,0.0,0.7197137389520202,71.97137389520202,28.028626104797983,256,equal scenes; within each scene equal conditions and equal candidates; horizons reported separately
motion_damping,visible_pusht_futures_2026-10-08,block,True,current_state_displacement_scale,1.5,2.0,512-world-pixels,1.0,5,0.0,0.0,100.0,0.9594835069444445,95.94835069444446,-95.94835069444446,256,equal scenes; within each scene equal conditions and equal candidates; horizons reported separately
motion_damping,visible_pusht_futures_2026-10-08,block,True,current_state_displacement_scale,1.5,2.0,512-world-pixels,1.0,10,0.0,0.0,100.0,0.500390625,50.0390625,-50.0390625,256,equal scenes; within each scene equal conditions and equal candidates; horizons reported separately
motion_damping,visible_pusht_futures_2026-10-08,block,True,current_state_displacement_scale,1.5,2.0,512-world-pixels,1.0,15,0.0,0.0,100.0,0.5004340277777778,50.04340277777778,-50.04340277777778,256,equal scenes; within each scene equal conditions and equal candidates; horizons reported separately
motion_damping,visible_pusht_futures_2026-10-08,block,True,current_state_displacement_scale,1.5,2.0,512-world-pixels,1.0,20,0.0,0.0,100.0,0.5004340277777778,50.04340277777778,-50.04340277777778,256,equal scenes; within each scene equal conditions and equal candidates; horizons reported separately
motion_damping,visible_pusht_futures_2026-10-08,block,True,current_state_displacement_scale,1.5,2.0,512-world-pixels,1.0,25,0.0,0.0,100.0,0.5,50.0,-50.0,256,equal scenes; within each scene equal conditions and equal candidates; horizons reported separately
motion_damping,visible_pusht_futures_2026-10-08,block,True,current_state_displacement_scale,1.5,4.0,512-world-pixels,2.0,5,0.2839291351010101,28.39291351010101,71.60708648989899,0.9912109375,99.12109375,-70.72818023989899,256,equal scenes; within each scene equal conditions and equal candidates; horizons reported separately
motion_damping,visible_pusht_futures_2026-10-08,block,True,current_state_displacement_scale,1.5,4.0,512-world-pixels,2.0,10,0.036707899305555555,3.6707899305555554,96.32921006944444,0.5475857204861111,54.75857204861111,-51.08778211805556,256,equal scenes; within each scene equal conditions and equal candidates; horizons reported separately
motion_damping,visible_pusht_futures_2026-10-08,block,True,current_state_displacement_scale,1.5,4.0,512-world-pixels,2.0,15,0.0,0.0,100.0,0.5013020833333333,50.13020833333333,-50.13020833333333,256,equal scenes; within each scene equal conditions and equal candidates; horizons reported separately
motion_damping,visible_pusht_futures_2026-10-08,block,True,current_state_displacement_scale,1.5,4.0,512-world-pixels,2.0,20,0.0,0.0,100.0,0.5006510416666667,50.06510416666667,-50.06510416666667,256,equal scenes; within each scene equal conditions and equal candidates; horizons reported separately
motion_damping,visible_pusht_futures_2026-10-08,block,True,current_state_displacement_scale,1.5,4.0,512-world-pixels,2.0,25,0.0,0.0,100.0,0.5002170138888888,50.021701388888886,-50.021701388888886,256,equal scenes; within each scene equal conditions and equal candidates; horizons reported separately
motion_damping,visible_pusht_futures_2026-10-08,block,True,current_state_displacement_scale,1.5,8.0,512-world-pixels,4.0,5,0.5665019333964647,56.65019333964647,43.34980666035353,1.0,100.0,-43.34980666035353,256,equal scenes; within each scene equal conditions and equal candidates; horizons reported separately
motion_damping,visible_pusht_futures_2026-10-08,block,True,current_state_displacement_scale,1.5,8.0,512-world-pixels,4.0,10,0.19707919034090907,19.707919034090907,80.2920809659091,0.7790517479482324,77.90517479482324,-58.19725576073233,256,equal scenes; within each scene equal conditions and equal candidates; horizons reported separately
motion_damping,visible_pusht_futures_2026-10-08,block,True,current_state_displacement_scale,1.5,8.0,512-world-pixels,4.0,15,0.1372879182449495,13.728791824494948,86.27120817550505,0.5692540640782828,56.925406407828284,-43.196614583333336,256,equal scenes; within each scene equal conditions and equal candidates; horizons reported separately
motion_damping,visible_pusht_futures_2026-10-08,block,True,current_state_displacement_scale,1.5,8.0,512-world-pixels,4.0,20,0.13063792219065656,13.063792219065656,86.93620778093434,0.5045789930555555,50.45789930555556,-37.394107086489896,256,equal scenes; within each scene equal conditions and equal candidates; horizons reported separately
motion_damping,visible_pusht_futures_2026-10-08,block,True,current_state_displacement_scale,1.5,8.0,512-world-pixels,4.0,25,0.1297915680239899,12.97915680239899,87.02084319760101,0.5021484375,50.21484375000001,-37.23568694760102,256,equal scenes; within each scene equal conditions and equal candidates; horizons reported separately
motion_damping,visible_pusht_futures_2026-10-08,block,True,current_state_displacement_scale,1.5,16.0,512-world-pixels,8.0,5,0.9146158854166666,91.46158854166666,8.53841145833334,1.0,100.0,-8.53841145833334,256,equal scenes; within each scene equal conditions and equal candidates; horizons reported separately
motion_damping,visible_pusht_futures_2026-10-08,block,True,current_state_displacement_scale,1.5,16.0,512-world-pixels,8.0,10,0.4017592921401515,40.17592921401515,59.82407078598485,0.9764322916666666,97.64322916666666,-57.46729995265151,256,equal scenes; within each scene equal conditions and equal candidates; horizons reported separately
motion_damping,visible_pusht_futures_2026-10-08,block,True,current_state_displacement_scale,1.5,16.0,512-world-pixels,8.0,15,0.2690513533775252,26.905135337752522,73.09486466224749,0.7433139993686868,74.33139993686868,-47.42626459911616,256,equal scenes; within each scene equal conditions and equal candidates; horizons reported separately
motion_damping,visible_pusht_futures_2026-10-08,block,True,current_state_displacement_scale,1.5,16.0,512-world-pixels,8.0,20,0.17631786616161615,17.631786616161616,82.36821338383838,0.6615988991477273,66.15988991477273,-48.528103298611114,256,equal scenes; within each scene equal conditions and equal candidates; horizons reported separately
motion_damping,visible_pusht_futures_2026-10-08,block,True,current_state_displacement_scale,1.5,16.0,512-world-pixels,8.0,25,0.131722991635101,13.1722991635101,86.8277008364899,0.5705250749684343,57.05250749684343,-43.88020833333333,256,equal scenes; within each scene equal conditions and equal candidates; horizons reported separately
motion_damping,visible_pusht_futures_2026-10-08,block,True,current_state_displacement_scale,1.5,32.0,512-world-pixels,16.0,5,1.0,100.0,0.0,1.0,100.0,0.0,256,equal scenes; within each scene equal conditions and equal candidates; horizons reported separately
motion_damping,visible_pusht_futures_2026-10-08,block,True,current_state_displacement_scale,1.5,32.0,512-world-pixels,16.0,10,0.5949726759785354,59.49726759785354,40.50273240214646,0.9987847222222221,99.87847222222221,-40.38120462436867,256,equal scenes; within each scene equal conditions and equal candidates; horizons reported separately
motion_damping,visible_pusht_futures_2026-10-08,block,True,current_state_displacement_scale,1.5,32.0,512-world-pixels,16.0,15,0.4151219223484848,41.51219223484848,58.48780776515152,0.860049222695707,86.0049222695707,-44.49273003472223,256,equal scenes; within each scene equal conditions and equal candidates; horizons reported separately
motion_damping,visible_pusht_futures_2026-10-08,block,True,current_state_displacement_scale,1.5,32.0,512-world-pixels,16.0,20,0.32883177477904035,32.883177477904034,67.11682252209596,0.7756707702020202,77.56707702020202,-44.683899542297986,256,equal scenes; within each scene equal conditions and equal candidates; horizons reported separately
motion_damping,visible_pusht_futures_2026-10-08,block,True,current_state_displacement_scale,1.5,32.0,512-world-pixels,16.0,25,0.2988473603219697,29.88473603219697,70.11526396780303,0.7197137389520202,71.97137389520202,-42.08663786300505,256,equal scenes; within each scene equal conditions and equal candidates; horizons reported separately
motion_damping,visible_pusht_futures_2026-10-08,block,True,current_state_displacement_scale,2,2.0,512-world-pixels,1.0,5,0.0,0.0,100.0,0.9594835069444445,95.94835069444446,-95.94835069444446,256,equal scenes; within each scene equal conditions and equal candidates; horizons reported separately
motion_damping,visible_pusht_futures_2026-10-08,block,True,current_state_displacement_scale,2,2.0,512-world-pixels,1.0,10,0.0,0.0,100.0,0.500390625,50.0390625,-50.0390625,256,equal scenes; within each scene equal conditions and equal candidates; horizons reported separately
motion_damping,visible_pusht_futures_2026-10-08,block,True,current_state_displacement_scale,2,2.0,512-world-pixels,1.0,15,0.0,0.0,100.0,0.5004340277777778,50.04340277777778,-50.04340277777778,256,equal scenes; within each scene equal conditions and equal candidates; horizons reported separately
motion_damping,visible_pusht_futures_2026-10-08,block,True,current_state_displacement_scale,2,2.0,512-world-pixels,1.0,20,0.0,0.0,100.0,0.5004340277777778,50.04340277777778,-50.04340277777778,256,equal scenes; within each scene equal conditions and equal candidates; horizons reported separately
motion_damping,visible_pusht_futures_2026-10-08,block,True,current_state_displacement_scale,2,2.0,512-world-pixels,1.0,25,0.0,0.0,100.0,0.5,50.0,-50.0,256,equal scenes; within each scene equal conditions and equal candidates; horizons reported separately
motion_damping,visible_pusht_futures_2026-10-08,block,True,current_state_displacement_scale,2,4.0,512-world-pixels,2.0,5,0.0,0.0,100.0,0.9912109375,99.12109375,-99.12109375,256,equal scenes; within each scene equal conditions and equal candidates; horizons reported separately
motion_damping,visible_pusht_futures_2026-10-08,block,True,current_state_displacement_scale,2,4.0,512-world-pixels,2.0,10,0.0,0.0,100.0,0.5475857204861111,54.75857204861111,-54.75857204861111,256,equal scenes; within each scene equal conditions and equal candidates; horizons reported separately
motion_damping,visible_pusht_futures_2026-10-08,block,True,current_state_displacement_scale,2,4.0,512-world-pixels,2.0,15,0.0,0.0,100.0,0.5013020833333333,50.13020833333333,-50.13020833333333,256,equal scenes; within each scene equal conditions and equal candidates; horizons reported separately
motion_damping,visible_pusht_futures_2026-10-08,block,True,current_state_displacement_scale,2,4.0,512-world-pixels,2.0,20,0.0,0.0,100.0,0.5006510416666667,50.06510416666667,-50.06510416666667,256,equal scenes; within each scene equal conditions and equal candidates; horizons reported separately
motion_damping,visible_pusht_futures_2026-10-08,block,True,current_state_displacement_scale,2,4.0,512-world-pixels,2.0,25,0.0,0.0,100.0,0.5002170138888888,50.021701388888886,-50.021701388888886,256,equal scenes; within each scene equal conditions and equal candidates; horizons reported separately
motion_damping,visible_pusht_futures_2026-10-08,block,True,current_state_displacement_scale,2,8.0,512-world-pixels,4.0,5,0.2839291351010101,28.39291351010101,71.60708648989899,1.0,100.0,-71.60708648989899,256,equal scenes; within each scene equal conditions and equal candidates; horizons reported separately
motion_damping,visible_pusht_futures_2026-10-08,block,True,current_state_displacement_scale,2,8.0,512-world-pixels,4.0,10,0.036707899305555555,3.6707899305555554,96.32921006944444,0.7790517479482324,77.90517479482324,-74.23438486426768,256,equal scenes; within each scene equal conditions and equal candidates; horizons reported separately
motion_damping,visible_pusht_futures_2026-10-08,block,True,current_state_displacement_scale,2,8.0,512-world-pixels,4.0,15,0.0,0.0,100.0,0.5692540640782828,56.925406407828284,-56.925406407828284,256,equal scenes; within each scene equal conditions and equal candidates; horizons reported separately
motion_damping,visible_pusht_futures_2026-10-08,block,True,current_state_displacement_scale,2,8.0,512-world-pixels,4.0,20,0.0,0.0,100.0,0.5045789930555555,50.45789930555556,-50.45789930555556,256,equal scenes; within each scene equal conditions and equal candidates; horizons reported separately
motion_damping,visible_pusht_futures_2026-10-08,block,True,current_state_displacement_scale,2,8.0,512-world-pixels,4.0,25,0.0,0.0,100.0,0.5021484375,50.21484375000001,-50.21484375000001,256,equal scenes; within each scene equal conditions and equal candidates; horizons reported separately
motion_damping,visible_pusht_futures_2026-10-08,block,True,current_state_displacement_scale,2,16.0,512-world-pixels,8.0,5,0.5665019333964647,56.65019333964647,43.34980666035353,1.0,100.0,-43.34980666035353,256,equal scenes; within each scene equal conditions and equal candidates; horizons reported separately
motion_damping,visible_pusht_futures_2026-10-08,block,True,current_state_displacement_scale,2,16.0,512-world-pixels,8.0,10,0.19707919034090907,19.707919034090907,80.2920809659091,0.9764322916666666,97.64322916666666,-77.93531013257575,256,equal scenes; within each scene equal conditions and equal candidates; horizons reported separately
motion_damping,visible_pusht_futures_2026-10-08,block,True,current_state_displacement_scale,2,16.0,512-world-pixels,8.0,15,0.1372879182449495,13.728791824494948,86.27120817550505,0.7433139993686868,74.33139993686868,-60.60260811237374,256,equal scenes; within each scene equal conditions and equal candidates; horizons reported separately
motion_damping,visible_pusht_futures_2026-10-08,block,True,current_state_displacement_scale,2,16.0,512-world-pixels,8.0,20,0.13063792219065656,13.063792219065656,86.93620778093434,0.6615988991477273,66.15988991477273,-53.096097695707066,256,equal scenes; within each scene equal conditions and equal candidates; horizons reported separately
motion_damping,visible_pusht_futures_2026-10-08,block,True,current_state_displacement_scale,2,16.0,512-world-pixels,8.0,25,0.1297915680239899,12.97915680239899,87.02084319760101,0.5705250749684343,57.05250749684343,-44.07335069444444,256,equal scenes; within each scene equal conditions and equal candidates; horizons reported separately
motion_damping,visible_pusht_futures_2026-10-08,block,True,current_state_displacement_scale,2,32.0,512-world-pixels,16.0,5,0.9146158854166666,91.46158854166666,8.53841145833334,1.0,100.0,-8.53841145833334,256,equal scenes; within each scene equal conditions and equal candidates; horizons reported separately
motion_damping,visible_pusht_futures_2026-10-08,block,True,current_state_displacement_scale,2,32.0,512-world-pixels,16.0,10,0.4017592921401515,40.17592921401515,59.82407078598485,0.9987847222222221,99.87847222222221,-59.702543008207066,256,equal scenes; within each scene equal conditions and equal candidates; horizons reported separately
motion_damping,visible_pusht_futures_2026-10-08,block,True,current_state_displacement_scale,2,32.0,512-world-pixels,16.0,15,0.2690513533775252,26.905135337752522,73.09486466224749,0.860049222695707,86.0049222695707,-59.09978693181819,256,equal scenes; within each scene equal conditions and equal candidates; horizons reported separately
motion_damping,visible_pusht_futures_2026-10-08,block,True,current_state_displacement_scale,2,32.0,512-world-pixels,16.0,20,0.17631786616161615,17.631786616161616,82.36821338383838,0.7756707702020202,77.56707702020202,-59.93529040404041,256,equal scenes; within each scene equal conditions and equal candidates; horizons reported separately
motion_damping,visible_pusht_futures_2026-10-08,block,True,current_state_displacement_scale,2,32.0,512-world-pixels,16.0,25,0.131722991635101,13.1722991635101,86.8277008364899,0.7197137389520202,71.97137389520202,-58.79907473169192,256,equal scenes; within each scene equal conditions and equal candidates; horizons reported separately
motion_damping,visible_pusht_futures_2026-10-08,block,True,exact_truth,,2.0,512-world-pixels,1.0,5,1.0,100.0,0.0,0.9594835069444445,95.94835069444446,4.051649305555549,256,equal scenes; within each scene equal conditions and equal candidates; horizons reported separately
motion_damping,visible_pusht_futures_2026-10-08,block,True,exact_truth,,2.0,512-world-pixels,1.0,10,1.0,100.0,0.0,0.500390625,50.0390625,49.9609375,256,equal scenes; within each scene equal conditions and equal candidates; horizons reported separately
motion_damping,visible_pusht_futures_2026-10-08,block,True,exact_truth,,2.0,512-world-pixels,1.0,15,1.0,100.0,0.0,0.5004340277777778,50.04340277777778,49.95659722222222,256,equal scenes; within each scene equal conditions and equal candidates; horizons reported separately
motion_damping,visible_pusht_futures_2026-10-08,block,True,exact_truth,,2.0,512-world-pixels,1.0,20,1.0,100.0,0.0,0.5004340277777778,50.04340277777778,49.95659722222222,256,equal scenes; within each scene equal conditions and equal candidates; horizons reported separately
motion_damping,visible_pusht_futures_2026-10-08,block,True,exact_truth,,2.0,512-world-pixels,1.0,25,1.0,100.0,0.0,0.5,50.0,50.0,256,equal scenes; within each scene equal conditions and equal candidates; horizons reported separately
motion_damping,visible_pusht_futures_2026-10-08,block,True,exact_truth,,4.0,512-world-pixels,2.0,5,1.0,100.0,0.0,0.9912109375,99.12109375,0.87890625,256,equal scenes; within each scene equal conditions and equal candidates; horizons reported separately
motion_damping,visible_pusht_futures_2026-10-08,block,True,exact_truth,,4.0,512-world-pixels,2.0,10,1.0,100.0,0.0,0.5475857204861111,54.75857204861111,45.24142795138889,256,equal scenes; within each scene equal conditions and equal candidates; horizons reported separately
motion_damping,visible_pusht_futures_2026-10-08,block,True,exact_truth,,4.0,512-world-pixels,2.0,15,1.0,100.0,0.0,0.5013020833333333,50.13020833333333,49.86979166666667,256,equal scenes; within each scene equal conditions and equal candidates; horizons reported separately
motion_damping,visible_pusht_futures_2026-10-08,block,True,exact_truth,,4.0,512-world-pixels,2.0,20,1.0,100.0,0.0,0.5006510416666667,50.06510416666667,49.93489583333333,256,equal scenes; within each scene equal conditions and equal candidates; horizons reported separately
motion_damping,visible_pusht_futures_2026-10-08,block,True,exact_truth,,4.0,512-world-pixels,2.0,25,1.0,100.0,0.0,0.5002170138888888,50.021701388888886,49.978298611111114,256,equal scenes; within each scene equal conditions and equal candidates; horizons reported separately
motion_damping,visible_pusht_futures_2026-10-08,block,True,exact_truth,,8.0,512-world-pixels,4.0,5,1.0,100.0,0.0,1.0,100.0,0.0,256,equal scenes; within each scene equal conditions and equal candidates; horizons reported separately
motion_damping,visible_pusht_futures_2026-10-08,block,True,exact_truth,,8.0,512-world-pixels,4.0,10,1.0,100.0,0.0,0.7790517479482324,77.90517479482324,22.09482520517676,256,equal scenes; within each scene equal conditions and equal candidates; horizons reported separately
motion_damping,visible_pusht_futures_2026-10-08,block,True,exact_truth,,8.0,512-world-pixels,4.0,15,1.0,100.0,0.0,0.5692540640782828,56.925406407828284,43.074593592171716,256,equal scenes; within each scene equal conditions and equal candidates; horizons reported separately
motion_damping,visible_pusht_futures_2026-10-08,block,True,exact_truth,,8.0,512-world-pixels,4.0,20,1.0,100.0,0.0,0.5045789930555555,50.45789930555556,49.54210069444444,256,equal scenes; within each scene equal conditions and equal candidates; horizons reported separately
motion_damping,visible_pusht_futures_2026-10-08,block,True,exact_truth,,8.0,512-world-pixels,4.0,25,1.0,100.0,0.0,0.5021484375,50.21484375000001,49.78515624999999,256,equal scenes; within each scene equal conditions and equal candidates; horizons reported separately
motion_damping,visible_pusht_futures_2026-10-08,block,True,exact_truth,,16.0,512-world-pixels,8.0,5,1.0,100.0,0.0,1.0,100.0,0.0,256,equal scenes; within each scene equal conditions and equal candidates; horizons reported separately
motion_damping,visible_pusht_futures_2026-10-08,block,True,exact_truth,,16.0,512-world-pixels,8.0,10,1.0,100.0,0.0,0.9764322916666666,97.64322916666666,2.3567708333333437,256,equal scenes; within each scene equal conditions and equal candidates; horizons reported separately
motion_damping,visible_pusht_futures_2026-10-08,block,True,exact_truth,,16.0,512-world-pixels,8.0,15,1.0,100.0,0.0,0.7433139993686868,74.33139993686868,25.66860006313132,256,equal scenes; within each scene equal conditions and equal candidates; horizons reported separately
motion_damping,visible_pusht_futures_2026-10-08,block,True,exact_truth,,16.0,512-world-pixels,8.0,20,1.0,100.0,0.0,0.6615988991477273,66.15988991477273,33.84011008522727,256,equal scenes; within each scene equal conditions and equal candidates; horizons reported separately
motion_damping,visible_pusht_futures_2026-10-08,block,True,exact_truth,,16.0,512-world-pixels,8.0,25,1.0,100.0,0.0,0.5705250749684343,57.05250749684343,42.94749250315657,256,equal scenes; within each scene equal conditions and equal candidates; horizons reported separately
motion_damping,visible_pusht_futures_2026-10-08,block,True,exact_truth,,32.0,512-world-pixels,16.0,5,1.0,100.0,0.0,1.0,100.0,0.0,256,equal scenes; within each scene equal conditions and equal candidates; horizons reported separately
motion_damping,visible_pusht_futures_2026-10-08,block,True,exact_truth,,32.0,512-world-pixels,16.0,10,1.0,100.0,0.0,0.9987847222222221,99.87847222222221,0.12152777777778567,256,equal scenes; within each scene equal conditions and equal candidates; horizons reported separately
motion_damping,visible_pusht_futures_2026-10-08,block,True,exact_truth,,32.0,512-world-pixels,16.0,15,1.0,100.0,0.0,0.860049222695707,86.0049222695707,13.995077730429294,256,equal scenes; within each scene equal conditions and equal candidates; horizons reported separately
motion_damping,visible_pusht_futures_2026-10-08,block,True,exact_truth,,32.0,512-world-pixels,16.0,20,1.0,100.0,0.0,0.7756707702020202,77.56707702020202,22.432922979797976,256,equal scenes; within each scene equal conditions and equal candidates; horizons reported separately
motion_damping,visible_pusht_futures_2026-10-08,block,True,exact_truth,,32.0,512-world-pixels,16.0,25,1.0,100.0,0.0,0.7197137389520202,71.97137389520202,28.028626104797983,256,equal scenes; within each scene equal conditions and equal candidates; horizons reported separately
motion_damping,visible_pusht_futures_2026-10-08,block,True,fixed_norm_offset,1,2.0,512-world-pixels,1.0,5,1.0,100.0,0.0,0.9594835069444445,95.94835069444446,4.051649305555549,256,equal scenes; within each scene equal conditions and equal candidates; horizons reported separately
motion_damping,visible_pusht_futures_2026-10-08,block,True,fixed_norm_offset,1,2.0,512-world-pixels,1.0,10,1.0,100.0,0.0,0.500390625,50.0390625,49.9609375,256,equal scenes; within each scene equal conditions and equal candidates; horizons reported separately
motion_damping,visible_pusht_futures_2026-10-08,block,True,fixed_norm_offset,1,2.0,512-world-pixels,1.0,15,1.0,100.0,0.0,0.5004340277777778,50.04340277777778,49.95659722222222,256,equal scenes; within each scene equal conditions and equal candidates; horizons reported separately
motion_damping,visible_pusht_futures_2026-10-08,block,True,fixed_norm_offset,1,2.0,512-world-pixels,1.0,20,1.0,100.0,0.0,0.5004340277777778,50.04340277777778,49.95659722222222,256,equal scenes; within each scene equal conditions and equal candidates; horizons reported separately
motion_damping,visible_pusht_futures_2026-10-08,block,True,fixed_norm_offset,1,2.0,512-world-pixels,1.0,25,1.0,100.0,0.0,0.5,50.0,50.0,256,equal scenes; within each scene equal conditions and equal candidates; horizons reported separately
motion_damping,visible_pusht_futures_2026-10-08,block,True,fixed_norm_offset,1,4.0,512-world-pixels,2.0,5,1.0,100.0,0.0,0.9912109375,99.12109375,0.87890625,256,equal scenes; within each scene equal conditions and equal candidates; horizons reported separately
motion_damping,visible_pusht_futures_2026-10-08,block,True,fixed_norm_offset,1,4.0,512-world-pixels,2.0,10,1.0,100.0,0.0,0.5475857204861111,54.75857204861111,45.24142795138889,256,equal scenes; within each scene equal conditions and equal candidates; horizons reported separately
motion_damping,visible_pusht_futures_2026-10-08,block,True,fixed_norm_offset,1,4.0,512-world-pixels,2.0,15,1.0,100.0,0.0,0.5013020833333333,50.13020833333333,49.86979166666667,256,equal scenes; within each scene equal conditions and equal candidates; horizons reported separately
motion_damping,visible_pusht_futures_2026-10-08,block,True,fixed_norm_offset,1,4.0,512-world-pixels,2.0,20,1.0,100.0,0.0,0.5006510416666667,50.06510416666667,49.93489583333333,256,equal scenes; within each scene equal conditions and equal candidates; horizons reported separately
motion_damping,visible_pusht_futures_2026-10-08,block,True,fixed_norm_offset,1,4.0,512-world-pixels,2.0,25,1.0,100.0,0.0,0.5002170138888888,50.021701388888886,49.978298611111114,256,equal scenes; within each scene equal conditions and equal candidates; horizons reported separately
motion_damping,visible_pusht_futures_2026-10-08,block,True,fixed_norm_offset,1,8.0,512-world-pixels,4.0,5,1.0,100.0,0.0,1.0,100.0,0.0,256,equal scenes; within each scene equal conditions and equal candidates; horizons reported separately
motion_damping,visible_pusht_futures_2026-10-08,block,True,fixed_norm_offset,1,8.0,512-world-pixels,4.0,10,1.0,100.0,0.0,0.7790517479482324,77.90517479482324,22.09482520517676,256,equal scenes; within each scene equal conditions and equal candidates; horizons reported separately
motion_damping,visible_pusht_futures_2026-10-08,block,True,fixed_norm_offset,1,8.0,512-world-pixels,4.0,15,1.0,100.0,0.0,0.5692540640782828,56.925406407828284,43.074593592171716,256,equal scenes; within each scene equal conditions and equal candidates; horizons reported separately
motion_damping,visible_pusht_futures_2026-10-08,block,True,fixed_norm_offset,1,8.0,512-world-pixels,4.0,20,1.0,100.0,0.0,0.5045789930555555,50.45789930555556,49.54210069444444,256,equal scenes; within each scene equal conditions and equal candidates; horizons reported separately
motion_damping,visible_pusht_futures_2026-10-08,block,True,fixed_norm_offset,1,8.0,512-world-pixels,4.0,25,1.0,100.0,0.0,0.5021484375,50.21484375000001,49.78515624999999,256,equal scenes; within each scene equal conditions and equal candidates; horizons reported separately
motion_damping,visible_pusht_futures_2026-10-08,block,True,fixed_norm_offset,1,16.0,512-world-pixels,8.0,5,1.0,100.0,0.0,1.0,100.0,0.0,256,equal scenes; within each scene equal conditions and equal candidates; horizons reported separately
motion_damping,visible_pusht_futures_2026-10-08,block,True,fixed_norm_offset,1,16.0,512-world-pixels,8.0,10,1.0,100.0,0.0,0.9764322916666666,97.64322916666666,2.3567708333333437,256,equal scenes; within each scene equal conditions and equal candidates; horizons reported separately
motion_damping,visible_pusht_futures_2026-10-08,block,True,fixed_norm_offset,1,16.0,512-world-pixels,8.0,15,1.0,100.0,0.0,0.7433139993686868,74.33139993686868,25.66860006313132,256,equal scenes; within each scene equal conditions and equal candidates; horizons reported separately
motion_damping,visible_pusht_futures_2026-10-08,block,True,fixed_norm_offset,1,16.0,512-world-pixels,8.0,20,1.0,100.0,0.0,0.6615988991477273,66.15988991477273,33.84011008522727,256,equal scenes; within each scene equal conditions and equal candidates; horizons reported separately
motion_damping,visible_pusht_futures_2026-10-08,block,True,fixed_norm_offset,1,16.0,512-world-pixels,8.0,25,1.0,100.0,0.0,0.5705250749684343,57.05250749684343,42.94749250315657,256,equal scenes; within each scene equal conditions and equal candidates; horizons reported separately
motion_damping,visible_pusht_futures_2026-10-08,block,True,fixed_norm_offset,1,32.0,512-world-pixels,16.0,5,1.0,100.0,0.0,1.0,100.0,0.0,256,equal scenes; within each scene equal conditions and equal candidates; horizons reported separately
motion_damping,visible_pusht_futures_2026-10-08,block,True,fixed_norm_offset,1,32.0,512-world-pixels,16.0,10,1.0,100.0,0.0,0.9987847222222221,99.87847222222221,0.12152777777778567,256,equal scenes; within each scene equal conditions and equal candidates; horizons reported separately
motion_damping,visible_pusht_futures_2026-10-08,block,True,fixed_norm_offset,1,32.0,512-world-pixels,16.0,15,1.0,100.0,0.0,0.860049222695707,86.0049222695707,13.995077730429294,256,equal scenes; within each scene equal conditions and equal candidates; horizons reported separately
motion_damping,visible_pusht_futures_2026-10-08,block,True,fixed_norm_offset,1,32.0,512-world-pixels,16.0,20,1.0,100.0,0.0,0.7756707702020202,77.56707702020202,22.432922979797976,256,equal scenes; within each scene equal conditions and equal candidates; horizons reported separately
motion_damping,visible_pusht_futures_2026-10-08,block,True,fixed_norm_offset,1,32.0,512-world-pixels,16.0,25,1.0,100.0,0.0,0.7197137389520202,71.97137389520202,28.028626104797983,256,equal scenes; within each scene equal conditions and equal candidates; horizons reported separately
motion_damping,visible_pusht_futures_2026-10-08,block,True,fixed_norm_offset,16,2.0,512-world-pixels,1.0,5,0.0,0.0,100.0,0.9594835069444445,95.94835069444446,-95.94835069444446,256,equal scenes; within each scene equal conditions and equal candidates; horizons reported separately
motion_damping,visible_pusht_futures_2026-10-08,block,True,fixed_norm_offset,16,2.0,512-world-pixels,1.0,10,0.0,0.0,100.0,0.500390625,50.0390625,-50.0390625,256,equal scenes; within each scene equal conditions and equal candidates; horizons reported separately
motion_damping,visible_pusht_futures_2026-10-08,block,True,fixed_norm_offset,16,2.0,512-world-pixels,1.0,15,0.0,0.0,100.0,0.5004340277777778,50.04340277777778,-50.04340277777778,256,equal scenes; within each scene equal conditions and equal candidates; horizons reported separately
motion_damping,visible_pusht_futures_2026-10-08,block,True,fixed_norm_offset,16,2.0,512-world-pixels,1.0,20,0.0,0.0,100.0,0.5004340277777778,50.04340277777778,-50.04340277777778,256,equal scenes; within each scene equal conditions and equal candidates; horizons reported separately
motion_damping,visible_pusht_futures_2026-10-08,block,True,fixed_norm_offset,16,2.0,512-world-pixels,1.0,25,0.0,0.0,100.0,0.5,50.0,-50.0,256,equal scenes; within each scene equal conditions and equal candidates; horizons reported separately
motion_damping,visible_pusht_futures_2026-10-08,block,True,fixed_norm_offset,16,4.0,512-world-pixels,2.0,5,0.0,0.0,100.0,0.9912109375,99.12109375,-99.12109375,256,equal scenes; within each scene equal conditions and equal candidates; horizons reported separately
motion_damping,visible_pusht_futures_2026-10-08,block,True,fixed_norm_offset,16,4.0,512-world-pixels,2.0,10,0.0,0.0,100.0,0.5475857204861111,54.75857204861111,-54.75857204861111,256,equal scenes; within each scene equal conditions and equal candidates; horizons reported separately
motion_damping,visible_pusht_futures_2026-10-08,block,True,fixed_norm_offset,16,4.0,512-world-pixels,2.0,15,0.0,0.0,100.0,0.5013020833333333,50.13020833333333,-50.13020833333333,256,equal scenes; within each scene equal conditions and equal candidates; horizons reported separately
motion_damping,visible_pusht_futures_2026-10-08,block,True,fixed_norm_offset,16,4.0,512-world-pixels,2.0,20,0.0,0.0,100.0,0.5006510416666667,50.06510416666667,-50.06510416666667,256,equal scenes; within each scene equal conditions and equal candidates; horizons reported separately
motion_damping,visible_pusht_futures_2026-10-08,block,True,fixed_norm_offset,16,4.0,512-world-pixels,2.0,25,0.0,0.0,100.0,0.5002170138888888,50.021701388888886,-50.021701388888886,256,equal scenes; within each scene equal conditions and equal candidates; horizons reported separately
motion_damping,visible_pusht_futures_2026-10-08,block,True,fixed_norm_offset,16,8.0,512-world-pixels,4.0,5,0.0,0.0,100.0,1.0,100.0,-100.0,256,equal scenes; within each scene equal conditions and equal candidates; horizons reported separately
motion_damping,visible_pusht_futures_2026-10-08,block,True,fixed_norm_offset,16,8.0,512-world-pixels,4.0,10,0.0,0.0,100.0,0.7790517479482324,77.90517479482324,-77.90517479482324,256,equal scenes; within each scene equal conditions and equal candidates; horizons reported separately
motion_damping,visible_pusht_futures_2026-10-08,block,True,fixed_norm_offset,16,8.0,512-world-pixels,4.0,15,0.0,0.0,100.0,0.5692540640782828,56.925406407828284,-56.925406407828284,256,equal scenes; within each scene equal conditions and equal candidates; horizons reported separately
motion_damping,visible_pusht_futures_2026-10-08,block,True,fixed_norm_offset,16,8.0,512-world-pixels,4.0,20,0.0,0.0,100.0,0.5045789930555555,50.45789930555556,-50.45789930555556,256,equal scenes; within each scene equal conditions and equal candidates; horizons reported separately
motion_damping,visible_pusht_futures_2026-10-08,block,True,fixed_norm_offset,16,8.0,512-world-pixels,4.0,25,0.0,0.0,100.0,0.5021484375,50.21484375000001,-50.21484375000001,256,equal scenes; within each scene equal conditions and equal candidates; horizons reported separately
motion_damping,visible_pusht_futures_2026-10-08,block,True,fixed_norm_offset,16,16.0,512-world-pixels,8.0,5,0.0,0.0,100.0,1.0,100.0,-100.0,256,equal scenes; within each scene equal conditions and equal candidates; horizons reported separately
motion_damping,visible_pusht_futures_2026-10-08,block,True,fixed_norm_offset,16,16.0,512-world-pixels,8.0,10,0.0,0.0,100.0,0.9764322916666666,97.64322916666666,-97.64322916666666,256,equal scenes; within each scene equal conditions and equal candidates; horizons reported separately
motion_damping,visible_pusht_futures_2026-10-08,block,True,fixed_norm_offset,16,16.0,512-world-pixels,8.0,15,0.0,0.0,100.0,0.7433139993686868,74.33139993686868,-74.33139993686868,256,equal scenes; within each scene equal conditions and equal candidates; horizons reported separately
motion_damping,visible_pusht_futures_2026-10-08,block,True,fixed_norm_offset,16,16.0,512-world-pixels,8.0,20,0.0,0.0,100.0,0.6615988991477273,66.15988991477273,-66.15988991477273,256,equal scenes; within each scene equal conditions and equal candidates; horizons reported separately
motion_damping,visible_pusht_futures_2026-10-08,block,True,fixed_norm_offset,16,16.0,512-world-pixels,8.0,25,0.0,0.0,100.0,0.5705250749684343,57.05250749684343,-57.05250749684343,256,equal scenes; within each scene equal conditions and equal candidates; horizons reported separately
motion_damping,visible_pusht_futures_2026-10-08,block,True,fixed_norm_offset,16,32.0,512-world-pixels,16.0,5,1.0,100.0,0.0,1.0,100.0,0.0,256,equal scenes; within each scene equal conditions and equal candidates; horizons reported separately
motion_damping,visible_pusht_futures_2026-10-08,block,True,fixed_norm_offset,16,32.0,512-world-pixels,16.0,10,1.0,100.0,0.0,0.9987847222222221,99.87847222222221,0.12152777777778567,256,equal scenes; within each scene equal conditions and equal candidates; horizons reported separately
motion_damping,visible_pusht_futures_2026-10-08,block,True,fixed_norm_offset,16,32.0,512-world-pixels,16.0,15,1.0,100.0,0.0,0.860049222695707,86.0049222695707,13.995077730429294,256,equal scenes; within each scene equal conditions and equal candidates; horizons reported separately
motion_damping,visible_pusht_futures_2026-10-08,block,True,fixed_norm_offset,16,32.0,512-world-pixels,16.0,20,1.0,100.0,0.0,0.7756707702020202,77.56707702020202,22.432922979797976,256,equal scenes; within each scene equal conditions and equal candidates; horizons reported separately
motion_damping,visible_pusht_futures_2026-10-08,block,True,fixed_norm_offset,16,32.0,512-world-pixels,16.0,25,1.0,100.0,0.0,0.7197137389520202,71.97137389520202,28.028626104797983,256,equal scenes; within each scene equal conditions and equal candidates; horizons reported separately
motion_damping,visible_pusht_futures_2026-10-08,block,True,fixed_norm_offset,2,2.0,512-world-pixels,1.0,5,0.0,0.0,100.0,0.9594835069444445,95.94835069444446,-95.94835069444446,256,equal scenes; within each scene equal conditions and equal candidates; horizons reported separately
motion_damping,visible_pusht_futures_2026-10-08,block,True,fixed_norm_offset,2,2.0,512-world-pixels,1.0,10,0.0,0.0,100.0,0.500390625,50.0390625,-50.0390625,256,equal scenes; within each scene equal conditions and equal candidates; horizons reported separately
motion_damping,visible_pusht_futures_2026-10-08,block,True,fixed_norm_offset,2,2.0,512-world-pixels,1.0,15,0.0,0.0,100.0,0.5004340277777778,50.04340277777778,-50.04340277777778,256,equal scenes; within each scene equal conditions and equal candidates; horizons reported separately
motion_damping,visible_pusht_futures_2026-10-08,block,True,fixed_norm_offset,2,2.0,512-world-pixels,1.0,20,0.0,0.0,100.0,0.5004340277777778,50.04340277777778,-50.04340277777778,256,equal scenes; within each scene equal conditions and equal candidates; horizons reported separately
motion_damping,visible_pusht_futures_2026-10-08,block,True,fixed_norm_offset,2,2.0,512-world-pixels,1.0,25,0.0,0.0,100.0,0.5,50.0,-50.0,256,equal scenes; within each scene equal conditions and equal candidates; horizons reported separately
motion_damping,visible_pusht_futures_2026-10-08,block,True,fixed_norm_offset,2,4.0,512-world-pixels,2.0,5,1.0,100.0,0.0,0.9912109375,99.12109375,0.87890625,256,equal scenes; within each scene equal conditions and equal candidates; horizons reported separately
motion_damping,visible_pusht_futures_2026-10-08,block,True,fixed_norm_offset,2,4.0,512-world-pixels,2.0,10,1.0,100.0,0.0,0.5475857204861111,54.75857204861111,45.24142795138889,256,equal scenes; within each scene equal conditions and equal candidates; horizons reported separately
motion_damping,visible_pusht_futures_2026-10-08,block,True,fixed_norm_offset,2,4.0,512-world-pixels,2.0,15,1.0,100.0,0.0,0.5013020833333333,50.13020833333333,49.86979166666667,256,equal scenes; within each scene equal conditions and equal candidates; horizons reported separately
motion_damping,visible_pusht_futures_2026-10-08,block,True,fixed_norm_offset,2,4.0,512-world-pixels,2.0,20,1.0,100.0,0.0,0.5006510416666667,50.06510416666667,49.93489583333333,256,equal scenes; within each scene equal conditions and equal candidates; horizons reported separately
motion_damping,visible_pusht_futures_2026-10-08,block,True,fixed_norm_offset,2,4.0,512-world-pixels,2.0,25,1.0,100.0,0.0,0.5002170138888888,50.021701388888886,49.978298611111114,256,equal scenes; within each scene equal conditions and equal candidates; horizons reported separately
motion_damping,visible_pusht_futures_2026-10-08,block,True,fixed_norm_offset,2,8.0,512-world-pixels,4.0,5,1.0,100.0,0.0,1.0,100.0,0.0,256,equal scenes; within each scene equal conditions and equal candidates; horizons reported separately
motion_damping,visible_pusht_futures_2026-10-08,block,True,fixed_norm_offset,2,8.0,512-world-pixels,4.0,10,1.0,100.0,0.0,0.7790517479482324,77.90517479482324,22.09482520517676,256,equal scenes; within each scene equal conditions and equal candidates; horizons reported separately
motion_damping,visible_pusht_futures_2026-10-08,block,True,fixed_norm_offset,2,8.0,512-world-pixels,4.0,15,1.0,100.0,0.0,0.5692540640782828,56.925406407828284,43.074593592171716,256,equal scenes; within each scene equal conditions and equal candidates; horizons reported separately
motion_damping,visible_pusht_futures_2026-10-08,block,True,fixed_norm_offset,2,8.0,512-world-pixels,4.0,20,1.0,100.0,0.0,0.5045789930555555,50.45789930555556,49.54210069444444,256,equal scenes; within each scene equal conditions and equal candidates; horizons reported separately
motion_damping,visible_pusht_futures_2026-10-08,block,True,fixed_norm_offset,2,8.0,512-world-pixels,4.0,25,1.0,100.0,0.0,0.5021484375,50.21484375000001,49.78515624999999,256,equal scenes; within each scene equal conditions and equal candidates; horizons reported separately
motion_damping,visible_pusht_futures_2026-10-08,block,True,fixed_norm_offset,2,16.0,512-world-pixels,8.0,5,1.0,100.0,0.0,1.0,100.0,0.0,256,equal scenes; within each scene equal conditions and equal candidates; horizons reported separately
motion_damping,visible_pusht_futures_2026-10-08,block,True,fixed_norm_offset,2,16.0,512-world-pixels,8.0,10,1.0,100.0,0.0,0.9764322916666666,97.64322916666666,2.3567708333333437,256,equal scenes; within each scene equal conditions and equal candidates; horizons reported separately
motion_damping,visible_pusht_futures_2026-10-08,block,True,fixed_norm_offset,2,16.0,512-world-pixels,8.0,15,1.0,100.0,0.0,0.7433139993686868,74.33139993686868,25.66860006313132,256,equal scenes; within each scene equal conditions and equal candidates; horizons reported separately
motion_damping,visible_pusht_futures_2026-10-08,block,True,fixed_norm_offset,2,16.0,512-world-pixels,8.0,20,1.0,100.0,0.0,0.6615988991477273,66.15988991477273,33.84011008522727,256,equal scenes; within each scene equal conditions and equal candidates; horizons reported separately
motion_damping,visible_pusht_futures_2026-10-08,block,True,fixed_norm_offset,2,16.0,512-world-pixels,8.0,25,1.0,100.0,0.0,0.5705250749684343,57.05250749684343,42.94749250315657,256,equal scenes; within each scene equal conditions and equal candidates; horizons reported separately
motion_damping,visible_pusht_futures_2026-10-08,block,True,fixed_norm_offset,2,32.0,512-world-pixels,16.0,5,1.0,100.0,0.0,1.0,100.0,0.0,256,equal scenes; within each scene equal conditions and equal candidates; horizons reported separately
motion_damping,visible_pusht_futures_2026-10-08,block,True,fixed_norm_offset,2,32.0,512-world-pixels,16.0,10,1.0,100.0,0.0,0.9987847222222221,99.87847222222221,0.12152777777778567,256,equal scenes; within each scene equal conditions and equal candidates; horizons reported separately
motion_damping,visible_pusht_futures_2026-10-08,block,True,fixed_norm_offset,2,32.0,512-world-pixels,16.0,15,1.0,100.0,0.0,0.860049222695707,86.0049222695707,13.995077730429294,256,equal scenes; within each scene equal conditions and equal candidates; horizons reported separately
motion_damping,visible_pusht_futures_2026-10-08,block,True,fixed_norm_offset,2,32.0,512-world-pixels,16.0,20,1.0,100.0,0.0,0.7756707702020202,77.56707702020202,22.432922979797976,256,equal scenes; within each scene equal conditions and equal candidates; horizons reported separately
motion_damping,visible_pusht_futures_2026-10-08,block,True,fixed_norm_offset,2,32.0,512-world-pixels,16.0,25,1.0,100.0,0.0,0.7197137389520202,71.97137389520202,28.028626104797983,256,equal scenes; within each scene equal conditions and equal candidates; horizons reported separately
motion_damping,visible_pusht_futures_2026-10-08,block,True,fixed_norm_offset,32,2.0,512-world-pixels,1.0,5,0.0,0.0,100.0,0.9594835069444445,95.94835069444446,-95.94835069444446,256,equal scenes; within each scene equal conditions and equal candidates; horizons reported separately
motion_damping,visible_pusht_futures_2026-10-08,block,True,fixed_norm_offset,32,2.0,512-world-pixels,1.0,10,0.0,0.0,100.0,0.500390625,50.0390625,-50.0390625,256,equal scenes; within each scene equal conditions and equal candidates; horizons reported separately
motion_damping,visible_pusht_futures_2026-10-08,block,True,fixed_norm_offset,32,2.0,512-world-pixels,1.0,15,0.0,0.0,100.0,0.5004340277777778,50.04340277777778,-50.04340277777778,256,equal scenes; within each scene equal conditions and equal candidates; horizons reported separately
motion_damping,visible_pusht_futures_2026-10-08,block,True,fixed_norm_offset,32,2.0,512-world-pixels,1.0,20,0.0,0.0,100.0,0.5004340277777778,50.04340277777778,-50.04340277777778,256,equal scenes; within each scene equal conditions and equal candidates; horizons reported separately
motion_damping,visible_pusht_futures_2026-10-08,block,True,fixed_norm_offset,32,2.0,512-world-pixels,1.0,25,0.0,0.0,100.0,0.5,50.0,-50.0,256,equal scenes; within each scene equal conditions and equal candidates; horizons reported separately
motion_damping,visible_pusht_futures_2026-10-08,block,True,fixed_norm_offset,32,4.0,512-world-pixels,2.0,5,0.0,0.0,100.0,0.9912109375,99.12109375,-99.12109375,256,equal scenes; within each scene equal conditions and equal candidates; horizons reported separately
motion_damping,visible_pusht_futures_2026-10-08,block,True,fixed_norm_offset,32,4.0,512-world-pixels,2.0,10,0.0,0.0,100.0,0.5475857204861111,54.75857204861111,-54.75857204861111,256,equal scenes; within each scene equal conditions and equal candidates; horizons reported separately
motion_damping,visible_pusht_futures_2026-10-08,block,True,fixed_norm_offset,32,4.0,512-world-pixels,2.0,15,0.0,0.0,100.0,0.5013020833333333,50.13020833333333,-50.13020833333333,256,equal scenes; within each scene equal conditions and equal candidates; horizons reported separately
motion_damping,visible_pusht_futures_2026-10-08,block,True,fixed_norm_offset,32,4.0,512-world-pixels,2.0,20,0.0,0.0,100.0,0.5006510416666667,50.06510416666667,-50.06510416666667,256,equal scenes; within each scene equal conditions and equal candidates; horizons reported separately
motion_damping,visible_pusht_futures_2026-10-08,block,True,fixed_norm_offset,32,4.0,512-world-pixels,2.0,25,0.0,0.0,100.0,0.5002170138888888,50.021701388888886,-50.021701388888886,256,equal scenes; within each scene equal conditions and equal candidates; horizons reported separately
motion_damping,visible_pusht_futures_2026-10-08,block,True,fixed_norm_offset,32,8.0,512-world-pixels,4.0,5,0.0,0.0,100.0,1.0,100.0,-100.0,256,equal scenes; within each scene equal conditions and equal candidates; horizons reported separately
motion_damping,visible_pusht_futures_2026-10-08,block,True,fixed_norm_offset,32,8.0,512-world-pixels,4.0,10,0.0,0.0,100.0,0.7790517479482324,77.90517479482324,-77.90517479482324,256,equal scenes; within each scene equal conditions and equal candidates; horizons reported separately
motion_damping,visible_pusht_futures_2026-10-08,block,True,fixed_norm_offset,32,8.0,512-world-pixels,4.0,15,0.0,0.0,100.0,0.5692540640782828,56.925406407828284,-56.925406407828284,256,equal scenes; within each scene equal conditions and equal candidates; horizons reported separately
motion_damping,visible_pusht_futures_2026-10-08,block,True,fixed_norm_offset,32,8.0,512-world-pixels,4.0,20,0.0,0.0,100.0,0.5045789930555555,50.45789930555556,-50.45789930555556,256,equal scenes; within each scene equal conditions and equal candidates; horizons reported separately
motion_damping,visible_pusht_futures_2026-10-08,block,True,fixed_norm_offset,32,8.0,512-world-pixels,4.0,25,0.0,0.0,100.0,0.5021484375,50.21484375000001,-50.21484375000001,256,equal scenes; within each scene equal conditions and equal candidates; horizons reported separately
motion_damping,visible_pusht_futures_2026-10-08,block,True,fixed_norm_offset,32,16.0,512-world-pixels,8.0,5,0.0,0.0,100.0,1.0,100.0,-100.0,256,equal scenes; within each scene equal conditions and equal candidates; horizons reported separately
motion_damping,visible_pusht_futures_2026-10-08,block,True,fixed_norm_offset,32,16.0,512-world-pixels,8.0,10,0.0,0.0,100.0,0.9764322916666666,97.64322916666666,-97.64322916666666,256,equal scenes; within each scene equal conditions and equal candidates; horizons reported separately
motion_damping,visible_pusht_futures_2026-10-08,block,True,fixed_norm_offset,32,16.0,512-world-pixels,8.0,15,0.0,0.0,100.0,0.7433139993686868,74.33139993686868,-74.33139993686868,256,equal scenes; within each scene equal conditions and equal candidates; horizons reported separately
motion_damping,visible_pusht_futures_2026-10-08,block,True,fixed_norm_offset,32,16.0,512-world-pixels,8.0,20,0.0,0.0,100.0,0.6615988991477273,66.15988991477273,-66.15988991477273,256,equal scenes; within each scene equal conditions and equal candidates; horizons reported separately
motion_damping,visible_pusht_futures_2026-10-08,block,True,fixed_norm_offset,32,16.0,512-world-pixels,8.0,25,0.0,0.0,100.0,0.5705250749684343,57.05250749684343,-57.05250749684343,256,equal scenes; within each scene equal conditions and equal candidates; horizons reported separately
motion_damping,visible_pusht_futures_2026-10-08,block,True,fixed_norm_offset,32,32.0,512-world-pixels,16.0,5,0.0,0.0,100.0,1.0,100.0,-100.0,256,equal scenes; within each scene equal conditions and equal candidates; horizons reported separately
motion_damping,visible_pusht_futures_2026-10-08,block,True,fixed_norm_offset,32,32.0,512-world-pixels,16.0,10,0.0,0.0,100.0,0.9987847222222221,99.87847222222221,-99.87847222222221,256,equal scenes; within each scene equal conditions and equal candidates; horizons reported separately
motion_damping,visible_pusht_futures_2026-10-08,block,True,fixed_norm_offset,32,32.0,512-world-pixels,16.0,15,0.0,0.0,100.0,0.860049222695707,86.0049222695707,-86.0049222695707,256,equal scenes; within each scene equal conditions and equal candidates; horizons reported separately
motion_damping,visible_pusht_futures_2026-10-08,block,True,fixed_norm_offset,32,32.0,512-world-pixels,16.0,20,0.0,0.0,100.0,0.7756707702020202,77.56707702020202,-77.56707702020202,256,equal scenes; within each scene equal conditions and equal candidates; horizons reported separately
motion_damping,visible_pusht_futures_2026-10-08,block,True,fixed_norm_offset,32,32.0,512-world-pixels,16.0,25,0.0,0.0,100.0,0.7197137389520202,71.97137389520202,-71.97137389520202,256,equal scenes; within each scene equal conditions and equal candidates; horizons reported separately
motion_damping,visible_pusht_futures_2026-10-08,block,True,fixed_norm_offset,4,2.0,512-world-pixels,1.0,5,0.0,0.0,100.0,0.9594835069444445,95.94835069444446,-95.94835069444446,256,equal scenes; within each scene equal conditions and equal candidates; horizons reported separately
motion_damping,visible_pusht_futures_2026-10-08,block,True,fixed_norm_offset,4,2.0,512-world-pixels,1.0,10,0.0,0.0,100.0,0.500390625,50.0390625,-50.0390625,256,equal scenes; within each scene equal conditions and equal candidates; horizons reported separately
motion_damping,visible_pusht_futures_2026-10-08,block,True,fixed_norm_offset,4,2.0,512-world-pixels,1.0,15,0.0,0.0,100.0,0.5004340277777778,50.04340277777778,-50.04340277777778,256,equal scenes; within each scene equal conditions and equal candidates; horizons reported separately
motion_damping,visible_pusht_futures_2026-10-08,block,True,fixed_norm_offset,4,2.0,512-world-pixels,1.0,20,0.0,0.0,100.0,0.5004340277777778,50.04340277777778,-50.04340277777778,256,equal scenes; within each scene equal conditions and equal candidates; horizons reported separately
motion_damping,visible_pusht_futures_2026-10-08,block,True,fixed_norm_offset,4,2.0,512-world-pixels,1.0,25,0.0,0.0,100.0,0.5,50.0,-50.0,256,equal scenes; within each scene equal conditions and equal candidates; horizons reported separately
motion_damping,visible_pusht_futures_2026-10-08,block,True,fixed_norm_offset,4,4.0,512-world-pixels,2.0,5,0.0,0.0,100.0,0.9912109375,99.12109375,-99.12109375,256,equal scenes; within each scene equal conditions and equal candidates; horizons reported separately
motion_damping,visible_pusht_futures_2026-10-08,block,True,fixed_norm_offset,4,4.0,512-world-pixels,2.0,10,0.0,0.0,100.0,0.5475857204861111,54.75857204861111,-54.75857204861111,256,equal scenes; within each scene equal conditions and equal candidates; horizons reported separately
motion_damping,visible_pusht_futures_2026-10-08,block,True,fixed_norm_offset,4,4.0,512-world-pixels,2.0,15,0.0,0.0,100.0,0.5013020833333333,50.13020833333333,-50.13020833333333,256,equal scenes; within each scene equal conditions and equal candidates; horizons reported separately
motion_damping,visible_pusht_futures_2026-10-08,block,True,fixed_norm_offset,4,4.0,512-world-pixels,2.0,20,0.0,0.0,100.0,0.5006510416666667,50.06510416666667,-50.06510416666667,256,equal scenes; within each scene equal conditions and equal candidates; horizons reported separately
motion_damping,visible_pusht_futures_2026-10-08,block,True,fixed_norm_offset,4,4.0,512-world-pixels,2.0,25,0.0,0.0,100.0,0.5002170138888888,50.021701388888886,-50.021701388888886,256,equal scenes; within each scene equal conditions and equal candidates; horizons reported separately
motion_damping,visible_pusht_futures_2026-10-08,block,True,fixed_norm_offset,4,8.0,512-world-pixels,4.0,5,1.0,100.0,0.0,1.0,100.0,0.0,256,equal scenes; within each scene equal conditions and equal candidates; horizons reported separately
motion_damping,visible_pusht_futures_2026-10-08,block,True,fixed_norm_offset,4,8.0,512-world-pixels,4.0,10,1.0,100.0,0.0,0.7790517479482324,77.90517479482324,22.09482520517676,256,equal scenes; within each scene equal conditions and equal candidates; horizons reported separately
motion_damping,visible_pusht_futures_2026-10-08,block,True,fixed_norm_offset,4,8.0,512-world-pixels,4.0,15,1.0,100.0,0.0,0.5692540640782828,56.925406407828284,43.074593592171716,256,equal scenes; within each scene equal conditions and equal candidates; horizons reported separately
motion_damping,visible_pusht_futures_2026-10-08,block,True,fixed_norm_offset,4,8.0,512-world-pixels,4.0,20,1.0,100.0,0.0,0.5045789930555555,50.45789930555556,49.54210069444444,256,equal scenes; within each scene equal conditions and equal candidates; horizons reported separately
motion_damping,visible_pusht_futures_2026-10-08,block,True,fixed_norm_offset,4,8.0,512-world-pixels,4.0,25,1.0,100.0,0.0,0.5021484375,50.21484375000001,49.78515624999999,256,equal scenes; within each scene equal conditions and equal candidates; horizons reported separately
motion_damping,visible_pusht_futures_2026-10-08,block,True,fixed_norm_offset,4,16.0,512-world-pixels,8.0,5,1.0,100.0,0.0,1.0,100.0,0.0,256,equal scenes; within each scene equal conditions and equal candidates; horizons reported separately
motion_damping,visible_pusht_futures_2026-10-08,block,True,fixed_norm_offset,4,16.0,512-world-pixels,8.0,10,1.0,100.0,0.0,0.9764322916666666,97.64322916666666,2.3567708333333437,256,equal scenes; within each scene equal conditions and equal candidates; horizons reported separately
motion_damping,visible_pusht_futures_2026-10-08,block,True,fixed_norm_offset,4,16.0,512-world-pixels,8.0,15,1.0,100.0,0.0,0.7433139993686868,74.33139993686868,25.66860006313132,256,equal scenes; within each scene equal conditions and equal candidates; horizons reported separately
motion_damping,visible_pusht_futures_2026-10-08,block,True,fixed_norm_offset,4,16.0,512-world-pixels,8.0,20,1.0,100.0,0.0,0.6615988991477273,66.15988991477273,33.84011008522727,256,equal scenes; within each scene equal conditions and equal candidates; horizons reported separately
motion_damping,visible_pusht_futures_2026-10-08,block,True,fixed_norm_offset,4,16.0,512-world-pixels,8.0,25,1.0,100.0,0.0,0.5705250749684343,57.05250749684343,42.94749250315657,256,equal scenes; within each scene equal conditions and equal candidates; horizons reported separately
motion_damping,visible_pusht_futures_2026-10-08,block,True,fixed_norm_offset,4,32.0,512-world-pixels,16.0,5,1.0,100.0,0.0,1.0,100.0,0.0,256,equal scenes; within each scene equal conditions and equal candidates; horizons reported separately
motion_damping,visible_pusht_futures_2026-10-08,block,True,fixed_norm_offset,4,32.0,512-world-pixels,16.0,10,1.0,100.0,0.0,0.9987847222222221,99.87847222222221,0.12152777777778567,256,equal scenes; within each scene equal conditions and equal candidates; horizons reported separately
motion_damping,visible_pusht_futures_2026-10-08,block,True,fixed_norm_offset,4,32.0,512-world-pixels,16.0,15,1.0,100.0,0.0,0.860049222695707,86.0049222695707,13.995077730429294,256,equal scenes; within each scene equal conditions and equal candidates; horizons reported separately
motion_damping,visible_pusht_futures_2026-10-08,block,True,fixed_norm_offset,4,32.0,512-world-pixels,16.0,20,1.0,100.0,0.0,0.7756707702020202,77.56707702020202,22.432922979797976,256,equal scenes; within each scene equal conditions and equal candidates; horizons reported separately
motion_damping,visible_pusht_futures_2026-10-08,block,True,fixed_norm_offset,4,32.0,512-world-pixels,16.0,25,1.0,100.0,0.0,0.7197137389520202,71.97137389520202,28.028626104797983,256,equal scenes; within each scene equal conditions and equal candidates; horizons reported separately
motion_damping,visible_pusht_futures_2026-10-08,block,True,fixed_norm_offset,64,2.0,512-world-pixels,1.0,5,0.0,0.0,100.0,0.9594835069444445,95.94835069444446,-95.94835069444446,256,equal scenes; within each scene equal conditions and equal candidates; horizons reported separately
motion_damping,visible_pusht_futures_2026-10-08,block,True,fixed_norm_offset,64,2.0,512-world-pixels,1.0,10,0.0,0.0,100.0,0.500390625,50.0390625,-50.0390625,256,equal scenes; within each scene equal conditions and equal candidates; horizons reported separately
motion_damping,visible_pusht_futures_2026-10-08,block,True,fixed_norm_offset,64,2.0,512-world-pixels,1.0,15,0.0,0.0,100.0,0.5004340277777778,50.04340277777778,-50.04340277777778,256,equal scenes; within each scene equal conditions and equal candidates; horizons reported separately
motion_damping,visible_pusht_futures_2026-10-08,block,True,fixed_norm_offset,64,2.0,512-world-pixels,1.0,20,0.0,0.0,100.0,0.5004340277777778,50.04340277777778,-50.04340277777778,256,equal scenes; within each scene equal conditions and equal candidates; horizons reported separately
motion_damping,visible_pusht_futures_2026-10-08,block,True,fixed_norm_offset,64,2.0,512-world-pixels,1.0,25,0.0,0.0,100.0,0.5,50.0,-50.0,256,equal scenes; within each scene equal conditions and equal candidates; horizons reported separately
motion_damping,visible_pusht_futures_2026-10-08,block,True,fixed_norm_offset,64,4.0,512-world-pixels,2.0,5,0.0,0.0,100.0,0.9912109375,99.12109375,-99.12109375,256,equal scenes; within each scene equal conditions and equal candidates; horizons reported separately
motion_damping,visible_pusht_futures_2026-10-08,block,True,fixed_norm_offset,64,4.0,512-world-pixels,2.0,10,0.0,0.0,100.0,0.5475857204861111,54.75857204861111,-54.75857204861111,256,equal scenes; within each scene equal conditions and equal candidates; horizons reported separately
motion_damping,visible_pusht_futures_2026-10-08,block,True,fixed_norm_offset,64,4.0,512-world-pixels,2.0,15,0.0,0.0,100.0,0.5013020833333333,50.13020833333333,-50.13020833333333,256,equal scenes; within each scene equal conditions and equal candidates; horizons reported separately
motion_damping,visible_pusht_futures_2026-10-08,block,True,fixed_norm_offset,64,4.0,512-world-pixels,2.0,20,0.0,0.0,100.0,0.5006510416666667,50.06510416666667,-50.06510416666667,256,equal scenes; within each scene equal conditions and equal candidates; horizons reported separately
motion_damping,visible_pusht_futures_2026-10-08,block,True,fixed_norm_offset,64,4.0,512-world-pixels,2.0,25,0.0,0.0,100.0,0.5002170138888888,50.021701388888886,-50.021701388888886,256,equal scenes; within each scene equal conditions and equal candidates; horizons reported separately
motion_damping,visible_pusht_futures_2026-10-08,block,True,fixed_norm_offset,64,8.0,512-world-pixels,4.0,5,0.0,0.0,100.0,1.0,100.0,-100.0,256,equal scenes; within each scene equal conditions and equal candidates; horizons reported separately
motion_damping,visible_pusht_futures_2026-10-08,block,True,fixed_norm_offset,64,8.0,512-world-pixels,4.0,10,0.0,0.0,100.0,0.7790517479482324,77.90517479482324,-77.90517479482324,256,equal scenes; within each scene equal conditions and equal candidates; horizons reported separately
motion_damping,visible_pusht_futures_2026-10-08,block,True,fixed_norm_offset,64,8.0,512-world-pixels,4.0,15,0.0,0.0,100.0,0.5692540640782828,56.925406407828284,-56.925406407828284,256,equal scenes; within each scene equal conditions and equal candidates; horizons reported separately
motion_damping,visible_pusht_futures_2026-10-08,block,True,fixed_norm_offset,64,8.0,512-world-pixels,4.0,20,0.0,0.0,100.0,0.5045789930555555,50.45789930555556,-50.45789930555556,256,equal scenes; within each scene equal conditions and equal candidates; horizons reported separately
motion_damping,visible_pusht_futures_2026-10-08,block,True,fixed_norm_offset,64,8.0,512-world-pixels,4.0,25,0.0,0.0,100.0,0.5021484375,50.21484375000001,-50.21484375000001,256,equal scenes; within each scene equal conditions and equal candidates; horizons reported separately
motion_damping,visible_pusht_futures_2026-10-08,block,True,fixed_norm_offset,64,16.0,512-world-pixels,8.0,5,0.0,0.0,100.0,1.0,100.0,-100.0,256,equal scenes; within each scene equal conditions and equal candidates; horizons reported separately
motion_damping,visible_pusht_futures_2026-10-08,block,True,fixed_norm_offset,64,16.0,512-world-pixels,8.0,10,0.0,0.0,100.0,0.9764322916666666,97.64322916666666,-97.64322916666666,256,equal scenes; within each scene equal conditions and equal candidates; horizons reported separately
motion_damping,visible_pusht_futures_2026-10-08,block,True,fixed_norm_offset,64,16.0,512-world-pixels,8.0,15,0.0,0.0,100.0,0.7433139993686868,74.33139993686868,-74.33139993686868,256,equal scenes; within each scene equal conditions and equal candidates; horizons reported separately
motion_damping,visible_pusht_futures_2026-10-08,block,True,fixed_norm_offset,64,16.0,512-world-pixels,8.0,20,0.0,0.0,100.0,0.6615988991477273,66.15988991477273,-66.15988991477273,256,equal scenes; within each scene equal conditions and equal candidates; horizons reported separately
motion_damping,visible_pusht_futures_2026-10-08,block,True,fixed_norm_offset,64,16.0,512-world-pixels,8.0,25,0.0,0.0,100.0,0.5705250749684343,57.05250749684343,-57.05250749684343,256,equal scenes; within each scene equal conditions and equal candidates; horizons reported separately
motion_damping,visible_pusht_futures_2026-10-08,block,True,fixed_norm_offset,64,32.0,512-world-pixels,16.0,5,0.0,0.0,100.0,1.0,100.0,-100.0,256,equal scenes; within each scene equal conditions and equal candidates; horizons reported separately
motion_damping,visible_pusht_futures_2026-10-08,block,True,fixed_norm_offset,64,32.0,512-world-pixels,16.0,10,0.0,0.0,100.0,0.9987847222222221,99.87847222222221,-99.87847222222221,256,equal scenes; within each scene equal conditions and equal candidates; horizons reported separately
motion_damping,visible_pusht_futures_2026-10-08,block,True,fixed_norm_offset,64,32.0,512-world-pixels,16.0,15,0.0,0.0,100.0,0.860049222695707,86.0049222695707,-86.0049222695707,256,equal scenes; within each scene equal conditions and equal candidates; horizons reported separately
motion_damping,visible_pusht_futures_2026-10-08,block,True,fixed_norm_offset,64,32.0,512-world-pixels,16.0,20,0.0,0.0,100.0,0.7756707702020202,77.56707702020202,-77.56707702020202,256,equal scenes; within each scene equal conditions and equal candidates; horizons reported separately
motion_damping,visible_pusht_futures_2026-10-08,block,True,fixed_norm_offset,64,32.0,512-world-pixels,16.0,25,0.0,0.0,100.0,0.7197137389520202,71.97137389520202,-71.97137389520202,256,equal scenes; within each scene equal conditions and equal candidates; horizons reported separately
motion_damping,visible_pusht_futures_2026-10-08,block,True,fixed_norm_offset,8,2.0,512-world-pixels,1.0,5,0.0,0.0,100.0,0.9594835069444445,95.94835069444446,-95.94835069444446,256,equal scenes; within each scene equal conditions and equal candidates; horizons reported separately
motion_damping,visible_pusht_futures_2026-10-08,block,True,fixed_norm_offset,8,2.0,512-world-pixels,1.0,10,0.0,0.0,100.0,0.500390625,50.0390625,-50.0390625,256,equal scenes; within each scene equal conditions and equal candidates; horizons reported separately
motion_damping,visible_pusht_futures_2026-10-08,block,True,fixed_norm_offset,8,2.0,512-world-pixels,1.0,15,0.0,0.0,100.0,0.5004340277777778,50.04340277777778,-50.04340277777778,256,equal scenes; within each scene equal conditions and equal candidates; horizons reported separately
motion_damping,visible_pusht_futures_2026-10-08,block,True,fixed_norm_offset,8,2.0,512-world-pixels,1.0,20,0.0,0.0,100.0,0.5004340277777778,50.04340277777778,-50.04340277777778,256,equal scenes; within each scene equal conditions and equal candidates; horizons reported separately
motion_damping,visible_pusht_futures_2026-10-08,block,True,fixed_norm_offset,8,2.0,512-world-pixels,1.0,25,0.0,0.0,100.0,0.5,50.0,-50.0,256,equal scenes; within each scene equal conditions and equal candidates; horizons reported separately
motion_damping,visible_pusht_futures_2026-10-08,block,True,fixed_norm_offset,8,4.0,512-world-pixels,2.0,5,0.0,0.0,100.0,0.9912109375,99.12109375,-99.12109375,256,equal scenes; within each scene equal conditions and equal candidates; horizons reported separately
motion_damping,visible_pusht_futures_2026-10-08,block,True,fixed_norm_offset,8,4.0,512-world-pixels,2.0,10,0.0,0.0,100.0,0.5475857204861111,54.75857204861111,-54.75857204861111,256,equal scenes; within each scene equal conditions and equal candidates; horizons reported separately
motion_damping,visible_pusht_futures_2026-10-08,block,True,fixed_norm_offset,8,4.0,512-world-pixels,2.0,15,0.0,0.0,100.0,0.5013020833333333,50.13020833333333,-50.13020833333333,256,equal scenes; within each scene equal conditions and equal candidates; horizons reported separately
motion_damping,visible_pusht_futures_2026-10-08,block,True,fixed_norm_offset,8,4.0,512-world-pixels,2.0,20,0.0,0.0,100.0,0.5006510416666667,50.06510416666667,-50.06510416666667,256,equal scenes; within each scene equal conditions and equal candidates; horizons reported separately
motion_damping,visible_pusht_futures_2026-10-08,block,True,fixed_norm_offset,8,4.0,512-world-pixels,2.0,25,0.0,0.0,100.0,0.5002170138888888,50.021701388888886,-50.021701388888886,256,equal scenes; within each scene equal conditions and equal candidates; horizons reported separately
motion_damping,visible_pusht_futures_2026-10-08,block,True,fixed_norm_offset,8,8.0,512-world-pixels,4.0,5,0.0,0.0,100.0,1.0,100.0,-100.0,256,equal scenes; within each scene equal conditions and equal candidates; horizons reported separately
motion_damping,visible_pusht_futures_2026-10-08,block,True,fixed_norm_offset,8,8.0,512-world-pixels,4.0,10,0.0,0.0,100.0,0.7790517479482324,77.90517479482324,-77.90517479482324,256,equal scenes; within each scene equal conditions and equal candidates; horizons reported separately
motion_damping,visible_pusht_futures_2026-10-08,block,True,fixed_norm_offset,8,8.0,512-world-pixels,4.0,15,0.0,0.0,100.0,0.5692540640782828,56.925406407828284,-56.925406407828284,256,equal scenes; within each scene equal conditions and equal candidates; horizons reported separately
motion_damping,visible_pusht_futures_2026-10-08,block,True,fixed_norm_offset,8,8.0,512-world-pixels,4.0,20,0.0,0.0,100.0,0.5045789930555555,50.45789930555556,-50.45789930555556,256,equal scenes; within each scene equal conditions and equal candidates; horizons reported separately
motion_damping,visible_pusht_futures_2026-10-08,block,True,fixed_norm_offset,8,8.0,512-world-pixels,4.0,25,0.0,0.0,100.0,0.5021484375,50.21484375000001,-50.21484375000001,256,equal scenes; within each scene equal conditions and equal candidates; horizons reported separately
motion_damping,visible_pusht_futures_2026-10-08,block,True,fixed_norm_offset,8,16.0,512-world-pixels,8.0,5,1.0,100.0,0.0,1.0,100.0,0.0,256,equal scenes; within each scene equal conditions and equal candidates; horizons reported separately
motion_damping,visible_pusht_futures_2026-10-08,block,True,fixed_norm_offset,8,16.0,512-world-pixels,8.0,10,1.0,100.0,0.0,0.9764322916666666,97.64322916666666,2.3567708333333437,256,equal scenes; within each scene equal conditions and equal candidates; horizons reported separately
motion_damping,visible_pusht_futures_2026-10-08,block,True,fixed_norm_offset,8,16.0,512-world-pixels,8.0,15,1.0,100.0,0.0,0.7433139993686868,74.33139993686868,25.66860006313132,256,equal scenes; within each scene equal conditions and equal candidates; horizons reported separately
motion_damping,visible_pusht_futures_2026-10-08,block,True,fixed_norm_offset,8,16.0,512-world-pixels,8.0,20,1.0,100.0,0.0,0.6615988991477273,66.15988991477273,33.84011008522727,256,equal scenes; within each scene equal conditions and equal candidates; horizons reported separately
motion_damping,visible_pusht_futures_2026-10-08,block,True,fixed_norm_offset,8,16.0,512-world-pixels,8.0,25,1.0,100.0,0.0,0.5705250749684343,57.05250749684343,42.94749250315657,256,equal scenes; within each scene equal conditions and equal candidates; horizons reported separately
motion_damping,visible_pusht_futures_2026-10-08,block,True,fixed_norm_offset,8,32.0,512-world-pixels,16.0,5,1.0,100.0,0.0,1.0,100.0,0.0,256,equal scenes; within each scene equal conditions and equal candidates; horizons reported separately
motion_damping,visible_pusht_futures_2026-10-08,block,True,fixed_norm_offset,8,32.0,512-world-pixels,16.0,10,1.0,100.0,0.0,0.9987847222222221,99.87847222222221,0.12152777777778567,256,equal scenes; within each scene equal conditions and equal candidates; horizons reported separately
motion_damping,visible_pusht_futures_2026-10-08,block,True,fixed_norm_offset,8,32.0,512-world-pixels,16.0,15,1.0,100.0,0.0,0.860049222695707,86.0049222695707,13.995077730429294,256,equal scenes; within each scene equal conditions and equal candidates; horizons reported separately
motion_damping,visible_pusht_futures_2026-10-08,block,True,fixed_norm_offset,8,32.0,512-world-pixels,16.0,20,1.0,100.0,0.0,0.7756707702020202,77.56707702020202,22.432922979797976,256,equal scenes; within each scene equal conditions and equal candidates; horizons reported separately
motion_damping,visible_pusht_futures_2026-10-08,block,True,fixed_norm_offset,8,32.0,512-world-pixels,16.0,25,1.0,100.0,0.0,0.7197137389520202,71.97137389520202,28.028626104797983,256,equal scenes; within each scene equal conditions and equal candidates; horizons reported separately
motion_damping,visible_pusht_futures_2026-10-08,block,True,temporal_lag_prepend_current,one_horizon,2.0,512-world-pixels,1.0,5,0.0,0.0,100.0,0.9594835069444445,95.94835069444446,-95.94835069444446,256,equal scenes; within each scene equal conditions and equal candidates; horizons reported separately
motion_damping,visible_pusht_futures_2026-10-08,block,True,temporal_lag_prepend_current,one_horizon,2.0,512-world-pixels,1.0,10,0.0,0.0,100.0,0.500390625,50.0390625,-50.0390625,256,equal scenes; within each scene equal conditions and equal candidates; horizons reported separately
motion_damping,visible_pusht_futures_2026-10-08,block,True,temporal_lag_prepend_current,one_horizon,2.0,512-world-pixels,1.0,15,0.13215701941287877,13.215701941287877,86.78429805871212,0.5004340277777778,50.04340277777778,-36.8277008364899,256,equal scenes; within each scene equal conditions and equal candidates; horizons reported separately
motion_damping,visible_pusht_futures_2026-10-08,block,True,temporal_lag_prepend_current,one_horizon,2.0,512-world-pixels,1.0,20,0.13376292219065655,13.376292219065656,86.62370778093434,0.5004340277777778,50.04340277777778,-36.667110558712125,256,equal scenes; within each scene equal conditions and equal candidates; horizons reported separately
motion_damping,visible_pusht_futures_2026-10-08,block,True,temporal_lag_prepend_current,one_horizon,2.0,512-world-pixels,1.0,25,0.15374003708964645,15.374003708964645,84.62599629103535,0.5,50.0,-34.62599629103536,256,equal scenes; within each scene equal conditions and equal candidates; horizons reported separately
motion_damping,visible_pusht_futures_2026-10-08,block,True,temporal_lag_prepend_current,one_horizon,4.0,512-world-pixels,2.0,5,0.0,0.0,100.0,0.9912109375,99.12109375,-99.12109375,256,equal scenes; within each scene equal conditions and equal candidates; horizons reported separately
motion_damping,visible_pusht_futures_2026-10-08,block,True,temporal_lag_prepend_current,one_horizon,4.0,512-world-pixels,2.0,10,0.13958826546717168,13.958826546717168,86.04117345328284,0.5475857204861111,54.75857204861111,-40.799745501893945,256,equal scenes; within each scene equal conditions and equal candidates; horizons reported separately
motion_damping,visible_pusht_futures_2026-10-08,block,True,temporal_lag_prepend_current,one_horizon,4.0,512-world-pixels,2.0,15,0.13339399857954545,13.339399857954545,86.66060014204545,0.5013020833333333,50.13020833333333,-36.790808475378775,256,equal scenes; within each scene equal conditions and equal candidates; horizons reported separately
motion_damping,visible_pusht_futures_2026-10-08,block,True,temporal_lag_prepend_current,one_horizon,4.0,512-world-pixels,2.0,20,0.14494702888257577,14.494702888257576,85.50529711174242,0.5006510416666667,50.06510416666667,-35.5704012784091,256,equal scenes; within each scene equal conditions and equal candidates; horizons reported separately
motion_damping,visible_pusht_futures_2026-10-08,block,True,temporal_lag_prepend_current,one_horizon,4.0,512-world-pixels,2.0,25,0.22143751972853537,22.143751972853536,77.85624802714646,0.5002170138888888,50.021701388888886,-27.877949416035346,256,equal scenes; within each scene equal conditions and equal candidates; horizons reported separately
motion_damping,visible_pusht_futures_2026-10-08,block,True,temporal_lag_prepend_current,one_horizon,8.0,512-world-pixels,4.0,5,0.2839291351010101,28.39291351010101,71.60708648989899,1.0,100.0,-71.60708648989899,256,equal scenes; within each scene equal conditions and equal candidates; horizons reported separately
motion_damping,visible_pusht_futures_2026-10-08,block,True,temporal_lag_prepend_current,one_horizon,8.0,512-world-pixels,4.0,10,0.18967359138257578,18.967359138257578,81.03264086174242,0.7790517479482324,77.90517479482324,-58.93781565656566,256,equal scenes; within each scene equal conditions and equal candidates; horizons reported separately
motion_damping,visible_pusht_futures_2026-10-08,block,True,temporal_lag_prepend_current,one_horizon,8.0,512-world-pixels,4.0,15,0.17790206755050506,17.790206755050505,82.2097932449495,0.5692540640782828,56.925406407828284,-39.13519965277777,256,equal scenes; within each scene equal conditions and equal candidates; horizons reported separately
motion_damping,visible_pusht_futures_2026-10-08,block,True,temporal_lag_prepend_current,one_horizon,8.0,512-world-pixels,4.0,20,0.23014125631313131,23.01412563131313,76.98587436868686,0.5045789930555555,50.45789930555556,-27.443773674242422,256,equal scenes; within each scene equal conditions and equal candidates; horizons reported separately
motion_damping,visible_pusht_futures_2026-10-08,block,True,temporal_lag_prepend_current,one_horizon,8.0,512-world-pixels,4.0,25,0.46522105823863635,46.52210582386363,53.47789417613637,0.5021484375,50.21484375000001,-3.692737926136369,256,equal scenes; within each scene equal conditions and equal candidates; horizons reported separately
motion_damping,visible_pusht_futures_2026-10-08,block,True,temporal_lag_prepend_current,one_horizon,16.0,512-world-pixels,8.0,5,0.5665019333964647,56.65019333964647,43.34980666035353,1.0,100.0,-43.34980666035353,256,equal scenes; within each scene equal conditions and equal candidates; horizons reported separately
motion_damping,visible_pusht_futures_2026-10-08,block,True,temporal_lag_prepend_current,one_horizon,16.0,512-world-pixels,8.0,10,0.32184935290404043,32.18493529040404,67.81506470959596,0.9764322916666666,97.64322916666666,-65.4582938762626,256,equal scenes; within each scene equal conditions and equal candidates; horizons reported separately
motion_damping,visible_pusht_futures_2026-10-08,block,True,temporal_lag_prepend_current,one_horizon,16.0,512-world-pixels,8.0,15,0.3161394215593434,31.61394215593434,68.38605784406566,0.7433139993686868,74.33139993686868,-42.71745778093434,256,equal scenes; within each scene equal conditions and equal candidates; horizons reported separately
motion_damping,visible_pusht_futures_2026-10-08,block,True,temporal_lag_prepend_current,one_horizon,16.0,512-world-pixels,8.0,20,0.5549015546085858,55.49015546085858,44.50984453914142,0.6615988991477273,66.15988991477273,-10.669734453914149,256,equal scenes; within each scene equal conditions and equal candidates; horizons reported separately
motion_damping,visible_pusht_futures_2026-10-08,block,True,temporal_lag_prepend_current,one_horizon,16.0,512-world-pixels,8.0,25,0.6655717329545454,66.55717329545455,33.44282670454546,0.5705250749684343,57.05250749684343,9.50466579861111,256,equal scenes; within each scene equal conditions and equal candidates; horizons reported separately
motion_damping,visible_pusht_futures_2026-10-08,block,True,temporal_lag_prepend_current,one_horizon,32.0,512-world-pixels,16.0,5,0.9146158854166666,91.46158854166666,8.53841145833334,1.0,100.0,-8.53841145833334,256,equal scenes; within each scene equal conditions and equal candidates; horizons reported separately
motion_damping,visible_pusht_futures_2026-10-08,block,True,temporal_lag_prepend_current,one_horizon,32.0,512-world-pixels,16.0,10,0.45796046401515156,45.796046401515156,54.203953598484844,0.9987847222222221,99.87847222222221,-54.08242582070706,256,equal scenes; within each scene equal conditions and equal candidates; horizons reported separately
motion_damping,visible_pusht_futures_2026-10-08,block,True,temporal_lag_prepend_current,one_horizon,32.0,512-world-pixels,16.0,15,0.6550924281881313,65.50924281881314,34.49075718118687,0.860049222695707,86.0049222695707,-20.495679450757574,256,equal scenes; within each scene equal conditions and equal candidates; horizons reported separately
motion_damping,visible_pusht_futures_2026-10-08,block,True,temporal_lag_prepend_current,one_horizon,32.0,512-world-pixels,16.0,20,0.7317550505050505,73.17550505050505,26.824494949494948,0.7756707702020202,77.56707702020202,-4.391571969696972,256,equal scenes; within each scene equal conditions and equal candidates; horizons reported separately
motion_damping,visible_pusht_futures_2026-10-08,block,True,temporal_lag_prepend_current,one_horizon,32.0,512-world-pixels,16.0,25,0.7912765348800506,79.12765348800505,20.872346511994945,0.7197137389520202,71.97137389520202,7.156279592803038,256,equal scenes; within each scene equal conditions and equal candidates; horizons reported separately
motion_damping,visible_pusht_futures_2026-10-08,block,True,wrong_condition_true_future,cyclic_shift_by_1,2.0,512-world-pixels,1.0,5,0.0,0.0,100.0,0.9594835069444445,95.94835069444446,-95.94835069444446,256,equal scenes; within each scene equal conditions and equal candidates; horizons reported separately
motion_damping,visible_pusht_futures_2026-10-08,block,True,wrong_condition_true_future,cyclic_shift_by_1,2.0,512-world-pixels,1.0,10,0.000390625,0.0390625,99.9609375,0.500390625,50.0390625,-50.0,256,equal scenes; within each scene equal conditions and equal candidates; horizons reported separately
motion_damping,visible_pusht_futures_2026-10-08,block,True,wrong_condition_true_future,cyclic_shift_by_1,2.0,512-world-pixels,1.0,15,0.0,0.0,100.0,0.5004340277777778,50.04340277777778,-50.04340277777778,256,equal scenes; within each scene equal conditions and equal candidates; horizons reported separately
motion_damping,visible_pusht_futures_2026-10-08,block,True,wrong_condition_true_future,cyclic_shift_by_1,2.0,512-world-pixels,1.0,20,0.0,0.0,100.0,0.5004340277777778,50.04340277777778,-50.04340277777778,256,equal scenes; within each scene equal conditions and equal candidates; horizons reported separately
motion_damping,visible_pusht_futures_2026-10-08,block,True,wrong_condition_true_future,cyclic_shift_by_1,2.0,512-world-pixels,1.0,25,0.0,0.0,100.0,0.5,50.0,-50.0,256,equal scenes; within each scene equal conditions and equal candidates; horizons reported separately
motion_damping,visible_pusht_futures_2026-10-08,block,True,wrong_condition_true_future,cyclic_shift_by_1,4.0,512-world-pixels,2.0,5,0.9189670138888889,91.89670138888889,8.103298611111109,0.9912109375,99.12109375,-7.224392361111109,256,equal scenes; within each scene equal conditions and equal candidates; horizons reported separately
motion_damping,visible_pusht_futures_2026-10-08,block,True,wrong_condition_true_future,cyclic_shift_by_1,4.0,512-world-pixels,2.0,10,0.00078125,0.078125,99.921875,0.5475857204861111,54.75857204861111,-54.680447048611114,256,equal scenes; within each scene equal conditions and equal candidates; horizons reported separately
motion_damping,visible_pusht_futures_2026-10-08,block,True,wrong_condition_true_future,cyclic_shift_by_1,4.0,512-world-pixels,2.0,15,0.0008680555555555555,0.08680555555555555,99.91319444444444,0.5013020833333333,50.13020833333333,-50.04340277777777,256,equal scenes; within each scene equal conditions and equal candidates; horizons reported separately
motion_damping,visible_pusht_futures_2026-10-08,block,True,wrong_condition_true_future,cyclic_shift_by_1,4.0,512-world-pixels,2.0,20,0.0008680555555555555,0.08680555555555555,99.91319444444444,0.5006510416666667,50.06510416666667,-49.978298611111114,256,equal scenes; within each scene equal conditions and equal candidates; horizons reported separately
motion_damping,visible_pusht_futures_2026-10-08,block,True,wrong_condition_true_future,cyclic_shift_by_1,4.0,512-world-pixels,2.0,25,0.0,0.0,100.0,0.5002170138888888,50.021701388888886,-50.021701388888886,256,equal scenes; within each scene equal conditions and equal candidates; horizons reported separately
motion_damping,visible_pusht_futures_2026-10-08,block,True,wrong_condition_true_future,cyclic_shift_by_1,8.0,512-world-pixels,4.0,5,0.982421875,98.2421875,1.7578125,1.0,100.0,-1.7578125,256,equal scenes; within each scene equal conditions and equal candidates; horizons reported separately
motion_damping,visible_pusht_futures_2026-10-08,block,True,wrong_condition_true_future,cyclic_shift_by_1,8.0,512-world-pixels,4.0,10,0.09517144097222223,9.517144097222223,90.48285590277779,0.7790517479482324,77.90517479482324,-68.38803069760102,256,equal scenes; within each scene equal conditions and equal candidates; horizons reported separately
motion_damping,visible_pusht_futures_2026-10-08,block,True,wrong_condition_true_future,cyclic_shift_by_1,8.0,512-world-pixels,4.0,15,0.002604166666666667,0.2604166666666667,99.73958333333334,0.5692540640782828,56.925406407828284,-56.66498974116162,256,equal scenes; within each scene equal conditions and equal candidates; horizons reported separately
motion_damping,visible_pusht_futures_2026-10-08,block,True,wrong_condition_true_future,cyclic_shift_by_1,8.0,512-world-pixels,4.0,20,0.0013020833333333333,0.13020833333333331,99.86979166666666,0.5045789930555555,50.45789930555556,-50.327690972222214,256,equal scenes; within each scene equal conditions and equal candidates; horizons reported separately
motion_damping,visible_pusht_futures_2026-10-08,block,True,wrong_condition_true_future,cyclic_shift_by_1,8.0,512-world-pixels,4.0,25,0.00043402777777777775,0.043402777777777776,99.95659722222221,0.5021484375,50.21484375000001,-50.17144097222223,256,equal scenes; within each scene equal conditions and equal candidates; horizons reported separately
motion_damping,visible_pusht_futures_2026-10-08,block,True,wrong_condition_true_future,cyclic_shift_by_1,16.0,512-world-pixels,8.0,5,1.0,100.0,0.0,1.0,100.0,0.0,256,equal scenes; within each scene equal conditions and equal candidates; horizons reported separately
motion_damping,visible_pusht_futures_2026-10-08,block,True,wrong_condition_true_future,cyclic_shift_by_1,16.0,512-world-pixels,8.0,10,0.5581034958964647,55.81034958964647,44.18965041035353,0.9764322916666666,97.64322916666666,-41.832879577020186,256,equal scenes; within each scene equal conditions and equal candidates; horizons reported separately
motion_damping,visible_pusht_futures_2026-10-08,block,True,wrong_condition_true_future,cyclic_shift_by_1,16.0,512-world-pixels,8.0,15,0.13850812815656566,13.850812815656566,86.14918718434343,0.7433139993686868,74.33139993686868,-60.48058712121212,256,equal scenes; within each scene equal conditions and equal candidates; horizons reported separately
motion_damping,visible_pusht_futures_2026-10-08,block,True,wrong_condition_true_future,cyclic_shift_by_1,16.0,512-world-pixels,8.0,20,0.009157986111111112,0.9157986111111112,99.08420138888889,0.6615988991477273,66.15988991477273,-65.24409130366162,256,equal scenes; within each scene equal conditions and equal candidates; horizons reported separately
motion_damping,visible_pusht_futures_2026-10-08,block,True,wrong_condition_true_future,cyclic_shift_by_1,16.0,512-world-pixels,8.0,25,0.0042968749999999995,0.42968749999999994,99.5703125,0.5705250749684343,57.05250749684343,-56.62281999684343,256,equal scenes; within each scene equal conditions and equal candidates; horizons reported separately
motion_damping,visible_pusht_futures_2026-10-08,block,True,wrong_condition_true_future,cyclic_shift_by_1,32.0,512-world-pixels,16.0,5,1.0,100.0,0.0,1.0,100.0,0.0,256,equal scenes; within each scene equal conditions and equal candidates; horizons reported separately
motion_damping,visible_pusht_futures_2026-10-08,block,True,wrong_condition_true_future,cyclic_shift_by_1,32.0,512-world-pixels,16.0,10,0.9528645833333333,95.28645833333333,4.713541666666665,0.9987847222222221,99.87847222222221,-4.5920138888888795,256,equal scenes; within each scene equal conditions and equal candidates; horizons reported separately
motion_damping,visible_pusht_futures_2026-10-08,block,True,wrong_condition_true_future,cyclic_shift_by_1,32.0,512-world-pixels,16.0,15,0.4866279987373738,48.66279987373738,51.337200126262616,0.860049222695707,86.0049222695707,-37.34212239583333,256,equal scenes; within each scene equal conditions and equal candidates; horizons reported separately
motion_damping,visible_pusht_futures_2026-10-08,block,True,wrong_condition_true_future,cyclic_shift_by_1,32.0,512-world-pixels,16.0,20,0.32319779829545453,32.31977982954545,67.68022017045455,0.7756707702020202,77.56707702020202,-45.247297190656575,256,equal scenes; within each scene equal conditions and equal candidates; horizons reported separately
motion_damping,visible_pusht_futures_2026-10-08,block,True,wrong_condition_true_future,cyclic_shift_by_1,32.0,512-world-pixels,16.0,25,0.1410501499368687,14.10501499368687,85.89498500631314,0.7197137389520202,71.97137389520202,-57.86635890151515,256,equal scenes; within each scene equal conditions and equal candidates; horizons reported separately
speed,legacy_tworoom_multistep_panels_2026-09-30,agent,True,condition_mean_common_privileged,mean_across_hidden_conditions,0.875,224-canvas-pixels,1.0,5,0.28988603988603984,28.988603988603984,71.01139601139602,,,,300,equal scenes; within each scene equal conditions and equal candidates; horizons reported separately
speed,legacy_tworoom_multistep_panels_2026-09-30,agent,True,condition_mean_common_privileged,mean_across_hidden_conditions,0.875,224-canvas-pixels,1.0,10,0.14502849002849003,14.502849002849002,85.497150997151,,,,300,equal scenes; within each scene equal conditions and equal candidates; horizons reported separately
speed,legacy_tworoom_multistep_panels_2026-09-30,agent,True,condition_mean_common_privileged,mean_across_hidden_conditions,0.875,224-canvas-pixels,1.0,15,0.0931517094017094,9.31517094017094,90.68482905982907,,,,300,equal scenes; within each scene equal conditions and equal candidates; horizons reported separately
speed,legacy_tworoom_multistep_panels_2026-09-30,agent,True,condition_mean_common_privileged,mean_across_hidden_conditions,0.875,224-canvas-pixels,1.0,20,0.07037393162393163,7.037393162393163,92.96260683760684,,,,300,equal scenes; within each scene equal conditions and equal candidates; horizons reported separately
speed,legacy_tworoom_multistep_panels_2026-09-30,agent,True,condition_mean_common_privileged,mean_across_hidden_conditions,0.875,224-canvas-pixels,1.0,25,0.06915242165242166,6.915242165242167,93.08475783475784,,,,300,equal scenes; within each scene equal conditions and equal candidates; horizons reported separately
speed,legacy_tworoom_multistep_panels_2026-09-30,agent,True,condition_mean_common_privileged,mean_across_hidden_conditions,1.75,224-canvas-pixels,2.0,5,0.42556980056980054,42.55698005698005,57.44301994301995,,,,300,equal scenes; within each scene equal conditions and equal candidates; horizons reported separately
speed,legacy_tworoom_multistep_panels_2026-09-30,agent,True,condition_mean_common_privileged,mean_across_hidden_conditions,1.75,224-canvas-pixels,2.0,10,0.29014245014245016,29.014245014245017,70.985754985755,,,,300,equal scenes; within each scene equal conditions and equal candidates; horizons reported separately
speed,legacy_tworoom_multistep_panels_2026-09-30,agent,True,condition_mean_common_privileged,mean_across_hidden_conditions,1.75,224-canvas-pixels,2.0,15,0.21970441595441595,21.970441595441596,78.0295584045584,,,,300,equal scenes; within each scene equal conditions and equal candidates; horizons reported separately
speed,legacy_tworoom_multistep_panels_2026-09-30,agent,True,condition_mean_common_privileged,mean_across_hidden_conditions,1.75,224-canvas-pixels,2.0,20,0.15334045584045583,15.334045584045583,84.66595441595442,,,,300,equal scenes; within each scene equal conditions and equal candidates; horizons reported separately
speed,legacy_tworoom_multistep_panels_2026-09-30,agent,True,condition_mean_common_privileged,mean_across_hidden_conditions,1.75,224-canvas-pixels,2.0,25,0.13217948717948716,13.217948717948715,86.78205128205128,,,,300,equal scenes; within each scene equal conditions and equal candidates; horizons reported separately
speed,legacy_tworoom_multistep_panels_2026-09-30,agent,True,condition_mean_common_privileged,mean_across_hidden_conditions,3.5,224-canvas-pixels,4.0,5,0.596866096866097,59.68660968660971,40.31339031339029,,,,300,equal scenes; within each scene equal conditions and equal candidates; horizons reported separately
speed,legacy_tworoom_multistep_panels_2026-09-30,agent,True,condition_mean_common_privileged,mean_across_hidden_conditions,3.5,224-canvas-pixels,4.0,10,0.42441595441595437,42.44159544159544,57.55840455840456,,,,300,equal scenes; within each scene equal conditions and equal candidates; horizons reported separately
speed,legacy_tworoom_multistep_panels_2026-09-30,agent,True,condition_mean_common_privileged,mean_across_hidden_conditions,3.5,224-canvas-pixels,4.0,15,0.36868233618233615,36.86823361823362,63.13176638176638,,,,300,equal scenes; within each scene equal conditions and equal candidates; horizons reported separately
speed,legacy_tworoom_multistep_panels_2026-09-30,agent,True,condition_mean_common_privileged,mean_across_hidden_conditions,3.5,224-canvas-pixels,4.0,20,0.3096082621082621,30.96082621082621,69.03917378917379,,,,300,equal scenes; within each scene equal conditions and equal candidates; horizons reported separately
speed,legacy_tworoom_multistep_panels_2026-09-30,agent,True,condition_mean_common_privileged,mean_across_hidden_conditions,3.5,224-canvas-pixels,4.0,25,0.27737535612535613,27.737535612535613,72.26246438746439,,,,300,equal scenes; within each scene equal conditions and equal candidates; horizons reported separately
speed,legacy_tworoom_multistep_panels_2026-09-30,agent,True,condition_mean_common_privileged,mean_across_hidden_conditions,7.0,224-canvas-pixels,8.0,5,0.8472222222222221,84.72222222222221,15.27777777777779,,,,300,equal scenes; within each scene equal conditions and equal candidates; horizons reported separately
speed,legacy_tworoom_multistep_panels_2026-09-30,agent,True,condition_mean_common_privileged,mean_across_hidden_conditions,7.0,224-canvas-pixels,8.0,10,0.596866096866097,59.68660968660971,40.31339031339029,,,,300,equal scenes; within each scene equal conditions and equal candidates; horizons reported separately
speed,legacy_tworoom_multistep_panels_2026-09-30,agent,True,condition_mean_common_privileged,mean_across_hidden_conditions,7.0,224-canvas-pixels,8.0,15,0.47700142450142446,47.700142450142444,52.299857549857556,,,,300,equal scenes; within each scene equal conditions and equal candidates; horizons reported separately
speed,legacy_tworoom_multistep_panels_2026-09-30,agent,True,condition_mean_common_privileged,mean_across_hidden_conditions,7.0,224-canvas-pixels,8.0,20,0.42533475783475777,42.53347578347578,57.46652421652423,,,,300,equal scenes; within each scene equal conditions and equal candidates; horizons reported separately
speed,legacy_tworoom_multistep_panels_2026-09-30,agent,True,condition_mean_common_privileged,mean_across_hidden_conditions,7.0,224-canvas-pixels,8.0,25,0.3862998575498576,38.62998575498576,61.37001424501425,,,,300,equal scenes; within each scene equal conditions and equal candidates; horizons reported separately
speed,legacy_tworoom_multistep_panels_2026-09-30,agent,True,condition_mean_common_privileged,mean_across_hidden_conditions,14.0,224-canvas-pixels,16.0,5,1.0,100.0,0.0,,,,300,equal scenes; within each scene equal conditions and equal candidates; horizons reported separately
speed,legacy_tworoom_multistep_panels_2026-09-30,agent,True,condition_mean_common_privileged,mean_across_hidden_conditions,14.0,224-canvas-pixels,16.0,10,0.8472649572649571,84.72649572649571,15.27350427350429,,,,300,equal scenes; within each scene equal conditions and equal candidates; horizons reported separately
speed,legacy_tworoom_multistep_panels_2026-09-30,agent,True,condition_mean_common_privileged,mean_across_hidden_conditions,14.0,224-canvas-pixels,16.0,15,0.725673076923077,72.56730769230771,27.432692307692296,,,,300,equal scenes; within each scene equal conditions and equal candidates; horizons reported separately
speed,legacy_tworoom_multistep_panels_2026-09-30,agent,True,condition_mean_common_privileged,mean_across_hidden_conditions,14.0,224-canvas-pixels,16.0,20,0.6138924501424502,61.38924501424502,38.61075498575498,,,,300,equal scenes; within each scene equal conditions and equal candidates; horizons reported separately
speed,legacy_tworoom_multistep_panels_2026-09-30,agent,True,condition_mean_common_privileged,mean_across_hidden_conditions,14.0,224-canvas-pixels,16.0,25,0.5723824786324786,57.23824786324786,42.76175213675214,,,,300,equal scenes; within each scene equal conditions and equal candidates; horizons reported separately
speed,legacy_tworoom_multistep_panels_2026-09-30,agent,True,current_state_displacement_scale,0,0.875,224-canvas-pixels,1.0,5,0.03952991452991453,3.9529914529914527,96.04700854700855,,,,300,equal scenes; within each scene equal conditions and equal candidates; horizons reported separately
speed,legacy_tworoom_multistep_panels_2026-09-30,agent,True,current_state_displacement_scale,0,0.875,224-canvas-pixels,1.0,10,0.03952991452991453,3.9529914529914527,96.04700854700855,,,,300,equal scenes; within each scene equal conditions and equal candidates; horizons reported separately
speed,legacy_tworoom_multistep_panels_2026-09-30,agent,True,current_state_displacement_scale,0,0.875,224-canvas-pixels,1.0,15,0.03952991452991453,3.9529914529914527,96.04700854700855,,,,300,equal scenes; within each scene equal conditions and equal candidates; horizons reported separately
speed,legacy_tworoom_multistep_panels_2026-09-30,agent,True,current_state_displacement_scale,0,0.875,224-canvas-pixels,1.0,20,0.03952991452991453,3.9529914529914527,96.04700854700855,,,,300,equal scenes; within each scene equal conditions and equal candidates; horizons reported separately
speed,legacy_tworoom_multistep_panels_2026-09-30,agent,True,current_state_displacement_scale,0,0.875,224-canvas-pixels,1.0,25,0.03952991452991453,3.9529914529914527,96.04700854700855,,,,300,equal scenes; within each scene equal conditions and equal candidates; horizons reported separately
speed,legacy_tworoom_multistep_panels_2026-09-30,agent,True,current_state_displacement_scale,0,1.75,224-canvas-pixels,2.0,5,0.052706552706552695,5.270655270655269,94.72934472934473,,,,300,equal scenes; within each scene equal conditions and equal candidates; horizons reported separately
speed,legacy_tworoom_multistep_panels_2026-09-30,agent,True,current_state_displacement_scale,0,1.75,224-canvas-pixels,2.0,10,0.03952991452991453,3.9529914529914527,96.04700854700855,,,,300,equal scenes; within each scene equal conditions and equal candidates; horizons reported separately
speed,legacy_tworoom_multistep_panels_2026-09-30,agent,True,current_state_displacement_scale,0,1.75,224-canvas-pixels,2.0,15,0.03952991452991453,3.9529914529914527,96.04700854700855,,,,300,equal scenes; within each scene equal conditions and equal candidates; horizons reported separately
speed,legacy_tworoom_multistep_panels_2026-09-30,agent,True,current_state_displacement_scale,0,1.75,224-canvas-pixels,2.0,20,0.03952991452991453,3.9529914529914527,96.04700854700855,,,,300,equal scenes; within each scene equal conditions and equal candidates; horizons reported separately
speed,legacy_tworoom_multistep_panels_2026-09-30,agent,True,current_state_displacement_scale,0,1.75,224-canvas-pixels,2.0,25,0.03952991452991453,3.9529914529914527,96.04700854700855,,,,300,equal scenes; within each scene equal conditions and equal candidates; horizons reported separately
speed,legacy_tworoom_multistep_panels_2026-09-30,agent,True,current_state_displacement_scale,0,3.5,224-canvas-pixels,4.0,5,0.10541310541310539,10.541310541310539,89.45868945868946,,,,300,equal scenes; within each scene equal conditions and equal candidates; horizons reported separately
speed,legacy_tworoom_multistep_panels_2026-09-30,agent,True,current_state_displacement_scale,0,3.5,224-canvas-pixels,4.0,10,0.052706552706552695,5.270655270655269,94.72934472934473,,,,300,equal scenes; within each scene equal conditions and equal candidates; horizons reported separately
speed,legacy_tworoom_multistep_panels_2026-09-30,agent,True,current_state_displacement_scale,0,3.5,224-canvas-pixels,4.0,15,0.03952991452991453,3.9529914529914527,96.04700854700855,,,,300,equal scenes; within each scene equal conditions and equal candidates; horizons reported separately
speed,legacy_tworoom_multistep_panels_2026-09-30,agent,True,current_state_displacement_scale,0,3.5,224-canvas-pixels,4.0,20,0.03952991452991453,3.9529914529914527,96.04700854700855,,,,300,equal scenes; within each scene equal conditions and equal candidates; horizons reported separately
speed,legacy_tworoom_multistep_panels_2026-09-30,agent,True,current_state_displacement_scale,0,3.5,224-canvas-pixels,4.0,25,0.03952991452991453,3.9529914529914527,96.04700854700855,,,,300,equal scenes; within each scene equal conditions and equal candidates; horizons reported separately
speed,legacy_tworoom_multistep_panels_2026-09-30,agent,True,current_state_displacement_scale,0,7.0,224-canvas-pixels,8.0,5,0.2767094017094017,27.670940170940174,72.32905982905983,,,,300,equal scenes; within each scene equal conditions and equal candidates; horizons reported separately
speed,legacy_tworoom_multistep_panels_2026-09-30,agent,True,current_state_displacement_scale,0,7.0,224-canvas-pixels,8.0,10,0.10541310541310539,10.541310541310539,89.45868945868946,,,,300,equal scenes; within each scene equal conditions and equal candidates; horizons reported separately
speed,legacy_tworoom_multistep_panels_2026-09-30,agent,True,current_state_displacement_scale,0,7.0,224-canvas-pixels,8.0,15,0.052706552706552695,5.270655270655269,94.72934472934473,,,,300,equal scenes; within each scene equal conditions and equal candidates; horizons reported separately
speed,legacy_tworoom_multistep_panels_2026-09-30,agent,True,current_state_displacement_scale,0,7.0,224-canvas-pixels,8.0,20,0.052706552706552695,5.270655270655269,94.72934472934473,,,,300,equal scenes; within each scene equal conditions and equal candidates; horizons reported separately
speed,legacy_tworoom_multistep_panels_2026-09-30,agent,True,current_state_displacement_scale,0,7.0,224-canvas-pixels,8.0,25,0.03952991452991453,3.9529914529914527,96.04700854700855,,,,300,equal scenes; within each scene equal conditions and equal candidates; horizons reported separately
speed,legacy_tworoom_multistep_panels_2026-09-30,agent,True,current_state_displacement_scale,0,14.0,224-canvas-pixels,16.0,5,0.606125356125356,60.6125356125356,39.3874643874644,,,,300,equal scenes; within each scene equal conditions and equal candidates; horizons reported separately
speed,legacy_tworoom_multistep_panels_2026-09-30,agent,True,current_state_displacement_scale,0,14.0,224-canvas-pixels,16.0,10,0.2767094017094017,27.670940170940174,72.32905982905983,,,,300,equal scenes; within each scene equal conditions and equal candidates; horizons reported separately
speed,legacy_tworoom_multistep_panels_2026-09-30,agent,True,current_state_displacement_scale,0,14.0,224-canvas-pixels,16.0,15,0.14494301994301992,14.494301994301992,85.50569800569801,,,,300,equal scenes; within each scene equal conditions and equal candidates; horizons reported separately
speed,legacy_tworoom_multistep_panels_2026-09-30,agent,True,current_state_displacement_scale,0,14.0,224-canvas-pixels,16.0,20,0.10541310541310539,10.541310541310539,89.45868945868946,,,,300,equal scenes; within each scene equal conditions and equal candidates; horizons reported separately
speed,legacy_tworoom_multistep_panels_2026-09-30,agent,True,current_state_displacement_scale,0,14.0,224-canvas-pixels,16.0,25,0.06588319088319086,6.5883190883190865,93.41168091168092,,,,300,equal scenes; within each scene equal conditions and equal candidates; horizons reported separately
speed,legacy_tworoom_multistep_panels_2026-09-30,agent,True,current_state_displacement_scale,0.5,0.875,224-canvas-pixels,1.0,5,0.052706552706552695,5.270655270655269,94.72934472934473,,,,300,equal scenes; within each scene equal conditions and equal candidates; horizons reported separately
speed,legacy_tworoom_multistep_panels_2026-09-30,agent,True,current_state_displacement_scale,0.5,0.875,224-canvas-pixels,1.0,10,0.03952991452991453,3.9529914529914527,96.04700854700855,,,,300,equal scenes; within each scene equal conditions and equal candidates; horizons reported separately
speed,legacy_tworoom_multistep_panels_2026-09-30,agent,True,current_state_displacement_scale,0.5,0.875,224-canvas-pixels,1.0,15,0.03952991452991453,3.9529914529914527,96.04700854700855,,,,300,equal scenes; within each scene equal conditions and equal candidates; horizons reported separately
speed,legacy_tworoom_multistep_panels_2026-09-30,agent,True,current_state_displacement_scale,0.5,0.875,224-canvas-pixels,1.0,20,0.03952991452991453,3.9529914529914527,96.04700854700855,,,,300,equal scenes; within each scene equal conditions and equal candidates; horizons reported separately
speed,legacy_tworoom_multistep_panels_2026-09-30,agent,True,current_state_displacement_scale,0.5,0.875,224-canvas-pixels,1.0,25,0.03952991452991453,3.9529914529914527,96.04700854700855,,,,300,equal scenes; within each scene equal conditions and equal candidates; horizons reported separately
speed,legacy_tworoom_multistep_panels_2026-09-30,agent,True,current_state_displacement_scale,0.5,1.75,224-canvas-pixels,2.0,5,0.10541310541310539,10.541310541310539,89.45868945868946,,,,300,equal scenes; within each scene equal conditions and equal candidates; horizons reported separately
speed,legacy_tworoom_multistep_panels_2026-09-30,agent,True,current_state_displacement_scale,0.5,1.75,224-canvas-pixels,2.0,10,0.052706552706552695,5.270655270655269,94.72934472934473,,,,300,equal scenes; within each scene equal conditions and equal candidates; horizons reported separately
speed,legacy_tworoom_multistep_panels_2026-09-30,agent,True,current_state_displacement_scale,0.5,1.75,224-canvas-pixels,2.0,15,0.03952991452991453,3.9529914529914527,96.04700854700855,,,,300,equal scenes; within each scene equal conditions and equal candidates; horizons reported separately
speed,legacy_tworoom_multistep_panels_2026-09-30,agent,True,current_state_displacement_scale,0.5,1.75,224-canvas-pixels,2.0,20,0.03952991452991453,3.9529914529914527,96.04700854700855,,,,300,equal scenes; within each scene equal conditions and equal candidates; horizons reported separately
speed,legacy_tworoom_multistep_panels_2026-09-30,agent,True,current_state_displacement_scale,0.5,1.75,224-canvas-pixels,2.0,25,0.03952991452991453,3.9529914529914527,96.04700854700855,,,,300,equal scenes; within each scene equal conditions and equal candidates; horizons reported separately
speed,legacy_tworoom_multistep_panels_2026-09-30,agent,True,current_state_displacement_scale,0.5,3.5,224-canvas-pixels,4.0,5,0.2767094017094017,27.670940170940174,72.32905982905983,,,,300,equal scenes; within each scene equal conditions and equal candidates; horizons reported separately
speed,legacy_tworoom_multistep_panels_2026-09-30,agent,True,current_state_displacement_scale,0.5,3.5,224-canvas-pixels,4.0,10,0.10541310541310539,10.541310541310539,89.45868945868946,,,,300,equal scenes; within each scene equal conditions and equal candidates; horizons reported separately
speed,legacy_tworoom_multistep_panels_2026-09-30,agent,True,current_state_displacement_scale,0.5,3.5,224-canvas-pixels,4.0,15,0.052706552706552695,5.270655270655269,94.72934472934473,,,,300,equal scenes; within each scene equal conditions and equal candidates; horizons reported separately
speed,legacy_tworoom_multistep_panels_2026-09-30,agent,True,current_state_displacement_scale,0.5,3.5,224-canvas-pixels,4.0,20,0.052706552706552695,5.270655270655269,94.72934472934473,,,,300,equal scenes; within each scene equal conditions and equal candidates; horizons reported separately
speed,legacy_tworoom_multistep_panels_2026-09-30,agent,True,current_state_displacement_scale,0.5,3.5,224-canvas-pixels,4.0,25,0.03952991452991453,3.9529914529914527,96.04700854700855,,,,300,equal scenes; within each scene equal conditions and equal candidates; horizons reported separately
speed,legacy_tworoom_multistep_panels_2026-09-30,agent,True,current_state_displacement_scale,0.5,7.0,224-canvas-pixels,8.0,5,0.606125356125356,60.6125356125356,39.3874643874644,,,,300,equal scenes; within each scene equal conditions and equal candidates; horizons reported separately
speed,legacy_tworoom_multistep_panels_2026-09-30,agent,True,current_state_displacement_scale,0.5,7.0,224-canvas-pixels,8.0,10,0.2767094017094017,27.670940170940174,72.32905982905983,,,,300,equal scenes; within each scene equal conditions and equal candidates; horizons reported separately
speed,legacy_tworoom_multistep_panels_2026-09-30,agent,True,current_state_displacement_scale,0.5,7.0,224-canvas-pixels,8.0,15,0.14494301994301992,14.494301994301992,85.50569800569801,,,,300,equal scenes; within each scene equal conditions and equal candidates; horizons reported separately
speed,legacy_tworoom_multistep_panels_2026-09-30,agent,True,current_state_displacement_scale,0.5,7.0,224-canvas-pixels,8.0,20,0.10541310541310539,10.541310541310539,89.45868945868946,,,,300,equal scenes; within each scene equal conditions and equal candidates; horizons reported separately
speed,legacy_tworoom_multistep_panels_2026-09-30,agent,True,current_state_displacement_scale,0.5,7.0,224-canvas-pixels,8.0,25,0.06588319088319086,6.5883190883190865,93.41168091168092,,,,300,equal scenes; within each scene equal conditions and equal candidates; horizons reported separately
speed,legacy_tworoom_multistep_panels_2026-09-30,agent,True,current_state_displacement_scale,0.5,14.0,224-canvas-pixels,16.0,5,0.9131054131054132,91.31054131054131,8.689458689458684,,,,300,equal scenes; within each scene equal conditions and equal candidates; horizons reported separately
speed,legacy_tworoom_multistep_panels_2026-09-30,agent,True,current_state_displacement_scale,0.5,14.0,224-canvas-pixels,16.0,10,0.606125356125356,60.6125356125356,39.3874643874644,,,,300,equal scenes; within each scene equal conditions and equal candidates; horizons reported separately
speed,legacy_tworoom_multistep_panels_2026-09-30,agent,True,current_state_displacement_scale,0.5,14.0,224-canvas-pixels,16.0,15,0.4084757834757835,40.84757834757835,59.15242165242165,,,,300,equal scenes; within each scene equal conditions and equal candidates; horizons reported separately
speed,legacy_tworoom_multistep_panels_2026-09-30,agent,True,current_state_displacement_scale,0.5,14.0,224-canvas-pixels,16.0,20,0.2767094017094017,27.670940170940174,72.32905982905983,,,,300,equal scenes; within each scene equal conditions and equal candidates; horizons reported separately
speed,legacy_tworoom_multistep_panels_2026-09-30,agent,True,current_state_displacement_scale,0.5,14.0,224-canvas-pixels,16.0,25,0.19764957264957264,19.764957264957264,80.23504273504274,,,,300,equal scenes; within each scene equal conditions and equal candidates; horizons reported separately
speed,legacy_tworoom_multistep_panels_2026-09-30,agent,True,current_state_displacement_scale,1,0.875,224-canvas-pixels,1.0,5,1.0,100.0,0.0,,,,300,equal scenes; within each scene equal conditions and equal candidates; horizons reported separately
speed,legacy_tworoom_multistep_panels_2026-09-30,agent,True,current_state_displacement_scale,1,0.875,224-canvas-pixels,1.0,10,1.0,100.0,0.0,,,,300,equal scenes; within each scene equal conditions and equal candidates; horizons reported separately
speed,legacy_tworoom_multistep_panels_2026-09-30,agent,True,current_state_displacement_scale,1,0.875,224-canvas-pixels,1.0,15,1.0,100.0,0.0,,,,300,equal scenes; within each scene equal conditions and equal candidates; horizons reported separately
speed,legacy_tworoom_multistep_panels_2026-09-30,agent,True,current_state_displacement_scale,1,0.875,224-canvas-pixels,1.0,20,1.0,100.0,0.0,,,,300,equal scenes; within each scene equal conditions and equal candidates; horizons reported separately
speed,legacy_tworoom_multistep_panels_2026-09-30,agent,True,current_state_displacement_scale,1,0.875,224-canvas-pixels,1.0,25,1.0,100.0,0.0,,,,300,equal scenes; within each scene equal conditions and equal candidates; horizons reported separately
speed,legacy_tworoom_multistep_panels_2026-09-30,agent,True,current_state_displacement_scale,1,1.75,224-canvas-pixels,2.0,5,1.0,100.0,0.0,,,,300,equal scenes; within each scene equal conditions and equal candidates; horizons reported separately
speed,legacy_tworoom_multistep_panels_2026-09-30,agent,True,current_state_displacement_scale,1,1.75,224-canvas-pixels,2.0,10,1.0,100.0,0.0,,,,300,equal scenes; within each scene equal conditions and equal candidates; horizons reported separately
speed,legacy_tworoom_multistep_panels_2026-09-30,agent,True,current_state_displacement_scale,1,1.75,224-canvas-pixels,2.0,15,1.0,100.0,0.0,,,,300,equal scenes; within each scene equal conditions and equal candidates; horizons reported separately
speed,legacy_tworoom_multistep_panels_2026-09-30,agent,True,current_state_displacement_scale,1,1.75,224-canvas-pixels,2.0,20,1.0,100.0,0.0,,,,300,equal scenes; within each scene equal conditions and equal candidates; horizons reported separately
speed,legacy_tworoom_multistep_panels_2026-09-30,agent,True,current_state_displacement_scale,1,1.75,224-canvas-pixels,2.0,25,1.0,100.0,0.0,,,,300,equal scenes; within each scene equal conditions and equal candidates; horizons reported separately
speed,legacy_tworoom_multistep_panels_2026-09-30,agent,True,current_state_displacement_scale,1,3.5,224-canvas-pixels,4.0,5,1.0,100.0,0.0,,,,300,equal scenes; within each scene equal conditions and equal candidates; horizons reported separately
speed,legacy_tworoom_multistep_panels_2026-09-30,agent,True,current_state_displacement_scale,1,3.5,224-canvas-pixels,4.0,10,1.0,100.0,0.0,,,,300,equal scenes; within each scene equal conditions and equal candidates; horizons reported separately
speed,legacy_tworoom_multistep_panels_2026-09-30,agent,True,current_state_displacement_scale,1,3.5,224-canvas-pixels,4.0,15,1.0,100.0,0.0,,,,300,equal scenes; within each scene equal conditions and equal candidates; horizons reported separately
speed,legacy_tworoom_multistep_panels_2026-09-30,agent,True,current_state_displacement_scale,1,3.5,224-canvas-pixels,4.0,20,1.0,100.0,0.0,,,,300,equal scenes; within each scene equal conditions and equal candidates; horizons reported separately
speed,legacy_tworoom_multistep_panels_2026-09-30,agent,True,current_state_displacement_scale,1,3.5,224-canvas-pixels,4.0,25,1.0,100.0,0.0,,,,300,equal scenes; within each scene equal conditions and equal candidates; horizons reported separately
speed,legacy_tworoom_multistep_panels_2026-09-30,agent,True,current_state_displacement_scale,1,7.0,224-canvas-pixels,8.0,5,1.0,100.0,0.0,,,,300,equal scenes; within each scene equal conditions and equal candidates; horizons reported separately
speed,legacy_tworoom_multistep_panels_2026-09-30,agent,True,current_state_displacement_scale,1,7.0,224-canvas-pixels,8.0,10,1.0,100.0,0.0,,,,300,equal scenes; within each scene equal conditions and equal candidates; horizons reported separately
speed,legacy_tworoom_multistep_panels_2026-09-30,agent,True,current_state_displacement_scale,1,7.0,224-canvas-pixels,8.0,15,1.0,100.0,0.0,,,,300,equal scenes; within each scene equal conditions and equal candidates; horizons reported separately
speed,legacy_tworoom_multistep_panels_2026-09-30,agent,True,current_state_displacement_scale,1,7.0,224-canvas-pixels,8.0,20,1.0,100.0,0.0,,,,300,equal scenes; within each scene equal conditions and equal candidates; horizons reported separately
speed,legacy_tworoom_multistep_panels_2026-09-30,agent,True,current_state_displacement_scale,1,7.0,224-canvas-pixels,8.0,25,1.0,100.0,0.0,,,,300,equal scenes; within each scene equal conditions and equal candidates; horizons reported separately
speed,legacy_tworoom_multistep_panels_2026-09-30,agent,True,current_state_displacement_scale,1,14.0,224-canvas-pixels,16.0,5,1.0,100.0,0.0,,,,300,equal scenes; within each scene equal conditions and equal candidates; horizons reported separately
speed,legacy_tworoom_multistep_panels_2026-09-30,agent,True,current_state_displacement_scale,1,14.0,224-canvas-pixels,16.0,10,1.0,100.0,0.0,,,,300,equal scenes; within each scene equal conditions and equal candidates; horizons reported separately
speed,legacy_tworoom_multistep_panels_2026-09-30,agent,True,current_state_displacement_scale,1,14.0,224-canvas-pixels,16.0,15,1.0,100.0,0.0,,,,300,equal scenes; within each scene equal conditions and equal candidates; horizons reported separately
speed,legacy_tworoom_multistep_panels_2026-09-30,agent,True,current_state_displacement_scale,1,14.0,224-canvas-pixels,16.0,20,1.0,100.0,0.0,,,,300,equal scenes; within each scene equal conditions and equal candidates; horizons reported separately
speed,legacy_tworoom_multistep_panels_2026-09-30,agent,True,current_state_displacement_scale,1,14.0,224-canvas-pixels,16.0,25,1.0,100.0,0.0,,,,300,equal scenes; within each scene equal conditions and equal candidates; horizons reported separately
speed,legacy_tworoom_multistep_panels_2026-09-30,agent,True,current_state_displacement_scale,1.5,0.875,224-canvas-pixels,1.0,5,0.052706552706552695,5.270655270655269,94.72934472934473,,,,300,equal scenes; within each scene equal conditions and equal candidates; horizons reported separately
speed,legacy_tworoom_multistep_panels_2026-09-30,agent,True,current_state_displacement_scale,1.5,0.875,224-canvas-pixels,1.0,10,0.03952991452991453,3.9529914529914527,96.04700854700855,,,,300,equal scenes; within each scene equal conditions and equal candidates; horizons reported separately
speed,legacy_tworoom_multistep_panels_2026-09-30,agent,True,current_state_displacement_scale,1.5,0.875,224-canvas-pixels,1.0,15,0.03952991452991453,3.9529914529914527,96.04700854700855,,,,300,equal scenes; within each scene equal conditions and equal candidates; horizons reported separately
speed,legacy_tworoom_multistep_panels_2026-09-30,agent,True,current_state_displacement_scale,1.5,0.875,224-canvas-pixels,1.0,20,0.03952991452991453,3.9529914529914527,96.04700854700855,,,,300,equal scenes; within each scene equal conditions and equal candidates; horizons reported separately
speed,legacy_tworoom_multistep_panels_2026-09-30,agent,True,current_state_displacement_scale,1.5,0.875,224-canvas-pixels,1.0,25,0.03952991452991453,3.9529914529914527,96.04700854700855,,,,300,equal scenes; within each scene equal conditions and equal candidates; horizons reported separately
speed,legacy_tworoom_multistep_panels_2026-09-30,agent,True,current_state_displacement_scale,1.5,1.75,224-canvas-pixels,2.0,5,0.10541310541310539,10.541310541310539,89.45868945868946,,,,300,equal scenes; within each scene equal conditions and equal candidates; horizons reported separately
speed,legacy_tworoom_multistep_panels_2026-09-30,agent,True,current_state_displacement_scale,1.5,1.75,224-canvas-pixels,2.0,10,0.052706552706552695,5.270655270655269,94.72934472934473,,,,300,equal scenes; within each scene equal conditions and equal candidates; horizons reported separately
speed,legacy_tworoom_multistep_panels_2026-09-30,agent,True,current_state_displacement_scale,1.5,1.75,224-canvas-pixels,2.0,15,0.03952991452991453,3.9529914529914527,96.04700854700855,,,,300,equal scenes; within each scene equal conditions and equal candidates; horizons reported separately
speed,legacy_tworoom_multistep_panels_2026-09-30,agent,True,current_state_displacement_scale,1.5,1.75,224-canvas-pixels,2.0,20,0.03952991452991453,3.9529914529914527,96.04700854700855,,,,300,equal scenes; within each scene equal conditions and equal candidates; horizons reported separately
speed,legacy_tworoom_multistep_panels_2026-09-30,agent,True,current_state_displacement_scale,1.5,1.75,224-canvas-pixels,2.0,25,0.03952991452991453,3.9529914529914527,96.04700854700855,,,,300,equal scenes; within each scene equal conditions and equal candidates; horizons reported separately
speed,legacy_tworoom_multistep_panels_2026-09-30,agent,True,current_state_displacement_scale,1.5,3.5,224-canvas-pixels,4.0,5,0.2767094017094017,27.670940170940174,72.32905982905983,,,,300,equal scenes; within each scene equal conditions and equal candidates; horizons reported separately
speed,legacy_tworoom_multistep_panels_2026-09-30,agent,True,current_state_displacement_scale,1.5,3.5,224-canvas-pixels,4.0,10,0.10541310541310539,10.541310541310539,89.45868945868946,,,,300,equal scenes; within each scene equal conditions and equal candidates; horizons reported separately
speed,legacy_tworoom_multistep_panels_2026-09-30,agent,True,current_state_displacement_scale,1.5,3.5,224-canvas-pixels,4.0,15,0.052706552706552695,5.270655270655269,94.72934472934473,,,,300,equal scenes; within each scene equal conditions and equal candidates; horizons reported separately
speed,legacy_tworoom_multistep_panels_2026-09-30,agent,True,current_state_displacement_scale,1.5,3.5,224-canvas-pixels,4.0,20,0.052706552706552695,5.270655270655269,94.72934472934473,,,,300,equal scenes; within each scene equal conditions and equal candidates; horizons reported separately
speed,legacy_tworoom_multistep_panels_2026-09-30,agent,True,current_state_displacement_scale,1.5,3.5,224-canvas-pixels,4.0,25,0.03952991452991453,3.9529914529914527,96.04700854700855,,,,300,equal scenes; within each scene equal conditions and equal candidates; horizons reported separately
speed,legacy_tworoom_multistep_panels_2026-09-30,agent,True,current_state_displacement_scale,1.5,7.0,224-canvas-pixels,8.0,5,0.606125356125356,60.6125356125356,39.3874643874644,,,,300,equal scenes; within each scene equal conditions and equal candidates; horizons reported separately
speed,legacy_tworoom_multistep_panels_2026-09-30,agent,True,current_state_displacement_scale,1.5,7.0,224-canvas-pixels,8.0,10,0.2767094017094017,27.670940170940174,72.32905982905983,,,,300,equal scenes; within each scene equal conditions and equal candidates; horizons reported separately
speed,legacy_tworoom_multistep_panels_2026-09-30,agent,True,current_state_displacement_scale,1.5,7.0,224-canvas-pixels,8.0,15,0.14494301994301992,14.494301994301992,85.50569800569801,,,,300,equal scenes; within each scene equal conditions and equal candidates; horizons reported separately
speed,legacy_tworoom_multistep_panels_2026-09-30,agent,True,current_state_displacement_scale,1.5,7.0,224-canvas-pixels,8.0,20,0.10541310541310539,10.541310541310539,89.45868945868946,,,,300,equal scenes; within each scene equal conditions and equal candidates; horizons reported separately
speed,legacy_tworoom_multistep_panels_2026-09-30,agent,True,current_state_displacement_scale,1.5,7.0,224-canvas-pixels,8.0,25,0.06588319088319086,6.5883190883190865,93.41168091168092,,,,300,equal scenes; within each scene equal conditions and equal candidates; horizons reported separately
speed,legacy_tworoom_multistep_panels_2026-09-30,agent,True,current_state_displacement_scale,1.5,14.0,224-canvas-pixels,16.0,5,0.9131054131054132,91.31054131054131,8.689458689458684,,,,300,equal scenes; within each scene equal conditions and equal candidates; horizons reported separately
speed,legacy_tworoom_multistep_panels_2026-09-30,agent,True,current_state_displacement_scale,1.5,14.0,224-canvas-pixels,16.0,10,0.606125356125356,60.6125356125356,39.3874643874644,,,,300,equal scenes; within each scene equal conditions and equal candidates; horizons reported separately
speed,legacy_tworoom_multistep_panels_2026-09-30,agent,True,current_state_displacement_scale,1.5,14.0,224-canvas-pixels,16.0,15,0.4084757834757835,40.84757834757835,59.15242165242165,,,,300,equal scenes; within each scene equal conditions and equal candidates; horizons reported separately
speed,legacy_tworoom_multistep_panels_2026-09-30,agent,True,current_state_displacement_scale,1.5,14.0,224-canvas-pixels,16.0,20,0.2767094017094017,27.670940170940174,72.32905982905983,,,,300,equal scenes; within each scene equal conditions and equal candidates; horizons reported separately
speed,legacy_tworoom_multistep_panels_2026-09-30,agent,True,current_state_displacement_scale,1.5,14.0,224-canvas-pixels,16.0,25,0.19764957264957264,19.764957264957264,80.23504273504274,,,,300,equal scenes; within each scene equal conditions and equal candidates; horizons reported separately
speed,legacy_tworoom_multistep_panels_2026-09-30,agent,True,current_state_displacement_scale,2,0.875,224-canvas-pixels,1.0,5,0.03952991452991453,3.9529914529914527,96.04700854700855,,,,300,equal scenes; within each scene equal conditions and equal candidates; horizons reported separately
speed,legacy_tworoom_multistep_panels_2026-09-30,agent,True,current_state_displacement_scale,2,0.875,224-canvas-pixels,1.0,10,0.03952991452991453,3.9529914529914527,96.04700854700855,,,,300,equal scenes; within each scene equal conditions and equal candidates; horizons reported separately
speed,legacy_tworoom_multistep_panels_2026-09-30,agent,True,current_state_displacement_scale,2,0.875,224-canvas-pixels,1.0,15,0.03952991452991453,3.9529914529914527,96.04700854700855,,,,300,equal scenes; within each scene equal conditions and equal candidates; horizons reported separately
speed,legacy_tworoom_multistep_panels_2026-09-30,agent,True,current_state_displacement_scale,2,0.875,224-canvas-pixels,1.0,20,0.03952991452991453,3.9529914529914527,96.04700854700855,,,,300,equal scenes; within each scene equal conditions and equal candidates; horizons reported separately
speed,legacy_tworoom_multistep_panels_2026-09-30,agent,True,current_state_displacement_scale,2,0.875,224-canvas-pixels,1.0,25,0.03952991452991453,3.9529914529914527,96.04700854700855,,,,300,equal scenes; within each scene equal conditions and equal candidates; horizons reported separately
speed,legacy_tworoom_multistep_panels_2026-09-30,agent,True,current_state_displacement_scale,2,1.75,224-canvas-pixels,2.0,5,0.052706552706552695,5.270655270655269,94.72934472934473,,,,300,equal scenes; within each scene equal conditions and equal candidates; horizons reported separately
speed,legacy_tworoom_multistep_panels_2026-09-30,agent,True,current_state_displacement_scale,2,1.75,224-canvas-pixels,2.0,10,0.03952991452991453,3.9529914529914527,96.04700854700855,,,,300,equal scenes; within each scene equal conditions and equal candidates; horizons reported separately
speed,legacy_tworoom_multistep_panels_2026-09-30,agent,True,current_state_displacement_scale,2,1.75,224-canvas-pixels,2.0,15,0.03952991452991453,3.9529914529914527,96.04700854700855,,,,300,equal scenes; within each scene equal conditions and equal candidates; horizons reported separately
speed,legacy_tworoom_multistep_panels_2026-09-30,agent,True,current_state_displacement_scale,2,1.75,224-canvas-pixels,2.0,20,0.03952991452991453,3.9529914529914527,96.04700854700855,,,,300,equal scenes; within each scene equal conditions and equal candidates; horizons reported separately
speed,legacy_tworoom_multistep_panels_2026-09-30,agent,True,current_state_displacement_scale,2,1.75,224-canvas-pixels,2.0,25,0.03952991452991453,3.9529914529914527,96.04700854700855,,,,300,equal scenes; within each scene equal conditions and equal candidates; horizons reported separately
speed,legacy_tworoom_multistep_panels_2026-09-30,agent,True,current_state_displacement_scale,2,3.5,224-canvas-pixels,4.0,5,0.10541310541310539,10.541310541310539,89.45868945868946,,,,300,equal scenes; within each scene equal conditions and equal candidates; horizons reported separately
speed,legacy_tworoom_multistep_panels_2026-09-30,agent,True,current_state_displacement_scale,2,3.5,224-canvas-pixels,4.0,10,0.052706552706552695,5.270655270655269,94.72934472934473,,,,300,equal scenes; within each scene equal conditions and equal candidates; horizons reported separately
speed,legacy_tworoom_multistep_panels_2026-09-30,agent,True,current_state_displacement_scale,2,3.5,224-canvas-pixels,4.0,15,0.03952991452991453,3.9529914529914527,96.04700854700855,,,,300,equal scenes; within each scene equal conditions and equal candidates; horizons reported separately
speed,legacy_tworoom_multistep_panels_2026-09-30,agent,True,current_state_displacement_scale,2,3.5,224-canvas-pixels,4.0,20,0.03952991452991453,3.9529914529914527,96.04700854700855,,,,300,equal scenes; within each scene equal conditions and equal candidates; horizons reported separately
speed,legacy_tworoom_multistep_panels_2026-09-30,agent,True,current_state_displacement_scale,2,3.5,224-canvas-pixels,4.0,25,0.03952991452991453,3.9529914529914527,96.04700854700855,,,,300,equal scenes; within each scene equal conditions and equal candidates; horizons reported separately
speed,legacy_tworoom_multistep_panels_2026-09-30,agent,True,current_state_displacement_scale,2,7.0,224-canvas-pixels,8.0,5,0.2767094017094017,27.670940170940174,72.32905982905983,,,,300,equal scenes; within each scene equal conditions and equal candidates; horizons reported separately
speed,legacy_tworoom_multistep_panels_2026-09-30,agent,True,current_state_displacement_scale,2,7.0,224-canvas-pixels,8.0,10,0.10541310541310539,10.541310541310539,89.45868945868946,,,,300,equal scenes; within each scene equal conditions and equal candidates; horizons reported separately
speed,legacy_tworoom_multistep_panels_2026-09-30,agent,True,current_state_displacement_scale,2,7.0,224-canvas-pixels,8.0,15,0.052706552706552695,5.270655270655269,94.72934472934473,,,,300,equal scenes; within each scene equal conditions and equal candidates; horizons reported separately
speed,legacy_tworoom_multistep_panels_2026-09-30,agent,True,current_state_displacement_scale,2,7.0,224-canvas-pixels,8.0,20,0.052706552706552695,5.270655270655269,94.72934472934473,,,,300,equal scenes; within each scene equal conditions and equal candidates; horizons reported separately
speed,legacy_tworoom_multistep_panels_2026-09-30,agent,True,current_state_displacement_scale,2,7.0,224-canvas-pixels,8.0,25,0.03952991452991453,3.9529914529914527,96.04700854700855,,,,300,equal scenes; within each scene equal conditions and equal candidates; horizons reported separately
speed,legacy_tworoom_multistep_panels_2026-09-30,agent,True,current_state_displacement_scale,2,14.0,224-canvas-pixels,16.0,5,0.606125356125356,60.6125356125356,39.3874643874644,,,,300,equal scenes; within each scene equal conditions and equal candidates; horizons reported separately
speed,legacy_tworoom_multistep_panels_2026-09-30,agent,True,current_state_displacement_scale,2,14.0,224-canvas-pixels,16.0,10,0.2767094017094017,27.670940170940174,72.32905982905983,,,,300,equal scenes; within each scene equal conditions and equal candidates; horizons reported separately
speed,legacy_tworoom_multistep_panels_2026-09-30,agent,True,current_state_displacement_scale,2,14.0,224-canvas-pixels,16.0,15,0.14494301994301992,14.494301994301992,85.50569800569801,,,,300,equal scenes; within each scene equal conditions and equal candidates; horizons reported separately
speed,legacy_tworoom_multistep_panels_2026-09-30,agent,True,current_state_displacement_scale,2,14.0,224-canvas-pixels,16.0,20,0.10541310541310539,10.541310541310539,89.45868945868946,,,,300,equal scenes; within each scene equal conditions and equal candidates; horizons reported separately
speed,legacy_tworoom_multistep_panels_2026-09-30,agent,True,current_state_displacement_scale,2,14.0,224-canvas-pixels,16.0,25,0.06588319088319086,6.5883190883190865,93.41168091168092,,,,300,equal scenes; within each scene equal conditions and equal candidates; horizons reported separately
speed,legacy_tworoom_multistep_panels_2026-09-30,agent,True,exact_truth,,0.875,224-canvas-pixels,1.0,5,1.0,100.0,0.0,,,,300,equal scenes; within each scene equal conditions and equal candidates; horizons reported separately
speed,legacy_tworoom_multistep_panels_2026-09-30,agent,True,exact_truth,,0.875,224-canvas-pixels,1.0,10,1.0,100.0,0.0,,,,300,equal scenes; within each scene equal conditions and equal candidates; horizons reported separately
speed,legacy_tworoom_multistep_panels_2026-09-30,agent,True,exact_truth,,0.875,224-canvas-pixels,1.0,15,1.0,100.0,0.0,,,,300,equal scenes; within each scene equal conditions and equal candidates; horizons reported separately
speed,legacy_tworoom_multistep_panels_2026-09-30,agent,True,exact_truth,,0.875,224-canvas-pixels,1.0,20,1.0,100.0,0.0,,,,300,equal scenes; within each scene equal conditions and equal candidates; horizons reported separately
speed,legacy_tworoom_multistep_panels_2026-09-30,agent,True,exact_truth,,0.875,224-canvas-pixels,1.0,25,1.0,100.0,0.0,,,,300,equal scenes; within each scene equal conditions and equal candidates; horizons reported separately
speed,legacy_tworoom_multistep_panels_2026-09-30,agent,True,exact_truth,,1.75,224-canvas-pixels,2.0,5,1.0,100.0,0.0,,,,300,equal scenes; within each scene equal conditions and equal candidates; horizons reported separately
speed,legacy_tworoom_multistep_panels_2026-09-30,agent,True,exact_truth,,1.75,224-canvas-pixels,2.0,10,1.0,100.0,0.0,,,,300,equal scenes; within each scene equal conditions and equal candidates; horizons reported separately
speed,legacy_tworoom_multistep_panels_2026-09-30,agent,True,exact_truth,,1.75,224-canvas-pixels,2.0,15,1.0,100.0,0.0,,,,300,equal scenes; within each scene equal conditions and equal candidates; horizons reported separately
speed,legacy_tworoom_multistep_panels_2026-09-30,agent,True,exact_truth,,1.75,224-canvas-pixels,2.0,20,1.0,100.0,0.0,,,,300,equal scenes; within each scene equal conditions and equal candidates; horizons reported separately
speed,legacy_tworoom_multistep_panels_2026-09-30,agent,True,exact_truth,,1.75,224-canvas-pixels,2.0,25,1.0,100.0,0.0,,,,300,equal scenes; within each scene equal conditions and equal candidates; horizons reported separately
speed,legacy_tworoom_multistep_panels_2026-09-30,agent,True,exact_truth,,3.5,224-canvas-pixels,4.0,5,1.0,100.0,0.0,,,,300,equal scenes; within each scene equal conditions and equal candidates; horizons reported separately
speed,legacy_tworoom_multistep_panels_2026-09-30,agent,True,exact_truth,,3.5,224-canvas-pixels,4.0,10,1.0,100.0,0.0,,,,300,equal scenes; within each scene equal conditions and equal candidates; horizons reported separately
speed,legacy_tworoom_multistep_panels_2026-09-30,agent,True,exact_truth,,3.5,224-canvas-pixels,4.0,15,1.0,100.0,0.0,,,,300,equal scenes; within each scene equal conditions and equal candidates; horizons reported separately
speed,legacy_tworoom_multistep_panels_2026-09-30,agent,True,exact_truth,,3.5,224-canvas-pixels,4.0,20,1.0,100.0,0.0,,,,300,equal scenes; within each scene equal conditions and equal candidates; horizons reported separately
speed,legacy_tworoom_multistep_panels_2026-09-30,agent,True,exact_truth,,3.5,224-canvas-pixels,4.0,25,1.0,100.0,0.0,,,,300,equal scenes; within each scene equal conditions and equal candidates; horizons reported separately
speed,legacy_tworoom_multistep_panels_2026-09-30,agent,True,exact_truth,,7.0,224-canvas-pixels,8.0,5,1.0,100.0,0.0,,,,300,equal scenes; within each scene equal conditions and equal candidates; horizons reported separately
speed,legacy_tworoom_multistep_panels_2026-09-30,agent,True,exact_truth,,7.0,224-canvas-pixels,8.0,10,1.0,100.0,0.0,,,,300,equal scenes; within each scene equal conditions and equal candidates; horizons reported separately
speed,legacy_tworoom_multistep_panels_2026-09-30,agent,True,exact_truth,,7.0,224-canvas-pixels,8.0,15,1.0,100.0,0.0,,,,300,equal scenes; within each scene equal conditions and equal candidates; horizons reported separately
speed,legacy_tworoom_multistep_panels_2026-09-30,agent,True,exact_truth,,7.0,224-canvas-pixels,8.0,20,1.0,100.0,0.0,,,,300,equal scenes; within each scene equal conditions and equal candidates; horizons reported separately
speed,legacy_tworoom_multistep_panels_2026-09-30,agent,True,exact_truth,,7.0,224-canvas-pixels,8.0,25,1.0,100.0,0.0,,,,300,equal scenes; within each scene equal conditions and equal candidates; horizons reported separately
speed,legacy_tworoom_multistep_panels_2026-09-30,agent,True,exact_truth,,14.0,224-canvas-pixels,16.0,5,1.0,100.0,0.0,,,,300,equal scenes; within each scene equal conditions and equal candidates; horizons reported separately
speed,legacy_tworoom_multistep_panels_2026-09-30,agent,True,exact_truth,,14.0,224-canvas-pixels,16.0,10,1.0,100.0,0.0,,,,300,equal scenes; within each scene equal conditions and equal candidates; horizons reported separately
speed,legacy_tworoom_multistep_panels_2026-09-30,agent,True,exact_truth,,14.0,224-canvas-pixels,16.0,15,1.0,100.0,0.0,,,,300,equal scenes; within each scene equal conditions and equal candidates; horizons reported separately
speed,legacy_tworoom_multistep_panels_2026-09-30,agent,True,exact_truth,,14.0,224-canvas-pixels,16.0,20,1.0,100.0,0.0,,,,300,equal scenes; within each scene equal conditions and equal candidates; horizons reported separately
speed,legacy_tworoom_multistep_panels_2026-09-30,agent,True,exact_truth,,14.0,224-canvas-pixels,16.0,25,1.0,100.0,0.0,,,,300,equal scenes; within each scene equal conditions and equal candidates; horizons reported separately
speed,legacy_tworoom_multistep_panels_2026-09-30,agent,True,fixed_norm_offset,1,0.875,224-canvas-pixels,1.0,5,0.0,0.0,100.0,,,,300,equal scenes; within each scene equal conditions and equal candidates; horizons reported separately
speed,legacy_tworoom_multistep_panels_2026-09-30,agent,True,fixed_norm_offset,1,0.875,224-canvas-pixels,1.0,10,0.0,0.0,100.0,,,,300,equal scenes; within each scene equal conditions and equal candidates; horizons reported separately
speed,legacy_tworoom_multistep_panels_2026-09-30,agent,True,fixed_norm_offset,1,0.875,224-canvas-pixels,1.0,15,0.0,0.0,100.0,,,,300,equal scenes; within each scene equal conditions and equal candidates; horizons reported separately
speed,legacy_tworoom_multistep_panels_2026-09-30,agent,True,fixed_norm_offset,1,0.875,224-canvas-pixels,1.0,20,0.0,0.0,100.0,,,,300,equal scenes; within each scene equal conditions and equal candidates; horizons reported separately
speed,legacy_tworoom_multistep_panels_2026-09-30,agent,True,fixed_norm_offset,1,0.875,224-canvas-pixels,1.0,25,0.0,0.0,100.0,,,,300,equal scenes; within each scene equal conditions and equal candidates; horizons reported separately
speed,legacy_tworoom_multistep_panels_2026-09-30,agent,True,fixed_norm_offset,1,1.75,224-canvas-pixels,2.0,5,1.0,100.0,0.0,,,,300,equal scenes; within each scene equal conditions and equal candidates; horizons reported separately
speed,legacy_tworoom_multistep_panels_2026-09-30,agent,True,fixed_norm_offset,1,1.75,224-canvas-pixels,2.0,10,1.0,100.0,0.0,,,,300,equal scenes; within each scene equal conditions and equal candidates; horizons reported separately
speed,legacy_tworoom_multistep_panels_2026-09-30,agent,True,fixed_norm_offset,1,1.75,224-canvas-pixels,2.0,15,1.0,100.0,0.0,,,,300,equal scenes; within each scene equal conditions and equal candidates; horizons reported separately
speed,legacy_tworoom_multistep_panels_2026-09-30,agent,True,fixed_norm_offset,1,1.75,224-canvas-pixels,2.0,20,1.0,100.0,0.0,,,,300,equal scenes; within each scene equal conditions and equal candidates; horizons reported separately
speed,legacy_tworoom_multistep_panels_2026-09-30,agent,True,fixed_norm_offset,1,1.75,224-canvas-pixels,2.0,25,1.0,100.0,0.0,,,,300,equal scenes; within each scene equal conditions and equal candidates; horizons reported separately
speed,legacy_tworoom_multistep_panels_2026-09-30,agent,True,fixed_norm_offset,1,3.5,224-canvas-pixels,4.0,5,1.0,100.0,0.0,,,,300,equal scenes; within each scene equal conditions and equal candidates; horizons reported separately
speed,legacy_tworoom_multistep_panels_2026-09-30,agent,True,fixed_norm_offset,1,3.5,224-canvas-pixels,4.0,10,1.0,100.0,0.0,,,,300,equal scenes; within each scene equal conditions and equal candidates; horizons reported separately
speed,legacy_tworoom_multistep_panels_2026-09-30,agent,True,fixed_norm_offset,1,3.5,224-canvas-pixels,4.0,15,1.0,100.0,0.0,,,,300,equal scenes; within each scene equal conditions and equal candidates; horizons reported separately
speed,legacy_tworoom_multistep_panels_2026-09-30,agent,True,fixed_norm_offset,1,3.5,224-canvas-pixels,4.0,20,1.0,100.0,0.0,,,,300,equal scenes; within each scene equal conditions and equal candidates; horizons reported separately
speed,legacy_tworoom_multistep_panels_2026-09-30,agent,True,fixed_norm_offset,1,3.5,224-canvas-pixels,4.0,25,1.0,100.0,0.0,,,,300,equal scenes; within each scene equal conditions and equal candidates; horizons reported separately
speed,legacy_tworoom_multistep_panels_2026-09-30,agent,True,fixed_norm_offset,1,7.0,224-canvas-pixels,8.0,5,1.0,100.0,0.0,,,,300,equal scenes; within each scene equal conditions and equal candidates; horizons reported separately
speed,legacy_tworoom_multistep_panels_2026-09-30,agent,True,fixed_norm_offset,1,7.0,224-canvas-pixels,8.0,10,1.0,100.0,0.0,,,,300,equal scenes; within each scene equal conditions and equal candidates; horizons reported separately
speed,legacy_tworoom_multistep_panels_2026-09-30,agent,True,fixed_norm_offset,1,7.0,224-canvas-pixels,8.0,15,1.0,100.0,0.0,,,,300,equal scenes; within each scene equal conditions and equal candidates; horizons reported separately
speed,legacy_tworoom_multistep_panels_2026-09-30,agent,True,fixed_norm_offset,1,7.0,224-canvas-pixels,8.0,20,1.0,100.0,0.0,,,,300,equal scenes; within each scene equal conditions and equal candidates; horizons reported separately
speed,legacy_tworoom_multistep_panels_2026-09-30,agent,True,fixed_norm_offset,1,7.0,224-canvas-pixels,8.0,25,1.0,100.0,0.0,,,,300,equal scenes; within each scene equal conditions and equal candidates; horizons reported separately
speed,legacy_tworoom_multistep_panels_2026-09-30,agent,True,fixed_norm_offset,1,14.0,224-canvas-pixels,16.0,5,1.0,100.0,0.0,,,,300,equal scenes; within each scene equal conditions and equal candidates; horizons reported separately
speed,legacy_tworoom_multistep_panels_2026-09-30,agent,True,fixed_norm_offset,1,14.0,224-canvas-pixels,16.0,10,1.0,100.0,0.0,,,,300,equal scenes; within each scene equal conditions and equal candidates; horizons reported separately
speed,legacy_tworoom_multistep_panels_2026-09-30,agent,True,fixed_norm_offset,1,14.0,224-canvas-pixels,16.0,15,1.0,100.0,0.0,,,,300,equal scenes; within each scene equal conditions and equal candidates; horizons reported separately
speed,legacy_tworoom_multistep_panels_2026-09-30,agent,True,fixed_norm_offset,1,14.0,224-canvas-pixels,16.0,20,1.0,100.0,0.0,,,,300,equal scenes; within each scene equal conditions and equal candidates; horizons reported separately
speed,legacy_tworoom_multistep_panels_2026-09-30,agent,True,fixed_norm_offset,1,14.0,224-canvas-pixels,16.0,25,1.0,100.0,0.0,,,,300,equal scenes; within each scene equal conditions and equal candidates; horizons reported separately
speed,legacy_tworoom_multistep_panels_2026-09-30,agent,True,fixed_norm_offset,16,0.875,224-canvas-pixels,1.0,5,0.0,0.0,100.0,,,,300,equal scenes; within each scene equal conditions and equal candidates; horizons reported separately
speed,legacy_tworoom_multistep_panels_2026-09-30,agent,True,fixed_norm_offset,16,0.875,224-canvas-pixels,1.0,10,0.0,0.0,100.0,,,,300,equal scenes; within each scene equal conditions and equal candidates; horizons reported separately
speed,legacy_tworoom_multistep_panels_2026-09-30,agent,True,fixed_norm_offset,16,0.875,224-canvas-pixels,1.0,15,0.0,0.0,100.0,,,,300,equal scenes; within each scene equal conditions and equal candidates; horizons reported separately
speed,legacy_tworoom_multistep_panels_2026-09-30,agent,True,fixed_norm_offset,16,0.875,224-canvas-pixels,1.0,20,0.0,0.0,100.0,,,,300,equal scenes; within each scene equal conditions and equal candidates; horizons reported separately
speed,legacy_tworoom_multistep_panels_2026-09-30,agent,True,fixed_norm_offset,16,0.875,224-canvas-pixels,1.0,25,0.0,0.0,100.0,,,,300,equal scenes; within each scene equal conditions and equal candidates; horizons reported separately
speed,legacy_tworoom_multistep_panels_2026-09-30,agent,True,fixed_norm_offset,16,1.75,224-canvas-pixels,2.0,5,0.0,0.0,100.0,,,,300,equal scenes; within each scene equal conditions and equal candidates; horizons reported separately
speed,legacy_tworoom_multistep_panels_2026-09-30,agent,True,fixed_norm_offset,16,1.75,224-canvas-pixels,2.0,10,0.0,0.0,100.0,,,,300,equal scenes; within each scene equal conditions and equal candidates; horizons reported separately
speed,legacy_tworoom_multistep_panels_2026-09-30,agent,True,fixed_norm_offset,16,1.75,224-canvas-pixels,2.0,15,0.0,0.0,100.0,,,,300,equal scenes; within each scene equal conditions and equal candidates; horizons reported separately
speed,legacy_tworoom_multistep_panels_2026-09-30,agent,True,fixed_norm_offset,16,1.75,224-canvas-pixels,2.0,20,0.0,0.0,100.0,,,,300,equal scenes; within each scene equal conditions and equal candidates; horizons reported separately
speed,legacy_tworoom_multistep_panels_2026-09-30,agent,True,fixed_norm_offset,16,1.75,224-canvas-pixels,2.0,25,0.0,0.0,100.0,,,,300,equal scenes; within each scene equal conditions and equal candidates; horizons reported separately
speed,legacy_tworoom_multistep_panels_2026-09-30,agent,True,fixed_norm_offset,16,3.5,224-canvas-pixels,4.0,5,0.0,0.0,100.0,,,,300,equal scenes; within each scene equal conditions and equal candidates; horizons reported separately
speed,legacy_tworoom_multistep_panels_2026-09-30,agent,True,fixed_norm_offset,16,3.5,224-canvas-pixels,4.0,10,0.0,0.0,100.0,,,,300,equal scenes; within each scene equal conditions and equal candidates; horizons reported separately
speed,legacy_tworoom_multistep_panels_2026-09-30,agent,True,fixed_norm_offset,16,3.5,224-canvas-pixels,4.0,15,0.0,0.0,100.0,,,,300,equal scenes; within each scene equal conditions and equal candidates; horizons reported separately
speed,legacy_tworoom_multistep_panels_2026-09-30,agent,True,fixed_norm_offset,16,3.5,224-canvas-pixels,4.0,20,0.0,0.0,100.0,,,,300,equal scenes; within each scene equal conditions and equal candidates; horizons reported separately
speed,legacy_tworoom_multistep_panels_2026-09-30,agent,True,fixed_norm_offset,16,3.5,224-canvas-pixels,4.0,25,0.0,0.0,100.0,,,,300,equal scenes; within each scene equal conditions and equal candidates; horizons reported separately
speed,legacy_tworoom_multistep_panels_2026-09-30,agent,True,fixed_norm_offset,16,7.0,224-canvas-pixels,8.0,5,0.0,0.0,100.0,,,,300,equal scenes; within each scene equal conditions and equal candidates; horizons reported separately
speed,legacy_tworoom_multistep_panels_2026-09-30,agent,True,fixed_norm_offset,16,7.0,224-canvas-pixels,8.0,10,0.0,0.0,100.0,,,,300,equal scenes; within each scene equal conditions and equal candidates; horizons reported separately
speed,legacy_tworoom_multistep_panels_2026-09-30,agent,True,fixed_norm_offset,16,7.0,224-canvas-pixels,8.0,15,0.0,0.0,100.0,,,,300,equal scenes; within each scene equal conditions and equal candidates; horizons reported separately
speed,legacy_tworoom_multistep_panels_2026-09-30,agent,True,fixed_norm_offset,16,7.0,224-canvas-pixels,8.0,20,0.0,0.0,100.0,,,,300,equal scenes; within each scene equal conditions and equal candidates; horizons reported separately
speed,legacy_tworoom_multistep_panels_2026-09-30,agent,True,fixed_norm_offset,16,7.0,224-canvas-pixels,8.0,25,0.0,0.0,100.0,,,,300,equal scenes; within each scene equal conditions and equal candidates; horizons reported separately
speed,legacy_tworoom_multistep_panels_2026-09-30,agent,True,fixed_norm_offset,16,14.0,224-canvas-pixels,16.0,5,0.0,0.0,100.0,,,,300,equal scenes; within each scene equal conditions and equal candidates; horizons reported separately
speed,legacy_tworoom_multistep_panels_2026-09-30,agent,True,fixed_norm_offset,16,14.0,224-canvas-pixels,16.0,10,0.0,0.0,100.0,,,,300,equal scenes; within each scene equal conditions and equal candidates; horizons reported separately
speed,legacy_tworoom_multistep_panels_2026-09-30,agent,True,fixed_norm_offset,16,14.0,224-canvas-pixels,16.0,15,0.0,0.0,100.0,,,,300,equal scenes; within each scene equal conditions and equal candidates; horizons reported separately
speed,legacy_tworoom_multistep_panels_2026-09-30,agent,True,fixed_norm_offset,16,14.0,224-canvas-pixels,16.0,20,0.0,0.0,100.0,,,,300,equal scenes; within each scene equal conditions and equal candidates; horizons reported separately
speed,legacy_tworoom_multistep_panels_2026-09-30,agent,True,fixed_norm_offset,16,14.0,224-canvas-pixels,16.0,25,0.0,0.0,100.0,,,,300,equal scenes; within each scene equal conditions and equal candidates; horizons reported separately
speed,legacy_tworoom_multistep_panels_2026-09-30,agent,True,fixed_norm_offset,2,0.875,224-canvas-pixels,1.0,5,0.0,0.0,100.0,,,,300,equal scenes; within each scene equal conditions and equal candidates; horizons reported separately
speed,legacy_tworoom_multistep_panels_2026-09-30,agent,True,fixed_norm_offset,2,0.875,224-canvas-pixels,1.0,10,0.0,0.0,100.0,,,,300,equal scenes; within each scene equal conditions and equal candidates; horizons reported separately
speed,legacy_tworoom_multistep_panels_2026-09-30,agent,True,fixed_norm_offset,2,0.875,224-canvas-pixels,1.0,15,0.0,0.0,100.0,,,,300,equal scenes; within each scene equal conditions and equal candidates; horizons reported separately
speed,legacy_tworoom_multistep_panels_2026-09-30,agent,True,fixed_norm_offset,2,0.875,224-canvas-pixels,1.0,20,0.0,0.0,100.0,,,,300,equal scenes; within each scene equal conditions and equal candidates; horizons reported separately
speed,legacy_tworoom_multistep_panels_2026-09-30,agent,True,fixed_norm_offset,2,0.875,224-canvas-pixels,1.0,25,0.0,0.0,100.0,,,,300,equal scenes; within each scene equal conditions and equal candidates; horizons reported separately
speed,legacy_tworoom_multistep_panels_2026-09-30,agent,True,fixed_norm_offset,2,1.75,224-canvas-pixels,2.0,5,0.0,0.0,100.0,,,,300,equal scenes; within each scene equal conditions and equal candidates; horizons reported separately
speed,legacy_tworoom_multistep_panels_2026-09-30,agent,True,fixed_norm_offset,2,1.75,224-canvas-pixels,2.0,10,0.0,0.0,100.0,,,,300,equal scenes; within each scene equal conditions and equal candidates; horizons reported separately
speed,legacy_tworoom_multistep_panels_2026-09-30,agent,True,fixed_norm_offset,2,1.75,224-canvas-pixels,2.0,15,0.0,0.0,100.0,,,,300,equal scenes; within each scene equal conditions and equal candidates; horizons reported separately
speed,legacy_tworoom_multistep_panels_2026-09-30,agent,True,fixed_norm_offset,2,1.75,224-canvas-pixels,2.0,20,0.0,0.0,100.0,,,,300,equal scenes; within each scene equal conditions and equal candidates; horizons reported separately
speed,legacy_tworoom_multistep_panels_2026-09-30,agent,True,fixed_norm_offset,2,1.75,224-canvas-pixels,2.0,25,0.0,0.0,100.0,,,,300,equal scenes; within each scene equal conditions and equal candidates; horizons reported separately
speed,legacy_tworoom_multistep_panels_2026-09-30,agent,True,fixed_norm_offset,2,3.5,224-canvas-pixels,4.0,5,1.0,100.0,0.0,,,,300,equal scenes; within each scene equal conditions and equal candidates; horizons reported separately
speed,legacy_tworoom_multistep_panels_2026-09-30,agent,True,fixed_norm_offset,2,3.5,224-canvas-pixels,4.0,10,1.0,100.0,0.0,,,,300,equal scenes; within each scene equal conditions and equal candidates; horizons reported separately
speed,legacy_tworoom_multistep_panels_2026-09-30,agent,True,fixed_norm_offset,2,3.5,224-canvas-pixels,4.0,15,1.0,100.0,0.0,,,,300,equal scenes; within each scene equal conditions and equal candidates; horizons reported separately
speed,legacy_tworoom_multistep_panels_2026-09-30,agent,True,fixed_norm_offset,2,3.5,224-canvas-pixels,4.0,20,1.0,100.0,0.0,,,,300,equal scenes; within each scene equal conditions and equal candidates; horizons reported separately
speed,legacy_tworoom_multistep_panels_2026-09-30,agent,True,fixed_norm_offset,2,3.5,224-canvas-pixels,4.0,25,1.0,100.0,0.0,,,,300,equal scenes; within each scene equal conditions and equal candidates; horizons reported separately
speed,legacy_tworoom_multistep_panels_2026-09-30,agent,True,fixed_norm_offset,2,7.0,224-canvas-pixels,8.0,5,1.0,100.0,0.0,,,,300,equal scenes; within each scene equal conditions and equal candidates; horizons reported separately
speed,legacy_tworoom_multistep_panels_2026-09-30,agent,True,fixed_norm_offset,2,7.0,224-canvas-pixels,8.0,10,1.0,100.0,0.0,,,,300,equal scenes; within each scene equal conditions and equal candidates; horizons reported separately
speed,legacy_tworoom_multistep_panels_2026-09-30,agent,True,fixed_norm_offset,2,7.0,224-canvas-pixels,8.0,15,1.0,100.0,0.0,,,,300,equal scenes; within each scene equal conditions and equal candidates; horizons reported separately
speed,legacy_tworoom_multistep_panels_2026-09-30,agent,True,fixed_norm_offset,2,7.0,224-canvas-pixels,8.0,20,1.0,100.0,0.0,,,,300,equal scenes; within each scene equal conditions and equal candidates; horizons reported separately
speed,legacy_tworoom_multistep_panels_2026-09-30,agent,True,fixed_norm_offset,2,7.0,224-canvas-pixels,8.0,25,1.0,100.0,0.0,,,,300,equal scenes; within each scene equal conditions and equal candidates; horizons reported separately
speed,legacy_tworoom_multistep_panels_2026-09-30,agent,True,fixed_norm_offset,2,14.0,224-canvas-pixels,16.0,5,1.0,100.0,0.0,,,,300,equal scenes; within each scene equal conditions and equal candidates; horizons reported separately
speed,legacy_tworoom_multistep_panels_2026-09-30,agent,True,fixed_norm_offset,2,14.0,224-canvas-pixels,16.0,10,1.0,100.0,0.0,,,,300,equal scenes; within each scene equal conditions and equal candidates; horizons reported separately
speed,legacy_tworoom_multistep_panels_2026-09-30,agent,True,fixed_norm_offset,2,14.0,224-canvas-pixels,16.0,15,1.0,100.0,0.0,,,,300,equal scenes; within each scene equal conditions and equal candidates; horizons reported separately
speed,legacy_tworoom_multistep_panels_2026-09-30,agent,True,fixed_norm_offset,2,14.0,224-canvas-pixels,16.0,20,1.0,100.0,0.0,,,,300,equal scenes; within each scene equal conditions and equal candidates; horizons reported separately
speed,legacy_tworoom_multistep_panels_2026-09-30,agent,True,fixed_norm_offset,2,14.0,224-canvas-pixels,16.0,25,1.0,100.0,0.0,,,,300,equal scenes; within each scene equal conditions and equal candidates; horizons reported separately
speed,legacy_tworoom_multistep_panels_2026-09-30,agent,True,fixed_norm_offset,32,0.875,224-canvas-pixels,1.0,5,0.0,0.0,100.0,,,,300,equal scenes; within each scene equal conditions and equal candidates; horizons reported separately
speed,legacy_tworoom_multistep_panels_2026-09-30,agent,True,fixed_norm_offset,32,0.875,224-canvas-pixels,1.0,10,0.0,0.0,100.0,,,,300,equal scenes; within each scene equal conditions and equal candidates; horizons reported separately
speed,legacy_tworoom_multistep_panels_2026-09-30,agent,True,fixed_norm_offset,32,0.875,224-canvas-pixels,1.0,15,0.0,0.0,100.0,,,,300,equal scenes; within each scene equal conditions and equal candidates; horizons reported separately
speed,legacy_tworoom_multistep_panels_2026-09-30,agent,True,fixed_norm_offset,32,0.875,224-canvas-pixels,1.0,20,0.0,0.0,100.0,,,,300,equal scenes; within each scene equal conditions and equal candidates; horizons reported separately
speed,legacy_tworoom_multistep_panels_2026-09-30,agent,True,fixed_norm_offset,32,0.875,224-canvas-pixels,1.0,25,0.0,0.0,100.0,,,,300,equal scenes; within each scene equal conditions and equal candidates; horizons reported separately
speed,legacy_tworoom_multistep_panels_2026-09-30,agent,True,fixed_norm_offset,32,1.75,224-canvas-pixels,2.0,5,0.0,0.0,100.0,,,,300,equal scenes; within each scene equal conditions and equal candidates; horizons reported separately
speed,legacy_tworoom_multistep_panels_2026-09-30,agent,True,fixed_norm_offset,32,1.75,224-canvas-pixels,2.0,10,0.0,0.0,100.0,,,,300,equal scenes; within each scene equal conditions and equal candidates; horizons reported separately
speed,legacy_tworoom_multistep_panels_2026-09-30,agent,True,fixed_norm_offset,32,1.75,224-canvas-pixels,2.0,15,0.0,0.0,100.0,,,,300,equal scenes; within each scene equal conditions and equal candidates; horizons reported separately
speed,legacy_tworoom_multistep_panels_2026-09-30,agent,True,fixed_norm_offset,32,1.75,224-canvas-pixels,2.0,20,0.0,0.0,100.0,,,,300,equal scenes; within each scene equal conditions and equal candidates; horizons reported separately
speed,legacy_tworoom_multistep_panels_2026-09-30,agent,True,fixed_norm_offset,32,1.75,224-canvas-pixels,2.0,25,0.0,0.0,100.0,,,,300,equal scenes; within each scene equal conditions and equal candidates; horizons reported separately
speed,legacy_tworoom_multistep_panels_2026-09-30,agent,True,fixed_norm_offset,32,3.5,224-canvas-pixels,4.0,5,0.0,0.0,100.0,,,,300,equal scenes; within each scene equal conditions and equal candidates; horizons reported separately
speed,legacy_tworoom_multistep_panels_2026-09-30,agent,True,fixed_norm_offset,32,3.5,224-canvas-pixels,4.0,10,0.0,0.0,100.0,,,,300,equal scenes; within each scene equal conditions and equal candidates; horizons reported separately
speed,legacy_tworoom_multistep_panels_2026-09-30,agent,True,fixed_norm_offset,32,3.5,224-canvas-pixels,4.0,15,0.0,0.0,100.0,,,,300,equal scenes; within each scene equal conditions and equal candidates; horizons reported separately
speed,legacy_tworoom_multistep_panels_2026-09-30,agent,True,fixed_norm_offset,32,3.5,224-canvas-pixels,4.0,20,0.0,0.0,100.0,,,,300,equal scenes; within each scene equal conditions and equal candidates; horizons reported separately
speed,legacy_tworoom_multistep_panels_2026-09-30,agent,True,fixed_norm_offset,32,3.5,224-canvas-pixels,4.0,25,0.0,0.0,100.0,,,,300,equal scenes; within each scene equal conditions and equal candidates; horizons reported separately
speed,legacy_tworoom_multistep_panels_2026-09-30,agent,True,fixed_norm_offset,32,7.0,224-canvas-pixels,8.0,5,0.0,0.0,100.0,,,,300,equal scenes; within each scene equal conditions and equal candidates; horizons reported separately
speed,legacy_tworoom_multistep_panels_2026-09-30,agent,True,fixed_norm_offset,32,7.0,224-canvas-pixels,8.0,10,0.0,0.0,100.0,,,,300,equal scenes; within each scene equal conditions and equal candidates; horizons reported separately
speed,legacy_tworoom_multistep_panels_2026-09-30,agent,True,fixed_norm_offset,32,7.0,224-canvas-pixels,8.0,15,0.0,0.0,100.0,,,,300,equal scenes; within each scene equal conditions and equal candidates; horizons reported separately
speed,legacy_tworoom_multistep_panels_2026-09-30,agent,True,fixed_norm_offset,32,7.0,224-canvas-pixels,8.0,20,0.0,0.0,100.0,,,,300,equal scenes; within each scene equal conditions and equal candidates; horizons reported separately
speed,legacy_tworoom_multistep_panels_2026-09-30,agent,True,fixed_norm_offset,32,7.0,224-canvas-pixels,8.0,25,0.0,0.0,100.0,,,,300,equal scenes; within each scene equal conditions and equal candidates; horizons reported separately
speed,legacy_tworoom_multistep_panels_2026-09-30,agent,True,fixed_norm_offset,32,14.0,224-canvas-pixels,16.0,5,0.0,0.0,100.0,,,,300,equal scenes; within each scene equal conditions and equal candidates; horizons reported separately
speed,legacy_tworoom_multistep_panels_2026-09-30,agent,True,fixed_norm_offset,32,14.0,224-canvas-pixels,16.0,10,0.0,0.0,100.0,,,,300,equal scenes; within each scene equal conditions and equal candidates; horizons reported separately
speed,legacy_tworoom_multistep_panels_2026-09-30,agent,True,fixed_norm_offset,32,14.0,224-canvas-pixels,16.0,15,0.0,0.0,100.0,,,,300,equal scenes; within each scene equal conditions and equal candidates; horizons reported separately
speed,legacy_tworoom_multistep_panels_2026-09-30,agent,True,fixed_norm_offset,32,14.0,224-canvas-pixels,16.0,20,0.0,0.0,100.0,,,,300,equal scenes; within each scene equal conditions and equal candidates; horizons reported separately
speed,legacy_tworoom_multistep_panels_2026-09-30,agent,True,fixed_norm_offset,32,14.0,224-canvas-pixels,16.0,25,0.0,0.0,100.0,,,,300,equal scenes; within each scene equal conditions and equal candidates; horizons reported separately
speed,legacy_tworoom_multistep_panels_2026-09-30,agent,True,fixed_norm_offset,4,0.875,224-canvas-pixels,1.0,5,0.0,0.0,100.0,,,,300,equal scenes; within each scene equal conditions and equal candidates; horizons reported separately
speed,legacy_tworoom_multistep_panels_2026-09-30,agent,True,fixed_norm_offset,4,0.875,224-canvas-pixels,1.0,10,0.0,0.0,100.0,,,,300,equal scenes; within each scene equal conditions and equal candidates; horizons reported separately
speed,legacy_tworoom_multistep_panels_2026-09-30,agent,True,fixed_norm_offset,4,0.875,224-canvas-pixels,1.0,15,0.0,0.0,100.0,,,,300,equal scenes; within each scene equal conditions and equal candidates; horizons reported separately
speed,legacy_tworoom_multistep_panels_2026-09-30,agent,True,fixed_norm_offset,4,0.875,224-canvas-pixels,1.0,20,0.0,0.0,100.0,,,,300,equal scenes; within each scene equal conditions and equal candidates; horizons reported separately
speed,legacy_tworoom_multistep_panels_2026-09-30,agent,True,fixed_norm_offset,4,0.875,224-canvas-pixels,1.0,25,0.0,0.0,100.0,,,,300,equal scenes; within each scene equal conditions and equal candidates; horizons reported separately
speed,legacy_tworoom_multistep_panels_2026-09-30,agent,True,fixed_norm_offset,4,1.75,224-canvas-pixels,2.0,5,0.0,0.0,100.0,,,,300,equal scenes; within each scene equal conditions and equal candidates; horizons reported separately
speed,legacy_tworoom_multistep_panels_2026-09-30,agent,True,fixed_norm_offset,4,1.75,224-canvas-pixels,2.0,10,0.0,0.0,100.0,,,,300,equal scenes; within each scene equal conditions and equal candidates; horizons reported separately
speed,legacy_tworoom_multistep_panels_2026-09-30,agent,True,fixed_norm_offset,4,1.75,224-canvas-pixels,2.0,15,0.0,0.0,100.0,,,,300,equal scenes; within each scene equal conditions and equal candidates; horizons reported separately
speed,legacy_tworoom_multistep_panels_2026-09-30,agent,True,fixed_norm_offset,4,1.75,224-canvas-pixels,2.0,20,0.0,0.0,100.0,,,,300,equal scenes; within each scene equal conditions and equal candidates; horizons reported separately
speed,legacy_tworoom_multistep_panels_2026-09-30,agent,True,fixed_norm_offset,4,1.75,224-canvas-pixels,2.0,25,0.0,0.0,100.0,,,,300,equal scenes; within each scene equal conditions and equal candidates; horizons reported separately
speed,legacy_tworoom_multistep_panels_2026-09-30,agent,True,fixed_norm_offset,4,3.5,224-canvas-pixels,4.0,5,0.0,0.0,100.0,,,,300,equal scenes; within each scene equal conditions and equal candidates; horizons reported separately
speed,legacy_tworoom_multistep_panels_2026-09-30,agent,True,fixed_norm_offset,4,3.5,224-canvas-pixels,4.0,10,0.0,0.0,100.0,,,,300,equal scenes; within each scene equal conditions and equal candidates; horizons reported separately
speed,legacy_tworoom_multistep_panels_2026-09-30,agent,True,fixed_norm_offset,4,3.5,224-canvas-pixels,4.0,15,0.0,0.0,100.0,,,,300,equal scenes; within each scene equal conditions and equal candidates; horizons reported separately
speed,legacy_tworoom_multistep_panels_2026-09-30,agent,True,fixed_norm_offset,4,3.5,224-canvas-pixels,4.0,20,0.0,0.0,100.0,,,,300,equal scenes; within each scene equal conditions and equal candidates; horizons reported separately
speed,legacy_tworoom_multistep_panels_2026-09-30,agent,True,fixed_norm_offset,4,3.5,224-canvas-pixels,4.0,25,0.0,0.0,100.0,,,,300,equal scenes; within each scene equal conditions and equal candidates; horizons reported separately
speed,legacy_tworoom_multistep_panels_2026-09-30,agent,True,fixed_norm_offset,4,7.0,224-canvas-pixels,8.0,5,1.0,100.0,0.0,,,,300,equal scenes; within each scene equal conditions and equal candidates; horizons reported separately
speed,legacy_tworoom_multistep_panels_2026-09-30,agent,True,fixed_norm_offset,4,7.0,224-canvas-pixels,8.0,10,1.0,100.0,0.0,,,,300,equal scenes; within each scene equal conditions and equal candidates; horizons reported separately
speed,legacy_tworoom_multistep_panels_2026-09-30,agent,True,fixed_norm_offset,4,7.0,224-canvas-pixels,8.0,15,1.0,100.0,0.0,,,,300,equal scenes; within each scene equal conditions and equal candidates; horizons reported separately
speed,legacy_tworoom_multistep_panels_2026-09-30,agent,True,fixed_norm_offset,4,7.0,224-canvas-pixels,8.0,20,1.0,100.0,0.0,,,,300,equal scenes; within each scene equal conditions and equal candidates; horizons reported separately
speed,legacy_tworoom_multistep_panels_2026-09-30,agent,True,fixed_norm_offset,4,7.0,224-canvas-pixels,8.0,25,1.0,100.0,0.0,,,,300,equal scenes; within each scene equal conditions and equal candidates; horizons reported separately
speed,legacy_tworoom_multistep_panels_2026-09-30,agent,True,fixed_norm_offset,4,14.0,224-canvas-pixels,16.0,5,1.0,100.0,0.0,,,,300,equal scenes; within each scene equal conditions and equal candidates; horizons reported separately
speed,legacy_tworoom_multistep_panels_2026-09-30,agent,True,fixed_norm_offset,4,14.0,224-canvas-pixels,16.0,10,1.0,100.0,0.0,,,,300,equal scenes; within each scene equal conditions and equal candidates; horizons reported separately
speed,legacy_tworoom_multistep_panels_2026-09-30,agent,True,fixed_norm_offset,4,14.0,224-canvas-pixels,16.0,15,1.0,100.0,0.0,,,,300,equal scenes; within each scene equal conditions and equal candidates; horizons reported separately
speed,legacy_tworoom_multistep_panels_2026-09-30,agent,True,fixed_norm_offset,4,14.0,224-canvas-pixels,16.0,20,1.0,100.0,0.0,,,,300,equal scenes; within each scene equal conditions and equal candidates; horizons reported separately
speed,legacy_tworoom_multistep_panels_2026-09-30,agent,True,fixed_norm_offset,4,14.0,224-canvas-pixels,16.0,25,1.0,100.0,0.0,,,,300,equal scenes; within each scene equal conditions and equal candidates; horizons reported separately
speed,legacy_tworoom_multistep_panels_2026-09-30,agent,True,fixed_norm_offset,64,0.875,224-canvas-pixels,1.0,5,0.0,0.0,100.0,,,,300,equal scenes; within each scene equal conditions and equal candidates; horizons reported separately
speed,legacy_tworoom_multistep_panels_2026-09-30,agent,True,fixed_norm_offset,64,0.875,224-canvas-pixels,1.0,10,0.0,0.0,100.0,,,,300,equal scenes; within each scene equal conditions and equal candidates; horizons reported separately
speed,legacy_tworoom_multistep_panels_2026-09-30,agent,True,fixed_norm_offset,64,0.875,224-canvas-pixels,1.0,15,0.0,0.0,100.0,,,,300,equal scenes; within each scene equal conditions and equal candidates; horizons reported separately
speed,legacy_tworoom_multistep_panels_2026-09-30,agent,True,fixed_norm_offset,64,0.875,224-canvas-pixels,1.0,20,0.0,0.0,100.0,,,,300,equal scenes; within each scene equal conditions and equal candidates; horizons reported separately
speed,legacy_tworoom_multistep_panels_2026-09-30,agent,True,fixed_norm_offset,64,0.875,224-canvas-pixels,1.0,25,0.0,0.0,100.0,,,,300,equal scenes; within each scene equal conditions and equal candidates; horizons reported separately
speed,legacy_tworoom_multistep_panels_2026-09-30,agent,True,fixed_norm_offset,64,1.75,224-canvas-pixels,2.0,5,0.0,0.0,100.0,,,,300,equal scenes; within each scene equal conditions and equal candidates; horizons reported separately
speed,legacy_tworoom_multistep_panels_2026-09-30,agent,True,fixed_norm_offset,64,1.75,224-canvas-pixels,2.0,10,0.0,0.0,100.0,,,,300,equal scenes; within each scene equal conditions and equal candidates; horizons reported separately
speed,legacy_tworoom_multistep_panels_2026-09-30,agent,True,fixed_norm_offset,64,1.75,224-canvas-pixels,2.0,15,0.0,0.0,100.0,,,,300,equal scenes; within each scene equal conditions and equal candidates; horizons reported separately
speed,legacy_tworoom_multistep_panels_2026-09-30,agent,True,fixed_norm_offset,64,1.75,224-canvas-pixels,2.0,20,0.0,0.0,100.0,,,,300,equal scenes; within each scene equal conditions and equal candidates; horizons reported separately
speed,legacy_tworoom_multistep_panels_2026-09-30,agent,True,fixed_norm_offset,64,1.75,224-canvas-pixels,2.0,25,0.0,0.0,100.0,,,,300,equal scenes; within each scene equal conditions and equal candidates; horizons reported separately
speed,legacy_tworoom_multistep_panels_2026-09-30,agent,True,fixed_norm_offset,64,3.5,224-canvas-pixels,4.0,5,0.0,0.0,100.0,,,,300,equal scenes; within each scene equal conditions and equal candidates; horizons reported separately
speed,legacy_tworoom_multistep_panels_2026-09-30,agent,True,fixed_norm_offset,64,3.5,224-canvas-pixels,4.0,10,0.0,0.0,100.0,,,,300,equal scenes; within each scene equal conditions and equal candidates; horizons reported separately
speed,legacy_tworoom_multistep_panels_2026-09-30,agent,True,fixed_norm_offset,64,3.5,224-canvas-pixels,4.0,15,0.0,0.0,100.0,,,,300,equal scenes; within each scene equal conditions and equal candidates; horizons reported separately
speed,legacy_tworoom_multistep_panels_2026-09-30,agent,True,fixed_norm_offset,64,3.5,224-canvas-pixels,4.0,20,0.0,0.0,100.0,,,,300,equal scenes; within each scene equal conditions and equal candidates; horizons reported separately
speed,legacy_tworoom_multistep_panels_2026-09-30,agent,True,fixed_norm_offset,64,3.5,224-canvas-pixels,4.0,25,0.0,0.0,100.0,,,,300,equal scenes; within each scene equal conditions and equal candidates; horizons reported separately
speed,legacy_tworoom_multistep_panels_2026-09-30,agent,True,fixed_norm_offset,64,7.0,224-canvas-pixels,8.0,5,0.0,0.0,100.0,,,,300,equal scenes; within each scene equal conditions and equal candidates; horizons reported separately
speed,legacy_tworoom_multistep_panels_2026-09-30,agent,True,fixed_norm_offset,64,7.0,224-canvas-pixels,8.0,10,0.0,0.0,100.0,,,,300,equal scenes; within each scene equal conditions and equal candidates; horizons reported separately
speed,legacy_tworoom_multistep_panels_2026-09-30,agent,True,fixed_norm_offset,64,7.0,224-canvas-pixels,8.0,15,0.0,0.0,100.0,,,,300,equal scenes; within each scene equal conditions and equal candidates; horizons reported separately
speed,legacy_tworoom_multistep_panels_2026-09-30,agent,True,fixed_norm_offset,64,7.0,224-canvas-pixels,8.0,20,0.0,0.0,100.0,,,,300,equal scenes; within each scene equal conditions and equal candidates; horizons reported separately
speed,legacy_tworoom_multistep_panels_2026-09-30,agent,True,fixed_norm_offset,64,7.0,224-canvas-pixels,8.0,25,0.0,0.0,100.0,,,,300,equal scenes; within each scene equal conditions and equal candidates; horizons reported separately
speed,legacy_tworoom_multistep_panels_2026-09-30,agent,True,fixed_norm_offset,64,14.0,224-canvas-pixels,16.0,5,0.0,0.0,100.0,,,,300,equal scenes; within each scene equal conditions and equal candidates; horizons reported separately
speed,legacy_tworoom_multistep_panels_2026-09-30,agent,True,fixed_norm_offset,64,14.0,224-canvas-pixels,16.0,10,0.0,0.0,100.0,,,,300,equal scenes; within each scene equal conditions and equal candidates; horizons reported separately
speed,legacy_tworoom_multistep_panels_2026-09-30,agent,True,fixed_norm_offset,64,14.0,224-canvas-pixels,16.0,15,0.0,0.0,100.0,,,,300,equal scenes; within each scene equal conditions and equal candidates; horizons reported separately
speed,legacy_tworoom_multistep_panels_2026-09-30,agent,True,fixed_norm_offset,64,14.0,224-canvas-pixels,16.0,20,0.0,0.0,100.0,,,,300,equal scenes; within each scene equal conditions and equal candidates; horizons reported separately
speed,legacy_tworoom_multistep_panels_2026-09-30,agent,True,fixed_norm_offset,64,14.0,224-canvas-pixels,16.0,25,0.0,0.0,100.0,,,,300,equal scenes; within each scene equal conditions and equal candidates; horizons reported separately
speed,legacy_tworoom_multistep_panels_2026-09-30,agent,True,fixed_norm_offset,8,0.875,224-canvas-pixels,1.0,5,0.0,0.0,100.0,,,,300,equal scenes; within each scene equal conditions and equal candidates; horizons reported separately
speed,legacy_tworoom_multistep_panels_2026-09-30,agent,True,fixed_norm_offset,8,0.875,224-canvas-pixels,1.0,10,0.0,0.0,100.0,,,,300,equal scenes; within each scene equal conditions and equal candidates; horizons reported separately
speed,legacy_tworoom_multistep_panels_2026-09-30,agent,True,fixed_norm_offset,8,0.875,224-canvas-pixels,1.0,15,0.0,0.0,100.0,,,,300,equal scenes; within each scene equal conditions and equal candidates; horizons reported separately
speed,legacy_tworoom_multistep_panels_2026-09-30,agent,True,fixed_norm_offset,8,0.875,224-canvas-pixels,1.0,20,0.0,0.0,100.0,,,,300,equal scenes; within each scene equal conditions and equal candidates; horizons reported separately
speed,legacy_tworoom_multistep_panels_2026-09-30,agent,True,fixed_norm_offset,8,0.875,224-canvas-pixels,1.0,25,0.0,0.0,100.0,,,,300,equal scenes; within each scene equal conditions and equal candidates; horizons reported separately
speed,legacy_tworoom_multistep_panels_2026-09-30,agent,True,fixed_norm_offset,8,1.75,224-canvas-pixels,2.0,5,0.0,0.0,100.0,,,,300,equal scenes; within each scene equal conditions and equal candidates; horizons reported separately
speed,legacy_tworoom_multistep_panels_2026-09-30,agent,True,fixed_norm_offset,8,1.75,224-canvas-pixels,2.0,10,0.0,0.0,100.0,,,,300,equal scenes; within each scene equal conditions and equal candidates; horizons reported separately
speed,legacy_tworoom_multistep_panels_2026-09-30,agent,True,fixed_norm_offset,8,1.75,224-canvas-pixels,2.0,15,0.0,0.0,100.0,,,,300,equal scenes; within each scene equal conditions and equal candidates; horizons reported separately
speed,legacy_tworoom_multistep_panels_2026-09-30,agent,True,fixed_norm_offset,8,1.75,224-canvas-pixels,2.0,20,0.0,0.0,100.0,,,,300,equal scenes; within each scene equal conditions and equal candidates; horizons reported separately
speed,legacy_tworoom_multistep_panels_2026-09-30,agent,True,fixed_norm_offset,8,1.75,224-canvas-pixels,2.0,25,0.0,0.0,100.0,,,,300,equal scenes; within each scene equal conditions and equal candidates; horizons reported separately
speed,legacy_tworoom_multistep_panels_2026-09-30,agent,True,fixed_norm_offset,8,3.5,224-canvas-pixels,4.0,5,0.0,0.0,100.0,,,,300,equal scenes; within each scene equal conditions and equal candidates; horizons reported separately
speed,legacy_tworoom_multistep_panels_2026-09-30,agent,True,fixed_norm_offset,8,3.5,224-canvas-pixels,4.0,10,0.0,0.0,100.0,,,,300,equal scenes; within each scene equal conditions and equal candidates; horizons reported separately
speed,legacy_tworoom_multistep_panels_2026-09-30,agent,True,fixed_norm_offset,8,3.5,224-canvas-pixels,4.0,15,0.0,0.0,100.0,,,,300,equal scenes; within each scene equal conditions and equal candidates; horizons reported separately
speed,legacy_tworoom_multistep_panels_2026-09-30,agent,True,fixed_norm_offset,8,3.5,224-canvas-pixels,4.0,20,0.0,0.0,100.0,,,,300,equal scenes; within each scene equal conditions and equal candidates; horizons reported separately
speed,legacy_tworoom_multistep_panels_2026-09-30,agent,True,fixed_norm_offset,8,3.5,224-canvas-pixels,4.0,25,0.0,0.0,100.0,,,,300,equal scenes; within each scene equal conditions and equal candidates; horizons reported separately
speed,legacy_tworoom_multistep_panels_2026-09-30,agent,True,fixed_norm_offset,8,7.0,224-canvas-pixels,8.0,5,0.0,0.0,100.0,,,,300,equal scenes; within each scene equal conditions and equal candidates; horizons reported separately
speed,legacy_tworoom_multistep_panels_2026-09-30,agent,True,fixed_norm_offset,8,7.0,224-canvas-pixels,8.0,10,0.0,0.0,100.0,,,,300,equal scenes; within each scene equal conditions and equal candidates; horizons reported separately
speed,legacy_tworoom_multistep_panels_2026-09-30,agent,True,fixed_norm_offset,8,7.0,224-canvas-pixels,8.0,15,0.0,0.0,100.0,,,,300,equal scenes; within each scene equal conditions and equal candidates; horizons reported separately
speed,legacy_tworoom_multistep_panels_2026-09-30,agent,True,fixed_norm_offset,8,7.0,224-canvas-pixels,8.0,20,0.0,0.0,100.0,,,,300,equal scenes; within each scene equal conditions and equal candidates; horizons reported separately
speed,legacy_tworoom_multistep_panels_2026-09-30,agent,True,fixed_norm_offset,8,7.0,224-canvas-pixels,8.0,25,0.0,0.0,100.0,,,,300,equal scenes; within each scene equal conditions and equal candidates; horizons reported separately
speed,legacy_tworoom_multistep_panels_2026-09-30,agent,True,fixed_norm_offset,8,14.0,224-canvas-pixels,16.0,5,1.0,100.0,0.0,,,,300,equal scenes; within each scene equal conditions and equal candidates; horizons reported separately
speed,legacy_tworoom_multistep_panels_2026-09-30,agent,True,fixed_norm_offset,8,14.0,224-canvas-pixels,16.0,10,1.0,100.0,0.0,,,,300,equal scenes; within each scene equal conditions and equal candidates; horizons reported separately
speed,legacy_tworoom_multistep_panels_2026-09-30,agent,True,fixed_norm_offset,8,14.0,224-canvas-pixels,16.0,15,1.0,100.0,0.0,,,,300,equal scenes; within each scene equal conditions and equal candidates; horizons reported separately
speed,legacy_tworoom_multistep_panels_2026-09-30,agent,True,fixed_norm_offset,8,14.0,224-canvas-pixels,16.0,20,1.0,100.0,0.0,,,,300,equal scenes; within each scene equal conditions and equal candidates; horizons reported separately
speed,legacy_tworoom_multistep_panels_2026-09-30,agent,True,fixed_norm_offset,8,14.0,224-canvas-pixels,16.0,25,1.0,100.0,0.0,,,,300,equal scenes; within each scene equal conditions and equal candidates; horizons reported separately
speed,legacy_tworoom_multistep_panels_2026-09-30,agent,True,temporal_lag_prepend_current,one_horizon,0.875,224-canvas-pixels,1.0,5,0.03952991452991453,3.9529914529914527,96.04700854700855,,,,300,equal scenes; within each scene equal conditions and equal candidates; horizons reported separately
speed,legacy_tworoom_multistep_panels_2026-09-30,agent,True,temporal_lag_prepend_current,one_horizon,0.875,224-canvas-pixels,1.0,10,0.03952991452991453,3.9529914529914527,96.04700854700855,,,,300,equal scenes; within each scene equal conditions and equal candidates; horizons reported separately
speed,legacy_tworoom_multistep_panels_2026-09-30,agent,True,temporal_lag_prepend_current,one_horizon,0.875,224-canvas-pixels,1.0,15,0.04025997150997151,4.025997150997151,95.97400284900284,,,,300,equal scenes; within each scene equal conditions and equal candidates; horizons reported separately
speed,legacy_tworoom_multistep_panels_2026-09-30,agent,True,temporal_lag_prepend_current,one_horizon,0.875,224-canvas-pixels,1.0,20,0.051527777777777777,5.152777777777778,94.84722222222223,,,,300,equal scenes; within each scene equal conditions and equal candidates; horizons reported separately
speed,legacy_tworoom_multistep_panels_2026-09-30,agent,True,temporal_lag_prepend_current,one_horizon,0.875,224-canvas-pixels,1.0,25,0.0826851851851852,8.268518518518519,91.73148148148148,,,,300,equal scenes; within each scene equal conditions and equal candidates; horizons reported separately
speed,legacy_tworoom_multistep_panels_2026-09-30,agent,True,temporal_lag_prepend_current,one_horizon,1.75,224-canvas-pixels,2.0,5,0.052706552706552695,5.270655270655269,94.72934472934473,,,,300,equal scenes; within each scene equal conditions and equal candidates; horizons reported separately
speed,legacy_tworoom_multistep_panels_2026-09-30,agent,True,temporal_lag_prepend_current,one_horizon,1.75,224-canvas-pixels,2.0,10,0.052706552706552695,5.270655270655269,94.72934472934473,,,,300,equal scenes; within each scene equal conditions and equal candidates; horizons reported separately
speed,legacy_tworoom_multistep_panels_2026-09-30,agent,True,temporal_lag_prepend_current,one_horizon,1.75,224-canvas-pixels,2.0,15,0.053479344729344715,5.3479344729344716,94.65206552706553,,,,300,equal scenes; within each scene equal conditions and equal candidates; horizons reported separately
speed,legacy_tworoom_multistep_panels_2026-09-30,agent,True,temporal_lag_prepend_current,one_horizon,1.75,224-canvas-pixels,2.0,20,0.0653596866096866,6.535968660968661,93.46403133903134,,,,300,equal scenes; within each scene equal conditions and equal candidates; horizons reported separately
speed,legacy_tworoom_multistep_panels_2026-09-30,agent,True,temporal_lag_prepend_current,one_horizon,1.75,224-canvas-pixels,2.0,25,0.09741096866096866,9.741096866096866,90.25890313390313,,,,300,equal scenes; within each scene equal conditions and equal candidates; horizons reported separately
speed,legacy_tworoom_multistep_panels_2026-09-30,agent,True,temporal_lag_prepend_current,one_horizon,3.5,224-canvas-pixels,4.0,5,0.10541310541310539,10.541310541310539,89.45868945868946,,,,300,equal scenes; within each scene equal conditions and equal candidates; horizons reported separately
speed,legacy_tworoom_multistep_panels_2026-09-30,agent,True,temporal_lag_prepend_current,one_horizon,3.5,224-canvas-pixels,4.0,10,0.10541310541310539,10.541310541310539,89.45868945868946,,,,300,equal scenes; within each scene equal conditions and equal candidates; horizons reported separately
speed,legacy_tworoom_multistep_panels_2026-09-30,agent,True,temporal_lag_prepend_current,one_horizon,3.5,224-canvas-pixels,4.0,15,0.10636039886039884,10.636039886039885,89.36396011396012,,,,300,equal scenes; within each scene equal conditions and equal candidates; horizons reported separately
speed,legacy_tworoom_multistep_panels_2026-09-30,agent,True,temporal_lag_prepend_current,one_horizon,3.5,224-canvas-pixels,4.0,20,0.1193696581196581,11.93696581196581,88.06303418803418,,,,300,equal scenes; within each scene equal conditions and equal candidates; horizons reported separately
speed,legacy_tworoom_multistep_panels_2026-09-30,agent,True,temporal_lag_prepend_current,one_horizon,3.5,224-canvas-pixels,4.0,25,0.1531980056980057,15.31980056980057,84.68019943019944,,,,300,equal scenes; within each scene equal conditions and equal candidates; horizons reported separately
speed,legacy_tworoom_multistep_panels_2026-09-30,agent,True,temporal_lag_prepend_current,one_horizon,7.0,224-canvas-pixels,8.0,5,0.2767094017094017,27.670940170940174,72.32905982905983,,,,300,equal scenes; within each scene equal conditions and equal candidates; horizons reported separately
speed,legacy_tworoom_multistep_panels_2026-09-30,agent,True,temporal_lag_prepend_current,one_horizon,7.0,224-canvas-pixels,8.0,10,0.2767094017094017,27.670940170940174,72.32905982905983,,,,300,equal scenes; within each scene equal conditions and equal candidates; horizons reported separately
speed,legacy_tworoom_multistep_panels_2026-09-30,agent,True,temporal_lag_prepend_current,one_horizon,7.0,224-canvas-pixels,8.0,15,0.2781018518518519,27.810185185185187,72.18981481481481,,,,300,equal scenes; within each scene equal conditions and equal candidates; horizons reported separately
speed,legacy_tworoom_multistep_panels_2026-09-30,agent,True,temporal_lag_prepend_current,one_horizon,7.0,224-canvas-pixels,8.0,20,0.29412393162393163,29.412393162393162,70.58760683760683,,,,300,equal scenes; within each scene equal conditions and equal candidates; horizons reported separately
speed,legacy_tworoom_multistep_panels_2026-09-30,agent,True,temporal_lag_prepend_current,one_horizon,7.0,224-canvas-pixels,8.0,25,0.3309116809116809,33.091168091168086,66.90883190883191,,,,300,equal scenes; within each scene equal conditions and equal candidates; horizons reported separately
speed,legacy_tworoom_multistep_panels_2026-09-30,agent,True,temporal_lag_prepend_current,one_horizon,14.0,224-canvas-pixels,16.0,5,0.606125356125356,60.6125356125356,39.3874643874644,,,,300,equal scenes; within each scene equal conditions and equal candidates; horizons reported separately
speed,legacy_tworoom_multistep_panels_2026-09-30,agent,True,temporal_lag_prepend_current,one_horizon,14.0,224-canvas-pixels,16.0,10,0.606125356125356,60.6125356125356,39.3874643874644,,,,300,equal scenes; within each scene equal conditions and equal candidates; horizons reported separately
speed,legacy_tworoom_multistep_panels_2026-09-30,agent,True,temporal_lag_prepend_current,one_horizon,14.0,224-canvas-pixels,16.0,15,0.609298433048433,60.9298433048433,39.0701566951567,,,,300,equal scenes; within each scene equal conditions and equal candidates; horizons reported separately
speed,legacy_tworoom_multistep_panels_2026-09-30,agent,True,temporal_lag_prepend_current,one_horizon,14.0,224-canvas-pixels,16.0,20,0.6315491452991453,63.15491452991453,36.84508547008547,,,,300,equal scenes; within each scene equal conditions and equal candidates; horizons reported separately
speed,legacy_tworoom_multistep_panels_2026-09-30,agent,True,temporal_lag_prepend_current,one_horizon,14.0,224-canvas-pixels,16.0,25,0.6799074074074074,67.99074074074073,32.00925925925926,,,,300,equal scenes; within each scene equal conditions and equal candidates; horizons reported separately
speed,legacy_tworoom_multistep_panels_2026-09-30,agent,True,wrong_condition_true_future,cyclic_shift_by_1,0.875,224-canvas-pixels,1.0,5,0.052706552706552695,5.270655270655269,94.72934472934473,,,,300,equal scenes; within each scene equal conditions and equal candidates; horizons reported separately
speed,legacy_tworoom_multistep_panels_2026-09-30,agent,True,wrong_condition_true_future,cyclic_shift_by_1,0.875,224-canvas-pixels,1.0,10,0.03952991452991453,3.9529914529914527,96.04700854700855,,,,300,equal scenes; within each scene equal conditions and equal candidates; horizons reported separately
speed,legacy_tworoom_multistep_panels_2026-09-30,agent,True,wrong_condition_true_future,cyclic_shift_by_1,0.875,224-canvas-pixels,1.0,15,0.040477207977207975,4.047720797720798,95.9522792022792,,,,300,equal scenes; within each scene equal conditions and equal candidates; horizons reported separately
speed,legacy_tworoom_multistep_panels_2026-09-30,agent,True,wrong_condition_true_future,cyclic_shift_by_1,0.875,224-canvas-pixels,1.0,20,0.04833333333333333,4.833333333333333,95.16666666666667,,,,300,equal scenes; within each scene equal conditions and equal candidates; horizons reported separately
speed,legacy_tworoom_multistep_panels_2026-09-30,agent,True,wrong_condition_true_future,cyclic_shift_by_1,0.875,224-canvas-pixels,1.0,25,0.06728988603988605,6.728988603988604,93.27101139601139,,,,300,equal scenes; within each scene equal conditions and equal candidates; horizons reported separately
speed,legacy_tworoom_multistep_panels_2026-09-30,agent,True,wrong_condition_true_future,cyclic_shift_by_1,1.75,224-canvas-pixels,2.0,5,0.10633903133903132,10.633903133903132,89.36609686609687,,,,300,equal scenes; within each scene equal conditions and equal candidates; horizons reported separately
speed,legacy_tworoom_multistep_panels_2026-09-30,agent,True,wrong_condition_true_future,cyclic_shift_by_1,1.75,224-canvas-pixels,2.0,10,0.052706552706552695,5.270655270655269,94.72934472934473,,,,300,equal scenes; within each scene equal conditions and equal candidates; horizons reported separately
speed,legacy_tworoom_multistep_panels_2026-09-30,agent,True,wrong_condition_true_future,cyclic_shift_by_1,1.75,224-canvas-pixels,2.0,15,0.040608974358974356,4.060897435897435,95.93910256410257,,,,300,equal scenes; within each scene equal conditions and equal candidates; horizons reported separately
speed,legacy_tworoom_multistep_panels_2026-09-30,agent,True,wrong_condition_true_future,cyclic_shift_by_1,1.75,224-canvas-pixels,2.0,20,0.048999287749287745,4.8999287749287745,95.10007122507122,,,,300,equal scenes; within each scene equal conditions and equal candidates; horizons reported separately
speed,legacy_tworoom_multistep_panels_2026-09-30,agent,True,wrong_condition_true_future,cyclic_shift_by_1,1.75,224-canvas-pixels,2.0,25,0.06931980056980057,6.9319800569800565,93.06801994301995,,,,300,equal scenes; within each scene equal conditions and equal candidates; horizons reported separately
speed,legacy_tworoom_multistep_panels_2026-09-30,agent,True,wrong_condition_true_future,cyclic_shift_by_1,3.5,224-canvas-pixels,4.0,5,0.356965811965812,35.6965811965812,64.3034188034188,,,,300,equal scenes; within each scene equal conditions and equal candidates; horizons reported separately
speed,legacy_tworoom_multistep_panels_2026-09-30,agent,True,wrong_condition_true_future,cyclic_shift_by_1,3.5,224-canvas-pixels,4.0,10,0.10624643874643873,10.624643874643873,89.37535612535613,,,,300,equal scenes; within each scene equal conditions and equal candidates; horizons reported separately
speed,legacy_tworoom_multistep_panels_2026-09-30,agent,True,wrong_condition_true_future,cyclic_shift_by_1,3.5,224-canvas-pixels,4.0,15,0.06718304843304843,6.718304843304843,93.28169515669515,,,,300,equal scenes; within each scene equal conditions and equal candidates; horizons reported separately
speed,legacy_tworoom_multistep_panels_2026-09-30,agent,True,wrong_condition_true_future,cyclic_shift_by_1,3.5,224-canvas-pixels,4.0,20,0.06327635327635328,6.327635327635328,93.67236467236467,,,,300,equal scenes; within each scene equal conditions and equal candidates; horizons reported separately
speed,legacy_tworoom_multistep_panels_2026-09-30,agent,True,wrong_condition_true_future,cyclic_shift_by_1,3.5,224-canvas-pixels,4.0,25,0.08295584045584045,8.295584045584045,91.70441595441595,,,,300,equal scenes; within each scene equal conditions and equal candidates; horizons reported separately
speed,legacy_tworoom_multistep_panels_2026-09-30,agent,True,wrong_condition_true_future,cyclic_shift_by_1,7.0,224-canvas-pixels,8.0,5,0.6653418803418805,66.53418803418805,33.46581196581195,,,,300,equal scenes; within each scene equal conditions and equal candidates; horizons reported separately
speed,legacy_tworoom_multistep_panels_2026-09-30,agent,True,wrong_condition_true_future,cyclic_shift_by_1,7.0,224-canvas-pixels,8.0,10,0.3571118233618234,35.71118233618234,64.28881766381767,,,,300,equal scenes; within each scene equal conditions and equal candidates; horizons reported separately
speed,legacy_tworoom_multistep_panels_2026-09-30,agent,True,wrong_condition_true_future,cyclic_shift_by_1,7.0,224-canvas-pixels,8.0,15,0.18753561253561254,18.753561253561255,81.24643874643874,,,,300,equal scenes; within each scene equal conditions and equal candidates; horizons reported separately
speed,legacy_tworoom_multistep_panels_2026-09-30,agent,True,wrong_condition_true_future,cyclic_shift_by_1,7.0,224-canvas-pixels,8.0,20,0.11962606837606837,11.962606837606838,88.03739316239316,,,,300,equal scenes; within each scene equal conditions and equal candidates; horizons reported separately
speed,legacy_tworoom_multistep_panels_2026-09-30,agent,True,wrong_condition_true_future,cyclic_shift_by_1,7.0,224-canvas-pixels,8.0,25,0.12811965811965811,12.81196581196581,87.1880341880342,,,,300,equal scenes; within each scene equal conditions and equal candidates; horizons reported separately
speed,legacy_tworoom_multistep_panels_2026-09-30,agent,True,wrong_condition_true_future,cyclic_shift_by_1,14.0,224-canvas-pixels,16.0,5,0.9172934472934474,91.72934472934475,8.270655270655258,,,,300,equal scenes; within each scene equal conditions and equal candidates; horizons reported separately
speed,legacy_tworoom_multistep_panels_2026-09-30,agent,True,wrong_condition_true_future,cyclic_shift_by_1,14.0,224-canvas-pixels,16.0,10,0.6654843304843306,66.54843304843307,33.45156695156694,,,,300,equal scenes; within each scene equal conditions and equal candidates; horizons reported separately
speed,legacy_tworoom_multistep_panels_2026-09-30,agent,True,wrong_condition_true_future,cyclic_shift_by_1,14.0,224-canvas-pixels,16.0,15,0.4612749287749288,46.127492877492884,53.872507122507116,,,,300,equal scenes; within each scene equal conditions and equal candidates; horizons reported separately
speed,legacy_tworoom_multistep_panels_2026-09-30,agent,True,wrong_condition_true_future,cyclic_shift_by_1,14.0,224-canvas-pixels,16.0,20,0.37949074074074074,37.949074074074076,62.050925925925924,,,,300,equal scenes; within each scene equal conditions and equal candidates; horizons reported separately
speed,legacy_tworoom_multistep_panels_2026-09-30,agent,True,wrong_condition_true_future,cyclic_shift_by_1,14.0,224-canvas-pixels,16.0,25,0.2945121082621083,29.451210826210826,70.54878917378917,,,,300,equal scenes; within each scene equal conditions and equal candidates; horizons reported separately
