task,source_family,object,task_relevant_object,control,parameter,horizon_steps,threshold_subset,threshold_count,accuracy_mean_over_fixed_tolerances,accuracy_percent,calibration_error_percent,history_blind_ceiling_mean,history_blind_ceiling_percent,accuracy_minus_ceiling_pp,threshold_selection
action_strength,visible_pusht_futures_2026-10-08,agent,True,condition_mean_common_privileged,mean_across_hidden_conditions,5,all5,5,0.48905105744949495,48.905105744949495,51.094894255050505,0.7445255287247475,74.45255287247475,-25.54744712752526,fixed a priori subset; no score-based optimization
action_strength,visible_pusht_futures_2026-10-08,agent,True,condition_mean_common_privileged,mean_across_hidden_conditions,5,coarsest3,3,0.7266742950336701,72.667429503367,27.33257049663299,0.8633371475168351,86.33371475168352,-13.666285248316502,fixed a priori subset; no score-based optimization
action_strength,visible_pusht_futures_2026-10-08,agent,True,condition_mean_common_privileged,mean_across_hidden_conditions,5,finest3,3,0.206805358270202,20.6805358270202,79.3194641729798,0.603402679135101,60.340267913510104,-39.65973208648991,fixed a priori subset; no score-based optimization
action_strength,visible_pusht_futures_2026-10-08,agent,True,condition_mean_common_privileged,mean_across_hidden_conditions,10,all5,5,0.39118844696969696,39.118844696969695,60.88115530303031,0.6955942234848486,69.55942234848486,-30.44057765151516,fixed a priori subset; no score-based optimization
action_strength,visible_pusht_futures_2026-10-08,agent,True,condition_mean_common_privileged,mean_across_hidden_conditions,10,coarsest3,3,0.5179628314393939,51.79628314393939,48.20371685606061,0.7589814157196969,75.89814157196969,-24.101858428030297,fixed a priori subset; no score-based optimization
action_strength,visible_pusht_futures_2026-10-08,agent,True,condition_mean_common_privileged,mean_across_hidden_conditions,10,finest3,3,0.21593046348905723,21.593046348905723,78.40695365109428,0.6079652317445287,60.796523174452865,-39.20347682554714,fixed a priori subset; no score-based optimization
action_strength,visible_pusht_futures_2026-10-08,agent,True,condition_mean_common_privileged,mean_across_hidden_conditions,15,all5,5,0.2766495028409091,27.66495028409091,72.3350497159091,0.6383247514204545,63.83247514204545,-36.16752485795454,fixed a priori subset; no score-based optimization
action_strength,visible_pusht_futures_2026-10-08,agent,True,condition_mean_common_privileged,mean_across_hidden_conditions,15,coarsest3,3,0.3891884338173401,38.91884338173401,61.081156618265986,0.6945942169086701,69.459421690867,-30.540578309133,fixed a priori subset; no score-based optimization
action_strength,visible_pusht_futures_2026-10-08,agent,True,condition_mean_common_privileged,mean_across_hidden_conditions,15,finest3,3,0.1271599458122896,12.715994581228959,87.28400541877105,0.5635799729061447,56.35799729061447,-43.64200270938551,fixed a priori subset; no score-based optimization
action_strength,visible_pusht_futures_2026-10-08,agent,True,condition_mean_common_privileged,mean_across_hidden_conditions,20,all5,5,0.22769057765151518,22.76905776515152,77.23094223484847,0.6138452888257576,61.384528882575765,-38.61547111742424,fixed a priori subset; no score-based optimization
action_strength,visible_pusht_futures_2026-10-08,agent,True,condition_mean_common_privileged,mean_across_hidden_conditions,20,coarsest3,3,0.312136994949495,31.2136994949495,68.7863005050505,0.6560684974747475,65.60684974747475,-34.39315025252525,fixed a priori subset; no score-based optimization
action_strength,visible_pusht_futures_2026-10-08,agent,True,condition_mean_common_privileged,mean_across_hidden_conditions,20,finest3,3,0.10888869160353536,10.888869160353536,89.11113083964646,0.5544443458017677,55.44443458017677,-44.55556541982323,fixed a priori subset; no score-based optimization
action_strength,visible_pusht_futures_2026-10-08,agent,True,condition_mean_common_privileged,mean_across_hidden_conditions,25,all5,5,0.204174163510101,20.4174163510101,79.5825836489899,0.6020870817550505,60.20870817550505,-39.791291824494955,fixed a priori subset; no score-based optimization
action_strength,visible_pusht_futures_2026-10-08,agent,True,condition_mean_common_privileged,mean_across_hidden_conditions,25,coarsest3,3,0.2734282933501683,27.342829335016834,72.65717066498316,0.6367141466750842,63.67141466750842,-36.328585332491585,fixed a priori subset; no score-based optimization
action_strength,visible_pusht_futures_2026-10-08,agent,True,condition_mean_common_privileged,mean_across_hidden_conditions,25,finest3,3,0.10576763731060608,10.576763731060607,89.42323626893939,0.552883818655303,55.2883818655303,-44.711618134469695,fixed a priori subset; no score-based optimization
action_strength,visible_pusht_futures_2026-10-08,agent,True,current_state_displacement_scale,0,5,all5,5,0.2849578795770202,28.495787957702017,71.50421204229798,0.7445255287247475,74.45255287247475,-45.956764914772734,fixed a priori subset; no score-based optimization
action_strength,visible_pusht_futures_2026-10-08,agent,True,current_state_displacement_scale,0,5,coarsest3,3,0.40348356613005043,40.348356613005045,59.651643386994955,0.8633371475168351,86.33371475168352,-45.985358138678464,fixed a priori subset; no score-based optimization
action_strength,visible_pusht_futures_2026-10-08,agent,True,current_state_displacement_scale,0,5,finest3,3,0.12538174715909092,12.538174715909092,87.4618252840909,0.603402679135101,60.340267913510104,-47.80209319760102,fixed a priori subset; no score-based optimization
action_strength,visible_pusht_futures_2026-10-08,agent,True,current_state_displacement_scale,0,10,all5,5,0.25458175505050507,25.458175505050505,74.5418244949495,0.6955942234848486,69.55942234848486,-44.10124684343435,fixed a priori subset; no score-based optimization
action_strength,visible_pusht_futures_2026-10-08,agent,True,current_state_displacement_scale,0,10,coarsest3,3,0.30051557239057236,30.051557239057235,69.94844276094277,0.7589814157196969,75.89814157196969,-45.84658433291246,fixed a priori subset; no score-based optimization
action_strength,visible_pusht_futures_2026-10-08,agent,True,current_state_displacement_scale,0,10,finest3,3,0.1925797690446128,19.25797690446128,80.74202309553871,0.6079652317445287,60.796523174452865,-41.538546269991585,fixed a priori subset; no score-based optimization
action_strength,visible_pusht_futures_2026-10-08,agent,True,current_state_displacement_scale,0,15,all5,5,0.16125799005681818,16.125799005681817,83.87420099431819,0.6383247514204545,63.83247514204545,-47.70667613636363,fixed a priori subset; no score-based optimization
action_strength,visible_pusht_futures_2026-10-08,agent,True,current_state_displacement_scale,0,15,coarsest3,3,0.20119308317550502,20.1193083175505,79.8806916824495,0.6945942169086701,69.459421690867,-49.340113373316505,fixed a priori subset; no score-based optimization
action_strength,visible_pusht_futures_2026-10-08,agent,True,current_state_displacement_scale,0,15,finest3,3,0.10581367055976432,10.581367055976433,89.41863294402357,0.5635799729061447,56.35799729061447,-45.77663023463804,fixed a priori subset; no score-based optimization
action_strength,visible_pusht_futures_2026-10-08,agent,True,current_state_displacement_scale,0,20,all5,5,0.13632427793560606,13.632427793560606,86.36757220643939,0.6138452888257576,61.384528882575765,-47.752101089015156,fixed a priori subset; no score-based optimization
action_strength,visible_pusht_futures_2026-10-08,agent,True,current_state_displacement_scale,0,20,coarsest3,3,0.16073117240109427,16.07311724010943,83.92688275989057,0.6560684974747475,65.60684974747475,-49.53373250736532,fixed a priori subset; no score-based optimization
action_strength,visible_pusht_futures_2026-10-08,agent,True,current_state_displacement_scale,0,20,finest3,3,0.10104725641835018,10.104725641835017,89.89527435816498,0.5544443458017677,55.44443458017677,-45.33970893834176,fixed a priori subset; no score-based optimization
action_strength,visible_pusht_futures_2026-10-08,agent,True,current_state_displacement_scale,0,25,all5,5,0.12656930634469696,12.656930634469695,87.3430693655303,0.6020870817550505,60.20870817550505,-47.55177754103536,fixed a priori subset; no score-based optimization
action_strength,visible_pusht_futures_2026-10-08,agent,True,current_state_displacement_scale,0,25,coarsest3,3,0.1446754327125421,14.46754327125421,85.53245672874579,0.6367141466750842,63.67141466750842,-49.20387139625421,fixed a priori subset; no score-based optimization
action_strength,visible_pusht_futures_2026-10-08,agent,True,current_state_displacement_scale,0,25,finest3,3,0.10000624736952862,10.000624736952862,89.99937526304713,0.552883818655303,55.2883818655303,-45.28775712857744,fixed a priori subset; no score-based optimization
action_strength,visible_pusht_futures_2026-10-08,agent,True,current_state_displacement_scale,0.5,5,all5,5,0.4552141532512627,45.52141532512627,54.47858467487373,0.7445255287247475,74.45255287247475,-28.931137547348484,fixed a priori subset; no score-based optimization
action_strength,visible_pusht_futures_2026-10-08,agent,True,current_state_displacement_scale,0.5,5,coarsest3,3,0.6672511245265151,66.72511245265152,33.274887547348484,0.8633371475168351,86.33371475168352,-19.608602299031997,fixed a priori subset; no score-based optimization
action_strength,visible_pusht_futures_2026-10-08,agent,True,current_state_displacement_scale,0.5,5,finest3,3,0.20950734559132997,20.950734559132997,79.049265440867,0.603402679135101,60.340267913510104,-39.38953335437711,fixed a priori subset; no score-based optimization
action_strength,visible_pusht_futures_2026-10-08,agent,True,current_state_displacement_scale,0.5,10,all5,5,0.36881234217171716,36.881234217171716,63.11876578282829,0.6955942234848486,69.55942234848486,-32.67818813131314,fixed a priori subset; no score-based optimization
action_strength,visible_pusht_futures_2026-10-08,agent,True,current_state_displacement_scale,0.5,10,coarsest3,3,0.48077388468013466,48.07738846801347,51.92261153198654,0.7589814157196969,75.89814157196969,-27.820753103956225,fixed a priori subset; no score-based optimization
action_strength,visible_pusht_futures_2026-10-08,agent,True,current_state_displacement_scale,0.5,10,finest3,3,0.21908242582070706,21.908242582070706,78.0917574179293,0.6079652317445287,60.796523174452865,-38.88828059238216,fixed a priori subset; no score-based optimization
action_strength,visible_pusht_futures_2026-10-08,agent,True,current_state_displacement_scale,0.5,15,all5,5,0.26283390546085855,26.283390546085855,73.71660945391415,0.6383247514204545,63.83247514204545,-37.5490845959596,fixed a priori subset; no score-based optimization
action_strength,visible_pusht_futures_2026-10-08,agent,True,current_state_displacement_scale,0.5,15,coarsest3,3,0.3656087239583334,36.560872395833336,63.43912760416666,0.6945942169086701,69.459421690867,-32.89854929503367,fixed a priori subset; no score-based optimization
action_strength,visible_pusht_futures_2026-10-08,agent,True,current_state_displacement_scale,0.5,15,finest3,3,0.1284370396675084,12.84370396675084,87.15629603324916,0.5635799729061447,56.35799729061447,-43.514293323863626,fixed a priori subset; no score-based optimization
action_strength,visible_pusht_futures_2026-10-08,agent,True,current_state_displacement_scale,0.5,20,all5,5,0.21723465119949498,21.7234651199495,78.2765348800505,0.6138452888257576,61.384528882575765,-39.66106376262626,fixed a priori subset; no score-based optimization
action_strength,visible_pusht_futures_2026-10-08,agent,True,current_state_displacement_scale,0.5,20,coarsest3,3,0.2941146490951178,29.411464909511782,70.58853509048821,0.6560684974747475,65.60684974747475,-36.19538483796297,fixed a priori subset; no score-based optimization
action_strength,visible_pusht_futures_2026-10-08,agent,True,current_state_displacement_scale,0.5,20,finest3,3,0.11191439130892257,11.191439130892258,88.80856086910775,0.5544443458017677,55.44443458017677,-44.25299544928451,fixed a priori subset; no score-based optimization
action_strength,visible_pusht_futures_2026-10-08,agent,True,current_state_displacement_scale,0.5,25,all5,5,0.19614218355429291,19.61421835542929,80.38578164457071,0.6020870817550505,60.20870817550505,-40.594489820075765,fixed a priori subset; no score-based optimization
action_strength,visible_pusht_futures_2026-10-08,agent,True,current_state_displacement_scale,0.5,25,coarsest3,3,0.26000154540193604,26.000154540193606,73.99984545980641,0.6367141466750842,63.67141466750842,-37.67126012731482,fixed a priori subset; no score-based optimization
action_strength,visible_pusht_futures_2026-10-08,agent,True,current_state_displacement_scale,0.5,25,finest3,3,0.10747218276515151,10.74721827651515,89.25278172348486,0.552883818655303,55.2883818655303,-44.54116358901515,fixed a priori subset; no score-based optimization
action_strength,visible_pusht_futures_2026-10-08,agent,True,current_state_displacement_scale,1,5,all5,5,1.0,100.0,0.0,0.7445255287247475,74.45255287247475,25.547447127525245,fixed a priori subset; no score-based optimization
action_strength,visible_pusht_futures_2026-10-08,agent,True,current_state_displacement_scale,1,5,coarsest3,3,1.0,100.0,0.0,0.8633371475168351,86.33371475168352,13.66628524831649,fixed a priori subset; no score-based optimization
action_strength,visible_pusht_futures_2026-10-08,agent,True,current_state_displacement_scale,1,5,finest3,3,1.0,100.0,0.0,0.603402679135101,60.340267913510104,39.659732086489896,fixed a priori subset; no score-based optimization
action_strength,visible_pusht_futures_2026-10-08,agent,True,current_state_displacement_scale,1,10,all5,5,1.0,100.0,0.0,0.6955942234848486,69.55942234848486,30.440577651515145,fixed a priori subset; no score-based optimization
action_strength,visible_pusht_futures_2026-10-08,agent,True,current_state_displacement_scale,1,10,coarsest3,3,1.0,100.0,0.0,0.7589814157196969,75.89814157196969,24.101858428030308,fixed a priori subset; no score-based optimization
action_strength,visible_pusht_futures_2026-10-08,agent,True,current_state_displacement_scale,1,10,finest3,3,1.0,100.0,0.0,0.6079652317445287,60.796523174452865,39.203476825547135,fixed a priori subset; no score-based optimization
action_strength,visible_pusht_futures_2026-10-08,agent,True,current_state_displacement_scale,1,15,all5,5,1.0,100.0,0.0,0.6383247514204545,63.83247514204545,36.16752485795455,fixed a priori subset; no score-based optimization
action_strength,visible_pusht_futures_2026-10-08,agent,True,current_state_displacement_scale,1,15,coarsest3,3,1.0,100.0,0.0,0.6945942169086701,69.459421690867,30.540578309132993,fixed a priori subset; no score-based optimization
action_strength,visible_pusht_futures_2026-10-08,agent,True,current_state_displacement_scale,1,15,finest3,3,1.0,100.0,0.0,0.5635799729061447,56.35799729061447,43.64200270938553,fixed a priori subset; no score-based optimization
action_strength,visible_pusht_futures_2026-10-08,agent,True,current_state_displacement_scale,1,20,all5,5,1.0,100.0,0.0,0.6138452888257576,61.384528882575765,38.615471117424235,fixed a priori subset; no score-based optimization
action_strength,visible_pusht_futures_2026-10-08,agent,True,current_state_displacement_scale,1,20,coarsest3,3,1.0,100.0,0.0,0.6560684974747475,65.60684974747475,34.39315025252525,fixed a priori subset; no score-based optimization
action_strength,visible_pusht_futures_2026-10-08,agent,True,current_state_displacement_scale,1,20,finest3,3,1.0,100.0,0.0,0.5544443458017677,55.44443458017677,44.55556541982323,fixed a priori subset; no score-based optimization
action_strength,visible_pusht_futures_2026-10-08,agent,True,current_state_displacement_scale,1,25,all5,5,1.0,100.0,0.0,0.6020870817550505,60.20870817550505,39.79129182449495,fixed a priori subset; no score-based optimization
action_strength,visible_pusht_futures_2026-10-08,agent,True,current_state_displacement_scale,1,25,coarsest3,3,1.0,100.0,0.0,0.6367141466750842,63.67141466750842,36.32858533249158,fixed a priori subset; no score-based optimization
action_strength,visible_pusht_futures_2026-10-08,agent,True,current_state_displacement_scale,1,25,finest3,3,1.0,100.0,0.0,0.552883818655303,55.2883818655303,44.7116181344697,fixed a priori subset; no score-based optimization
action_strength,visible_pusht_futures_2026-10-08,agent,True,current_state_displacement_scale,1.5,5,all5,5,0.4552141532512627,45.52141532512627,54.47858467487373,0.7445255287247475,74.45255287247475,-28.931137547348484,fixed a priori subset; no score-based optimization
action_strength,visible_pusht_futures_2026-10-08,agent,True,current_state_displacement_scale,1.5,5,coarsest3,3,0.6672511245265151,66.72511245265152,33.274887547348484,0.8633371475168351,86.33371475168352,-19.608602299031997,fixed a priori subset; no score-based optimization
action_strength,visible_pusht_futures_2026-10-08,agent,True,current_state_displacement_scale,1.5,5,finest3,3,0.20950734559132997,20.950734559132997,79.049265440867,0.603402679135101,60.340267913510104,-39.38953335437711,fixed a priori subset; no score-based optimization
action_strength,visible_pusht_futures_2026-10-08,agent,True,current_state_displacement_scale,1.5,10,all5,5,0.36881234217171716,36.881234217171716,63.11876578282829,0.6955942234848486,69.55942234848486,-32.67818813131314,fixed a priori subset; no score-based optimization
action_strength,visible_pusht_futures_2026-10-08,agent,True,current_state_displacement_scale,1.5,10,coarsest3,3,0.48077388468013466,48.07738846801347,51.92261153198654,0.7589814157196969,75.89814157196969,-27.820753103956225,fixed a priori subset; no score-based optimization
action_strength,visible_pusht_futures_2026-10-08,agent,True,current_state_displacement_scale,1.5,10,finest3,3,0.21908242582070706,21.908242582070706,78.0917574179293,0.6079652317445287,60.796523174452865,-38.88828059238216,fixed a priori subset; no score-based optimization
action_strength,visible_pusht_futures_2026-10-08,agent,True,current_state_displacement_scale,1.5,15,all5,5,0.26283390546085855,26.283390546085855,73.71660945391415,0.6383247514204545,63.83247514204545,-37.5490845959596,fixed a priori subset; no score-based optimization
action_strength,visible_pusht_futures_2026-10-08,agent,True,current_state_displacement_scale,1.5,15,coarsest3,3,0.3656087239583334,36.560872395833336,63.43912760416666,0.6945942169086701,69.459421690867,-32.89854929503367,fixed a priori subset; no score-based optimization
action_strength,visible_pusht_futures_2026-10-08,agent,True,current_state_displacement_scale,1.5,15,finest3,3,0.1284370396675084,12.84370396675084,87.15629603324916,0.5635799729061447,56.35799729061447,-43.514293323863626,fixed a priori subset; no score-based optimization
action_strength,visible_pusht_futures_2026-10-08,agent,True,current_state_displacement_scale,1.5,20,all5,5,0.21723465119949498,21.7234651199495,78.2765348800505,0.6138452888257576,61.384528882575765,-39.66106376262626,fixed a priori subset; no score-based optimization
action_strength,visible_pusht_futures_2026-10-08,agent,True,current_state_displacement_scale,1.5,20,coarsest3,3,0.2941146490951178,29.411464909511782,70.58853509048821,0.6560684974747475,65.60684974747475,-36.19538483796297,fixed a priori subset; no score-based optimization
action_strength,visible_pusht_futures_2026-10-08,agent,True,current_state_displacement_scale,1.5,20,finest3,3,0.11191439130892257,11.191439130892258,88.80856086910775,0.5544443458017677,55.44443458017677,-44.25299544928451,fixed a priori subset; no score-based optimization
action_strength,visible_pusht_futures_2026-10-08,agent,True,current_state_displacement_scale,1.5,25,all5,5,0.19614218355429291,19.61421835542929,80.38578164457071,0.6020870817550505,60.20870817550505,-40.594489820075765,fixed a priori subset; no score-based optimization
action_strength,visible_pusht_futures_2026-10-08,agent,True,current_state_displacement_scale,1.5,25,coarsest3,3,0.26000154540193604,26.000154540193606,73.99984545980641,0.6367141466750842,63.67141466750842,-37.67126012731482,fixed a priori subset; no score-based optimization
action_strength,visible_pusht_futures_2026-10-08,agent,True,current_state_displacement_scale,1.5,25,finest3,3,0.10747218276515151,10.74721827651515,89.25278172348486,0.552883818655303,55.2883818655303,-44.54116358901515,fixed a priori subset; no score-based optimization
action_strength,visible_pusht_futures_2026-10-08,agent,True,current_state_displacement_scale,2,5,all5,5,0.2849578795770202,28.495787957702017,71.50421204229798,0.7445255287247475,74.45255287247475,-45.956764914772734,fixed a priori subset; no score-based optimization
action_strength,visible_pusht_futures_2026-10-08,agent,True,current_state_displacement_scale,2,5,coarsest3,3,0.40348356613005043,40.348356613005045,59.651643386994955,0.8633371475168351,86.33371475168352,-45.985358138678464,fixed a priori subset; no score-based optimization
action_strength,visible_pusht_futures_2026-10-08,agent,True,current_state_displacement_scale,2,5,finest3,3,0.12538174715909092,12.538174715909092,87.4618252840909,0.603402679135101,60.340267913510104,-47.80209319760102,fixed a priori subset; no score-based optimization
action_strength,visible_pusht_futures_2026-10-08,agent,True,current_state_displacement_scale,2,10,all5,5,0.25458175505050507,25.458175505050505,74.5418244949495,0.6955942234848486,69.55942234848486,-44.10124684343435,fixed a priori subset; no score-based optimization
action_strength,visible_pusht_futures_2026-10-08,agent,True,current_state_displacement_scale,2,10,coarsest3,3,0.30051557239057236,30.051557239057235,69.94844276094277,0.7589814157196969,75.89814157196969,-45.84658433291246,fixed a priori subset; no score-based optimization
action_strength,visible_pusht_futures_2026-10-08,agent,True,current_state_displacement_scale,2,10,finest3,3,0.1925797690446128,19.25797690446128,80.74202309553871,0.6079652317445287,60.796523174452865,-41.538546269991585,fixed a priori subset; no score-based optimization
action_strength,visible_pusht_futures_2026-10-08,agent,True,current_state_displacement_scale,2,15,all5,5,0.16125799005681818,16.125799005681817,83.87420099431819,0.6383247514204545,63.83247514204545,-47.70667613636363,fixed a priori subset; no score-based optimization
action_strength,visible_pusht_futures_2026-10-08,agent,True,current_state_displacement_scale,2,15,coarsest3,3,0.20119308317550502,20.1193083175505,79.8806916824495,0.6945942169086701,69.459421690867,-49.340113373316505,fixed a priori subset; no score-based optimization
action_strength,visible_pusht_futures_2026-10-08,agent,True,current_state_displacement_scale,2,15,finest3,3,0.10581367055976432,10.581367055976433,89.41863294402357,0.5635799729061447,56.35799729061447,-45.77663023463804,fixed a priori subset; no score-based optimization
action_strength,visible_pusht_futures_2026-10-08,agent,True,current_state_displacement_scale,2,20,all5,5,0.13632427793560606,13.632427793560606,86.36757220643939,0.6138452888257576,61.384528882575765,-47.752101089015156,fixed a priori subset; no score-based optimization
action_strength,visible_pusht_futures_2026-10-08,agent,True,current_state_displacement_scale,2,20,coarsest3,3,0.16073117240109427,16.07311724010943,83.92688275989057,0.6560684974747475,65.60684974747475,-49.53373250736532,fixed a priori subset; no score-based optimization
action_strength,visible_pusht_futures_2026-10-08,agent,True,current_state_displacement_scale,2,20,finest3,3,0.10104725641835018,10.104725641835017,89.89527435816498,0.5544443458017677,55.44443458017677,-45.33970893834176,fixed a priori subset; no score-based optimization
action_strength,visible_pusht_futures_2026-10-08,agent,True,current_state_displacement_scale,2,25,all5,5,0.12656930634469696,12.656930634469695,87.3430693655303,0.6020870817550505,60.20870817550505,-47.55177754103536,fixed a priori subset; no score-based optimization
action_strength,visible_pusht_futures_2026-10-08,agent,True,current_state_displacement_scale,2,25,coarsest3,3,0.1446754327125421,14.46754327125421,85.53245672874579,0.6367141466750842,63.67141466750842,-49.20387139625421,fixed a priori subset; no score-based optimization
action_strength,visible_pusht_futures_2026-10-08,agent,True,current_state_displacement_scale,2,25,finest3,3,0.10000624736952862,10.000624736952862,89.99937526304713,0.552883818655303,55.2883818655303,-45.28775712857744,fixed a priori subset; no score-based optimization
action_strength,visible_pusht_futures_2026-10-08,agent,True,exact_truth,,5,all5,5,1.0,100.0,0.0,0.7445255287247475,74.45255287247475,25.547447127525245,fixed a priori subset; no score-based optimization
action_strength,visible_pusht_futures_2026-10-08,agent,True,exact_truth,,5,coarsest3,3,1.0,100.0,0.0,0.8633371475168351,86.33371475168352,13.66628524831649,fixed a priori subset; no score-based optimization
action_strength,visible_pusht_futures_2026-10-08,agent,True,exact_truth,,5,finest3,3,1.0,100.0,0.0,0.603402679135101,60.340267913510104,39.659732086489896,fixed a priori subset; no score-based optimization
action_strength,visible_pusht_futures_2026-10-08,agent,True,exact_truth,,10,all5,5,1.0,100.0,0.0,0.6955942234848486,69.55942234848486,30.440577651515145,fixed a priori subset; no score-based optimization
action_strength,visible_pusht_futures_2026-10-08,agent,True,exact_truth,,10,coarsest3,3,1.0,100.0,0.0,0.7589814157196969,75.89814157196969,24.101858428030308,fixed a priori subset; no score-based optimization
action_strength,visible_pusht_futures_2026-10-08,agent,True,exact_truth,,10,finest3,3,1.0,100.0,0.0,0.6079652317445287,60.796523174452865,39.203476825547135,fixed a priori subset; no score-based optimization
action_strength,visible_pusht_futures_2026-10-08,agent,True,exact_truth,,15,all5,5,1.0,100.0,0.0,0.6383247514204545,63.83247514204545,36.16752485795455,fixed a priori subset; no score-based optimization
action_strength,visible_pusht_futures_2026-10-08,agent,True,exact_truth,,15,coarsest3,3,1.0,100.0,0.0,0.6945942169086701,69.459421690867,30.540578309132993,fixed a priori subset; no score-based optimization
action_strength,visible_pusht_futures_2026-10-08,agent,True,exact_truth,,15,finest3,3,1.0,100.0,0.0,0.5635799729061447,56.35799729061447,43.64200270938553,fixed a priori subset; no score-based optimization
action_strength,visible_pusht_futures_2026-10-08,agent,True,exact_truth,,20,all5,5,1.0,100.0,0.0,0.6138452888257576,61.384528882575765,38.615471117424235,fixed a priori subset; no score-based optimization
action_strength,visible_pusht_futures_2026-10-08,agent,True,exact_truth,,20,coarsest3,3,1.0,100.0,0.0,0.6560684974747475,65.60684974747475,34.39315025252525,fixed a priori subset; no score-based optimization
action_strength,visible_pusht_futures_2026-10-08,agent,True,exact_truth,,20,finest3,3,1.0,100.0,0.0,0.5544443458017677,55.44443458017677,44.55556541982323,fixed a priori subset; no score-based optimization
action_strength,visible_pusht_futures_2026-10-08,agent,True,exact_truth,,25,all5,5,1.0,100.0,0.0,0.6020870817550505,60.20870817550505,39.79129182449495,fixed a priori subset; no score-based optimization
action_strength,visible_pusht_futures_2026-10-08,agent,True,exact_truth,,25,coarsest3,3,1.0,100.0,0.0,0.6367141466750842,63.67141466750842,36.32858533249158,fixed a priori subset; no score-based optimization
action_strength,visible_pusht_futures_2026-10-08,agent,True,exact_truth,,25,finest3,3,1.0,100.0,0.0,0.552883818655303,55.2883818655303,44.7116181344697,fixed a priori subset; no score-based optimization
action_strength,visible_pusht_futures_2026-10-08,agent,True,fixed_norm_offset,1,5,all5,5,1.0,100.0,0.0,0.7445255287247475,74.45255287247475,25.547447127525245,fixed a priori subset; no score-based optimization
action_strength,visible_pusht_futures_2026-10-08,agent,True,fixed_norm_offset,1,5,coarsest3,3,1.0,100.0,0.0,0.8633371475168351,86.33371475168352,13.66628524831649,fixed a priori subset; no score-based optimization
action_strength,visible_pusht_futures_2026-10-08,agent,True,fixed_norm_offset,1,5,finest3,3,1.0,100.0,0.0,0.603402679135101,60.340267913510104,39.659732086489896,fixed a priori subset; no score-based optimization
action_strength,visible_pusht_futures_2026-10-08,agent,True,fixed_norm_offset,1,10,all5,5,1.0,100.0,0.0,0.6955942234848486,69.55942234848486,30.440577651515145,fixed a priori subset; no score-based optimization
action_strength,visible_pusht_futures_2026-10-08,agent,True,fixed_norm_offset,1,10,coarsest3,3,1.0,100.0,0.0,0.7589814157196969,75.89814157196969,24.101858428030308,fixed a priori subset; no score-based optimization
action_strength,visible_pusht_futures_2026-10-08,agent,True,fixed_norm_offset,1,10,finest3,3,1.0,100.0,0.0,0.6079652317445287,60.796523174452865,39.203476825547135,fixed a priori subset; no score-based optimization
action_strength,visible_pusht_futures_2026-10-08,agent,True,fixed_norm_offset,1,15,all5,5,1.0,100.0,0.0,0.6383247514204545,63.83247514204545,36.16752485795455,fixed a priori subset; no score-based optimization
action_strength,visible_pusht_futures_2026-10-08,agent,True,fixed_norm_offset,1,15,coarsest3,3,1.0,100.0,0.0,0.6945942169086701,69.459421690867,30.540578309132993,fixed a priori subset; no score-based optimization
action_strength,visible_pusht_futures_2026-10-08,agent,True,fixed_norm_offset,1,15,finest3,3,1.0,100.0,0.0,0.5635799729061447,56.35799729061447,43.64200270938553,fixed a priori subset; no score-based optimization
action_strength,visible_pusht_futures_2026-10-08,agent,True,fixed_norm_offset,1,20,all5,5,1.0,100.0,0.0,0.6138452888257576,61.384528882575765,38.615471117424235,fixed a priori subset; no score-based optimization
action_strength,visible_pusht_futures_2026-10-08,agent,True,fixed_norm_offset,1,20,coarsest3,3,1.0,100.0,0.0,0.6560684974747475,65.60684974747475,34.39315025252525,fixed a priori subset; no score-based optimization
action_strength,visible_pusht_futures_2026-10-08,agent,True,fixed_norm_offset,1,20,finest3,3,1.0,100.0,0.0,0.5544443458017677,55.44443458017677,44.55556541982323,fixed a priori subset; no score-based optimization
action_strength,visible_pusht_futures_2026-10-08,agent,True,fixed_norm_offset,1,25,all5,5,1.0,100.0,0.0,0.6020870817550505,60.20870817550505,39.79129182449495,fixed a priori subset; no score-based optimization
action_strength,visible_pusht_futures_2026-10-08,agent,True,fixed_norm_offset,1,25,coarsest3,3,1.0,100.0,0.0,0.6367141466750842,63.67141466750842,36.32858533249158,fixed a priori subset; no score-based optimization
action_strength,visible_pusht_futures_2026-10-08,agent,True,fixed_norm_offset,1,25,finest3,3,1.0,100.0,0.0,0.552883818655303,55.2883818655303,44.7116181344697,fixed a priori subset; no score-based optimization
action_strength,visible_pusht_futures_2026-10-08,agent,True,fixed_norm_offset,16,5,all5,5,0.2056372316919192,20.56372316919192,79.43627683080808,0.7445255287247475,74.45255287247475,-53.88882970328284,fixed a priori subset; no score-based optimization
action_strength,visible_pusht_futures_2026-10-08,agent,True,fixed_norm_offset,16,5,coarsest3,3,0.342728719486532,34.2728719486532,65.7271280513468,0.8633371475168351,86.33371475168352,-52.06084280303032,fixed a priori subset; no score-based optimization
action_strength,visible_pusht_futures_2026-10-08,agent,True,fixed_norm_offset,16,5,finest3,3,0.0,0.0,100.0,0.603402679135101,60.340267913510104,-60.340267913510104,fixed a priori subset; no score-based optimization
action_strength,visible_pusht_futures_2026-10-08,agent,True,fixed_norm_offset,16,10,all5,5,0.20514401830808082,20.514401830808083,79.48559816919192,0.6955942234848486,69.55942234848486,-49.045020517676775,fixed a priori subset; no score-based optimization
action_strength,visible_pusht_futures_2026-10-08,agent,True,fixed_norm_offset,16,10,coarsest3,3,0.3419066971801347,34.190669718013474,65.80933028198652,0.7589814157196969,75.89814157196969,-41.70747185395622,fixed a priori subset; no score-based optimization
action_strength,visible_pusht_futures_2026-10-08,agent,True,fixed_norm_offset,16,10,finest3,3,0.0,0.0,100.0,0.6079652317445287,60.796523174452865,-60.796523174452865,fixed a priori subset; no score-based optimization
action_strength,visible_pusht_futures_2026-10-08,agent,True,fixed_norm_offset,16,15,all5,5,0.205078125,20.5078125,79.4921875,0.6383247514204545,63.83247514204545,-43.32466264204545,fixed a priori subset; no score-based optimization
action_strength,visible_pusht_futures_2026-10-08,agent,True,fixed_norm_offset,16,15,coarsest3,3,0.341796875,34.1796875,65.8203125,0.6945942169086701,69.459421690867,-35.279734190867,fixed a priori subset; no score-based optimization
action_strength,visible_pusht_futures_2026-10-08,agent,True,fixed_norm_offset,16,15,finest3,3,0.0,0.0,100.0,0.5635799729061447,56.35799729061447,-56.35799729061447,fixed a priori subset; no score-based optimization
action_strength,visible_pusht_futures_2026-10-08,agent,True,fixed_norm_offset,16,20,all5,5,0.2052651515151515,20.526515151515152,79.47348484848484,0.6138452888257576,61.384528882575765,-40.85801373106061,fixed a priori subset; no score-based optimization
action_strength,visible_pusht_futures_2026-10-08,agent,True,fixed_norm_offset,16,20,coarsest3,3,0.3421085858585859,34.21085858585859,65.78914141414141,0.6560684974747475,65.60684974747475,-31.39599116161616,fixed a priori subset; no score-based optimization
action_strength,visible_pusht_futures_2026-10-08,agent,True,fixed_norm_offset,16,20,finest3,3,0.0,0.0,100.0,0.5544443458017677,55.44443458017677,-55.44443458017677,fixed a priori subset; no score-based optimization
action_strength,visible_pusht_futures_2026-10-08,agent,True,fixed_norm_offset,16,25,all5,5,0.20675307765151513,20.675307765151512,79.32469223484848,0.6020870817550505,60.20870817550505,-39.53340041035354,fixed a priori subset; no score-based optimization
action_strength,visible_pusht_futures_2026-10-08,agent,True,fixed_norm_offset,16,25,coarsest3,3,0.34458846275252525,34.458846275252526,65.54115372474747,0.6367141466750842,63.67141466750842,-29.212568392255893,fixed a priori subset; no score-based optimization
action_strength,visible_pusht_futures_2026-10-08,agent,True,fixed_norm_offset,16,25,finest3,3,0.0,0.0,100.0,0.552883818655303,55.2883818655303,-55.2883818655303,fixed a priori subset; no score-based optimization
action_strength,visible_pusht_futures_2026-10-08,agent,True,fixed_norm_offset,2,5,all5,5,0.8006620896464647,80.06620896464646,19.933791035353533,0.7445255287247475,74.45255287247475,5.6136560921717145,fixed a priori subset; no score-based optimization
action_strength,visible_pusht_futures_2026-10-08,agent,True,fixed_norm_offset,2,5,coarsest3,3,1.0,100.0,0.0,0.8633371475168351,86.33371475168352,13.66628524831649,fixed a priori subset; no score-based optimization
action_strength,visible_pusht_futures_2026-10-08,agent,True,fixed_norm_offset,2,5,finest3,3,0.6677701494107744,66.77701494107744,33.22298505892256,0.603402679135101,60.340267913510104,6.4367470275673355,fixed a priori subset; no score-based optimization
action_strength,visible_pusht_futures_2026-10-08,agent,True,fixed_norm_offset,2,10,all5,5,0.8005796243686868,80.05796243686868,19.942037563131322,0.6955942234848486,69.55942234848486,10.498540088383823,fixed a priori subset; no score-based optimization
action_strength,visible_pusht_futures_2026-10-08,agent,True,fixed_norm_offset,2,10,coarsest3,3,1.0,100.0,0.0,0.7589814157196969,75.89814157196969,24.101858428030308,fixed a priori subset; no score-based optimization
action_strength,visible_pusht_futures_2026-10-08,agent,True,fixed_norm_offset,2,10,finest3,3,0.6676327072811447,66.76327072811446,33.23672927188554,0.6079652317445287,60.796523174452865,5.9667475536616,fixed a priori subset; no score-based optimization
action_strength,visible_pusht_futures_2026-10-08,agent,True,fixed_norm_offset,2,15,all5,5,0.8006522253787878,80.06522253787878,19.93477746212122,0.6383247514204545,63.83247514204545,16.232747395833325,fixed a priori subset; no score-based optimization
action_strength,visible_pusht_futures_2026-10-08,agent,True,fixed_norm_offset,2,15,coarsest3,3,1.0,100.0,0.0,0.6945942169086701,69.459421690867,30.540578309132993,fixed a priori subset; no score-based optimization
action_strength,visible_pusht_futures_2026-10-08,agent,True,fixed_norm_offset,2,15,finest3,3,0.6677537089646464,66.77537089646464,33.224629103535364,0.5635799729061447,56.35799729061447,10.417373605850166,fixed a priori subset; no score-based optimization
action_strength,visible_pusht_futures_2026-10-08,agent,True,fixed_norm_offset,2,20,all5,5,0.8007224589646464,80.07224589646465,19.927754103535356,0.6138452888257576,61.384528882575765,18.687717013888882,fixed a priori subset; no score-based optimization
action_strength,visible_pusht_futures_2026-10-08,agent,True,fixed_norm_offset,2,20,coarsest3,3,1.0,100.0,0.0,0.6560684974747475,65.60684974747475,34.39315025252525,fixed a priori subset; no score-based optimization
action_strength,visible_pusht_futures_2026-10-08,agent,True,fixed_norm_offset,2,20,finest3,3,0.6678707649410773,66.78707649410774,33.21292350589226,0.5544443458017677,55.44443458017677,11.342641913930962,fixed a priori subset; no score-based optimization
action_strength,visible_pusht_futures_2026-10-08,agent,True,fixed_norm_offset,2,25,all5,5,0.8009307922979797,80.09307922979797,19.90692077020203,0.6020870817550505,60.20870817550505,19.884371054292917,fixed a priori subset; no score-based optimization
action_strength,visible_pusht_futures_2026-10-08,agent,True,fixed_norm_offset,2,25,coarsest3,3,1.0,100.0,0.0,0.6367141466750842,63.67141466750842,36.32858533249158,fixed a priori subset; no score-based optimization
action_strength,visible_pusht_futures_2026-10-08,agent,True,fixed_norm_offset,2,25,finest3,3,0.6682179871632997,66.82179871632997,33.17820128367003,0.552883818655303,55.2883818655303,11.533416850799671,fixed a priori subset; no score-based optimization
action_strength,visible_pusht_futures_2026-10-08,agent,True,fixed_norm_offset,32,5,all5,5,0.009820075757575758,0.9820075757575758,99.01799242424244,0.7445255287247475,74.45255287247475,-73.47054529671718,fixed a priori subset; no score-based optimization
action_strength,visible_pusht_futures_2026-10-08,agent,True,fixed_norm_offset,32,5,coarsest3,3,0.01636679292929293,1.6366792929292928,98.36332070707071,0.8633371475168351,86.33371475168352,-84.69703545875421,fixed a priori subset; no score-based optimization
action_strength,visible_pusht_futures_2026-10-08,agent,True,fixed_norm_offset,32,5,finest3,3,0.0,0.0,100.0,0.603402679135101,60.340267913510104,-60.340267913510104,fixed a priori subset; no score-based optimization
action_strength,visible_pusht_futures_2026-10-08,agent,True,fixed_norm_offset,32,10,all5,5,0.009137863005050505,0.9137863005050505,99.08621369949495,0.6955942234848486,69.55942234848486,-68.6456360479798,fixed a priori subset; no score-based optimization
action_strength,visible_pusht_futures_2026-10-08,agent,True,fixed_norm_offset,32,10,coarsest3,3,0.015229771675084174,1.5229771675084174,98.47702283249158,0.7589814157196969,75.89814157196969,-74.37516440446127,fixed a priori subset; no score-based optimization
action_strength,visible_pusht_futures_2026-10-08,agent,True,fixed_norm_offset,32,10,finest3,3,0.0,0.0,100.0,0.6079652317445287,60.796523174452865,-60.796523174452865,fixed a priori subset; no score-based optimization
action_strength,visible_pusht_futures_2026-10-08,agent,True,fixed_norm_offset,32,15,all5,5,0.010079703282828282,1.0079703282828283,98.99202967171718,0.6383247514204545,63.83247514204545,-62.82450481376263,fixed a priori subset; no score-based optimization
action_strength,visible_pusht_futures_2026-10-08,agent,True,fixed_norm_offset,32,15,coarsest3,3,0.016799505471380472,1.6799505471380471,98.32004945286195,0.6945942169086701,69.459421690867,-67.77947114372897,fixed a priori subset; no score-based optimization
action_strength,visible_pusht_futures_2026-10-08,agent,True,fixed_norm_offset,32,15,finest3,3,0.0,0.0,100.0,0.5635799729061447,56.35799729061447,-56.35799729061447,fixed a priori subset; no score-based optimization
action_strength,visible_pusht_futures_2026-10-08,agent,True,fixed_norm_offset,32,20,all5,5,0.00982165404040404,0.982165404040404,99.0178345959596,0.6138452888257576,61.384528882575765,-60.40236347853536,fixed a priori subset; no score-based optimization
action_strength,visible_pusht_futures_2026-10-08,agent,True,fixed_norm_offset,32,20,coarsest3,3,0.0163694234006734,1.6369423400673402,98.36305765993266,0.6560684974747475,65.60684974747475,-63.96990740740741,fixed a priori subset; no score-based optimization
action_strength,visible_pusht_futures_2026-10-08,agent,True,fixed_norm_offset,32,20,finest3,3,0.0,0.0,100.0,0.5544443458017677,55.44443458017677,-55.44443458017677,fixed a priori subset; no score-based optimization
action_strength,visible_pusht_futures_2026-10-08,agent,True,fixed_norm_offset,32,25,all5,5,0.012699258207070708,1.2699258207070707,98.73007417929293,0.6020870817550505,60.20870817550505,-58.93878235479798,fixed a priori subset; no score-based optimization
action_strength,visible_pusht_futures_2026-10-08,agent,True,fixed_norm_offset,32,25,coarsest3,3,0.021165430345117846,2.1165430345117846,97.88345696548821,0.6367141466750842,63.67141466750842,-61.55487163299663,fixed a priori subset; no score-based optimization
action_strength,visible_pusht_futures_2026-10-08,agent,True,fixed_norm_offset,32,25,finest3,3,0.0,0.0,100.0,0.552883818655303,55.2883818655303,-55.2883818655303,fixed a priori subset; no score-based optimization
action_strength,visible_pusht_futures_2026-10-08,agent,True,fixed_norm_offset,4,5,all5,5,0.6015159406565657,60.15159406565657,39.84840593434343,0.7445255287247475,74.45255287247475,-14.300958806818187,fixed a priori subset; no score-based optimization
action_strength,visible_pusht_futures_2026-10-08,agent,True,fixed_norm_offset,4,5,coarsest3,3,1.0,100.0,0.0,0.8633371475168351,86.33371475168352,13.66628524831649,fixed a priori subset; no score-based optimization
action_strength,visible_pusht_futures_2026-10-08,agent,True,fixed_norm_offset,4,5,finest3,3,0.33585990109427605,33.585990109427605,66.4140098905724,0.603402679135101,60.340267913510104,-26.7542778040825,fixed a priori subset; no score-based optimization
action_strength,visible_pusht_futures_2026-10-08,agent,True,fixed_norm_offset,4,10,all5,5,0.6014192708333332,60.14192708333332,39.85807291666668,0.6955942234848486,69.55942234848486,-9.417495265151532,fixed a priori subset; no score-based optimization
action_strength,visible_pusht_futures_2026-10-08,agent,True,fixed_norm_offset,4,10,coarsest3,3,1.0,100.0,0.0,0.7589814157196969,75.89814157196969,24.101858428030308,fixed a priori subset; no score-based optimization
action_strength,visible_pusht_futures_2026-10-08,agent,True,fixed_norm_offset,4,10,finest3,3,0.3356987847222222,33.56987847222222,66.43012152777779,0.6079652317445287,60.796523174452865,-27.226644702230647,fixed a priori subset; no score-based optimization
action_strength,visible_pusht_futures_2026-10-08,agent,True,fixed_norm_offset,4,15,all5,5,0.6012855113636364,60.12855113636364,39.87144886363636,0.6383247514204545,63.83247514204545,-3.7039240056818135,fixed a priori subset; no score-based optimization
action_strength,visible_pusht_futures_2026-10-08,agent,True,fixed_norm_offset,4,15,coarsest3,3,1.0,100.0,0.0,0.6945942169086701,69.459421690867,30.540578309132993,fixed a priori subset; no score-based optimization
action_strength,visible_pusht_futures_2026-10-08,agent,True,fixed_norm_offset,4,15,finest3,3,0.33547585227272725,33.54758522727273,66.45241477272728,0.5635799729061447,56.35799729061447,-22.810412063341744,fixed a priori subset; no score-based optimization
action_strength,visible_pusht_futures_2026-10-08,agent,True,fixed_norm_offset,4,20,all5,5,0.6013687657828284,60.13687657828284,39.86312342171716,0.6138452888257576,61.384528882575765,-1.2476523042929233,fixed a priori subset; no score-based optimization
action_strength,visible_pusht_futures_2026-10-08,agent,True,fixed_norm_offset,4,20,coarsest3,3,1.0,100.0,0.0,0.6560684974747475,65.60684974747475,34.39315025252525,fixed a priori subset; no score-based optimization
action_strength,visible_pusht_futures_2026-10-08,agent,True,fixed_norm_offset,4,20,finest3,3,0.3356146096380472,33.56146096380472,66.43853903619528,0.5544443458017677,55.44443458017677,-21.882973616372052,fixed a priori subset; no score-based optimization
action_strength,visible_pusht_futures_2026-10-08,agent,True,fixed_norm_offset,4,25,all5,5,0.6018059501262626,60.180595012626256,39.819404987373744,0.6020870817550505,60.20870817550505,-0.028113162878795617,fixed a priori subset; no score-based optimization
action_strength,visible_pusht_futures_2026-10-08,agent,True,fixed_norm_offset,4,25,coarsest3,3,1.0,100.0,0.0,0.6367141466750842,63.67141466750842,36.32858533249158,fixed a priori subset; no score-based optimization
action_strength,visible_pusht_futures_2026-10-08,agent,True,fixed_norm_offset,4,25,finest3,3,0.3363432502104377,33.63432502104377,66.36567497895622,0.552883818655303,55.2883818655303,-21.65405684448653,fixed a priori subset; no score-based optimization
action_strength,visible_pusht_futures_2026-10-08,agent,True,fixed_norm_offset,64,5,all5,5,0.0,0.0,100.0,0.7445255287247475,74.45255287247475,-74.45255287247475,fixed a priori subset; no score-based optimization
action_strength,visible_pusht_futures_2026-10-08,agent,True,fixed_norm_offset,64,5,coarsest3,3,0.0,0.0,100.0,0.8633371475168351,86.33371475168352,-86.33371475168352,fixed a priori subset; no score-based optimization
action_strength,visible_pusht_futures_2026-10-08,agent,True,fixed_norm_offset,64,5,finest3,3,0.0,0.0,100.0,0.603402679135101,60.340267913510104,-60.340267913510104,fixed a priori subset; no score-based optimization
action_strength,visible_pusht_futures_2026-10-08,agent,True,fixed_norm_offset,64,10,all5,5,0.0,0.0,100.0,0.6955942234848486,69.55942234848486,-69.55942234848486,fixed a priori subset; no score-based optimization
action_strength,visible_pusht_futures_2026-10-08,agent,True,fixed_norm_offset,64,10,coarsest3,3,0.0,0.0,100.0,0.7589814157196969,75.89814157196969,-75.89814157196969,fixed a priori subset; no score-based optimization
action_strength,visible_pusht_futures_2026-10-08,agent,True,fixed_norm_offset,64,10,finest3,3,0.0,0.0,100.0,0.6079652317445287,60.796523174452865,-60.796523174452865,fixed a priori subset; no score-based optimization
action_strength,visible_pusht_futures_2026-10-08,agent,True,fixed_norm_offset,64,15,all5,5,0.0,0.0,100.0,0.6383247514204545,63.83247514204545,-63.83247514204545,fixed a priori subset; no score-based optimization
action_strength,visible_pusht_futures_2026-10-08,agent,True,fixed_norm_offset,64,15,coarsest3,3,0.0,0.0,100.0,0.6945942169086701,69.459421690867,-69.459421690867,fixed a priori subset; no score-based optimization
action_strength,visible_pusht_futures_2026-10-08,agent,True,fixed_norm_offset,64,15,finest3,3,0.0,0.0,100.0,0.5635799729061447,56.35799729061447,-56.35799729061447,fixed a priori subset; no score-based optimization
action_strength,visible_pusht_futures_2026-10-08,agent,True,fixed_norm_offset,64,20,all5,5,0.0,0.0,100.0,0.6138452888257576,61.384528882575765,-61.384528882575765,fixed a priori subset; no score-based optimization
action_strength,visible_pusht_futures_2026-10-08,agent,True,fixed_norm_offset,64,20,coarsest3,3,0.0,0.0,100.0,0.6560684974747475,65.60684974747475,-65.60684974747475,fixed a priori subset; no score-based optimization
action_strength,visible_pusht_futures_2026-10-08,agent,True,fixed_norm_offset,64,20,finest3,3,0.0,0.0,100.0,0.5544443458017677,55.44443458017677,-55.44443458017677,fixed a priori subset; no score-based optimization
action_strength,visible_pusht_futures_2026-10-08,agent,True,fixed_norm_offset,64,25,all5,5,0.0,0.0,100.0,0.6020870817550505,60.20870817550505,-60.20870817550505,fixed a priori subset; no score-based optimization
action_strength,visible_pusht_futures_2026-10-08,agent,True,fixed_norm_offset,64,25,coarsest3,3,0.0,0.0,100.0,0.6367141466750842,63.67141466750842,-63.67141466750842,fixed a priori subset; no score-based optimization
action_strength,visible_pusht_futures_2026-10-08,agent,True,fixed_norm_offset,64,25,finest3,3,0.0,0.0,100.0,0.552883818655303,55.2883818655303,-55.2883818655303,fixed a priori subset; no score-based optimization
action_strength,visible_pusht_futures_2026-10-08,agent,True,fixed_norm_offset,8,5,all5,5,0.40274345012626267,40.27434501262627,59.72565498737373,0.7445255287247475,74.45255287247475,-34.178207859848484,fixed a priori subset; no score-based optimization
action_strength,visible_pusht_futures_2026-10-08,agent,True,fixed_norm_offset,8,5,coarsest3,3,0.671239083543771,67.12390835437711,32.87609164562289,0.8633371475168351,86.33371475168352,-19.209806397306405,fixed a priori subset; no score-based optimization
action_strength,visible_pusht_futures_2026-10-08,agent,True,fixed_norm_offset,8,5,finest3,3,0.004572416877104377,0.4572416877104377,99.54275831228956,0.603402679135101,60.340267913510104,-59.88302622579966,fixed a priori subset; no score-based optimization
action_strength,visible_pusht_futures_2026-10-08,agent,True,fixed_norm_offset,8,10,all5,5,0.40221630366161615,40.22163036616161,59.77836963383838,0.6955942234848486,69.55942234848486,-29.337791982323242,fixed a priori subset; no score-based optimization
action_strength,visible_pusht_futures_2026-10-08,agent,True,fixed_norm_offset,8,10,coarsest3,3,0.6703605061026936,67.03605061026936,32.963949389730644,0.7589814157196969,75.89814157196969,-8.86209096170033,fixed a priori subset; no score-based optimization
action_strength,visible_pusht_futures_2026-10-08,agent,True,fixed_norm_offset,8,10,finest3,3,0.0036938394360269363,0.3693839436026936,99.6306160563973,0.6079652317445287,60.796523174452865,-60.427139230850166,fixed a priori subset; no score-based optimization
action_strength,visible_pusht_futures_2026-10-08,agent,True,fixed_norm_offset,8,15,all5,5,0.4024419981060606,40.24419981060606,59.75580018939394,0.6383247514204545,63.83247514204545,-23.58827533143939,fixed a priori subset; no score-based optimization
action_strength,visible_pusht_futures_2026-10-08,agent,True,fixed_norm_offset,8,15,coarsest3,3,0.670736663510101,67.0736663510101,32.9263336489899,0.6945942169086701,69.459421690867,-2.38575533985691,fixed a priori subset; no score-based optimization
action_strength,visible_pusht_futures_2026-10-08,agent,True,fixed_norm_offset,8,15,finest3,3,0.004069996843434343,0.40699968434343436,99.59300031565657,0.5635799729061447,56.35799729061447,-55.95099760627104,fixed a priori subset; no score-based optimization
action_strength,visible_pusht_futures_2026-10-08,agent,True,fixed_norm_offset,8,20,all5,5,0.40261718750000003,40.26171875,59.73828125,0.6138452888257576,61.384528882575765,-21.122810132575758,fixed a priori subset; no score-based optimization
action_strength,visible_pusht_futures_2026-10-08,agent,True,fixed_norm_offset,8,20,coarsest3,3,0.6710286458333333,67.10286458333333,32.897135416666664,0.6560684974747475,65.60684974747475,1.4960148358585834,fixed a priori subset; no score-based optimization
action_strength,visible_pusht_futures_2026-10-08,agent,True,fixed_norm_offset,8,20,finest3,3,0.004361979166666666,0.4361979166666666,99.56380208333333,0.5544443458017677,55.44443458017677,-55.008236663510104,fixed a priori subset; no score-based optimization
action_strength,visible_pusht_futures_2026-10-08,agent,True,fixed_norm_offset,8,25,all5,5,0.40336253156565655,40.336253156565654,59.66374684343434,0.6020870817550505,60.20870817550505,-19.8724550189394,fixed a priori subset; no score-based optimization
action_strength,visible_pusht_futures_2026-10-08,agent,True,fixed_norm_offset,8,25,coarsest3,3,0.672270885942761,67.2270885942761,32.7729114057239,0.6367141466750842,63.67141466750842,3.5556739267676774,fixed a priori subset; no score-based optimization
action_strength,visible_pusht_futures_2026-10-08,agent,True,fixed_norm_offset,8,25,finest3,3,0.005604219276094276,0.5604219276094276,99.43957807239057,0.552883818655303,55.2883818655303,-54.72795993792088,fixed a priori subset; no score-based optimization
action_strength,visible_pusht_futures_2026-10-08,agent,True,temporal_lag_prepend_current,one_horizon,5,all5,5,0.2849578795770202,28.495787957702017,71.50421204229798,0.7445255287247475,74.45255287247475,-45.956764914772734,fixed a priori subset; no score-based optimization
action_strength,visible_pusht_futures_2026-10-08,agent,True,temporal_lag_prepend_current,one_horizon,5,coarsest3,3,0.40348356613005043,40.348356613005045,59.651643386994955,0.8633371475168351,86.33371475168352,-45.985358138678464,fixed a priori subset; no score-based optimization
action_strength,visible_pusht_futures_2026-10-08,agent,True,temporal_lag_prepend_current,one_horizon,5,finest3,3,0.12538174715909092,12.538174715909092,87.4618252840909,0.603402679135101,60.340267913510104,-47.80209319760102,fixed a priori subset; no score-based optimization
action_strength,visible_pusht_futures_2026-10-08,agent,True,temporal_lag_prepend_current,one_horizon,10,all5,5,0.35258779198232315,35.25877919823232,64.74122080176768,0.6955942234848486,69.55942234848486,-34.30064315025254,fixed a priori subset; no score-based optimization
action_strength,visible_pusht_futures_2026-10-08,agent,True,temporal_lag_prepend_current,one_horizon,10,coarsest3,3,0.46757171322601004,46.757171322601,53.242828677399004,0.7589814157196969,75.89814157196969,-29.140970249368685,fixed a priori subset; no score-based optimization
action_strength,visible_pusht_futures_2026-10-08,agent,True,temporal_lag_prepend_current,one_horizon,10,finest3,3,0.20495597248526934,20.495597248526934,79.50440275147307,0.6079652317445287,60.796523174452865,-40.30092592592594,fixed a priori subset; no score-based optimization
action_strength,visible_pusht_futures_2026-10-08,agent,True,temporal_lag_prepend_current,one_horizon,15,all5,5,0.4363282236426767,43.63282236426767,56.36717763573233,0.6383247514204545,63.83247514204545,-20.199652777777782,fixed a priori subset; no score-based optimization
action_strength,visible_pusht_futures_2026-10-08,agent,True,temporal_lag_prepend_current,one_horizon,15,coarsest3,3,0.5405454282407407,54.05454282407407,45.94545717592593,0.6945942169086701,69.459421690867,-15.404878866792938,fixed a priori subset; no score-based optimization
action_strength,visible_pusht_futures_2026-10-08,agent,True,temporal_lag_prepend_current,one_horizon,15,finest3,3,0.3036377775147306,30.36377775147306,69.63622224852695,0.5635799729061447,56.35799729061447,-25.99421953914141,fixed a priori subset; no score-based optimization
action_strength,visible_pusht_futures_2026-10-08,agent,True,temporal_lag_prepend_current,one_horizon,20,all5,5,0.5229403409090909,52.29403409090909,47.70596590909091,0.6138452888257576,61.384528882575765,-9.09049479166667,fixed a priori subset; no score-based optimization
action_strength,visible_pusht_futures_2026-10-08,agent,True,temporal_lag_prepend_current,one_horizon,20,coarsest3,3,0.6169473050820707,61.69473050820707,38.30526949179293,0.6560684974747475,65.60684974747475,-3.912119239267675,fixed a priori subset; no score-based optimization
action_strength,visible_pusht_futures_2026-10-08,agent,True,temporal_lag_prepend_current,one_horizon,20,finest3,3,0.40463439735900675,40.46343973590068,59.53656026409932,0.5544443458017677,55.44443458017677,-14.980994844276097,fixed a priori subset; no score-based optimization
action_strength,visible_pusht_futures_2026-10-08,agent,True,temporal_lag_prepend_current,one_horizon,25,all5,5,0.607794645675505,60.7794645675505,39.2205354324495,0.6020870817550505,60.20870817550505,0.5707563920454461,fixed a priori subset; no score-based optimization
action_strength,visible_pusht_futures_2026-10-08,agent,True,temporal_lag_prepend_current,one_horizon,25,coarsest3,3,0.6906003393308081,69.06003393308082,30.93996606691919,0.6367141466750842,63.67141466750842,5.388619265572392,fixed a priori subset; no score-based optimization
action_strength,visible_pusht_futures_2026-10-08,agent,True,temporal_lag_prepend_current,one_horizon,25,finest3,3,0.5051608204440236,50.51608204440235,49.48391795559765,0.552883818655303,55.2883818655303,-4.7722998211279455,fixed a priori subset; no score-based optimization
action_strength,visible_pusht_futures_2026-10-08,agent,True,wrong_condition_true_future,cyclic_shift_by_1,5,all5,5,0.31001913667929293,31.001913667929294,68.99808633207071,0.7445255287247475,74.45255287247475,-43.45063920454546,fixed a priori subset; no score-based optimization
action_strength,visible_pusht_futures_2026-10-08,agent,True,wrong_condition_true_future,cyclic_shift_by_1,5,coarsest3,3,0.4464669481271044,44.64669481271044,55.35330518728956,0.8633371475168351,86.33371475168352,-41.687019938973066,fixed a priori subset; no score-based optimization
action_strength,visible_pusht_futures_2026-10-08,agent,True,wrong_condition_true_future,cyclic_shift_by_1,5,finest3,3,0.12201211332070709,12.20121133207071,87.7987886679293,0.603402679135101,60.340267913510104,-48.13905658143939,fixed a priori subset; no score-based optimization
action_strength,visible_pusht_futures_2026-10-08,agent,True,wrong_condition_true_future,cyclic_shift_by_1,10,all5,5,0.2586645754419192,25.866457544191917,74.13354245580808,0.6955942234848486,69.55942234848486,-43.69296480429294,fixed a priori subset; no score-based optimization
action_strength,visible_pusht_futures_2026-10-08,agent,True,wrong_condition_true_future,cyclic_shift_by_1,10,coarsest3,3,0.30311612215909095,30.311612215909093,69.6883877840909,0.7589814157196969,75.89814157196969,-45.586529356060595,fixed a priori subset; no score-based optimization
action_strength,visible_pusht_futures_2026-10-08,agent,True,wrong_condition_true_future,cyclic_shift_by_1,10,finest3,3,0.19626505944865322,19.626505944865322,80.37349405513467,0.6079652317445287,60.796523174452865,-41.17001722958754,fixed a priori subset; no score-based optimization
action_strength,visible_pusht_futures_2026-10-08,agent,True,wrong_condition_true_future,cyclic_shift_by_1,15,all5,5,0.16494140625,16.494140625,83.505859375,0.6383247514204545,63.83247514204545,-47.33833451704545,fixed a priori subset; no score-based optimization
action_strength,visible_pusht_futures_2026-10-08,agent,True,wrong_condition_true_future,cyclic_shift_by_1,15,coarsest3,3,0.20779178503787876,20.779178503787875,79.22082149621212,0.6945942169086701,69.459421690867,-48.68024318707913,fixed a priori subset; no score-based optimization
action_strength,visible_pusht_futures_2026-10-08,agent,True,wrong_condition_true_future,cyclic_shift_by_1,15,finest3,3,0.10512843276515153,10.512843276515154,89.48715672348484,0.5635799729061447,56.35799729061447,-45.845154014099315,fixed a priori subset; no score-based optimization
action_strength,visible_pusht_futures_2026-10-08,agent,True,wrong_condition_true_future,cyclic_shift_by_1,20,all5,5,0.13644629892676768,13.644629892676768,86.35537010732324,0.6138452888257576,61.384528882575765,-47.739898989899,fixed a priori subset; no score-based optimization
action_strength,visible_pusht_futures_2026-10-08,agent,True,wrong_condition_true_future,cyclic_shift_by_1,20,coarsest3,3,0.1610719828493266,16.10719828493266,83.89280171506735,0.6560684974747475,65.60684974747475,-49.49965146254209,fixed a priori subset; no score-based optimization
action_strength,visible_pusht_futures_2026-10-08,agent,True,wrong_condition_true_future,cyclic_shift_by_1,20,finest3,3,0.1004514546506734,10.045145465067339,89.95485453493266,0.5544443458017677,55.44443458017677,-45.39928911510943,fixed a priori subset; no score-based optimization
action_strength,visible_pusht_futures_2026-10-08,agent,True,wrong_condition_true_future,cyclic_shift_by_1,25,all5,5,0.1270768229166667,12.70768229166667,87.29231770833333,0.6020870817550505,60.20870817550505,-47.50102588383839,fixed a priori subset; no score-based optimization
action_strength,visible_pusht_futures_2026-10-08,agent,True,wrong_condition_true_future,cyclic_shift_by_1,25,coarsest3,3,0.14558639783249158,14.558639783249157,85.44136021675084,0.6367141466750842,63.67141466750842,-49.11277488425926,fixed a priori subset; no score-based optimization
action_strength,visible_pusht_futures_2026-10-08,agent,True,wrong_condition_true_future,cyclic_shift_by_1,25,finest3,3,0.09996613268097644,9.996613268097644,90.00338673190235,0.552883818655303,55.2883818655303,-45.29176859743266,fixed a priori subset; no score-based optimization
action_strength,visible_pusht_futures_2026-10-08,block,False,condition_mean_common_privileged,mean_across_hidden_conditions,5,all5,5,0.6459517045454545,64.59517045454545,35.404829545454554,0.8229758522727273,82.29758522727273,-17.70241477272728,fixed a priori subset; no score-based optimization
action_strength,visible_pusht_futures_2026-10-08,block,False,condition_mean_common_privileged,mean_across_hidden_conditions,5,coarsest3,3,0.8553786563552189,85.5378656355219,14.462134364478107,0.9276893281776095,92.76893281776096,-7.231067182239059,fixed a priori subset; no score-based optimization
action_strength,visible_pusht_futures_2026-10-08,block,False,condition_mean_common_privileged,mean_across_hidden_conditions,5,finest3,3,0.4333385942760943,43.333859427609426,56.66614057239057,0.7166692971380472,71.66692971380472,-28.333070286195287,fixed a priori subset; no score-based optimization
action_strength,visible_pusht_futures_2026-10-08,block,False,condition_mean_common_privileged,mean_across_hidden_conditions,10,all5,5,0.5473279671717172,54.732796717171716,45.267203282828284,0.7736639835858585,77.36639835858585,-22.633601641414135,fixed a priori subset; no score-based optimization
action_strength,visible_pusht_futures_2026-10-08,block,False,condition_mean_common_privileged,mean_across_hidden_conditions,10,coarsest3,3,0.7179891361531987,71.79891361531988,28.20108638468013,0.8589945680765992,85.89945680765993,-14.100543192340053,fixed a priori subset; no score-based optimization
action_strength,visible_pusht_futures_2026-10-08,block,False,condition_mean_common_privileged,mean_across_hidden_conditions,10,finest3,3,0.351517781986532,35.1517781986532,64.8482218013468,0.6757588909932659,67.57588909932659,-32.42411090067339,fixed a priori subset; no score-based optimization
action_strength,visible_pusht_futures_2026-10-08,block,False,condition_mean_common_privileged,mean_across_hidden_conditions,15,all5,5,0.5305971827651516,53.059718276515156,46.940281723484844,0.7652985913825757,76.52985913825758,-23.470140861742415,fixed a priori subset; no score-based optimization
action_strength,visible_pusht_futures_2026-10-08,block,False,condition_mean_common_privileged,mean_across_hidden_conditions,15,coarsest3,3,0.681507128577441,68.1507128577441,31.8492871422559,0.8407535642887205,84.07535642887206,-15.92464357112795,fixed a priori subset; no score-based optimization
action_strength,visible_pusht_futures_2026-10-08,block,False,condition_mean_common_privileged,mean_across_hidden_conditions,15,finest3,3,0.35653902304292934,35.653902304292934,64.34609769570707,0.6782695115214645,67.82695115214645,-32.17304884785352,fixed a priori subset; no score-based optimization
action_strength,visible_pusht_futures_2026-10-08,block,False,condition_mean_common_privileged,mean_across_hidden_conditions,20,all5,5,0.5385911852904041,53.85911852904041,46.14088147095959,0.7692955926452021,76.92955926452021,-23.070440735479803,fixed a priori subset; no score-based optimization
action_strength,visible_pusht_futures_2026-10-08,block,False,condition_mean_common_privileged,mean_across_hidden_conditions,20,coarsest3,3,0.6822804871632998,68.22804871632998,31.77195128367002,0.8411402435816498,84.11402435816498,-15.885975641835003,fixed a priori subset; no score-based optimization
action_strength,visible_pusht_futures_2026-10-08,block,False,condition_mean_common_privileged,mean_across_hidden_conditions,20,finest3,3,0.3772434632786195,37.72434632786195,62.275653672138056,0.6886217316393098,68.86217316393099,-31.13782683606903,fixed a priori subset; no score-based optimization
action_strength,visible_pusht_futures_2026-10-08,block,False,condition_mean_common_privileged,mean_across_hidden_conditions,25,all5,5,0.5532629024621213,55.32629024621213,44.67370975378787,0.7766314512310607,77.66314512310608,-22.33685487689394,fixed a priori subset; no score-based optimization
action_strength,visible_pusht_futures_2026-10-08,block,False,condition_mean_common_privileged,mean_across_hidden_conditions,25,coarsest3,3,0.6919540456649832,69.19540456649833,30.80459543350168,0.8459770228324915,84.59770228324915,-15.402297716750834,fixed a priori subset; no score-based optimization
action_strength,visible_pusht_futures_2026-10-08,block,False,condition_mean_common_privileged,mean_across_hidden_conditions,25,finest3,3,0.3982490924873738,39.82490924873738,60.175090751262616,0.6991245462436869,69.91245462436869,-30.087545375631315,fixed a priori subset; no score-based optimization
action_strength,visible_pusht_futures_2026-10-08,block,False,current_state_displacement_scale,0,5,all5,5,0.5721187460542929,57.211874605429294,42.788125394570706,0.8229758522727273,82.29758522727273,-25.08571062184344,fixed a priori subset; no score-based optimization
action_strength,visible_pusht_futures_2026-10-08,block,False,current_state_displacement_scale,0,5,coarsest3,3,0.7143549755366161,71.4354975536616,28.56450244633839,0.9276893281776095,92.76893281776096,-21.333435264099343,fixed a priori subset; no score-based optimization
action_strength,visible_pusht_futures_2026-10-08,block,False,current_state_displacement_scale,0,5,finest3,3,0.41344795612373736,41.34479561237374,58.655204387626256,0.7166692971380472,71.66692971380472,-30.32213410143098,fixed a priori subset; no score-based optimization
action_strength,visible_pusht_futures_2026-10-08,block,False,current_state_displacement_scale,0,10,all5,5,0.419435270675505,41.9435270675505,58.0564729324495,0.7736639835858585,77.36639835858585,-35.42287129103535,fixed a priori subset; no score-based optimization
action_strength,visible_pusht_futures_2026-10-08,block,False,current_state_displacement_scale,0,10,coarsest3,3,0.5248926438867846,52.48926438867846,47.51073561132154,0.8589945680765992,85.89945680765993,-33.41019241898147,fixed a priori subset; no score-based optimization
action_strength,visible_pusht_futures_2026-10-08,block,False,current_state_displacement_scale,0,10,finest3,3,0.2911928530092593,29.119285300925927,70.88071469907406,0.6757588909932659,67.57588909932659,-38.456603798400664,fixed a priori subset; no score-based optimization
action_strength,visible_pusht_futures_2026-10-08,block,False,current_state_displacement_scale,0,15,all5,5,0.3739441287878788,37.39441287878788,62.60558712121211,0.7652985913825757,76.52985913825758,-39.13544625946969,fixed a priori subset; no score-based optimization
action_strength,visible_pusht_futures_2026-10-08,block,False,current_state_displacement_scale,0,15,coarsest3,3,0.4599517308501683,45.99517308501683,54.00482691498316,0.8407535642887205,84.07535642887206,-38.08018334385522,fixed a priori subset; no score-based optimization
action_strength,visible_pusht_futures_2026-10-08,block,False,current_state_displacement_scale,0,15,finest3,3,0.2696821732954546,26.968217329545457,73.03178267045453,0.6782695115214645,67.82695115214645,-40.858733822600996,fixed a priori subset; no score-based optimization
action_strength,visible_pusht_futures_2026-10-08,block,False,current_state_displacement_scale,0,20,all5,5,0.35914457070707073,35.91445707070707,64.08554292929293,0.7692955926452021,76.92955926452021,-41.015102193813135,fixed a priori subset; no score-based optimization
action_strength,visible_pusht_futures_2026-10-08,block,False,current_state_displacement_scale,0,20,coarsest3,3,0.43780118897306397,43.780118897306394,56.219881102693606,0.8411402435816498,84.11402435816498,-40.33390546085859,fixed a priori subset; no score-based optimization
action_strength,visible_pusht_futures_2026-10-08,block,False,current_state_displacement_scale,0,20,finest3,3,0.26362354008838385,26.362354008838384,73.63764599116162,0.6886217316393098,68.86217316393099,-42.4998191550926,fixed a priori subset; no score-based optimization
action_strength,visible_pusht_futures_2026-10-08,block,False,current_state_displacement_scale,0,25,all5,5,0.35249329229797977,35.24932922979798,64.75067077020202,0.7766314512310607,77.66314512310608,-42.41381589330809,fixed a priori subset; no score-based optimization
action_strength,visible_pusht_futures_2026-10-08,block,False,current_state_displacement_scale,0,25,coarsest3,3,0.42758641098484845,42.758641098484844,57.24135890151516,0.8459770228324915,84.59770228324915,-41.83906118476431,fixed a priori subset; no score-based optimization
action_strength,visible_pusht_futures_2026-10-08,block,False,current_state_displacement_scale,0,25,finest3,3,0.26180983007154884,26.180983007154886,73.81901699284512,0.6991245462436869,69.91245462436869,-43.731471617213806,fixed a priori subset; no score-based optimization
action_strength,visible_pusht_futures_2026-10-08,block,False,current_state_displacement_scale,0.5,5,all5,5,0.7059585108901516,70.59585108901516,29.40414891098484,0.8229758522727273,82.29758522727273,-11.701734138257569,fixed a priori subset; no score-based optimization
action_strength,visible_pusht_futures_2026-10-08,block,False,current_state_displacement_scale,0.5,5,coarsest3,3,0.8710209188236532,87.10209188236531,12.897908117634682,0.9276893281776095,92.76893281776096,-5.6668409353956335,fixed a priori subset; no score-based optimization
action_strength,visible_pusht_futures_2026-10-08,block,False,current_state_displacement_scale,0.5,5,finest3,3,0.5435027356902357,54.350273569023564,45.649726430976436,0.7166692971380472,71.66692971380472,-17.31665614478115,fixed a priori subset; no score-based optimization
action_strength,visible_pusht_futures_2026-10-08,block,False,current_state_displacement_scale,0.5,10,all5,5,0.5513586055871211,55.13586055871211,44.86413944128789,0.7736639835858585,77.36639835858585,-22.23053779987374,fixed a priori subset; no score-based optimization
action_strength,visible_pusht_futures_2026-10-08,block,False,current_state_displacement_scale,0.5,10,coarsest3,3,0.7087471393623738,70.87471393623737,29.125286063762623,0.8589945680765992,85.89945680765993,-15.024742871422546,fixed a priori subset; no score-based optimization
action_strength,visible_pusht_futures_2026-10-08,block,False,current_state_displacement_scale,0.5,10,finest3,3,0.3760077993476431,37.60077993476431,62.39922006523568,0.6757588909932659,67.57588909932659,-29.97510916456228,fixed a priori subset; no score-based optimization
action_strength,visible_pusht_futures_2026-10-08,block,False,current_state_displacement_scale,0.5,15,all5,5,0.4962265230429293,49.62265230429293,50.37734769570707,0.7652985913825757,76.52985913825758,-26.907206833964644,fixed a priori subset; no score-based optimization
action_strength,visible_pusht_futures_2026-10-08,block,False,current_state_displacement_scale,0.5,15,coarsest3,3,0.6346410064183502,63.46410064183502,36.53589935816498,0.8407535642887205,84.07535642887206,-20.61125578703703,fixed a priori subset; no score-based optimization
action_strength,visible_pusht_futures_2026-10-08,block,False,current_state_displacement_scale,0.5,15,finest3,3,0.33696437026515147,33.69643702651515,66.30356297348486,0.6782695115214645,67.82695115214645,-34.13051412563131,fixed a priori subset; no score-based optimization
action_strength,visible_pusht_futures_2026-10-08,block,False,current_state_displacement_scale,0.5,20,all5,5,0.4730561474116161,47.30561474116161,52.69438525883838,0.7692955926452021,76.92955926452021,-29.6239445233586,fixed a priori subset; no score-based optimization
action_strength,visible_pusht_futures_2026-10-08,block,False,current_state_displacement_scale,0.5,20,coarsest3,3,0.6009933317550504,60.099333175505045,39.900666824494955,0.8411402435816498,84.11402435816498,-24.01469118265994,fixed a priori subset; no score-based optimization
action_strength,visible_pusht_futures_2026-10-08,block,False,current_state_displacement_scale,0.5,20,finest3,3,0.3251713094486532,32.51713094486532,67.48286905513467,0.6886217316393098,68.86217316393099,-36.34504221906567,fixed a priori subset; no score-based optimization
action_strength,visible_pusht_futures_2026-10-08,block,False,current_state_displacement_scale,0.5,25,all5,5,0.46265013415404044,46.26501341540404,53.73498658459596,0.7766314512310607,77.66314512310608,-31.398131707702028,fixed a priori subset; no score-based optimization
action_strength,visible_pusht_futures_2026-10-08,block,False,current_state_displacement_scale,0.5,25,coarsest3,3,0.5851888020833332,58.51888020833332,41.48111979166668,0.8459770228324915,84.59770228324915,-26.07882207491583,fixed a priori subset; no score-based optimization
action_strength,visible_pusht_futures_2026-10-08,block,False,current_state_displacement_scale,0.5,25,finest3,3,0.32137290877525254,32.13729087752525,67.86270912247474,0.6991245462436869,69.91245462436869,-37.77516374684344,fixed a priori subset; no score-based optimization
action_strength,visible_pusht_futures_2026-10-08,block,False,current_state_displacement_scale,1,5,all5,5,1.0,100.0,0.0,0.8229758522727273,82.29758522727273,17.70241477272727,fixed a priori subset; no score-based optimization
action_strength,visible_pusht_futures_2026-10-08,block,False,current_state_displacement_scale,1,5,coarsest3,3,1.0,100.0,0.0,0.9276893281776095,92.76893281776096,7.231067182239048,fixed a priori subset; no score-based optimization
action_strength,visible_pusht_futures_2026-10-08,block,False,current_state_displacement_scale,1,5,finest3,3,1.0,100.0,0.0,0.7166692971380472,71.66692971380472,28.333070286195284,fixed a priori subset; no score-based optimization
action_strength,visible_pusht_futures_2026-10-08,block,False,current_state_displacement_scale,1,10,all5,5,1.0,100.0,0.0,0.7736639835858585,77.36639835858585,22.633601641414145,fixed a priori subset; no score-based optimization
action_strength,visible_pusht_futures_2026-10-08,block,False,current_state_displacement_scale,1,10,coarsest3,3,1.0,100.0,0.0,0.8589945680765992,85.89945680765993,14.100543192340076,fixed a priori subset; no score-based optimization
action_strength,visible_pusht_futures_2026-10-08,block,False,current_state_displacement_scale,1,10,finest3,3,1.0,100.0,0.0,0.6757588909932659,67.57588909932659,32.42411090067341,fixed a priori subset; no score-based optimization
action_strength,visible_pusht_futures_2026-10-08,block,False,current_state_displacement_scale,1,15,all5,5,1.0,100.0,0.0,0.7652985913825757,76.52985913825758,23.47014086174243,fixed a priori subset; no score-based optimization
action_strength,visible_pusht_futures_2026-10-08,block,False,current_state_displacement_scale,1,15,coarsest3,3,1.0,100.0,0.0,0.8407535642887205,84.07535642887206,15.92464357112795,fixed a priori subset; no score-based optimization
action_strength,visible_pusht_futures_2026-10-08,block,False,current_state_displacement_scale,1,15,finest3,3,1.0,100.0,0.0,0.6782695115214645,67.82695115214645,32.17304884785355,fixed a priori subset; no score-based optimization
action_strength,visible_pusht_futures_2026-10-08,block,False,current_state_displacement_scale,1,20,all5,5,1.0,100.0,0.0,0.7692955926452021,76.92955926452021,23.070440735479792,fixed a priori subset; no score-based optimization
action_strength,visible_pusht_futures_2026-10-08,block,False,current_state_displacement_scale,1,20,coarsest3,3,1.0,100.0,0.0,0.8411402435816498,84.11402435816498,15.885975641835016,fixed a priori subset; no score-based optimization
action_strength,visible_pusht_futures_2026-10-08,block,False,current_state_displacement_scale,1,20,finest3,3,1.0,100.0,0.0,0.6886217316393098,68.86217316393099,31.137826836069017,fixed a priori subset; no score-based optimization
action_strength,visible_pusht_futures_2026-10-08,block,False,current_state_displacement_scale,1,25,all5,5,1.0,100.0,0.0,0.7766314512310607,77.66314512310608,22.33685487689393,fixed a priori subset; no score-based optimization
action_strength,visible_pusht_futures_2026-10-08,block,False,current_state_displacement_scale,1,25,coarsest3,3,1.0,100.0,0.0,0.8459770228324915,84.59770228324915,15.402297716750846,fixed a priori subset; no score-based optimization
action_strength,visible_pusht_futures_2026-10-08,block,False,current_state_displacement_scale,1,25,finest3,3,1.0,100.0,0.0,0.6991245462436869,69.91245462436869,30.087545375631308,fixed a priori subset; no score-based optimization
action_strength,visible_pusht_futures_2026-10-08,block,False,current_state_displacement_scale,1.5,5,all5,5,0.7059585108901516,70.59585108901516,29.40414891098484,0.8229758522727273,82.29758522727273,-11.701734138257569,fixed a priori subset; no score-based optimization
action_strength,visible_pusht_futures_2026-10-08,block,False,current_state_displacement_scale,1.5,5,coarsest3,3,0.8710209188236532,87.10209188236531,12.897908117634682,0.9276893281776095,92.76893281776096,-5.6668409353956335,fixed a priori subset; no score-based optimization
action_strength,visible_pusht_futures_2026-10-08,block,False,current_state_displacement_scale,1.5,5,finest3,3,0.5435027356902357,54.350273569023564,45.649726430976436,0.7166692971380472,71.66692971380472,-17.31665614478115,fixed a priori subset; no score-based optimization
action_strength,visible_pusht_futures_2026-10-08,block,False,current_state_displacement_scale,1.5,10,all5,5,0.5513586055871211,55.13586055871211,44.86413944128789,0.7736639835858585,77.36639835858585,-22.23053779987374,fixed a priori subset; no score-based optimization
action_strength,visible_pusht_futures_2026-10-08,block,False,current_state_displacement_scale,1.5,10,coarsest3,3,0.7087471393623738,70.87471393623737,29.125286063762623,0.8589945680765992,85.89945680765993,-15.024742871422546,fixed a priori subset; no score-based optimization
action_strength,visible_pusht_futures_2026-10-08,block,False,current_state_displacement_scale,1.5,10,finest3,3,0.3760077993476431,37.60077993476431,62.39922006523568,0.6757588909932659,67.57588909932659,-29.97510916456228,fixed a priori subset; no score-based optimization
action_strength,visible_pusht_futures_2026-10-08,block,False,current_state_displacement_scale,1.5,15,all5,5,0.4962265230429293,49.62265230429293,50.37734769570707,0.7652985913825757,76.52985913825758,-26.907206833964644,fixed a priori subset; no score-based optimization
action_strength,visible_pusht_futures_2026-10-08,block,False,current_state_displacement_scale,1.5,15,coarsest3,3,0.6346410064183502,63.46410064183502,36.53589935816498,0.8407535642887205,84.07535642887206,-20.61125578703703,fixed a priori subset; no score-based optimization
action_strength,visible_pusht_futures_2026-10-08,block,False,current_state_displacement_scale,1.5,15,finest3,3,0.33696437026515147,33.69643702651515,66.30356297348486,0.6782695115214645,67.82695115214645,-34.13051412563131,fixed a priori subset; no score-based optimization
action_strength,visible_pusht_futures_2026-10-08,block,False,current_state_displacement_scale,1.5,20,all5,5,0.4730561474116161,47.30561474116161,52.69438525883838,0.7692955926452021,76.92955926452021,-29.6239445233586,fixed a priori subset; no score-based optimization
action_strength,visible_pusht_futures_2026-10-08,block,False,current_state_displacement_scale,1.5,20,coarsest3,3,0.6009933317550504,60.099333175505045,39.900666824494955,0.8411402435816498,84.11402435816498,-24.01469118265994,fixed a priori subset; no score-based optimization
action_strength,visible_pusht_futures_2026-10-08,block,False,current_state_displacement_scale,1.5,20,finest3,3,0.3251713094486532,32.51713094486532,67.48286905513467,0.6886217316393098,68.86217316393099,-36.34504221906567,fixed a priori subset; no score-based optimization
action_strength,visible_pusht_futures_2026-10-08,block,False,current_state_displacement_scale,1.5,25,all5,5,0.46265013415404044,46.26501341540404,53.73498658459596,0.7766314512310607,77.66314512310608,-31.398131707702028,fixed a priori subset; no score-based optimization
action_strength,visible_pusht_futures_2026-10-08,block,False,current_state_displacement_scale,1.5,25,coarsest3,3,0.5851888020833332,58.51888020833332,41.48111979166668,0.8459770228324915,84.59770228324915,-26.07882207491583,fixed a priori subset; no score-based optimization
action_strength,visible_pusht_futures_2026-10-08,block,False,current_state_displacement_scale,1.5,25,finest3,3,0.32137290877525254,32.13729087752525,67.86270912247474,0.6991245462436869,69.91245462436869,-37.77516374684344,fixed a priori subset; no score-based optimization
action_strength,visible_pusht_futures_2026-10-08,block,False,current_state_displacement_scale,2,5,all5,5,0.5721187460542929,57.211874605429294,42.788125394570706,0.8229758522727273,82.29758522727273,-25.08571062184344,fixed a priori subset; no score-based optimization
action_strength,visible_pusht_futures_2026-10-08,block,False,current_state_displacement_scale,2,5,coarsest3,3,0.7143549755366161,71.4354975536616,28.56450244633839,0.9276893281776095,92.76893281776096,-21.333435264099343,fixed a priori subset; no score-based optimization
action_strength,visible_pusht_futures_2026-10-08,block,False,current_state_displacement_scale,2,5,finest3,3,0.41344795612373736,41.34479561237374,58.655204387626256,0.7166692971380472,71.66692971380472,-30.32213410143098,fixed a priori subset; no score-based optimization
action_strength,visible_pusht_futures_2026-10-08,block,False,current_state_displacement_scale,2,10,all5,5,0.419435270675505,41.9435270675505,58.0564729324495,0.7736639835858585,77.36639835858585,-35.42287129103535,fixed a priori subset; no score-based optimization
action_strength,visible_pusht_futures_2026-10-08,block,False,current_state_displacement_scale,2,10,coarsest3,3,0.5248926438867846,52.48926438867846,47.51073561132154,0.8589945680765992,85.89945680765993,-33.41019241898147,fixed a priori subset; no score-based optimization
action_strength,visible_pusht_futures_2026-10-08,block,False,current_state_displacement_scale,2,10,finest3,3,0.2911928530092593,29.119285300925927,70.88071469907406,0.6757588909932659,67.57588909932659,-38.456603798400664,fixed a priori subset; no score-based optimization
action_strength,visible_pusht_futures_2026-10-08,block,False,current_state_displacement_scale,2,15,all5,5,0.3739441287878788,37.39441287878788,62.60558712121211,0.7652985913825757,76.52985913825758,-39.13544625946969,fixed a priori subset; no score-based optimization
action_strength,visible_pusht_futures_2026-10-08,block,False,current_state_displacement_scale,2,15,coarsest3,3,0.4599517308501683,45.99517308501683,54.00482691498316,0.8407535642887205,84.07535642887206,-38.08018334385522,fixed a priori subset; no score-based optimization
action_strength,visible_pusht_futures_2026-10-08,block,False,current_state_displacement_scale,2,15,finest3,3,0.2696821732954546,26.968217329545457,73.03178267045453,0.6782695115214645,67.82695115214645,-40.858733822600996,fixed a priori subset; no score-based optimization
action_strength,visible_pusht_futures_2026-10-08,block,False,current_state_displacement_scale,2,20,all5,5,0.35914457070707073,35.91445707070707,64.08554292929293,0.7692955926452021,76.92955926452021,-41.015102193813135,fixed a priori subset; no score-based optimization
action_strength,visible_pusht_futures_2026-10-08,block,False,current_state_displacement_scale,2,20,coarsest3,3,0.43780118897306397,43.780118897306394,56.219881102693606,0.8411402435816498,84.11402435816498,-40.33390546085859,fixed a priori subset; no score-based optimization
action_strength,visible_pusht_futures_2026-10-08,block,False,current_state_displacement_scale,2,20,finest3,3,0.26362354008838385,26.362354008838384,73.63764599116162,0.6886217316393098,68.86217316393099,-42.4998191550926,fixed a priori subset; no score-based optimization
action_strength,visible_pusht_futures_2026-10-08,block,False,current_state_displacement_scale,2,25,all5,5,0.35249329229797977,35.24932922979798,64.75067077020202,0.7766314512310607,77.66314512310608,-42.41381589330809,fixed a priori subset; no score-based optimization
action_strength,visible_pusht_futures_2026-10-08,block,False,current_state_displacement_scale,2,25,coarsest3,3,0.42758641098484845,42.758641098484844,57.24135890151516,0.8459770228324915,84.59770228324915,-41.83906118476431,fixed a priori subset; no score-based optimization
action_strength,visible_pusht_futures_2026-10-08,block,False,current_state_displacement_scale,2,25,finest3,3,0.26180983007154884,26.180983007154886,73.81901699284512,0.6991245462436869,69.91245462436869,-43.731471617213806,fixed a priori subset; no score-based optimization
action_strength,visible_pusht_futures_2026-10-08,block,False,exact_truth,,5,all5,5,1.0,100.0,0.0,0.8229758522727273,82.29758522727273,17.70241477272727,fixed a priori subset; no score-based optimization
action_strength,visible_pusht_futures_2026-10-08,block,False,exact_truth,,5,coarsest3,3,1.0,100.0,0.0,0.9276893281776095,92.76893281776096,7.231067182239048,fixed a priori subset; no score-based optimization
action_strength,visible_pusht_futures_2026-10-08,block,False,exact_truth,,5,finest3,3,1.0,100.0,0.0,0.7166692971380472,71.66692971380472,28.333070286195284,fixed a priori subset; no score-based optimization
action_strength,visible_pusht_futures_2026-10-08,block,False,exact_truth,,10,all5,5,1.0,100.0,0.0,0.7736639835858585,77.36639835858585,22.633601641414145,fixed a priori subset; no score-based optimization
action_strength,visible_pusht_futures_2026-10-08,block,False,exact_truth,,10,coarsest3,3,1.0,100.0,0.0,0.8589945680765992,85.89945680765993,14.100543192340076,fixed a priori subset; no score-based optimization
action_strength,visible_pusht_futures_2026-10-08,block,False,exact_truth,,10,finest3,3,1.0,100.0,0.0,0.6757588909932659,67.57588909932659,32.42411090067341,fixed a priori subset; no score-based optimization
action_strength,visible_pusht_futures_2026-10-08,block,False,exact_truth,,15,all5,5,1.0,100.0,0.0,0.7652985913825757,76.52985913825758,23.47014086174243,fixed a priori subset; no score-based optimization
action_strength,visible_pusht_futures_2026-10-08,block,False,exact_truth,,15,coarsest3,3,1.0,100.0,0.0,0.8407535642887205,84.07535642887206,15.92464357112795,fixed a priori subset; no score-based optimization
action_strength,visible_pusht_futures_2026-10-08,block,False,exact_truth,,15,finest3,3,1.0,100.0,0.0,0.6782695115214645,67.82695115214645,32.17304884785355,fixed a priori subset; no score-based optimization
action_strength,visible_pusht_futures_2026-10-08,block,False,exact_truth,,20,all5,5,1.0,100.0,0.0,0.7692955926452021,76.92955926452021,23.070440735479792,fixed a priori subset; no score-based optimization
action_strength,visible_pusht_futures_2026-10-08,block,False,exact_truth,,20,coarsest3,3,1.0,100.0,0.0,0.8411402435816498,84.11402435816498,15.885975641835016,fixed a priori subset; no score-based optimization
action_strength,visible_pusht_futures_2026-10-08,block,False,exact_truth,,20,finest3,3,1.0,100.0,0.0,0.6886217316393098,68.86217316393099,31.137826836069017,fixed a priori subset; no score-based optimization
action_strength,visible_pusht_futures_2026-10-08,block,False,exact_truth,,25,all5,5,1.0,100.0,0.0,0.7766314512310607,77.66314512310608,22.33685487689393,fixed a priori subset; no score-based optimization
action_strength,visible_pusht_futures_2026-10-08,block,False,exact_truth,,25,coarsest3,3,1.0,100.0,0.0,0.8459770228324915,84.59770228324915,15.402297716750846,fixed a priori subset; no score-based optimization
action_strength,visible_pusht_futures_2026-10-08,block,False,exact_truth,,25,finest3,3,1.0,100.0,0.0,0.6991245462436869,69.91245462436869,30.087545375631308,fixed a priori subset; no score-based optimization
action_strength,visible_pusht_futures_2026-10-08,block,False,fixed_norm_offset,1,5,all5,5,1.0,100.0,0.0,0.8229758522727273,82.29758522727273,17.70241477272727,fixed a priori subset; no score-based optimization
action_strength,visible_pusht_futures_2026-10-08,block,False,fixed_norm_offset,1,5,coarsest3,3,1.0,100.0,0.0,0.9276893281776095,92.76893281776096,7.231067182239048,fixed a priori subset; no score-based optimization
action_strength,visible_pusht_futures_2026-10-08,block,False,fixed_norm_offset,1,5,finest3,3,1.0,100.0,0.0,0.7166692971380472,71.66692971380472,28.333070286195284,fixed a priori subset; no score-based optimization
action_strength,visible_pusht_futures_2026-10-08,block,False,fixed_norm_offset,1,10,all5,5,1.0,100.0,0.0,0.7736639835858585,77.36639835858585,22.633601641414145,fixed a priori subset; no score-based optimization
action_strength,visible_pusht_futures_2026-10-08,block,False,fixed_norm_offset,1,10,coarsest3,3,1.0,100.0,0.0,0.8589945680765992,85.89945680765993,14.100543192340076,fixed a priori subset; no score-based optimization
action_strength,visible_pusht_futures_2026-10-08,block,False,fixed_norm_offset,1,10,finest3,3,1.0,100.0,0.0,0.6757588909932659,67.57588909932659,32.42411090067341,fixed a priori subset; no score-based optimization
action_strength,visible_pusht_futures_2026-10-08,block,False,fixed_norm_offset,1,15,all5,5,1.0,100.0,0.0,0.7652985913825757,76.52985913825758,23.47014086174243,fixed a priori subset; no score-based optimization
action_strength,visible_pusht_futures_2026-10-08,block,False,fixed_norm_offset,1,15,coarsest3,3,1.0,100.0,0.0,0.8407535642887205,84.07535642887206,15.92464357112795,fixed a priori subset; no score-based optimization
action_strength,visible_pusht_futures_2026-10-08,block,False,fixed_norm_offset,1,15,finest3,3,1.0,100.0,0.0,0.6782695115214645,67.82695115214645,32.17304884785355,fixed a priori subset; no score-based optimization
action_strength,visible_pusht_futures_2026-10-08,block,False,fixed_norm_offset,1,20,all5,5,1.0,100.0,0.0,0.7692955926452021,76.92955926452021,23.070440735479792,fixed a priori subset; no score-based optimization
action_strength,visible_pusht_futures_2026-10-08,block,False,fixed_norm_offset,1,20,coarsest3,3,1.0,100.0,0.0,0.8411402435816498,84.11402435816498,15.885975641835016,fixed a priori subset; no score-based optimization
action_strength,visible_pusht_futures_2026-10-08,block,False,fixed_norm_offset,1,20,finest3,3,1.0,100.0,0.0,0.6886217316393098,68.86217316393099,31.137826836069017,fixed a priori subset; no score-based optimization
action_strength,visible_pusht_futures_2026-10-08,block,False,fixed_norm_offset,1,25,all5,5,1.0,100.0,0.0,0.7766314512310607,77.66314512310608,22.33685487689393,fixed a priori subset; no score-based optimization
action_strength,visible_pusht_futures_2026-10-08,block,False,fixed_norm_offset,1,25,coarsest3,3,1.0,100.0,0.0,0.8459770228324915,84.59770228324915,15.402297716750846,fixed a priori subset; no score-based optimization
action_strength,visible_pusht_futures_2026-10-08,block,False,fixed_norm_offset,1,25,finest3,3,1.0,100.0,0.0,0.6991245462436869,69.91245462436869,30.087545375631308,fixed a priori subset; no score-based optimization
action_strength,visible_pusht_futures_2026-10-08,block,False,fixed_norm_offset,16,5,all5,5,0.20238873106060606,20.238873106060606,79.76112689393939,0.8229758522727273,82.29758522727273,-62.058712121212125,fixed a priori subset; no score-based optimization
action_strength,visible_pusht_futures_2026-10-08,block,False,fixed_norm_offset,16,5,coarsest3,3,0.3373145517676768,33.731455176767675,66.26854482323232,0.9276893281776095,92.76893281776096,-59.037477640993274,fixed a priori subset; no score-based optimization
action_strength,visible_pusht_futures_2026-10-08,block,False,fixed_norm_offset,16,5,finest3,3,0.0,0.0,100.0,0.7166692971380472,71.66692971380472,-71.66692971380472,fixed a priori subset; no score-based optimization
action_strength,visible_pusht_futures_2026-10-08,block,False,fixed_norm_offset,16,10,all5,5,0.20465672348484848,20.465672348484848,79.53432765151516,0.7736639835858585,77.36639835858585,-56.90072601010101,fixed a priori subset; no score-based optimization
action_strength,visible_pusht_futures_2026-10-08,block,False,fixed_norm_offset,16,10,coarsest3,3,0.34109453914141413,34.10945391414141,65.89054608585857,0.8589945680765992,85.89945680765993,-51.79000289351852,fixed a priori subset; no score-based optimization
action_strength,visible_pusht_futures_2026-10-08,block,False,fixed_norm_offset,16,10,finest3,3,0.0,0.0,100.0,0.6757588909932659,67.57588909932659,-67.57588909932659,fixed a priori subset; no score-based optimization
action_strength,visible_pusht_futures_2026-10-08,block,False,fixed_norm_offset,16,15,all5,5,0.2038076073232323,20.380760732323232,79.61923926767676,0.7652985913825757,76.52985913825758,-56.14909840593434,fixed a priori subset; no score-based optimization
action_strength,visible_pusht_futures_2026-10-08,block,False,fixed_norm_offset,16,15,coarsest3,3,0.33967934553872053,33.967934553872055,66.03206544612794,0.8407535642887205,84.07535642887206,-50.10742187499999,fixed a priori subset; no score-based optimization
action_strength,visible_pusht_futures_2026-10-08,block,False,fixed_norm_offset,16,15,finest3,3,0.0,0.0,100.0,0.6782695115214645,67.82695115214645,-67.82695115214645,fixed a priori subset; no score-based optimization
action_strength,visible_pusht_futures_2026-10-08,block,False,fixed_norm_offset,16,20,all5,5,0.2046393623737374,20.46393623737374,79.53606376262627,0.7692955926452021,76.92955926452021,-56.46562302714647,fixed a priori subset; no score-based optimization
action_strength,visible_pusht_futures_2026-10-08,block,False,fixed_norm_offset,16,20,coarsest3,3,0.341065603956229,34.1065603956229,65.89343960437711,0.8411402435816498,84.11402435816498,-50.00746396254209,fixed a priori subset; no score-based optimization
action_strength,visible_pusht_futures_2026-10-08,block,False,fixed_norm_offset,16,20,finest3,3,0.0,0.0,100.0,0.6886217316393098,68.86217316393099,-68.86217316393099,fixed a priori subset; no score-based optimization
action_strength,visible_pusht_futures_2026-10-08,block,False,fixed_norm_offset,16,25,all5,5,0.20412799873737372,20.412799873737374,79.58720012626263,0.7766314512310607,77.66314512310608,-57.25034524936869,fixed a priori subset; no score-based optimization
action_strength,visible_pusht_futures_2026-10-08,block,False,fixed_norm_offset,16,25,coarsest3,3,0.3402133312289562,34.02133312289562,65.97866687710439,0.8459770228324915,84.59770228324915,-50.57636916035353,fixed a priori subset; no score-based optimization
action_strength,visible_pusht_futures_2026-10-08,block,False,fixed_norm_offset,16,25,finest3,3,0.0,0.0,100.0,0.6991245462436869,69.91245462436869,-69.91245462436869,fixed a priori subset; no score-based optimization
action_strength,visible_pusht_futures_2026-10-08,block,False,fixed_norm_offset,2,5,all5,5,0.8003306502525251,80.03306502525251,19.966934974747485,0.8229758522727273,82.29758522727273,-2.264520202020215,fixed a priori subset; no score-based optimization
action_strength,visible_pusht_futures_2026-10-08,block,False,fixed_norm_offset,2,5,coarsest3,3,1.0,100.0,0.0,0.9276893281776095,92.76893281776096,7.231067182239048,fixed a priori subset; no score-based optimization
action_strength,visible_pusht_futures_2026-10-08,block,False,fixed_norm_offset,2,5,finest3,3,0.6672177504208753,66.72177504208753,33.27822495791247,0.7166692971380472,71.66692971380472,-4.945154671717189,fixed a priori subset; no score-based optimization
action_strength,visible_pusht_futures_2026-10-08,block,False,fixed_norm_offset,2,10,all5,5,0.8002829071969696,80.02829071969695,19.971709280303042,0.7736639835858585,77.36639835858585,2.6618923611111067,fixed a priori subset; no score-based optimization
action_strength,visible_pusht_futures_2026-10-08,block,False,fixed_norm_offset,2,10,coarsest3,3,1.0,100.0,0.0,0.8589945680765992,85.89945680765993,14.100543192340076,fixed a priori subset; no score-based optimization
action_strength,visible_pusht_futures_2026-10-08,block,False,fixed_norm_offset,2,10,finest3,3,0.6671381786616162,66.71381786616162,33.28618213383838,0.6757588909932659,67.57588909932659,-0.8620712331649738,fixed a priori subset; no score-based optimization
action_strength,visible_pusht_futures_2026-10-08,block,False,fixed_norm_offset,2,15,all5,5,0.8006344696969696,80.06344696969695,19.93655303030304,0.7652985913825757,76.52985913825758,3.5335878314393887,fixed a priori subset; no score-based optimization
action_strength,visible_pusht_futures_2026-10-08,block,False,fixed_norm_offset,2,15,coarsest3,3,1.0,100.0,0.0,0.8407535642887205,84.07535642887206,15.92464357112795,fixed a priori subset; no score-based optimization
action_strength,visible_pusht_futures_2026-10-08,block,False,fixed_norm_offset,2,15,finest3,3,0.6677241161616161,66.7724116161616,33.227588383838395,0.6782695115214645,67.82695115214645,-1.0545395359848442,fixed a priori subset; no score-based optimization
action_strength,visible_pusht_futures_2026-10-08,block,False,fixed_norm_offset,2,20,all5,5,0.8006699810606062,80.06699810606062,19.933001893939384,0.7692955926452021,76.92955926452021,3.1374388415404075,fixed a priori subset; no score-based optimization
action_strength,visible_pusht_futures_2026-10-08,block,False,fixed_norm_offset,2,20,coarsest3,3,1.0,100.0,0.0,0.8411402435816498,84.11402435816498,15.885975641835016,fixed a priori subset; no score-based optimization
action_strength,visible_pusht_futures_2026-10-08,block,False,fixed_norm_offset,2,20,finest3,3,0.6677833017676768,66.77833017676768,33.221669823232325,0.6886217316393098,68.86217316393099,-2.083842987163309,fixed a priori subset; no score-based optimization
action_strength,visible_pusht_futures_2026-10-08,block,False,fixed_norm_offset,2,25,all5,5,0.8006707702020203,80.06707702020202,19.932922979797972,0.7766314512310607,77.66314512310608,2.4039318970959567,fixed a priori subset; no score-based optimization
action_strength,visible_pusht_futures_2026-10-08,block,False,fixed_norm_offset,2,25,coarsest3,3,1.0,100.0,0.0,0.8459770228324915,84.59770228324915,15.402297716750846,fixed a priori subset; no score-based optimization
action_strength,visible_pusht_futures_2026-10-08,block,False,fixed_norm_offset,2,25,finest3,3,0.6677846170033671,66.7784617003367,33.22153829966329,0.6991245462436869,69.91245462436869,-3.133992924031981,fixed a priori subset; no score-based optimization
action_strength,visible_pusht_futures_2026-10-08,block,False,fixed_norm_offset,32,5,all5,5,0.0053997001262626266,0.5399700126262627,99.46002998737373,0.8229758522727273,82.29758522727273,-81.75761521464646,fixed a priori subset; no score-based optimization
action_strength,visible_pusht_futures_2026-10-08,block,False,fixed_norm_offset,32,5,coarsest3,3,0.008999500210437711,0.8999500210437711,99.10004997895624,0.9276893281776095,92.76893281776096,-91.86898279671718,fixed a priori subset; no score-based optimization
action_strength,visible_pusht_futures_2026-10-08,block,False,fixed_norm_offset,32,5,finest3,3,0.0,0.0,100.0,0.7166692971380472,71.66692971380472,-71.66692971380472,fixed a priori subset; no score-based optimization
action_strength,visible_pusht_futures_2026-10-08,block,False,fixed_norm_offset,32,10,all5,5,0.007690577651515151,0.7690577651515151,99.23094223484848,0.7736639835858585,77.36639835858585,-76.59734059343434,fixed a priori subset; no score-based optimization
action_strength,visible_pusht_futures_2026-10-08,block,False,fixed_norm_offset,32,10,coarsest3,3,0.01281762941919192,1.281762941919192,98.7182370580808,0.8589945680765992,85.89945680765993,-84.61769386574073,fixed a priori subset; no score-based optimization
action_strength,visible_pusht_futures_2026-10-08,block,False,fixed_norm_offset,32,10,finest3,3,0.0,0.0,100.0,0.6757588909932659,67.57588909932659,-67.57588909932659,fixed a priori subset; no score-based optimization
action_strength,visible_pusht_futures_2026-10-08,block,False,fixed_norm_offset,32,15,all5,5,0.007283380681818182,0.7283380681818181,99.27166193181817,0.7652985913825757,76.52985913825758,-75.80152107007575,fixed a priori subset; no score-based optimization
action_strength,visible_pusht_futures_2026-10-08,block,False,fixed_norm_offset,32,15,coarsest3,3,0.012138967803030302,1.2138967803030303,98.78610321969697,0.8407535642887205,84.07535642887206,-82.86145964856902,fixed a priori subset; no score-based optimization
action_strength,visible_pusht_futures_2026-10-08,block,False,fixed_norm_offset,32,15,finest3,3,0.0,0.0,100.0,0.6782695115214645,67.82695115214645,-67.82695115214645,fixed a priori subset; no score-based optimization
action_strength,visible_pusht_futures_2026-10-08,block,False,fixed_norm_offset,32,20,all5,5,0.008255208333333333,0.8255208333333333,99.17447916666666,0.7692955926452021,76.92955926452021,-76.10403843118686,fixed a priori subset; no score-based optimization
action_strength,visible_pusht_futures_2026-10-08,block,False,fixed_norm_offset,32,20,coarsest3,3,0.013758680555555555,1.3758680555555556,98.62413194444444,0.8411402435816498,84.11402435816498,-82.73815630260944,fixed a priori subset; no score-based optimization
action_strength,visible_pusht_futures_2026-10-08,block,False,fixed_norm_offset,32,20,finest3,3,0.0,0.0,100.0,0.6886217316393098,68.86217316393099,-68.86217316393099,fixed a priori subset; no score-based optimization
action_strength,visible_pusht_futures_2026-10-08,block,False,fixed_norm_offset,32,25,all5,5,0.007551294191919193,0.7551294191919193,99.24487058080807,0.7766314512310607,77.66314512310608,-76.90801570391415,fixed a priori subset; no score-based optimization
action_strength,visible_pusht_futures_2026-10-08,block,False,fixed_norm_offset,32,25,coarsest3,3,0.012585490319865321,1.2585490319865322,98.74145096801347,0.8459770228324915,84.59770228324915,-83.33915325126262,fixed a priori subset; no score-based optimization
action_strength,visible_pusht_futures_2026-10-08,block,False,fixed_norm_offset,32,25,finest3,3,0.0,0.0,100.0,0.6991245462436869,69.91245462436869,-69.91245462436869,fixed a priori subset; no score-based optimization
action_strength,visible_pusht_futures_2026-10-08,block,False,fixed_norm_offset,4,5,all5,5,0.6005160984848485,60.05160984848486,39.94839015151514,0.8229758522727273,82.29758522727273,-22.245975378787875,fixed a priori subset; no score-based optimization
action_strength,visible_pusht_futures_2026-10-08,block,False,fixed_norm_offset,4,5,coarsest3,3,1.0,100.0,0.0,0.9276893281776095,92.76893281776096,7.231067182239048,fixed a priori subset; no score-based optimization
action_strength,visible_pusht_futures_2026-10-08,block,False,fixed_norm_offset,4,5,finest3,3,0.3341934974747475,33.419349747474755,66.58065025252525,0.7166692971380472,71.66692971380472,-38.247579966329965,fixed a priori subset; no score-based optimization
action_strength,visible_pusht_futures_2026-10-08,block,False,fixed_norm_offset,4,10,all5,5,0.6012839330808081,60.12839330808081,39.87160669191919,0.7736639835858585,77.36639835858585,-17.238005050505045,fixed a priori subset; no score-based optimization
action_strength,visible_pusht_futures_2026-10-08,block,False,fixed_norm_offset,4,10,coarsest3,3,1.0,100.0,0.0,0.8589945680765992,85.89945680765993,14.100543192340076,fixed a priori subset; no score-based optimization
action_strength,visible_pusht_futures_2026-10-08,block,False,fixed_norm_offset,4,10,finest3,3,0.3354732218013468,33.54732218013468,66.45267781986533,0.6757588909932659,67.57588909932659,-34.02856691919191,fixed a priori subset; no score-based optimization
action_strength,visible_pusht_futures_2026-10-08,block,False,fixed_norm_offset,4,15,all5,5,0.6012681502525252,60.126815025252526,39.873184974747474,0.7652985913825757,76.52985913825758,-16.40304411300505,fixed a priori subset; no score-based optimization
action_strength,visible_pusht_futures_2026-10-08,block,False,fixed_norm_offset,4,15,coarsest3,3,1.0,100.0,0.0,0.8407535642887205,84.07535642887206,15.92464357112795,fixed a priori subset; no score-based optimization
action_strength,visible_pusht_futures_2026-10-08,block,False,fixed_norm_offset,4,15,finest3,3,0.3354469170875421,33.54469170875421,66.4553082912458,0.6782695115214645,67.82695115214645,-34.28225944339224,fixed a priori subset; no score-based optimization
action_strength,visible_pusht_futures_2026-10-08,block,False,fixed_norm_offset,4,20,all5,5,0.6012918244949494,60.12918244949495,39.87081755050505,0.7692955926452021,76.92955926452021,-16.800376815025263,fixed a priori subset; no score-based optimization
action_strength,visible_pusht_futures_2026-10-08,block,False,fixed_norm_offset,4,20,coarsest3,3,1.0,100.0,0.0,0.8411402435816498,84.11402435816498,15.885975641835016,fixed a priori subset; no score-based optimization
action_strength,visible_pusht_futures_2026-10-08,block,False,fixed_norm_offset,4,20,finest3,3,0.33548637415824917,33.54863741582491,66.45136258417507,0.6886217316393098,68.86217316393099,-35.31353574810607,fixed a priori subset; no score-based optimization
action_strength,visible_pusht_futures_2026-10-08,block,False,fixed_norm_offset,4,25,all5,5,0.6011276830808081,60.11276830808081,39.88723169191919,0.7766314512310607,77.66314512310608,-17.55037681502526,fixed a priori subset; no score-based optimization
action_strength,visible_pusht_futures_2026-10-08,block,False,fixed_norm_offset,4,25,coarsest3,3,1.0,100.0,0.0,0.8459770228324915,84.59770228324915,15.402297716750846,fixed a priori subset; no score-based optimization
action_strength,visible_pusht_futures_2026-10-08,block,False,fixed_norm_offset,4,25,finest3,3,0.3352128051346801,33.521280513468014,66.47871948653199,0.6991245462436869,69.91245462436869,-36.39117411090068,fixed a priori subset; no score-based optimization
action_strength,visible_pusht_futures_2026-10-08,block,False,fixed_norm_offset,64,5,all5,5,0.0,0.0,100.0,0.8229758522727273,82.29758522727273,-82.29758522727273,fixed a priori subset; no score-based optimization
action_strength,visible_pusht_futures_2026-10-08,block,False,fixed_norm_offset,64,5,coarsest3,3,0.0,0.0,100.0,0.9276893281776095,92.76893281776096,-92.76893281776096,fixed a priori subset; no score-based optimization
action_strength,visible_pusht_futures_2026-10-08,block,False,fixed_norm_offset,64,5,finest3,3,0.0,0.0,100.0,0.7166692971380472,71.66692971380472,-71.66692971380472,fixed a priori subset; no score-based optimization
action_strength,visible_pusht_futures_2026-10-08,block,False,fixed_norm_offset,64,10,all5,5,0.0,0.0,100.0,0.7736639835858585,77.36639835858585,-77.36639835858585,fixed a priori subset; no score-based optimization
action_strength,visible_pusht_futures_2026-10-08,block,False,fixed_norm_offset,64,10,coarsest3,3,0.0,0.0,100.0,0.8589945680765992,85.89945680765993,-85.89945680765993,fixed a priori subset; no score-based optimization
action_strength,visible_pusht_futures_2026-10-08,block,False,fixed_norm_offset,64,10,finest3,3,0.0,0.0,100.0,0.6757588909932659,67.57588909932659,-67.57588909932659,fixed a priori subset; no score-based optimization
action_strength,visible_pusht_futures_2026-10-08,block,False,fixed_norm_offset,64,15,all5,5,0.0,0.0,100.0,0.7652985913825757,76.52985913825758,-76.52985913825758,fixed a priori subset; no score-based optimization
action_strength,visible_pusht_futures_2026-10-08,block,False,fixed_norm_offset,64,15,coarsest3,3,0.0,0.0,100.0,0.8407535642887205,84.07535642887206,-84.07535642887206,fixed a priori subset; no score-based optimization
action_strength,visible_pusht_futures_2026-10-08,block,False,fixed_norm_offset,64,15,finest3,3,0.0,0.0,100.0,0.6782695115214645,67.82695115214645,-67.82695115214645,fixed a priori subset; no score-based optimization
action_strength,visible_pusht_futures_2026-10-08,block,False,fixed_norm_offset,64,20,all5,5,0.0,0.0,100.0,0.7692955926452021,76.92955926452021,-76.92955926452021,fixed a priori subset; no score-based optimization
action_strength,visible_pusht_futures_2026-10-08,block,False,fixed_norm_offset,64,20,coarsest3,3,0.0,0.0,100.0,0.8411402435816498,84.11402435816498,-84.11402435816498,fixed a priori subset; no score-based optimization
action_strength,visible_pusht_futures_2026-10-08,block,False,fixed_norm_offset,64,20,finest3,3,0.0,0.0,100.0,0.6886217316393098,68.86217316393099,-68.86217316393099,fixed a priori subset; no score-based optimization
action_strength,visible_pusht_futures_2026-10-08,block,False,fixed_norm_offset,64,25,all5,5,0.0,0.0,100.0,0.7766314512310607,77.66314512310608,-77.66314512310608,fixed a priori subset; no score-based optimization
action_strength,visible_pusht_futures_2026-10-08,block,False,fixed_norm_offset,64,25,coarsest3,3,0.0,0.0,100.0,0.8459770228324915,84.59770228324915,-84.59770228324915,fixed a priori subset; no score-based optimization
action_strength,visible_pusht_futures_2026-10-08,block,False,fixed_norm_offset,64,25,finest3,3,0.0,0.0,100.0,0.6991245462436869,69.91245462436869,-69.91245462436869,fixed a priori subset; no score-based optimization
action_strength,visible_pusht_futures_2026-10-08,block,False,fixed_norm_offset,8,5,all5,5,0.4011375473484849,40.11375473484849,59.886245265151516,0.8229758522727273,82.29758522727273,-42.18383049242424,fixed a priori subset; no score-based optimization
action_strength,visible_pusht_futures_2026-10-08,block,False,fixed_norm_offset,8,5,coarsest3,3,0.6685625789141415,66.85625789141415,33.14374210858585,0.9276893281776095,92.76893281776096,-25.912674926346803,fixed a priori subset; no score-based optimization
action_strength,visible_pusht_futures_2026-10-08,block,False,fixed_norm_offset,8,5,finest3,3,0.0018959122474747475,0.18959122474747475,99.81040877525253,0.7166692971380472,71.66692971380472,-71.47733848905725,fixed a priori subset; no score-based optimization
action_strength,visible_pusht_futures_2026-10-08,block,False,fixed_norm_offset,8,10,all5,5,0.40278803661616164,40.278803661616166,59.72119633838384,0.7736639835858585,77.36639835858585,-37.08759469696969,fixed a priori subset; no score-based optimization
action_strength,visible_pusht_futures_2026-10-08,block,False,fixed_norm_offset,8,10,coarsest3,3,0.6713133943602694,67.13133943602693,32.868660563973066,0.8589945680765992,85.89945680765993,-18.768117371632986,fixed a priori subset; no score-based optimization
action_strength,visible_pusht_futures_2026-10-08,block,False,fixed_norm_offset,8,10,finest3,3,0.004646727693602693,0.46467276936026936,99.53532723063972,0.6757588909932659,67.57588909932659,-67.11121632996631,fixed a priori subset; no score-based optimization
action_strength,visible_pusht_futures_2026-10-08,block,False,fixed_norm_offset,8,15,all5,5,0.40218828914141413,40.21882891414141,59.78117108585859,0.7652985913825757,76.52985913825758,-36.31103022411616,fixed a priori subset; no score-based optimization
action_strength,visible_pusht_futures_2026-10-08,block,False,fixed_norm_offset,8,15,coarsest3,3,0.6703138152356902,67.03138152356902,32.968618476430976,0.8407535642887205,84.07535642887206,-17.043974905303028,fixed a priori subset; no score-based optimization
action_strength,visible_pusht_futures_2026-10-08,block,False,fixed_norm_offset,8,15,finest3,3,0.0036471485690235694,0.36471485690235694,99.63528514309765,0.6782695115214645,67.82695115214645,-67.4622362952441,fixed a priori subset; no score-based optimization
action_strength,visible_pusht_futures_2026-10-08,block,False,fixed_norm_offset,8,20,all5,5,0.402477509469697,40.2477509469697,59.75224905303029,0.7692955926452021,76.92955926452021,-36.681808317550505,fixed a priori subset; no score-based optimization
action_strength,visible_pusht_futures_2026-10-08,block,False,fixed_norm_offset,8,20,coarsest3,3,0.6707958491161617,67.07958491161618,32.92041508838383,0.8411402435816498,84.11402435816498,-17.03443944654881,fixed a priori subset; no score-based optimization
action_strength,visible_pusht_futures_2026-10-08,block,False,fixed_norm_offset,8,20,finest3,3,0.004129182449494949,0.4129182449494949,99.5870817550505,0.6886217316393098,68.86217316393099,-68.4492549189815,fixed a priori subset; no score-based optimization
action_strength,visible_pusht_futures_2026-10-08,block,False,fixed_norm_offset,8,25,all5,5,0.4022423453282828,40.22423453282828,59.775765467171716,0.7766314512310607,77.66314512310608,-37.43891059027779,fixed a priori subset; no score-based optimization
action_strength,visible_pusht_futures_2026-10-08,block,False,fixed_norm_offset,8,25,coarsest3,3,0.6704039088804713,67.04039088804713,32.95960911195287,0.8459770228324915,84.59770228324915,-17.557311395202024,fixed a priori subset; no score-based optimization
action_strength,visible_pusht_futures_2026-10-08,block,False,fixed_norm_offset,8,25,finest3,3,0.003737242213804714,0.3737242213804714,99.62627577861953,0.6991245462436869,69.91245462436869,-69.53873040298822,fixed a priori subset; no score-based optimization
action_strength,visible_pusht_futures_2026-10-08,block,False,temporal_lag_prepend_current,one_horizon,5,all5,5,0.5721187460542929,57.211874605429294,42.788125394570706,0.8229758522727273,82.29758522727273,-25.08571062184344,fixed a priori subset; no score-based optimization
action_strength,visible_pusht_futures_2026-10-08,block,False,temporal_lag_prepend_current,one_horizon,5,coarsest3,3,0.7143549755366161,71.4354975536616,28.56450244633839,0.9276893281776095,92.76893281776096,-21.333435264099343,fixed a priori subset; no score-based optimization
action_strength,visible_pusht_futures_2026-10-08,block,False,temporal_lag_prepend_current,one_horizon,5,finest3,3,0.41344795612373736,41.34479561237374,58.655204387626256,0.7166692971380472,71.66692971380472,-30.32213410143098,fixed a priori subset; no score-based optimization
action_strength,visible_pusht_futures_2026-10-08,block,False,temporal_lag_prepend_current,one_horizon,10,all5,5,0.5936016414141415,59.36016414141415,40.63983585858585,0.7736639835858585,77.36639835858585,-18.006234217171702,fixed a priori subset; no score-based optimization
action_strength,visible_pusht_futures_2026-10-08,block,False,temporal_lag_prepend_current,one_horizon,10,coarsest3,3,0.6994908393834175,69.94908393834174,30.05091606165825,0.8589945680765992,85.89945680765993,-15.950372869318175,fixed a priori subset; no score-based optimization
action_strength,visible_pusht_futures_2026-10-08,block,False,temporal_lag_prepend_current,one_horizon,10,finest3,3,0.468995291456229,46.8995291456229,53.1004708543771,0.6757588909932659,67.57588909932659,-20.676359953703695,fixed a priori subset; no score-based optimization
action_strength,visible_pusht_futures_2026-10-08,block,False,temporal_lag_prepend_current,one_horizon,15,all5,5,0.7047529987373738,70.47529987373738,29.524700126262616,0.7652985913825757,76.52985913825758,-6.054559264520187,fixed a priori subset; no score-based optimization
action_strength,visible_pusht_futures_2026-10-08,block,False,temporal_lag_prepend_current,one_horizon,15,coarsest3,3,0.791042094118266,79.1042094118266,20.8957905881734,0.8407535642887205,84.07535642887206,-4.9711470170454515,fixed a priori subset; no score-based optimization
action_strength,visible_pusht_futures_2026-10-08,block,False,temporal_lag_prepend_current,one_horizon,15,finest3,3,0.6021990740740741,60.21990740740741,39.78009259259259,0.6782695115214645,67.82695115214645,-7.607043744739039,fixed a priori subset; no score-based optimization
action_strength,visible_pusht_futures_2026-10-08,block,False,temporal_lag_prepend_current,one_horizon,20,all5,5,0.7992370975378786,79.92370975378786,20.076290246212135,0.7692955926452021,76.92955926452021,2.994150489267655,fixed a priori subset; no score-based optimization
action_strength,visible_pusht_futures_2026-10-08,block,False,temporal_lag_prepend_current,one_horizon,20,coarsest3,3,0.864614898989899,86.4614898989899,13.538510101010104,0.8411402435816498,84.11402435816498,2.347465540824911,fixed a priori subset; no score-based optimization
action_strength,visible_pusht_futures_2026-10-08,block,False,temporal_lag_prepend_current,one_horizon,20,finest3,3,0.7230024857954546,72.30024857954545,27.699751420454543,0.6886217316393098,68.86217316393099,3.438075415614472,fixed a priori subset; no score-based optimization
action_strength,visible_pusht_futures_2026-10-08,block,False,temporal_lag_prepend_current,one_horizon,25,all5,5,0.8713733033459597,87.13733033459597,12.862669665404026,0.7766314512310607,77.66314512310608,9.474185211489905,fixed a priori subset; no score-based optimization
action_strength,visible_pusht_futures_2026-10-08,block,False,temporal_lag_prepend_current,one_horizon,25,coarsest3,3,0.9178760258838383,91.78760258838383,8.212397411616168,0.8459770228324915,84.59770228324915,7.189900305134678,fixed a priori subset; no score-based optimization
action_strength,visible_pusht_futures_2026-10-08,block,False,temporal_lag_prepend_current,one_horizon,25,finest3,3,0.81943359375,81.943359375,18.056640624999996,0.6991245462436869,69.91245462436869,12.030904750631311,fixed a priori subset; no score-based optimization
action_strength,visible_pusht_futures_2026-10-08,block,False,wrong_condition_true_future,cyclic_shift_by_1,5,all5,5,0.4918274542297979,49.18274542297979,50.81725457702021,0.8229758522727273,82.29758522727273,-33.11483980429294,fixed a priori subset; no score-based optimization
action_strength,visible_pusht_futures_2026-10-08,block,False,wrong_condition_true_future,cyclic_shift_by_1,5,coarsest3,3,0.6495544639099327,64.95544639099326,35.04455360900673,0.9276893281776095,92.76893281776096,-27.813486426767685,fixed a priori subset; no score-based optimization
action_strength,visible_pusht_futures_2026-10-08,block,False,wrong_condition_true_future,cyclic_shift_by_1,5,finest3,3,0.2976671006944444,29.76671006944444,70.23328993055556,0.7166692971380472,71.66692971380472,-41.90021964436028,fixed a priori subset; no score-based optimization
action_strength,visible_pusht_futures_2026-10-08,block,False,wrong_condition_true_future,cyclic_shift_by_1,10,all5,5,0.4008820628156565,40.088206281565654,59.911793718434346,0.7736639835858585,77.36639835858585,-37.2781920770202,fixed a priori subset; no score-based optimization
action_strength,visible_pusht_futures_2026-10-08,block,False,wrong_condition_true_future,cyclic_shift_by_1,10,coarsest3,3,0.5085217408459596,50.85217408459596,49.14782591540404,0.8589945680765992,85.89945680765993,-35.047282723063965,fixed a priori subset; no score-based optimization
action_strength,visible_pusht_futures_2026-10-08,block,False,wrong_condition_true_future,cyclic_shift_by_1,10,finest3,3,0.26775206492003367,26.775206492003367,73.22479350799664,0.6757588909932659,67.57588909932659,-40.800682607323225,fixed a priori subset; no score-based optimization
action_strength,visible_pusht_futures_2026-10-08,block,False,wrong_condition_true_future,cyclic_shift_by_1,15,all5,5,0.39772056502525255,39.77205650252525,60.22794349747475,0.7652985913825757,76.52985913825758,-36.75780263573232,fixed a priori subset; no score-based optimization
action_strength,visible_pusht_futures_2026-10-08,block,False,wrong_condition_true_future,cyclic_shift_by_1,15,coarsest3,3,0.4950060500841751,49.50060500841751,50.49939499158249,0.8407535642887205,84.07535642887206,-34.57475142045454,fixed a priori subset; no score-based optimization
action_strength,visible_pusht_futures_2026-10-08,block,False,wrong_condition_true_future,cyclic_shift_by_1,15,finest3,3,0.2801320496632997,28.01320496632997,71.98679503367002,0.6782695115214645,67.82695115214645,-39.813746185816484,fixed a priori subset; no score-based optimization
action_strength,visible_pusht_futures_2026-10-08,block,False,wrong_condition_true_future,cyclic_shift_by_1,20,all5,5,0.4119022253787879,41.19022253787879,58.80977746212122,0.7692955926452021,76.92955926452021,-35.73933672664142,fixed a priori subset; no score-based optimization
action_strength,visible_pusht_futures_2026-10-08,block,False,wrong_condition_true_future,cyclic_shift_by_1,20,coarsest3,3,0.5115083122895623,51.15083122895623,48.84916877104377,0.8411402435816498,84.11402435816498,-32.963193129208754,fixed a priori subset; no score-based optimization
action_strength,visible_pusht_futures_2026-10-08,block,False,wrong_condition_true_future,cyclic_shift_by_1,20,finest3,3,0.2947587857744108,29.47587857744108,70.52412142255892,0.6886217316393098,68.86217316393099,-39.3862945864899,fixed a priori subset; no score-based optimization
action_strength,visible_pusht_futures_2026-10-08,block,False,wrong_condition_true_future,cyclic_shift_by_1,25,all5,5,0.4296223958333334,42.96223958333334,57.03776041666666,0.7766314512310607,77.66314512310608,-34.700905539772734,fixed a priori subset; no score-based optimization
action_strength,visible_pusht_futures_2026-10-08,block,False,wrong_condition_true_future,cyclic_shift_by_1,25,coarsest3,3,0.5291298400673401,52.91298400673401,47.08701599326599,0.8459770228324915,84.59770228324915,-31.684718276515145,fixed a priori subset; no score-based optimization
action_strength,visible_pusht_futures_2026-10-08,block,False,wrong_condition_true_future,cyclic_shift_by_1,25,finest3,3,0.3140809132996633,31.408091329966332,68.59190867003366,0.6991245462436869,69.91245462436869,-38.50436329440236,fixed a priori subset; no score-based optimization
contact_friction,visible_pusht_futures_2026-10-08,agent,False,condition_mean_common_privileged,mean_across_hidden_conditions,5,all5,5,1.0,100.0,0.0,1.0,100.0,0.0,fixed a priori subset; no score-based optimization
contact_friction,visible_pusht_futures_2026-10-08,agent,False,condition_mean_common_privileged,mean_across_hidden_conditions,5,coarsest3,3,1.0,100.0,0.0,1.0,100.0,0.0,fixed a priori subset; no score-based optimization
contact_friction,visible_pusht_futures_2026-10-08,agent,False,condition_mean_common_privileged,mean_across_hidden_conditions,5,finest3,3,1.0,100.0,0.0,1.0,100.0,0.0,fixed a priori subset; no score-based optimization
contact_friction,visible_pusht_futures_2026-10-08,agent,False,condition_mean_common_privileged,mean_across_hidden_conditions,10,all5,5,1.0,100.0,0.0,1.0,100.0,0.0,fixed a priori subset; no score-based optimization
contact_friction,visible_pusht_futures_2026-10-08,agent,False,condition_mean_common_privileged,mean_across_hidden_conditions,10,coarsest3,3,1.0,100.0,0.0,1.0,100.0,0.0,fixed a priori subset; no score-based optimization
contact_friction,visible_pusht_futures_2026-10-08,agent,False,condition_mean_common_privileged,mean_across_hidden_conditions,10,finest3,3,1.0,100.0,0.0,1.0,100.0,0.0,fixed a priori subset; no score-based optimization
contact_friction,visible_pusht_futures_2026-10-08,agent,False,condition_mean_common_privileged,mean_across_hidden_conditions,15,all5,5,1.0,100.0,0.0,1.0,100.0,0.0,fixed a priori subset; no score-based optimization
contact_friction,visible_pusht_futures_2026-10-08,agent,False,condition_mean_common_privileged,mean_across_hidden_conditions,15,coarsest3,3,1.0,100.0,0.0,1.0,100.0,0.0,fixed a priori subset; no score-based optimization
contact_friction,visible_pusht_futures_2026-10-08,agent,False,condition_mean_common_privileged,mean_across_hidden_conditions,15,finest3,3,1.0,100.0,0.0,1.0,100.0,0.0,fixed a priori subset; no score-based optimization
contact_friction,visible_pusht_futures_2026-10-08,agent,False,condition_mean_common_privileged,mean_across_hidden_conditions,20,all5,5,1.0,100.0,0.0,1.0,100.0,0.0,fixed a priori subset; no score-based optimization
contact_friction,visible_pusht_futures_2026-10-08,agent,False,condition_mean_common_privileged,mean_across_hidden_conditions,20,coarsest3,3,1.0,100.0,0.0,1.0,100.0,0.0,fixed a priori subset; no score-based optimization
contact_friction,visible_pusht_futures_2026-10-08,agent,False,condition_mean_common_privileged,mean_across_hidden_conditions,20,finest3,3,1.0,100.0,0.0,1.0,100.0,0.0,fixed a priori subset; no score-based optimization
contact_friction,visible_pusht_futures_2026-10-08,agent,False,condition_mean_common_privileged,mean_across_hidden_conditions,25,all5,5,1.0,100.0,0.0,1.0,100.0,0.0,fixed a priori subset; no score-based optimization
contact_friction,visible_pusht_futures_2026-10-08,agent,False,condition_mean_common_privileged,mean_across_hidden_conditions,25,coarsest3,3,1.0,100.0,0.0,1.0,100.0,0.0,fixed a priori subset; no score-based optimization
contact_friction,visible_pusht_futures_2026-10-08,agent,False,condition_mean_common_privileged,mean_across_hidden_conditions,25,finest3,3,1.0,100.0,0.0,1.0,100.0,0.0,fixed a priori subset; no score-based optimization
contact_friction,visible_pusht_futures_2026-10-08,agent,False,current_state_displacement_scale,0,5,all5,5,0.257868529040404,25.7868529040404,74.2131470959596,1.0,100.0,-74.2131470959596,fixed a priori subset; no score-based optimization
contact_friction,visible_pusht_futures_2026-10-08,agent,False,current_state_displacement_scale,0,5,coarsest3,3,0.366707438973064,36.6707438973064,63.3292561026936,1.0,100.0,-63.3292561026936,fixed a priori subset; no score-based optimization
contact_friction,visible_pusht_futures_2026-10-08,agent,False,current_state_displacement_scale,0,5,finest3,3,0.09472853535353537,9.472853535353536,90.52714646464646,1.0,100.0,-90.52714646464646,fixed a priori subset; no score-based optimization
contact_friction,visible_pusht_futures_2026-10-08,agent,False,current_state_displacement_scale,0,10,all5,5,0.22898910984848486,22.898910984848484,77.10108901515152,1.0,100.0,-77.10108901515152,fixed a priori subset; no score-based optimization
contact_friction,visible_pusht_futures_2026-10-08,agent,False,current_state_displacement_scale,0,10,coarsest3,3,0.2555016308922559,25.55016308922559,74.44983691077441,1.0,100.0,-74.44983691077441,fixed a priori subset; no score-based optimization
contact_friction,visible_pusht_futures_2026-10-08,agent,False,current_state_displacement_scale,0,10,finest3,3,0.1892203282828283,18.92203282828283,81.07796717171716,1.0,100.0,-81.07796717171716,fixed a priori subset; no score-based optimization
contact_friction,visible_pusht_futures_2026-10-08,agent,False,current_state_displacement_scale,0,15,all5,5,0.11801373106060606,11.801373106060606,88.19862689393939,1.0,100.0,-88.19862689393939,fixed a priori subset; no score-based optimization
contact_friction,visible_pusht_futures_2026-10-08,agent,False,current_state_displacement_scale,0,15,coarsest3,3,0.133616109006734,13.361610900673401,86.6383890993266,1.0,100.0,-86.6383890993266,fixed a priori subset; no score-based optimization
contact_friction,visible_pusht_futures_2026-10-08,agent,False,current_state_displacement_scale,0,15,finest3,3,0.09461016414141415,9.461016414141415,90.53898358585859,1.0,100.0,-90.53898358585859,fixed a priori subset; no score-based optimization
contact_friction,visible_pusht_futures_2026-10-08,agent,False,current_state_displacement_scale,0,20,all5,5,0.11360321969696971,11.36032196969697,88.63967803030303,1.0,100.0,-88.63967803030303,fixed a priori subset; no score-based optimization
contact_friction,visible_pusht_futures_2026-10-08,agent,False,current_state_displacement_scale,0,20,coarsest3,3,0.12626525673400676,12.626525673400677,87.37347432659932,1.0,100.0,-87.37347432659932,fixed a priori subset; no score-based optimization
contact_friction,visible_pusht_futures_2026-10-08,agent,False,current_state_displacement_scale,0,20,finest3,3,0.09461016414141415,9.461016414141415,90.53898358585859,1.0,100.0,-90.53898358585859,fixed a priori subset; no score-based optimization
contact_friction,visible_pusht_futures_2026-10-08,agent,False,current_state_displacement_scale,0,25,all5,5,0.11360321969696971,11.36032196969697,88.63967803030303,1.0,100.0,-88.63967803030303,fixed a priori subset; no score-based optimization
contact_friction,visible_pusht_futures_2026-10-08,agent,False,current_state_displacement_scale,0,25,coarsest3,3,0.12626525673400676,12.626525673400677,87.37347432659932,1.0,100.0,-87.37347432659932,fixed a priori subset; no score-based optimization
contact_friction,visible_pusht_futures_2026-10-08,agent,False,current_state_displacement_scale,0,25,finest3,3,0.09461016414141415,9.461016414141415,90.53898358585859,1.0,100.0,-90.53898358585859,fixed a priori subset; no score-based optimization
contact_friction,visible_pusht_futures_2026-10-08,agent,False,current_state_displacement_scale,0.5,5,all5,5,0.43894649621212123,43.894649621212125,56.105350378787875,1.0,100.0,-56.105350378787875,fixed a priori subset; no score-based optimization
contact_friction,visible_pusht_futures_2026-10-08,agent,False,current_state_displacement_scale,0.5,5,coarsest3,3,0.6683856797138047,66.83856797138047,33.16143202861953,1.0,100.0,-33.16143202861953,fixed a priori subset; no score-based optimization
contact_friction,visible_pusht_futures_2026-10-08,agent,False,current_state_displacement_scale,0.5,5,finest3,3,0.13136705597643097,13.136705597643097,86.8632944023569,1.0,100.0,-86.8632944023569,fixed a priori subset; no score-based optimization
contact_friction,visible_pusht_futures_2026-10-08,agent,False,current_state_displacement_scale,0.5,10,all5,5,0.35127130681818186,35.12713068181819,64.87286931818181,1.0,100.0,-64.87286931818181,fixed a priori subset; no score-based optimization
contact_friction,visible_pusht_futures_2026-10-08,agent,False,current_state_displacement_scale,0.5,10,coarsest3,3,0.45930529250841756,45.93052925084176,54.06947074915824,1.0,100.0,-54.06947074915824,fixed a priori subset; no score-based optimization
contact_friction,visible_pusht_futures_2026-10-08,agent,False,current_state_displacement_scale,0.5,10,finest3,3,0.1892203282828283,18.92203282828283,81.07796717171716,1.0,100.0,-81.07796717171716,fixed a priori subset; no score-based optimization
contact_friction,visible_pusht_futures_2026-10-08,agent,False,current_state_displacement_scale,0.5,15,all5,5,0.19821890782828283,19.821890782828284,80.17810921717172,1.0,100.0,-80.17810921717172,fixed a priori subset; no score-based optimization
contact_friction,visible_pusht_futures_2026-10-08,agent,False,current_state_displacement_scale,0.5,15,coarsest3,3,0.2672914036195286,26.729140361952858,73.27085963804714,1.0,100.0,-73.27085963804714,fixed a priori subset; no score-based optimization
contact_friction,visible_pusht_futures_2026-10-08,agent,False,current_state_displacement_scale,0.5,15,finest3,3,0.09472853535353537,9.472853535353536,90.52714646464646,1.0,100.0,-90.52714646464646,fixed a priori subset; no score-based optimization
contact_friction,visible_pusht_futures_2026-10-08,agent,False,current_state_displacement_scale,0.5,20,all5,5,0.17485795454545455,17.485795454545457,82.51420454545455,1.0,100.0,-82.51420454545455,fixed a priori subset; no score-based optimization
contact_friction,visible_pusht_futures_2026-10-08,agent,False,current_state_displacement_scale,0.5,20,coarsest3,3,0.2283564814814815,22.83564814814815,77.16435185185185,1.0,100.0,-77.16435185185185,fixed a priori subset; no score-based optimization
contact_friction,visible_pusht_futures_2026-10-08,agent,False,current_state_displacement_scale,0.5,20,finest3,3,0.09461016414141415,9.461016414141415,90.53898358585859,1.0,100.0,-90.53898358585859,fixed a priori subset; no score-based optimization
contact_friction,visible_pusht_futures_2026-10-08,agent,False,current_state_displacement_scale,0.5,25,all5,5,0.15450836489898986,15.450836489898986,84.54916351010101,1.0,100.0,-84.54916351010101,fixed a priori subset; no score-based optimization
contact_friction,visible_pusht_futures_2026-10-08,agent,False,current_state_displacement_scale,0.5,25,coarsest3,3,0.1944404987373737,19.44404987373737,80.55595012626263,1.0,100.0,-80.55595012626263,fixed a priori subset; no score-based optimization
contact_friction,visible_pusht_futures_2026-10-08,agent,False,current_state_displacement_scale,0.5,25,finest3,3,0.09461016414141415,9.461016414141415,90.53898358585859,1.0,100.0,-90.53898358585859,fixed a priori subset; no score-based optimization
contact_friction,visible_pusht_futures_2026-10-08,agent,False,current_state_displacement_scale,1,5,all5,5,1.0,100.0,0.0,1.0,100.0,0.0,fixed a priori subset; no score-based optimization
contact_friction,visible_pusht_futures_2026-10-08,agent,False,current_state_displacement_scale,1,5,coarsest3,3,1.0,100.0,0.0,1.0,100.0,0.0,fixed a priori subset; no score-based optimization
contact_friction,visible_pusht_futures_2026-10-08,agent,False,current_state_displacement_scale,1,5,finest3,3,1.0,100.0,0.0,1.0,100.0,0.0,fixed a priori subset; no score-based optimization
contact_friction,visible_pusht_futures_2026-10-08,agent,False,current_state_displacement_scale,1,10,all5,5,1.0,100.0,0.0,1.0,100.0,0.0,fixed a priori subset; no score-based optimization
contact_friction,visible_pusht_futures_2026-10-08,agent,False,current_state_displacement_scale,1,10,coarsest3,3,1.0,100.0,0.0,1.0,100.0,0.0,fixed a priori subset; no score-based optimization
contact_friction,visible_pusht_futures_2026-10-08,agent,False,current_state_displacement_scale,1,10,finest3,3,1.0,100.0,0.0,1.0,100.0,0.0,fixed a priori subset; no score-based optimization
contact_friction,visible_pusht_futures_2026-10-08,agent,False,current_state_displacement_scale,1,15,all5,5,1.0,100.0,0.0,1.0,100.0,0.0,fixed a priori subset; no score-based optimization
contact_friction,visible_pusht_futures_2026-10-08,agent,False,current_state_displacement_scale,1,15,coarsest3,3,1.0,100.0,0.0,1.0,100.0,0.0,fixed a priori subset; no score-based optimization
contact_friction,visible_pusht_futures_2026-10-08,agent,False,current_state_displacement_scale,1,15,finest3,3,1.0,100.0,0.0,1.0,100.0,0.0,fixed a priori subset; no score-based optimization
contact_friction,visible_pusht_futures_2026-10-08,agent,False,current_state_displacement_scale,1,20,all5,5,1.0,100.0,0.0,1.0,100.0,0.0,fixed a priori subset; no score-based optimization
contact_friction,visible_pusht_futures_2026-10-08,agent,False,current_state_displacement_scale,1,20,coarsest3,3,1.0,100.0,0.0,1.0,100.0,0.0,fixed a priori subset; no score-based optimization
contact_friction,visible_pusht_futures_2026-10-08,agent,False,current_state_displacement_scale,1,20,finest3,3,1.0,100.0,0.0,1.0,100.0,0.0,fixed a priori subset; no score-based optimization
contact_friction,visible_pusht_futures_2026-10-08,agent,False,current_state_displacement_scale,1,25,all5,5,1.0,100.0,0.0,1.0,100.0,0.0,fixed a priori subset; no score-based optimization
contact_friction,visible_pusht_futures_2026-10-08,agent,False,current_state_displacement_scale,1,25,coarsest3,3,1.0,100.0,0.0,1.0,100.0,0.0,fixed a priori subset; no score-based optimization
contact_friction,visible_pusht_futures_2026-10-08,agent,False,current_state_displacement_scale,1,25,finest3,3,1.0,100.0,0.0,1.0,100.0,0.0,fixed a priori subset; no score-based optimization
contact_friction,visible_pusht_futures_2026-10-08,agent,False,current_state_displacement_scale,1.5,5,all5,5,0.43894649621212123,43.894649621212125,56.105350378787875,1.0,100.0,-56.105350378787875,fixed a priori subset; no score-based optimization
contact_friction,visible_pusht_futures_2026-10-08,agent,False,current_state_displacement_scale,1.5,5,coarsest3,3,0.6683856797138047,66.83856797138047,33.16143202861953,1.0,100.0,-33.16143202861953,fixed a priori subset; no score-based optimization
contact_friction,visible_pusht_futures_2026-10-08,agent,False,current_state_displacement_scale,1.5,5,finest3,3,0.13136705597643097,13.136705597643097,86.8632944023569,1.0,100.0,-86.8632944023569,fixed a priori subset; no score-based optimization
contact_friction,visible_pusht_futures_2026-10-08,agent,False,current_state_displacement_scale,1.5,10,all5,5,0.35127130681818186,35.12713068181819,64.87286931818181,1.0,100.0,-64.87286931818181,fixed a priori subset; no score-based optimization
contact_friction,visible_pusht_futures_2026-10-08,agent,False,current_state_displacement_scale,1.5,10,coarsest3,3,0.45930529250841756,45.93052925084176,54.06947074915824,1.0,100.0,-54.06947074915824,fixed a priori subset; no score-based optimization
contact_friction,visible_pusht_futures_2026-10-08,agent,False,current_state_displacement_scale,1.5,10,finest3,3,0.1892203282828283,18.92203282828283,81.07796717171716,1.0,100.0,-81.07796717171716,fixed a priori subset; no score-based optimization
contact_friction,visible_pusht_futures_2026-10-08,agent,False,current_state_displacement_scale,1.5,15,all5,5,0.19821890782828283,19.821890782828284,80.17810921717172,1.0,100.0,-80.17810921717172,fixed a priori subset; no score-based optimization
contact_friction,visible_pusht_futures_2026-10-08,agent,False,current_state_displacement_scale,1.5,15,coarsest3,3,0.2672914036195286,26.729140361952858,73.27085963804714,1.0,100.0,-73.27085963804714,fixed a priori subset; no score-based optimization
contact_friction,visible_pusht_futures_2026-10-08,agent,False,current_state_displacement_scale,1.5,15,finest3,3,0.09472853535353537,9.472853535353536,90.52714646464646,1.0,100.0,-90.52714646464646,fixed a priori subset; no score-based optimization
contact_friction,visible_pusht_futures_2026-10-08,agent,False,current_state_displacement_scale,1.5,20,all5,5,0.17485795454545455,17.485795454545457,82.51420454545455,1.0,100.0,-82.51420454545455,fixed a priori subset; no score-based optimization
contact_friction,visible_pusht_futures_2026-10-08,agent,False,current_state_displacement_scale,1.5,20,coarsest3,3,0.2283564814814815,22.83564814814815,77.16435185185185,1.0,100.0,-77.16435185185185,fixed a priori subset; no score-based optimization
contact_friction,visible_pusht_futures_2026-10-08,agent,False,current_state_displacement_scale,1.5,20,finest3,3,0.09461016414141415,9.461016414141415,90.53898358585859,1.0,100.0,-90.53898358585859,fixed a priori subset; no score-based optimization
contact_friction,visible_pusht_futures_2026-10-08,agent,False,current_state_displacement_scale,1.5,25,all5,5,0.15450836489898986,15.450836489898986,84.54916351010101,1.0,100.0,-84.54916351010101,fixed a priori subset; no score-based optimization
contact_friction,visible_pusht_futures_2026-10-08,agent,False,current_state_displacement_scale,1.5,25,coarsest3,3,0.1944404987373737,19.44404987373737,80.55595012626263,1.0,100.0,-80.55595012626263,fixed a priori subset; no score-based optimization
contact_friction,visible_pusht_futures_2026-10-08,agent,False,current_state_displacement_scale,1.5,25,finest3,3,0.09461016414141415,9.461016414141415,90.53898358585859,1.0,100.0,-90.53898358585859,fixed a priori subset; no score-based optimization
contact_friction,visible_pusht_futures_2026-10-08,agent,False,current_state_displacement_scale,2,5,all5,5,0.257868529040404,25.7868529040404,74.2131470959596,1.0,100.0,-74.2131470959596,fixed a priori subset; no score-based optimization
contact_friction,visible_pusht_futures_2026-10-08,agent,False,current_state_displacement_scale,2,5,coarsest3,3,0.366707438973064,36.6707438973064,63.3292561026936,1.0,100.0,-63.3292561026936,fixed a priori subset; no score-based optimization
contact_friction,visible_pusht_futures_2026-10-08,agent,False,current_state_displacement_scale,2,5,finest3,3,0.09472853535353537,9.472853535353536,90.52714646464646,1.0,100.0,-90.52714646464646,fixed a priori subset; no score-based optimization
contact_friction,visible_pusht_futures_2026-10-08,agent,False,current_state_displacement_scale,2,10,all5,5,0.22898910984848486,22.898910984848484,77.10108901515152,1.0,100.0,-77.10108901515152,fixed a priori subset; no score-based optimization
contact_friction,visible_pusht_futures_2026-10-08,agent,False,current_state_displacement_scale,2,10,coarsest3,3,0.2555016308922559,25.55016308922559,74.44983691077441,1.0,100.0,-74.44983691077441,fixed a priori subset; no score-based optimization
contact_friction,visible_pusht_futures_2026-10-08,agent,False,current_state_displacement_scale,2,10,finest3,3,0.1892203282828283,18.92203282828283,81.07796717171716,1.0,100.0,-81.07796717171716,fixed a priori subset; no score-based optimization
contact_friction,visible_pusht_futures_2026-10-08,agent,False,current_state_displacement_scale,2,15,all5,5,0.11801373106060606,11.801373106060606,88.19862689393939,1.0,100.0,-88.19862689393939,fixed a priori subset; no score-based optimization
contact_friction,visible_pusht_futures_2026-10-08,agent,False,current_state_displacement_scale,2,15,coarsest3,3,0.133616109006734,13.361610900673401,86.6383890993266,1.0,100.0,-86.6383890993266,fixed a priori subset; no score-based optimization
contact_friction,visible_pusht_futures_2026-10-08,agent,False,current_state_displacement_scale,2,15,finest3,3,0.09461016414141415,9.461016414141415,90.53898358585859,1.0,100.0,-90.53898358585859,fixed a priori subset; no score-based optimization
contact_friction,visible_pusht_futures_2026-10-08,agent,False,current_state_displacement_scale,2,20,all5,5,0.11360321969696971,11.36032196969697,88.63967803030303,1.0,100.0,-88.63967803030303,fixed a priori subset; no score-based optimization
contact_friction,visible_pusht_futures_2026-10-08,agent,False,current_state_displacement_scale,2,20,coarsest3,3,0.12626525673400676,12.626525673400677,87.37347432659932,1.0,100.0,-87.37347432659932,fixed a priori subset; no score-based optimization
contact_friction,visible_pusht_futures_2026-10-08,agent,False,current_state_displacement_scale,2,20,finest3,3,0.09461016414141415,9.461016414141415,90.53898358585859,1.0,100.0,-90.53898358585859,fixed a priori subset; no score-based optimization
contact_friction,visible_pusht_futures_2026-10-08,agent,False,current_state_displacement_scale,2,25,all5,5,0.11360321969696971,11.36032196969697,88.63967803030303,1.0,100.0,-88.63967803030303,fixed a priori subset; no score-based optimization
contact_friction,visible_pusht_futures_2026-10-08,agent,False,current_state_displacement_scale,2,25,coarsest3,3,0.12626525673400676,12.626525673400677,87.37347432659932,1.0,100.0,-87.37347432659932,fixed a priori subset; no score-based optimization
contact_friction,visible_pusht_futures_2026-10-08,agent,False,current_state_displacement_scale,2,25,finest3,3,0.09461016414141415,9.461016414141415,90.53898358585859,1.0,100.0,-90.53898358585859,fixed a priori subset; no score-based optimization
contact_friction,visible_pusht_futures_2026-10-08,agent,False,exact_truth,,5,all5,5,1.0,100.0,0.0,1.0,100.0,0.0,fixed a priori subset; no score-based optimization
contact_friction,visible_pusht_futures_2026-10-08,agent,False,exact_truth,,5,coarsest3,3,1.0,100.0,0.0,1.0,100.0,0.0,fixed a priori subset; no score-based optimization
contact_friction,visible_pusht_futures_2026-10-08,agent,False,exact_truth,,5,finest3,3,1.0,100.0,0.0,1.0,100.0,0.0,fixed a priori subset; no score-based optimization
contact_friction,visible_pusht_futures_2026-10-08,agent,False,exact_truth,,10,all5,5,1.0,100.0,0.0,1.0,100.0,0.0,fixed a priori subset; no score-based optimization
contact_friction,visible_pusht_futures_2026-10-08,agent,False,exact_truth,,10,coarsest3,3,1.0,100.0,0.0,1.0,100.0,0.0,fixed a priori subset; no score-based optimization
contact_friction,visible_pusht_futures_2026-10-08,agent,False,exact_truth,,10,finest3,3,1.0,100.0,0.0,1.0,100.0,0.0,fixed a priori subset; no score-based optimization
contact_friction,visible_pusht_futures_2026-10-08,agent,False,exact_truth,,15,all5,5,1.0,100.0,0.0,1.0,100.0,0.0,fixed a priori subset; no score-based optimization
contact_friction,visible_pusht_futures_2026-10-08,agent,False,exact_truth,,15,coarsest3,3,1.0,100.0,0.0,1.0,100.0,0.0,fixed a priori subset; no score-based optimization
contact_friction,visible_pusht_futures_2026-10-08,agent,False,exact_truth,,15,finest3,3,1.0,100.0,0.0,1.0,100.0,0.0,fixed a priori subset; no score-based optimization
contact_friction,visible_pusht_futures_2026-10-08,agent,False,exact_truth,,20,all5,5,1.0,100.0,0.0,1.0,100.0,0.0,fixed a priori subset; no score-based optimization
contact_friction,visible_pusht_futures_2026-10-08,agent,False,exact_truth,,20,coarsest3,3,1.0,100.0,0.0,1.0,100.0,0.0,fixed a priori subset; no score-based optimization
contact_friction,visible_pusht_futures_2026-10-08,agent,False,exact_truth,,20,finest3,3,1.0,100.0,0.0,1.0,100.0,0.0,fixed a priori subset; no score-based optimization
contact_friction,visible_pusht_futures_2026-10-08,agent,False,exact_truth,,25,all5,5,1.0,100.0,0.0,1.0,100.0,0.0,fixed a priori subset; no score-based optimization
contact_friction,visible_pusht_futures_2026-10-08,agent,False,exact_truth,,25,coarsest3,3,1.0,100.0,0.0,1.0,100.0,0.0,fixed a priori subset; no score-based optimization
contact_friction,visible_pusht_futures_2026-10-08,agent,False,exact_truth,,25,finest3,3,1.0,100.0,0.0,1.0,100.0,0.0,fixed a priori subset; no score-based optimization
contact_friction,visible_pusht_futures_2026-10-08,agent,False,fixed_norm_offset,1,5,all5,5,1.0,100.0,0.0,1.0,100.0,0.0,fixed a priori subset; no score-based optimization
contact_friction,visible_pusht_futures_2026-10-08,agent,False,fixed_norm_offset,1,5,coarsest3,3,1.0,100.0,0.0,1.0,100.0,0.0,fixed a priori subset; no score-based optimization
contact_friction,visible_pusht_futures_2026-10-08,agent,False,fixed_norm_offset,1,5,finest3,3,1.0,100.0,0.0,1.0,100.0,0.0,fixed a priori subset; no score-based optimization
contact_friction,visible_pusht_futures_2026-10-08,agent,False,fixed_norm_offset,1,10,all5,5,1.0,100.0,0.0,1.0,100.0,0.0,fixed a priori subset; no score-based optimization
contact_friction,visible_pusht_futures_2026-10-08,agent,False,fixed_norm_offset,1,10,coarsest3,3,1.0,100.0,0.0,1.0,100.0,0.0,fixed a priori subset; no score-based optimization
contact_friction,visible_pusht_futures_2026-10-08,agent,False,fixed_norm_offset,1,10,finest3,3,1.0,100.0,0.0,1.0,100.0,0.0,fixed a priori subset; no score-based optimization
contact_friction,visible_pusht_futures_2026-10-08,agent,False,fixed_norm_offset,1,15,all5,5,1.0,100.0,0.0,1.0,100.0,0.0,fixed a priori subset; no score-based optimization
contact_friction,visible_pusht_futures_2026-10-08,agent,False,fixed_norm_offset,1,15,coarsest3,3,1.0,100.0,0.0,1.0,100.0,0.0,fixed a priori subset; no score-based optimization
contact_friction,visible_pusht_futures_2026-10-08,agent,False,fixed_norm_offset,1,15,finest3,3,1.0,100.0,0.0,1.0,100.0,0.0,fixed a priori subset; no score-based optimization
contact_friction,visible_pusht_futures_2026-10-08,agent,False,fixed_norm_offset,1,20,all5,5,1.0,100.0,0.0,1.0,100.0,0.0,fixed a priori subset; no score-based optimization
contact_friction,visible_pusht_futures_2026-10-08,agent,False,fixed_norm_offset,1,20,coarsest3,3,1.0,100.0,0.0,1.0,100.0,0.0,fixed a priori subset; no score-based optimization
contact_friction,visible_pusht_futures_2026-10-08,agent,False,fixed_norm_offset,1,20,finest3,3,1.0,100.0,0.0,1.0,100.0,0.0,fixed a priori subset; no score-based optimization
contact_friction,visible_pusht_futures_2026-10-08,agent,False,fixed_norm_offset,1,25,all5,5,1.0,100.0,0.0,1.0,100.0,0.0,fixed a priori subset; no score-based optimization
contact_friction,visible_pusht_futures_2026-10-08,agent,False,fixed_norm_offset,1,25,coarsest3,3,1.0,100.0,0.0,1.0,100.0,0.0,fixed a priori subset; no score-based optimization
contact_friction,visible_pusht_futures_2026-10-08,agent,False,fixed_norm_offset,1,25,finest3,3,1.0,100.0,0.0,1.0,100.0,0.0,fixed a priori subset; no score-based optimization
contact_friction,visible_pusht_futures_2026-10-08,agent,False,fixed_norm_offset,16,5,all5,5,0.2,20.0,80.0,1.0,100.0,-80.0,fixed a priori subset; no score-based optimization
contact_friction,visible_pusht_futures_2026-10-08,agent,False,fixed_norm_offset,16,5,coarsest3,3,0.3333333333333333,33.33333333333333,66.66666666666667,1.0,100.0,-66.66666666666667,fixed a priori subset; no score-based optimization
contact_friction,visible_pusht_futures_2026-10-08,agent,False,fixed_norm_offset,16,5,finest3,3,0.0,0.0,100.0,1.0,100.0,-100.0,fixed a priori subset; no score-based optimization
contact_friction,visible_pusht_futures_2026-10-08,agent,False,fixed_norm_offset,16,10,all5,5,0.2,20.0,80.0,1.0,100.0,-80.0,fixed a priori subset; no score-based optimization
contact_friction,visible_pusht_futures_2026-10-08,agent,False,fixed_norm_offset,16,10,coarsest3,3,0.3333333333333333,33.33333333333333,66.66666666666667,1.0,100.0,-66.66666666666667,fixed a priori subset; no score-based optimization
contact_friction,visible_pusht_futures_2026-10-08,agent,False,fixed_norm_offset,16,10,finest3,3,0.0,0.0,100.0,1.0,100.0,-100.0,fixed a priori subset; no score-based optimization
contact_friction,visible_pusht_futures_2026-10-08,agent,False,fixed_norm_offset,16,15,all5,5,0.2,20.0,80.0,1.0,100.0,-80.0,fixed a priori subset; no score-based optimization
contact_friction,visible_pusht_futures_2026-10-08,agent,False,fixed_norm_offset,16,15,coarsest3,3,0.3333333333333333,33.33333333333333,66.66666666666667,1.0,100.0,-66.66666666666667,fixed a priori subset; no score-based optimization
contact_friction,visible_pusht_futures_2026-10-08,agent,False,fixed_norm_offset,16,15,finest3,3,0.0,0.0,100.0,1.0,100.0,-100.0,fixed a priori subset; no score-based optimization
contact_friction,visible_pusht_futures_2026-10-08,agent,False,fixed_norm_offset,16,20,all5,5,0.2,20.0,80.0,1.0,100.0,-80.0,fixed a priori subset; no score-based optimization
contact_friction,visible_pusht_futures_2026-10-08,agent,False,fixed_norm_offset,16,20,coarsest3,3,0.3333333333333333,33.33333333333333,66.66666666666667,1.0,100.0,-66.66666666666667,fixed a priori subset; no score-based optimization
contact_friction,visible_pusht_futures_2026-10-08,agent,False,fixed_norm_offset,16,20,finest3,3,0.0,0.0,100.0,1.0,100.0,-100.0,fixed a priori subset; no score-based optimization
contact_friction,visible_pusht_futures_2026-10-08,agent,False,fixed_norm_offset,16,25,all5,5,0.2,20.0,80.0,1.0,100.0,-80.0,fixed a priori subset; no score-based optimization
contact_friction,visible_pusht_futures_2026-10-08,agent,False,fixed_norm_offset,16,25,coarsest3,3,0.3333333333333333,33.33333333333333,66.66666666666667,1.0,100.0,-66.66666666666667,fixed a priori subset; no score-based optimization
contact_friction,visible_pusht_futures_2026-10-08,agent,False,fixed_norm_offset,16,25,finest3,3,0.0,0.0,100.0,1.0,100.0,-100.0,fixed a priori subset; no score-based optimization
contact_friction,visible_pusht_futures_2026-10-08,agent,False,fixed_norm_offset,2,5,all5,5,0.8,80.0,19.999999999999996,1.0,100.0,-19.999999999999996,fixed a priori subset; no score-based optimization
contact_friction,visible_pusht_futures_2026-10-08,agent,False,fixed_norm_offset,2,5,coarsest3,3,1.0,100.0,0.0,1.0,100.0,0.0,fixed a priori subset; no score-based optimization
contact_friction,visible_pusht_futures_2026-10-08,agent,False,fixed_norm_offset,2,5,finest3,3,0.6666666666666666,66.66666666666666,33.333333333333336,1.0,100.0,-33.333333333333336,fixed a priori subset; no score-based optimization
contact_friction,visible_pusht_futures_2026-10-08,agent,False,fixed_norm_offset,2,10,all5,5,0.8,80.0,19.999999999999996,1.0,100.0,-19.999999999999996,fixed a priori subset; no score-based optimization
contact_friction,visible_pusht_futures_2026-10-08,agent,False,fixed_norm_offset,2,10,coarsest3,3,1.0,100.0,0.0,1.0,100.0,0.0,fixed a priori subset; no score-based optimization
contact_friction,visible_pusht_futures_2026-10-08,agent,False,fixed_norm_offset,2,10,finest3,3,0.6666666666666666,66.66666666666666,33.333333333333336,1.0,100.0,-33.333333333333336,fixed a priori subset; no score-based optimization
contact_friction,visible_pusht_futures_2026-10-08,agent,False,fixed_norm_offset,2,15,all5,5,0.8,80.0,19.999999999999996,1.0,100.0,-19.999999999999996,fixed a priori subset; no score-based optimization
contact_friction,visible_pusht_futures_2026-10-08,agent,False,fixed_norm_offset,2,15,coarsest3,3,1.0,100.0,0.0,1.0,100.0,0.0,fixed a priori subset; no score-based optimization
contact_friction,visible_pusht_futures_2026-10-08,agent,False,fixed_norm_offset,2,15,finest3,3,0.6666666666666666,66.66666666666666,33.333333333333336,1.0,100.0,-33.333333333333336,fixed a priori subset; no score-based optimization
contact_friction,visible_pusht_futures_2026-10-08,agent,False,fixed_norm_offset,2,20,all5,5,0.8,80.0,19.999999999999996,1.0,100.0,-19.999999999999996,fixed a priori subset; no score-based optimization
contact_friction,visible_pusht_futures_2026-10-08,agent,False,fixed_norm_offset,2,20,coarsest3,3,1.0,100.0,0.0,1.0,100.0,0.0,fixed a priori subset; no score-based optimization
contact_friction,visible_pusht_futures_2026-10-08,agent,False,fixed_norm_offset,2,20,finest3,3,0.6666666666666666,66.66666666666666,33.333333333333336,1.0,100.0,-33.333333333333336,fixed a priori subset; no score-based optimization
contact_friction,visible_pusht_futures_2026-10-08,agent,False,fixed_norm_offset,2,25,all5,5,0.8,80.0,19.999999999999996,1.0,100.0,-19.999999999999996,fixed a priori subset; no score-based optimization
contact_friction,visible_pusht_futures_2026-10-08,agent,False,fixed_norm_offset,2,25,coarsest3,3,1.0,100.0,0.0,1.0,100.0,0.0,fixed a priori subset; no score-based optimization
contact_friction,visible_pusht_futures_2026-10-08,agent,False,fixed_norm_offset,2,25,finest3,3,0.6666666666666666,66.66666666666666,33.333333333333336,1.0,100.0,-33.333333333333336,fixed a priori subset; no score-based optimization
contact_friction,visible_pusht_futures_2026-10-08,agent,False,fixed_norm_offset,32,5,all5,5,0.0,0.0,100.0,1.0,100.0,-100.0,fixed a priori subset; no score-based optimization
contact_friction,visible_pusht_futures_2026-10-08,agent,False,fixed_norm_offset,32,5,coarsest3,3,0.0,0.0,100.0,1.0,100.0,-100.0,fixed a priori subset; no score-based optimization
contact_friction,visible_pusht_futures_2026-10-08,agent,False,fixed_norm_offset,32,5,finest3,3,0.0,0.0,100.0,1.0,100.0,-100.0,fixed a priori subset; no score-based optimization
contact_friction,visible_pusht_futures_2026-10-08,agent,False,fixed_norm_offset,32,10,all5,5,0.0,0.0,100.0,1.0,100.0,-100.0,fixed a priori subset; no score-based optimization
contact_friction,visible_pusht_futures_2026-10-08,agent,False,fixed_norm_offset,32,10,coarsest3,3,0.0,0.0,100.0,1.0,100.0,-100.0,fixed a priori subset; no score-based optimization
contact_friction,visible_pusht_futures_2026-10-08,agent,False,fixed_norm_offset,32,10,finest3,3,0.0,0.0,100.0,1.0,100.0,-100.0,fixed a priori subset; no score-based optimization
contact_friction,visible_pusht_futures_2026-10-08,agent,False,fixed_norm_offset,32,15,all5,5,0.0,0.0,100.0,1.0,100.0,-100.0,fixed a priori subset; no score-based optimization
contact_friction,visible_pusht_futures_2026-10-08,agent,False,fixed_norm_offset,32,15,coarsest3,3,0.0,0.0,100.0,1.0,100.0,-100.0,fixed a priori subset; no score-based optimization
contact_friction,visible_pusht_futures_2026-10-08,agent,False,fixed_norm_offset,32,15,finest3,3,0.0,0.0,100.0,1.0,100.0,-100.0,fixed a priori subset; no score-based optimization
contact_friction,visible_pusht_futures_2026-10-08,agent,False,fixed_norm_offset,32,20,all5,5,0.0,0.0,100.0,1.0,100.0,-100.0,fixed a priori subset; no score-based optimization
contact_friction,visible_pusht_futures_2026-10-08,agent,False,fixed_norm_offset,32,20,coarsest3,3,0.0,0.0,100.0,1.0,100.0,-100.0,fixed a priori subset; no score-based optimization
contact_friction,visible_pusht_futures_2026-10-08,agent,False,fixed_norm_offset,32,20,finest3,3,0.0,0.0,100.0,1.0,100.0,-100.0,fixed a priori subset; no score-based optimization
contact_friction,visible_pusht_futures_2026-10-08,agent,False,fixed_norm_offset,32,25,all5,5,0.0,0.0,100.0,1.0,100.0,-100.0,fixed a priori subset; no score-based optimization
contact_friction,visible_pusht_futures_2026-10-08,agent,False,fixed_norm_offset,32,25,coarsest3,3,0.0,0.0,100.0,1.0,100.0,-100.0,fixed a priori subset; no score-based optimization
contact_friction,visible_pusht_futures_2026-10-08,agent,False,fixed_norm_offset,32,25,finest3,3,0.0,0.0,100.0,1.0,100.0,-100.0,fixed a priori subset; no score-based optimization
contact_friction,visible_pusht_futures_2026-10-08,agent,False,fixed_norm_offset,4,5,all5,5,0.6,60.0,40.0,1.0,100.0,-40.0,fixed a priori subset; no score-based optimization
contact_friction,visible_pusht_futures_2026-10-08,agent,False,fixed_norm_offset,4,5,coarsest3,3,1.0,100.0,0.0,1.0,100.0,0.0,fixed a priori subset; no score-based optimization
contact_friction,visible_pusht_futures_2026-10-08,agent,False,fixed_norm_offset,4,5,finest3,3,0.3333333333333333,33.33333333333333,66.66666666666667,1.0,100.0,-66.66666666666667,fixed a priori subset; no score-based optimization
contact_friction,visible_pusht_futures_2026-10-08,agent,False,fixed_norm_offset,4,10,all5,5,0.6,60.0,40.0,1.0,100.0,-40.0,fixed a priori subset; no score-based optimization
contact_friction,visible_pusht_futures_2026-10-08,agent,False,fixed_norm_offset,4,10,coarsest3,3,1.0,100.0,0.0,1.0,100.0,0.0,fixed a priori subset; no score-based optimization
contact_friction,visible_pusht_futures_2026-10-08,agent,False,fixed_norm_offset,4,10,finest3,3,0.3333333333333333,33.33333333333333,66.66666666666667,1.0,100.0,-66.66666666666667,fixed a priori subset; no score-based optimization
contact_friction,visible_pusht_futures_2026-10-08,agent,False,fixed_norm_offset,4,15,all5,5,0.6,60.0,40.0,1.0,100.0,-40.0,fixed a priori subset; no score-based optimization
contact_friction,visible_pusht_futures_2026-10-08,agent,False,fixed_norm_offset,4,15,coarsest3,3,1.0,100.0,0.0,1.0,100.0,0.0,fixed a priori subset; no score-based optimization
contact_friction,visible_pusht_futures_2026-10-08,agent,False,fixed_norm_offset,4,15,finest3,3,0.3333333333333333,33.33333333333333,66.66666666666667,1.0,100.0,-66.66666666666667,fixed a priori subset; no score-based optimization
contact_friction,visible_pusht_futures_2026-10-08,agent,False,fixed_norm_offset,4,20,all5,5,0.6,60.0,40.0,1.0,100.0,-40.0,fixed a priori subset; no score-based optimization
contact_friction,visible_pusht_futures_2026-10-08,agent,False,fixed_norm_offset,4,20,coarsest3,3,1.0,100.0,0.0,1.0,100.0,0.0,fixed a priori subset; no score-based optimization
contact_friction,visible_pusht_futures_2026-10-08,agent,False,fixed_norm_offset,4,20,finest3,3,0.3333333333333333,33.33333333333333,66.66666666666667,1.0,100.0,-66.66666666666667,fixed a priori subset; no score-based optimization
contact_friction,visible_pusht_futures_2026-10-08,agent,False,fixed_norm_offset,4,25,all5,5,0.6,60.0,40.0,1.0,100.0,-40.0,fixed a priori subset; no score-based optimization
contact_friction,visible_pusht_futures_2026-10-08,agent,False,fixed_norm_offset,4,25,coarsest3,3,1.0,100.0,0.0,1.0,100.0,0.0,fixed a priori subset; no score-based optimization
contact_friction,visible_pusht_futures_2026-10-08,agent,False,fixed_norm_offset,4,25,finest3,3,0.3333333333333333,33.33333333333333,66.66666666666667,1.0,100.0,-66.66666666666667,fixed a priori subset; no score-based optimization
contact_friction,visible_pusht_futures_2026-10-08,agent,False,fixed_norm_offset,64,5,all5,5,0.0,0.0,100.0,1.0,100.0,-100.0,fixed a priori subset; no score-based optimization
contact_friction,visible_pusht_futures_2026-10-08,agent,False,fixed_norm_offset,64,5,coarsest3,3,0.0,0.0,100.0,1.0,100.0,-100.0,fixed a priori subset; no score-based optimization
contact_friction,visible_pusht_futures_2026-10-08,agent,False,fixed_norm_offset,64,5,finest3,3,0.0,0.0,100.0,1.0,100.0,-100.0,fixed a priori subset; no score-based optimization
contact_friction,visible_pusht_futures_2026-10-08,agent,False,fixed_norm_offset,64,10,all5,5,0.0,0.0,100.0,1.0,100.0,-100.0,fixed a priori subset; no score-based optimization
contact_friction,visible_pusht_futures_2026-10-08,agent,False,fixed_norm_offset,64,10,coarsest3,3,0.0,0.0,100.0,1.0,100.0,-100.0,fixed a priori subset; no score-based optimization
contact_friction,visible_pusht_futures_2026-10-08,agent,False,fixed_norm_offset,64,10,finest3,3,0.0,0.0,100.0,1.0,100.0,-100.0,fixed a priori subset; no score-based optimization
contact_friction,visible_pusht_futures_2026-10-08,agent,False,fixed_norm_offset,64,15,all5,5,0.0,0.0,100.0,1.0,100.0,-100.0,fixed a priori subset; no score-based optimization
contact_friction,visible_pusht_futures_2026-10-08,agent,False,fixed_norm_offset,64,15,coarsest3,3,0.0,0.0,100.0,1.0,100.0,-100.0,fixed a priori subset; no score-based optimization
contact_friction,visible_pusht_futures_2026-10-08,agent,False,fixed_norm_offset,64,15,finest3,3,0.0,0.0,100.0,1.0,100.0,-100.0,fixed a priori subset; no score-based optimization
contact_friction,visible_pusht_futures_2026-10-08,agent,False,fixed_norm_offset,64,20,all5,5,0.0,0.0,100.0,1.0,100.0,-100.0,fixed a priori subset; no score-based optimization
contact_friction,visible_pusht_futures_2026-10-08,agent,False,fixed_norm_offset,64,20,coarsest3,3,0.0,0.0,100.0,1.0,100.0,-100.0,fixed a priori subset; no score-based optimization
contact_friction,visible_pusht_futures_2026-10-08,agent,False,fixed_norm_offset,64,20,finest3,3,0.0,0.0,100.0,1.0,100.0,-100.0,fixed a priori subset; no score-based optimization
contact_friction,visible_pusht_futures_2026-10-08,agent,False,fixed_norm_offset,64,25,all5,5,0.0,0.0,100.0,1.0,100.0,-100.0,fixed a priori subset; no score-based optimization
contact_friction,visible_pusht_futures_2026-10-08,agent,False,fixed_norm_offset,64,25,coarsest3,3,0.0,0.0,100.0,1.0,100.0,-100.0,fixed a priori subset; no score-based optimization
contact_friction,visible_pusht_futures_2026-10-08,agent,False,fixed_norm_offset,64,25,finest3,3,0.0,0.0,100.0,1.0,100.0,-100.0,fixed a priori subset; no score-based optimization
contact_friction,visible_pusht_futures_2026-10-08,agent,False,fixed_norm_offset,8,5,all5,5,0.4,40.0,60.0,1.0,100.0,-60.0,fixed a priori subset; no score-based optimization
contact_friction,visible_pusht_futures_2026-10-08,agent,False,fixed_norm_offset,8,5,coarsest3,3,0.6666666666666666,66.66666666666666,33.333333333333336,1.0,100.0,-33.333333333333336,fixed a priori subset; no score-based optimization
contact_friction,visible_pusht_futures_2026-10-08,agent,False,fixed_norm_offset,8,5,finest3,3,0.0,0.0,100.0,1.0,100.0,-100.0,fixed a priori subset; no score-based optimization
contact_friction,visible_pusht_futures_2026-10-08,agent,False,fixed_norm_offset,8,10,all5,5,0.4,40.0,60.0,1.0,100.0,-60.0,fixed a priori subset; no score-based optimization
contact_friction,visible_pusht_futures_2026-10-08,agent,False,fixed_norm_offset,8,10,coarsest3,3,0.6666666666666666,66.66666666666666,33.333333333333336,1.0,100.0,-33.333333333333336,fixed a priori subset; no score-based optimization
contact_friction,visible_pusht_futures_2026-10-08,agent,False,fixed_norm_offset,8,10,finest3,3,0.0,0.0,100.0,1.0,100.0,-100.0,fixed a priori subset; no score-based optimization
contact_friction,visible_pusht_futures_2026-10-08,agent,False,fixed_norm_offset,8,15,all5,5,0.4,40.0,60.0,1.0,100.0,-60.0,fixed a priori subset; no score-based optimization
contact_friction,visible_pusht_futures_2026-10-08,agent,False,fixed_norm_offset,8,15,coarsest3,3,0.6666666666666666,66.66666666666666,33.333333333333336,1.0,100.0,-33.333333333333336,fixed a priori subset; no score-based optimization
contact_friction,visible_pusht_futures_2026-10-08,agent,False,fixed_norm_offset,8,15,finest3,3,0.0,0.0,100.0,1.0,100.0,-100.0,fixed a priori subset; no score-based optimization
contact_friction,visible_pusht_futures_2026-10-08,agent,False,fixed_norm_offset,8,20,all5,5,0.4,40.0,60.0,1.0,100.0,-60.0,fixed a priori subset; no score-based optimization
contact_friction,visible_pusht_futures_2026-10-08,agent,False,fixed_norm_offset,8,20,coarsest3,3,0.6666666666666666,66.66666666666666,33.333333333333336,1.0,100.0,-33.333333333333336,fixed a priori subset; no score-based optimization
contact_friction,visible_pusht_futures_2026-10-08,agent,False,fixed_norm_offset,8,20,finest3,3,0.0,0.0,100.0,1.0,100.0,-100.0,fixed a priori subset; no score-based optimization
contact_friction,visible_pusht_futures_2026-10-08,agent,False,fixed_norm_offset,8,25,all5,5,0.4,40.0,60.0,1.0,100.0,-60.0,fixed a priori subset; no score-based optimization
contact_friction,visible_pusht_futures_2026-10-08,agent,False,fixed_norm_offset,8,25,coarsest3,3,0.6666666666666666,66.66666666666666,33.333333333333336,1.0,100.0,-33.333333333333336,fixed a priori subset; no score-based optimization
contact_friction,visible_pusht_futures_2026-10-08,agent,False,fixed_norm_offset,8,25,finest3,3,0.0,0.0,100.0,1.0,100.0,-100.0,fixed a priori subset; no score-based optimization
contact_friction,visible_pusht_futures_2026-10-08,agent,False,temporal_lag_prepend_current,one_horizon,5,all5,5,0.257868529040404,25.7868529040404,74.2131470959596,1.0,100.0,-74.2131470959596,fixed a priori subset; no score-based optimization
contact_friction,visible_pusht_futures_2026-10-08,agent,False,temporal_lag_prepend_current,one_horizon,5,coarsest3,3,0.366707438973064,36.6707438973064,63.3292561026936,1.0,100.0,-63.3292561026936,fixed a priori subset; no score-based optimization
contact_friction,visible_pusht_futures_2026-10-08,agent,False,temporal_lag_prepend_current,one_horizon,5,finest3,3,0.09472853535353537,9.472853535353536,90.52714646464646,1.0,100.0,-90.52714646464646,fixed a priori subset; no score-based optimization
contact_friction,visible_pusht_futures_2026-10-08,agent,False,temporal_lag_prepend_current,one_horizon,10,all5,5,0.22201625631313132,22.20162563131313,77.79837436868686,1.0,100.0,-77.79837436868686,fixed a priori subset; no score-based optimization
contact_friction,visible_pusht_futures_2026-10-08,agent,False,temporal_lag_prepend_current,one_horizon,10,coarsest3,3,0.24388020833333335,24.388020833333336,75.61197916666667,1.0,100.0,-75.61197916666667,fixed a priori subset; no score-based optimization
contact_friction,visible_pusht_futures_2026-10-08,agent,False,temporal_lag_prepend_current,one_horizon,10,finest3,3,0.1892203282828283,18.92203282828283,81.07796717171716,1.0,100.0,-81.07796717171716,fixed a priori subset; no score-based optimization
contact_friction,visible_pusht_futures_2026-10-08,agent,False,temporal_lag_prepend_current,one_horizon,15,all5,5,0.31662642045454537,31.662642045454536,68.33735795454547,1.0,100.0,-68.33735795454547,fixed a priori subset; no score-based optimization
contact_friction,visible_pusht_futures_2026-10-08,agent,False,temporal_lag_prepend_current,one_horizon,15,coarsest3,3,0.3384903724747474,33.84903724747474,66.15096275252526,1.0,100.0,-66.15096275252526,fixed a priori subset; no score-based optimization
contact_friction,visible_pusht_futures_2026-10-08,agent,False,temporal_lag_prepend_current,one_horizon,15,finest3,3,0.2838304924242423,28.383049242424228,71.61695075757576,1.0,100.0,-71.61695075757576,fixed a priori subset; no score-based optimization
contact_friction,visible_pusht_futures_2026-10-08,agent,False,temporal_lag_prepend_current,one_horizon,20,all5,5,0.41123658459595963,41.123658459595966,58.87634154040404,1.0,100.0,-58.87634154040404,fixed a priori subset; no score-based optimization
contact_friction,visible_pusht_futures_2026-10-08,agent,False,temporal_lag_prepend_current,one_horizon,20,coarsest3,3,0.4331005366161616,43.31005366161616,56.68994633838385,1.0,100.0,-56.68994633838385,fixed a priori subset; no score-based optimization
contact_friction,visible_pusht_futures_2026-10-08,agent,False,temporal_lag_prepend_current,one_horizon,20,finest3,3,0.3784406565656566,37.84406565656566,62.15593434343434,1.0,100.0,-62.15593434343434,fixed a priori subset; no score-based optimization
contact_friction,visible_pusht_futures_2026-10-08,agent,False,temporal_lag_prepend_current,one_horizon,25,all5,5,0.5056818181818181,50.56818181818181,49.43181818181819,1.0,100.0,-49.43181818181819,fixed a priori subset; no score-based optimization
contact_friction,visible_pusht_futures_2026-10-08,agent,False,temporal_lag_prepend_current,one_horizon,25,coarsest3,3,0.5274358164983165,52.74358164983165,47.25641835016835,1.0,100.0,-47.25641835016835,fixed a priori subset; no score-based optimization
contact_friction,visible_pusht_futures_2026-10-08,agent,False,temporal_lag_prepend_current,one_horizon,25,finest3,3,0.47305082070707066,47.305082070707066,52.69491792929293,1.0,100.0,-52.69491792929293,fixed a priori subset; no score-based optimization
contact_friction,visible_pusht_futures_2026-10-08,agent,False,wrong_condition_true_future,cyclic_shift_by_1,5,all5,5,1.0,100.0,0.0,1.0,100.0,0.0,fixed a priori subset; no score-based optimization
contact_friction,visible_pusht_futures_2026-10-08,agent,False,wrong_condition_true_future,cyclic_shift_by_1,5,coarsest3,3,1.0,100.0,0.0,1.0,100.0,0.0,fixed a priori subset; no score-based optimization
contact_friction,visible_pusht_futures_2026-10-08,agent,False,wrong_condition_true_future,cyclic_shift_by_1,5,finest3,3,1.0,100.0,0.0,1.0,100.0,0.0,fixed a priori subset; no score-based optimization
contact_friction,visible_pusht_futures_2026-10-08,agent,False,wrong_condition_true_future,cyclic_shift_by_1,10,all5,5,1.0,100.0,0.0,1.0,100.0,0.0,fixed a priori subset; no score-based optimization
contact_friction,visible_pusht_futures_2026-10-08,agent,False,wrong_condition_true_future,cyclic_shift_by_1,10,coarsest3,3,1.0,100.0,0.0,1.0,100.0,0.0,fixed a priori subset; no score-based optimization
contact_friction,visible_pusht_futures_2026-10-08,agent,False,wrong_condition_true_future,cyclic_shift_by_1,10,finest3,3,1.0,100.0,0.0,1.0,100.0,0.0,fixed a priori subset; no score-based optimization
contact_friction,visible_pusht_futures_2026-10-08,agent,False,wrong_condition_true_future,cyclic_shift_by_1,15,all5,5,1.0,100.0,0.0,1.0,100.0,0.0,fixed a priori subset; no score-based optimization
contact_friction,visible_pusht_futures_2026-10-08,agent,False,wrong_condition_true_future,cyclic_shift_by_1,15,coarsest3,3,1.0,100.0,0.0,1.0,100.0,0.0,fixed a priori subset; no score-based optimization
contact_friction,visible_pusht_futures_2026-10-08,agent,False,wrong_condition_true_future,cyclic_shift_by_1,15,finest3,3,1.0,100.0,0.0,1.0,100.0,0.0,fixed a priori subset; no score-based optimization
contact_friction,visible_pusht_futures_2026-10-08,agent,False,wrong_condition_true_future,cyclic_shift_by_1,20,all5,5,1.0,100.0,0.0,1.0,100.0,0.0,fixed a priori subset; no score-based optimization
contact_friction,visible_pusht_futures_2026-10-08,agent,False,wrong_condition_true_future,cyclic_shift_by_1,20,coarsest3,3,1.0,100.0,0.0,1.0,100.0,0.0,fixed a priori subset; no score-based optimization
contact_friction,visible_pusht_futures_2026-10-08,agent,False,wrong_condition_true_future,cyclic_shift_by_1,20,finest3,3,1.0,100.0,0.0,1.0,100.0,0.0,fixed a priori subset; no score-based optimization
contact_friction,visible_pusht_futures_2026-10-08,agent,False,wrong_condition_true_future,cyclic_shift_by_1,25,all5,5,1.0,100.0,0.0,1.0,100.0,0.0,fixed a priori subset; no score-based optimization
contact_friction,visible_pusht_futures_2026-10-08,agent,False,wrong_condition_true_future,cyclic_shift_by_1,25,coarsest3,3,1.0,100.0,0.0,1.0,100.0,0.0,fixed a priori subset; no score-based optimization
contact_friction,visible_pusht_futures_2026-10-08,agent,False,wrong_condition_true_future,cyclic_shift_by_1,25,finest3,3,1.0,100.0,0.0,1.0,100.0,0.0,fixed a priori subset; no score-based optimization
contact_friction,visible_pusht_futures_2026-10-08,block,True,condition_mean_common_privileged,mean_across_hidden_conditions,5,all5,5,0.7976428345959596,79.76428345959596,20.235716540404034,0.8988214172979797,89.88214172979797,-10.117858270202007,fixed a priori subset; no score-based optimization
contact_friction,visible_pusht_futures_2026-10-08,block,True,condition_mean_common_privileged,mean_across_hidden_conditions,5,coarsest3,3,0.9431699810606059,94.3169981060606,5.6830018939394105,0.971584990530303,97.1584990530303,-2.8415009469697106,fixed a priori subset; no score-based optimization
contact_friction,visible_pusht_futures_2026-10-08,block,True,condition_mean_common_privileged,mean_across_hidden_conditions,5,finest3,3,0.6768242319023571,67.68242319023571,32.31757680976429,0.8384121159511783,83.84121159511783,-16.158788404882117,fixed a priori subset; no score-based optimization
contact_friction,visible_pusht_futures_2026-10-08,block,True,condition_mean_common_privileged,mean_across_hidden_conditions,10,all5,5,0.5001649305555554,50.01649305555554,49.98350694444446,0.7500824652777778,75.00824652777777,-24.991753472222232,fixed a priori subset; no score-based optimization
contact_friction,visible_pusht_futures_2026-10-08,block,True,condition_mean_common_privileged,mean_across_hidden_conditions,10,coarsest3,3,0.6083175505050504,60.831755050505045,39.168244949494955,0.8041587752525251,80.41587752525251,-19.584122474747467,fixed a priori subset; no score-based optimization
contact_friction,visible_pusht_futures_2026-10-08,block,True,condition_mean_common_privileged,mean_across_hidden_conditions,10,finest3,3,0.3831044823232322,38.31044823232322,61.68955176767679,0.6915522411616162,69.15522411616162,-30.8447758838384,fixed a priori subset; no score-based optimization
contact_friction,visible_pusht_futures_2026-10-08,block,True,condition_mean_common_privileged,mean_across_hidden_conditions,15,all5,5,0.40251499368686866,40.251499368686865,59.74850063131314,0.7012574968434343,70.12574968434343,-29.874250315656564,fixed a priori subset; no score-based optimization
contact_friction,visible_pusht_futures_2026-10-08,block,True,condition_mean_common_privileged,mean_across_hidden_conditions,15,coarsest3,3,0.4773647937710437,47.73647937710437,52.26352062289563,0.738682396885522,73.8682396885522,-26.131760311447827,fixed a priori subset; no score-based optimization
contact_friction,visible_pusht_futures_2026-10-08,block,True,condition_mean_common_privileged,mean_across_hidden_conditions,15,finest3,3,0.3197706228956229,31.97706228956229,68.0229377104377,0.6598853114478115,65.98853114478115,-34.01146885521886,fixed a priori subset; no score-based optimization
contact_friction,visible_pusht_futures_2026-10-08,block,True,condition_mean_common_privileged,mean_across_hidden_conditions,20,all5,5,0.382332702020202,38.2332702020202,61.7667297979798,0.6911663510101009,69.11663510101009,-30.883364898989896,fixed a priori subset; no score-based optimization
contact_friction,visible_pusht_futures_2026-10-08,block,True,condition_mean_common_privileged,mean_across_hidden_conditions,20,coarsest3,3,0.44372764099326595,44.372764099326595,55.6272359006734,0.7218638204966329,72.1863820496633,-27.813617950336695,fixed a priori subset; no score-based optimization
contact_friction,visible_pusht_futures_2026-10-08,block,True,condition_mean_common_privileged,mean_across_hidden_conditions,20,finest3,3,0.3196404145622896,31.96404145622896,68.03595854377105,0.6598202072811448,65.98202072811448,-34.017979271885515,fixed a priori subset; no score-based optimization
contact_friction,visible_pusht_futures_2026-10-08,block,True,condition_mean_common_privileged,mean_across_hidden_conditions,25,all5,5,0.38225457702020205,38.22545770202021,61.77454229797979,0.691127288510101,69.1127288510101,-30.887271148989893,fixed a priori subset; no score-based optimization
contact_friction,visible_pusht_futures_2026-10-08,block,True,condition_mean_common_privileged,mean_across_hidden_conditions,25,coarsest3,3,0.4435974326599326,44.35974326599326,55.64025673400674,0.7217987163299663,72.17987163299662,-27.820128367003367,fixed a priori subset; no score-based optimization
contact_friction,visible_pusht_futures_2026-10-08,block,True,condition_mean_common_privileged,mean_across_hidden_conditions,25,finest3,3,0.3196404145622896,31.96404145622896,68.03595854377105,0.6598202072811448,65.98202072811448,-34.017979271885515,fixed a priori subset; no score-based optimization
contact_friction,visible_pusht_futures_2026-10-08,block,True,current_state_displacement_scale,0,5,all5,5,0.6855981691919191,68.5598169191919,31.440183080808094,0.8988214172979797,89.88214172979797,-21.322324810606062,fixed a priori subset; no score-based optimization
contact_friction,visible_pusht_futures_2026-10-08,block,True,current_state_displacement_scale,0,5,coarsest3,3,0.9404356060606059,94.0435606060606,5.956439393939405,0.971584990530303,97.1584990530303,-3.114938446969706,fixed a priori subset; no score-based optimization
contact_friction,visible_pusht_futures_2026-10-08,block,True,current_state_displacement_scale,0,5,finest3,3,0.5044119581228955,50.44119581228955,49.55880418771045,0.8384121159511783,83.84121159511783,-33.40001578282828,fixed a priori subset; no score-based optimization
contact_friction,visible_pusht_futures_2026-10-08,block,True,current_state_displacement_scale,0,10,all5,5,0.467383207070707,46.7383207070707,53.2616792929293,0.7500824652777778,75.00824652777777,-28.269925820707076,fixed a priori subset; no score-based optimization
contact_friction,visible_pusht_futures_2026-10-08,block,True,current_state_displacement_scale,0,10,coarsest3,3,0.644018308080808,64.4018308080808,35.598169191919204,0.8041587752525251,80.41587752525251,-16.014046717171716,fixed a priori subset; no score-based optimization
contact_friction,visible_pusht_futures_2026-10-08,block,True,current_state_displacement_scale,0,10,finest3,3,0.2938177346380471,29.381773463804713,70.6182265361953,0.6915522411616162,69.15522411616162,-39.77345065235691,fixed a priori subset; no score-based optimization
contact_friction,visible_pusht_futures_2026-10-08,block,True,current_state_displacement_scale,0,15,all5,5,0.43680673926767677,43.680673926767675,56.319326073232325,0.7012574968434343,70.12574968434343,-26.445075757575754,fixed a priori subset; no score-based optimization
contact_friction,visible_pusht_futures_2026-10-08,block,True,current_state_displacement_scale,0,15,coarsest3,3,0.5933179450757576,59.331794507575765,40.668205492424235,0.738682396885522,73.8682396885522,-14.536445180976433,fixed a priori subset; no score-based optimization
contact_friction,visible_pusht_futures_2026-10-08,block,True,current_state_displacement_scale,0,15,finest3,3,0.27667363741582496,27.667363741582495,72.33263625841751,0.6598853114478115,65.98853114478115,-38.32116740319865,fixed a priori subset; no score-based optimization
contact_friction,visible_pusht_futures_2026-10-08,block,True,current_state_displacement_scale,0,20,all5,5,0.3991666666666666,39.916666666666664,60.083333333333336,0.6911663510101009,69.11663510101009,-29.199968434343432,fixed a priori subset; no score-based optimization
contact_friction,visible_pusht_futures_2026-10-08,block,True,current_state_displacement_scale,0,20,coarsest3,3,0.5305844907407407,53.05844907407406,46.94155092592594,0.7218638204966329,72.1863820496633,-19.127932975589225,fixed a priori subset; no score-based optimization
contact_friction,visible_pusht_futures_2026-10-08,block,True,current_state_displacement_scale,0,20,finest3,3,0.2609052767255892,26.09052767255892,73.90947232744108,0.6598202072811448,65.98202072811448,-39.89149305555556,fixed a priori subset; no score-based optimization
contact_friction,visible_pusht_futures_2026-10-08,block,True,current_state_displacement_scale,0,25,all5,5,0.39857994002525254,39.85799400252525,60.14200599747475,0.691127288510101,69.1127288510101,-29.254734848484844,fixed a priori subset; no score-based optimization
contact_friction,visible_pusht_futures_2026-10-08,block,True,current_state_displacement_scale,0,25,coarsest3,3,0.5296066130050505,52.96066130050505,47.03933869949495,0.7217987163299663,72.17987163299662,-19.219210332491578,fixed a priori subset; no score-based optimization
contact_friction,visible_pusht_futures_2026-10-08,block,True,current_state_displacement_scale,0,25,finest3,3,0.2609052767255892,26.09052767255892,73.90947232744108,0.6598202072811448,65.98202072811448,-39.89149305555556,fixed a priori subset; no score-based optimization
contact_friction,visible_pusht_futures_2026-10-08,block,True,current_state_displacement_scale,0.5,5,all5,5,0.8249297664141413,82.49297664141413,17.507023358585872,0.8988214172979797,89.88214172979797,-7.389165088383843,fixed a priori subset; no score-based optimization
contact_friction,visible_pusht_futures_2026-10-08,block,True,current_state_displacement_scale,0.5,5,coarsest3,3,0.971584990530303,97.1584990530303,2.8415009469696995,0.971584990530303,97.1584990530303,0.0,fixed a priori subset; no score-based optimization
contact_friction,visible_pusht_futures_2026-10-08,block,True,current_state_displacement_scale,0.5,5,finest3,3,0.7152593644781143,71.52593644781143,28.474063552188568,0.8384121159511783,83.84121159511783,-12.315275147306393,fixed a priori subset; no score-based optimization
contact_friction,visible_pusht_futures_2026-10-08,block,True,current_state_displacement_scale,0.5,10,all5,5,0.614073942550505,61.4073942550505,38.5926057449495,0.7500824652777778,75.00824652777777,-13.600852272727282,fixed a priori subset; no score-based optimization
contact_friction,visible_pusht_futures_2026-10-08,block,True,current_state_displacement_scale,0.5,10,coarsest3,3,0.797115688131313,79.7115688131313,20.288431186868706,0.8041587752525251,80.41587752525251,-0.7043087121212155,fixed a priori subset; no score-based optimization
contact_friction,visible_pusht_futures_2026-10-08,block,True,current_state_displacement_scale,0.5,10,finest3,3,0.46487136994949485,46.48713699494949,53.51286300505051,0.6915522411616162,69.15522411616162,-22.66808712121213,fixed a priori subset; no score-based optimization
contact_friction,visible_pusht_futures_2026-10-08,block,True,current_state_displacement_scale,0.5,15,all5,5,0.5542246685606061,55.422466856060616,44.577533143939384,0.7012574968434343,70.12574968434343,-14.703282828282816,fixed a priori subset; no score-based optimization
contact_friction,visible_pusht_futures_2026-10-08,block,True,current_state_displacement_scale,0.5,15,coarsest3,3,0.714380787037037,71.4380787037037,28.5619212962963,0.738682396885522,73.8682396885522,-2.430160984848495,fixed a priori subset; no score-based optimization
contact_friction,visible_pusht_futures_2026-10-08,block,True,current_state_displacement_scale,0.5,15,finest3,3,0.41509101430976436,41.509101430976436,58.490898569023564,0.6598853114478115,65.98853114478115,-24.479429713804713,fixed a priori subset; no score-based optimization
contact_friction,visible_pusht_futures_2026-10-08,block,True,current_state_displacement_scale,0.5,20,all5,5,0.515954466540404,51.5954466540404,48.4045533459596,0.6911663510101009,69.11663510101009,-17.521188446969692,fixed a priori subset; no score-based optimization
contact_friction,visible_pusht_futures_2026-10-08,block,True,current_state_displacement_scale,0.5,20,coarsest3,3,0.6663654776936027,66.63654776936026,33.36345223063974,0.7218638204966329,72.1863820496633,-5.549834280303023,fixed a priori subset; no score-based optimization
contact_friction,visible_pusht_futures_2026-10-08,block,True,current_state_displacement_scale,0.5,20,finest3,3,0.3681259206649831,36.81259206649831,63.18740793350168,0.6598202072811448,65.98202072811448,-29.169428661616166,fixed a priori subset; no score-based optimization
contact_friction,visible_pusht_futures_2026-10-08,block,True,current_state_displacement_scale,0.5,25,all5,5,0.5152896148989898,51.52896148989898,48.47103851010102,0.691127288510101,69.1127288510101,-17.583767361111114,fixed a priori subset; no score-based optimization
contact_friction,visible_pusht_futures_2026-10-08,block,True,current_state_displacement_scale,0.5,25,coarsest3,3,0.6652573916245791,66.52573916245791,33.47426083754209,0.7217987163299663,72.17987163299662,-5.65413247053872,fixed a priori subset; no score-based optimization
contact_friction,visible_pusht_futures_2026-10-08,block,True,current_state_displacement_scale,0.5,25,finest3,3,0.3672131470959596,36.72131470959596,63.278685290404034,0.6598202072811448,65.98202072811448,-29.26070601851852,fixed a priori subset; no score-based optimization
contact_friction,visible_pusht_futures_2026-10-08,block,True,current_state_displacement_scale,1,5,all5,5,1.0,100.0,0.0,0.8988214172979797,89.88214172979797,10.11785827020203,fixed a priori subset; no score-based optimization
contact_friction,visible_pusht_futures_2026-10-08,block,True,current_state_displacement_scale,1,5,coarsest3,3,1.0,100.0,0.0,0.971584990530303,97.1584990530303,2.8415009469696995,fixed a priori subset; no score-based optimization
contact_friction,visible_pusht_futures_2026-10-08,block,True,current_state_displacement_scale,1,5,finest3,3,1.0,100.0,0.0,0.8384121159511783,83.84121159511783,16.158788404882173,fixed a priori subset; no score-based optimization
contact_friction,visible_pusht_futures_2026-10-08,block,True,current_state_displacement_scale,1,10,all5,5,1.0,100.0,0.0,0.7500824652777778,75.00824652777777,24.99175347222222,fixed a priori subset; no score-based optimization
contact_friction,visible_pusht_futures_2026-10-08,block,True,current_state_displacement_scale,1,10,coarsest3,3,1.0,100.0,0.0,0.8041587752525251,80.41587752525251,19.58412247474749,fixed a priori subset; no score-based optimization
contact_friction,visible_pusht_futures_2026-10-08,block,True,current_state_displacement_scale,1,10,finest3,3,1.0,100.0,0.0,0.6915522411616162,69.15522411616162,30.84477588383838,fixed a priori subset; no score-based optimization
contact_friction,visible_pusht_futures_2026-10-08,block,True,current_state_displacement_scale,1,15,all5,5,1.0,100.0,0.0,0.7012574968434343,70.12574968434343,29.87425031565657,fixed a priori subset; no score-based optimization
contact_friction,visible_pusht_futures_2026-10-08,block,True,current_state_displacement_scale,1,15,coarsest3,3,1.0,100.0,0.0,0.738682396885522,73.8682396885522,26.131760311447806,fixed a priori subset; no score-based optimization
contact_friction,visible_pusht_futures_2026-10-08,block,True,current_state_displacement_scale,1,15,finest3,3,1.0,100.0,0.0,0.6598853114478115,65.98853114478115,34.01146885521885,fixed a priori subset; no score-based optimization
contact_friction,visible_pusht_futures_2026-10-08,block,True,current_state_displacement_scale,1,20,all5,5,1.0,100.0,0.0,0.6911663510101009,69.11663510101009,30.883364898989907,fixed a priori subset; no score-based optimization
contact_friction,visible_pusht_futures_2026-10-08,block,True,current_state_displacement_scale,1,20,coarsest3,3,1.0,100.0,0.0,0.7218638204966329,72.1863820496633,27.81361795033671,fixed a priori subset; no score-based optimization
contact_friction,visible_pusht_futures_2026-10-08,block,True,current_state_displacement_scale,1,20,finest3,3,1.0,100.0,0.0,0.6598202072811448,65.98202072811448,34.01797927188552,fixed a priori subset; no score-based optimization
contact_friction,visible_pusht_futures_2026-10-08,block,True,current_state_displacement_scale,1,25,all5,5,1.0,100.0,0.0,0.691127288510101,69.1127288510101,30.887271148989903,fixed a priori subset; no score-based optimization
contact_friction,visible_pusht_futures_2026-10-08,block,True,current_state_displacement_scale,1,25,coarsest3,3,1.0,100.0,0.0,0.7217987163299663,72.17987163299662,27.82012836700337,fixed a priori subset; no score-based optimization
contact_friction,visible_pusht_futures_2026-10-08,block,True,current_state_displacement_scale,1,25,finest3,3,1.0,100.0,0.0,0.6598202072811448,65.98202072811448,34.01797927188552,fixed a priori subset; no score-based optimization
contact_friction,visible_pusht_futures_2026-10-08,block,True,current_state_displacement_scale,1.5,5,all5,5,0.8249297664141413,82.49297664141413,17.507023358585872,0.8988214172979797,89.88214172979797,-7.389165088383843,fixed a priori subset; no score-based optimization
contact_friction,visible_pusht_futures_2026-10-08,block,True,current_state_displacement_scale,1.5,5,coarsest3,3,0.971584990530303,97.1584990530303,2.8415009469696995,0.971584990530303,97.1584990530303,0.0,fixed a priori subset; no score-based optimization
contact_friction,visible_pusht_futures_2026-10-08,block,True,current_state_displacement_scale,1.5,5,finest3,3,0.7152593644781143,71.52593644781143,28.474063552188568,0.8384121159511783,83.84121159511783,-12.315275147306393,fixed a priori subset; no score-based optimization
contact_friction,visible_pusht_futures_2026-10-08,block,True,current_state_displacement_scale,1.5,10,all5,5,0.614073942550505,61.4073942550505,38.5926057449495,0.7500824652777778,75.00824652777777,-13.600852272727282,fixed a priori subset; no score-based optimization
contact_friction,visible_pusht_futures_2026-10-08,block,True,current_state_displacement_scale,1.5,10,coarsest3,3,0.797115688131313,79.7115688131313,20.288431186868706,0.8041587752525251,80.41587752525251,-0.7043087121212155,fixed a priori subset; no score-based optimization
contact_friction,visible_pusht_futures_2026-10-08,block,True,current_state_displacement_scale,1.5,10,finest3,3,0.46487136994949485,46.48713699494949,53.51286300505051,0.6915522411616162,69.15522411616162,-22.66808712121213,fixed a priori subset; no score-based optimization
contact_friction,visible_pusht_futures_2026-10-08,block,True,current_state_displacement_scale,1.5,15,all5,5,0.5542246685606061,55.422466856060616,44.577533143939384,0.7012574968434343,70.12574968434343,-14.703282828282816,fixed a priori subset; no score-based optimization
contact_friction,visible_pusht_futures_2026-10-08,block,True,current_state_displacement_scale,1.5,15,coarsest3,3,0.714380787037037,71.4380787037037,28.5619212962963,0.738682396885522,73.8682396885522,-2.430160984848495,fixed a priori subset; no score-based optimization
contact_friction,visible_pusht_futures_2026-10-08,block,True,current_state_displacement_scale,1.5,15,finest3,3,0.41509101430976436,41.509101430976436,58.490898569023564,0.6598853114478115,65.98853114478115,-24.479429713804713,fixed a priori subset; no score-based optimization
contact_friction,visible_pusht_futures_2026-10-08,block,True,current_state_displacement_scale,1.5,20,all5,5,0.515954466540404,51.5954466540404,48.4045533459596,0.6911663510101009,69.11663510101009,-17.521188446969692,fixed a priori subset; no score-based optimization
contact_friction,visible_pusht_futures_2026-10-08,block,True,current_state_displacement_scale,1.5,20,coarsest3,3,0.6663654776936027,66.63654776936026,33.36345223063974,0.7218638204966329,72.1863820496633,-5.549834280303023,fixed a priori subset; no score-based optimization
contact_friction,visible_pusht_futures_2026-10-08,block,True,current_state_displacement_scale,1.5,20,finest3,3,0.3681259206649831,36.81259206649831,63.18740793350168,0.6598202072811448,65.98202072811448,-29.169428661616166,fixed a priori subset; no score-based optimization
contact_friction,visible_pusht_futures_2026-10-08,block,True,current_state_displacement_scale,1.5,25,all5,5,0.5152896148989898,51.52896148989898,48.47103851010102,0.691127288510101,69.1127288510101,-17.583767361111114,fixed a priori subset; no score-based optimization
contact_friction,visible_pusht_futures_2026-10-08,block,True,current_state_displacement_scale,1.5,25,coarsest3,3,0.6652573916245791,66.52573916245791,33.47426083754209,0.7217987163299663,72.17987163299662,-5.65413247053872,fixed a priori subset; no score-based optimization
contact_friction,visible_pusht_futures_2026-10-08,block,True,current_state_displacement_scale,1.5,25,finest3,3,0.3672131470959596,36.72131470959596,63.278685290404034,0.6598202072811448,65.98202072811448,-29.26070601851852,fixed a priori subset; no score-based optimization
contact_friction,visible_pusht_futures_2026-10-08,block,True,current_state_displacement_scale,2,5,all5,5,0.6855981691919191,68.5598169191919,31.440183080808094,0.8988214172979797,89.88214172979797,-21.322324810606062,fixed a priori subset; no score-based optimization
contact_friction,visible_pusht_futures_2026-10-08,block,True,current_state_displacement_scale,2,5,coarsest3,3,0.9404356060606059,94.0435606060606,5.956439393939405,0.971584990530303,97.1584990530303,-3.114938446969706,fixed a priori subset; no score-based optimization
contact_friction,visible_pusht_futures_2026-10-08,block,True,current_state_displacement_scale,2,5,finest3,3,0.5044119581228955,50.44119581228955,49.55880418771045,0.8384121159511783,83.84121159511783,-33.40001578282828,fixed a priori subset; no score-based optimization
contact_friction,visible_pusht_futures_2026-10-08,block,True,current_state_displacement_scale,2,10,all5,5,0.467383207070707,46.7383207070707,53.2616792929293,0.7500824652777778,75.00824652777777,-28.269925820707076,fixed a priori subset; no score-based optimization
contact_friction,visible_pusht_futures_2026-10-08,block,True,current_state_displacement_scale,2,10,coarsest3,3,0.644018308080808,64.4018308080808,35.598169191919204,0.8041587752525251,80.41587752525251,-16.014046717171716,fixed a priori subset; no score-based optimization
contact_friction,visible_pusht_futures_2026-10-08,block,True,current_state_displacement_scale,2,10,finest3,3,0.2938177346380471,29.381773463804713,70.6182265361953,0.6915522411616162,69.15522411616162,-39.77345065235691,fixed a priori subset; no score-based optimization
contact_friction,visible_pusht_futures_2026-10-08,block,True,current_state_displacement_scale,2,15,all5,5,0.43680673926767677,43.680673926767675,56.319326073232325,0.7012574968434343,70.12574968434343,-26.445075757575754,fixed a priori subset; no score-based optimization
contact_friction,visible_pusht_futures_2026-10-08,block,True,current_state_displacement_scale,2,15,coarsest3,3,0.5933179450757576,59.331794507575765,40.668205492424235,0.738682396885522,73.8682396885522,-14.536445180976433,fixed a priori subset; no score-based optimization
contact_friction,visible_pusht_futures_2026-10-08,block,True,current_state_displacement_scale,2,15,finest3,3,0.27667363741582496,27.667363741582495,72.33263625841751,0.6598853114478115,65.98853114478115,-38.32116740319865,fixed a priori subset; no score-based optimization
contact_friction,visible_pusht_futures_2026-10-08,block,True,current_state_displacement_scale,2,20,all5,5,0.3991666666666666,39.916666666666664,60.083333333333336,0.6911663510101009,69.11663510101009,-29.199968434343432,fixed a priori subset; no score-based optimization
contact_friction,visible_pusht_futures_2026-10-08,block,True,current_state_displacement_scale,2,20,coarsest3,3,0.5305844907407407,53.05844907407406,46.94155092592594,0.7218638204966329,72.1863820496633,-19.127932975589225,fixed a priori subset; no score-based optimization
contact_friction,visible_pusht_futures_2026-10-08,block,True,current_state_displacement_scale,2,20,finest3,3,0.2609052767255892,26.09052767255892,73.90947232744108,0.6598202072811448,65.98202072811448,-39.89149305555556,fixed a priori subset; no score-based optimization
contact_friction,visible_pusht_futures_2026-10-08,block,True,current_state_displacement_scale,2,25,all5,5,0.39857994002525254,39.85799400252525,60.14200599747475,0.691127288510101,69.1127288510101,-29.254734848484844,fixed a priori subset; no score-based optimization
contact_friction,visible_pusht_futures_2026-10-08,block,True,current_state_displacement_scale,2,25,coarsest3,3,0.5296066130050505,52.96066130050505,47.03933869949495,0.7217987163299663,72.17987163299662,-19.219210332491578,fixed a priori subset; no score-based optimization
contact_friction,visible_pusht_futures_2026-10-08,block,True,current_state_displacement_scale,2,25,finest3,3,0.2609052767255892,26.09052767255892,73.90947232744108,0.6598202072811448,65.98202072811448,-39.89149305555556,fixed a priori subset; no score-based optimization
contact_friction,visible_pusht_futures_2026-10-08,block,True,exact_truth,,5,all5,5,1.0,100.0,0.0,0.8988214172979797,89.88214172979797,10.11785827020203,fixed a priori subset; no score-based optimization
contact_friction,visible_pusht_futures_2026-10-08,block,True,exact_truth,,5,coarsest3,3,1.0,100.0,0.0,0.971584990530303,97.1584990530303,2.8415009469696995,fixed a priori subset; no score-based optimization
contact_friction,visible_pusht_futures_2026-10-08,block,True,exact_truth,,5,finest3,3,1.0,100.0,0.0,0.8384121159511783,83.84121159511783,16.158788404882173,fixed a priori subset; no score-based optimization
contact_friction,visible_pusht_futures_2026-10-08,block,True,exact_truth,,10,all5,5,1.0,100.0,0.0,0.7500824652777778,75.00824652777777,24.99175347222222,fixed a priori subset; no score-based optimization
contact_friction,visible_pusht_futures_2026-10-08,block,True,exact_truth,,10,coarsest3,3,1.0,100.0,0.0,0.8041587752525251,80.41587752525251,19.58412247474749,fixed a priori subset; no score-based optimization
contact_friction,visible_pusht_futures_2026-10-08,block,True,exact_truth,,10,finest3,3,1.0,100.0,0.0,0.6915522411616162,69.15522411616162,30.84477588383838,fixed a priori subset; no score-based optimization
contact_friction,visible_pusht_futures_2026-10-08,block,True,exact_truth,,15,all5,5,1.0,100.0,0.0,0.7012574968434343,70.12574968434343,29.87425031565657,fixed a priori subset; no score-based optimization
contact_friction,visible_pusht_futures_2026-10-08,block,True,exact_truth,,15,coarsest3,3,1.0,100.0,0.0,0.738682396885522,73.8682396885522,26.131760311447806,fixed a priori subset; no score-based optimization
contact_friction,visible_pusht_futures_2026-10-08,block,True,exact_truth,,15,finest3,3,1.0,100.0,0.0,0.6598853114478115,65.98853114478115,34.01146885521885,fixed a priori subset; no score-based optimization
contact_friction,visible_pusht_futures_2026-10-08,block,True,exact_truth,,20,all5,5,1.0,100.0,0.0,0.6911663510101009,69.11663510101009,30.883364898989907,fixed a priori subset; no score-based optimization
contact_friction,visible_pusht_futures_2026-10-08,block,True,exact_truth,,20,coarsest3,3,1.0,100.0,0.0,0.7218638204966329,72.1863820496633,27.81361795033671,fixed a priori subset; no score-based optimization
contact_friction,visible_pusht_futures_2026-10-08,block,True,exact_truth,,20,finest3,3,1.0,100.0,0.0,0.6598202072811448,65.98202072811448,34.01797927188552,fixed a priori subset; no score-based optimization
contact_friction,visible_pusht_futures_2026-10-08,block,True,exact_truth,,25,all5,5,1.0,100.0,0.0,0.691127288510101,69.1127288510101,30.887271148989903,fixed a priori subset; no score-based optimization
contact_friction,visible_pusht_futures_2026-10-08,block,True,exact_truth,,25,coarsest3,3,1.0,100.0,0.0,0.7217987163299663,72.17987163299662,27.82012836700337,fixed a priori subset; no score-based optimization
contact_friction,visible_pusht_futures_2026-10-08,block,True,exact_truth,,25,finest3,3,1.0,100.0,0.0,0.6598202072811448,65.98202072811448,34.01797927188552,fixed a priori subset; no score-based optimization
contact_friction,visible_pusht_futures_2026-10-08,block,True,fixed_norm_offset,1,5,all5,5,1.0,100.0,0.0,0.8988214172979797,89.88214172979797,10.11785827020203,fixed a priori subset; no score-based optimization
contact_friction,visible_pusht_futures_2026-10-08,block,True,fixed_norm_offset,1,5,coarsest3,3,1.0,100.0,0.0,0.971584990530303,97.1584990530303,2.8415009469696995,fixed a priori subset; no score-based optimization
contact_friction,visible_pusht_futures_2026-10-08,block,True,fixed_norm_offset,1,5,finest3,3,1.0,100.0,0.0,0.8384121159511783,83.84121159511783,16.158788404882173,fixed a priori subset; no score-based optimization
contact_friction,visible_pusht_futures_2026-10-08,block,True,fixed_norm_offset,1,10,all5,5,1.0,100.0,0.0,0.7500824652777778,75.00824652777777,24.99175347222222,fixed a priori subset; no score-based optimization
contact_friction,visible_pusht_futures_2026-10-08,block,True,fixed_norm_offset,1,10,coarsest3,3,1.0,100.0,0.0,0.8041587752525251,80.41587752525251,19.58412247474749,fixed a priori subset; no score-based optimization
contact_friction,visible_pusht_futures_2026-10-08,block,True,fixed_norm_offset,1,10,finest3,3,1.0,100.0,0.0,0.6915522411616162,69.15522411616162,30.84477588383838,fixed a priori subset; no score-based optimization
contact_friction,visible_pusht_futures_2026-10-08,block,True,fixed_norm_offset,1,15,all5,5,1.0,100.0,0.0,0.7012574968434343,70.12574968434343,29.87425031565657,fixed a priori subset; no score-based optimization
contact_friction,visible_pusht_futures_2026-10-08,block,True,fixed_norm_offset,1,15,coarsest3,3,1.0,100.0,0.0,0.738682396885522,73.8682396885522,26.131760311447806,fixed a priori subset; no score-based optimization
contact_friction,visible_pusht_futures_2026-10-08,block,True,fixed_norm_offset,1,15,finest3,3,1.0,100.0,0.0,0.6598853114478115,65.98853114478115,34.01146885521885,fixed a priori subset; no score-based optimization
contact_friction,visible_pusht_futures_2026-10-08,block,True,fixed_norm_offset,1,20,all5,5,1.0,100.0,0.0,0.6911663510101009,69.11663510101009,30.883364898989907,fixed a priori subset; no score-based optimization
contact_friction,visible_pusht_futures_2026-10-08,block,True,fixed_norm_offset,1,20,coarsest3,3,1.0,100.0,0.0,0.7218638204966329,72.1863820496633,27.81361795033671,fixed a priori subset; no score-based optimization
contact_friction,visible_pusht_futures_2026-10-08,block,True,fixed_norm_offset,1,20,finest3,3,1.0,100.0,0.0,0.6598202072811448,65.98202072811448,34.01797927188552,fixed a priori subset; no score-based optimization
contact_friction,visible_pusht_futures_2026-10-08,block,True,fixed_norm_offset,1,25,all5,5,1.0,100.0,0.0,0.691127288510101,69.1127288510101,30.887271148989903,fixed a priori subset; no score-based optimization
contact_friction,visible_pusht_futures_2026-10-08,block,True,fixed_norm_offset,1,25,coarsest3,3,1.0,100.0,0.0,0.7217987163299663,72.17987163299662,27.82012836700337,fixed a priori subset; no score-based optimization
contact_friction,visible_pusht_futures_2026-10-08,block,True,fixed_norm_offset,1,25,finest3,3,1.0,100.0,0.0,0.6598202072811448,65.98202072811448,34.01797927188552,fixed a priori subset; no score-based optimization
contact_friction,visible_pusht_futures_2026-10-08,block,True,fixed_norm_offset,16,5,all5,5,0.2,20.0,80.0,0.8988214172979797,89.88214172979797,-69.88214172979797,fixed a priori subset; no score-based optimization
contact_friction,visible_pusht_futures_2026-10-08,block,True,fixed_norm_offset,16,5,coarsest3,3,0.3333333333333333,33.33333333333333,66.66666666666667,0.971584990530303,97.1584990530303,-63.82516571969696,fixed a priori subset; no score-based optimization
contact_friction,visible_pusht_futures_2026-10-08,block,True,fixed_norm_offset,16,5,finest3,3,0.0,0.0,100.0,0.8384121159511783,83.84121159511783,-83.84121159511783,fixed a priori subset; no score-based optimization
contact_friction,visible_pusht_futures_2026-10-08,block,True,fixed_norm_offset,16,10,all5,5,0.2,20.0,80.0,0.7500824652777778,75.00824652777777,-55.008246527777786,fixed a priori subset; no score-based optimization
contact_friction,visible_pusht_futures_2026-10-08,block,True,fixed_norm_offset,16,10,coarsest3,3,0.3333333333333333,33.33333333333333,66.66666666666667,0.8041587752525251,80.41587752525251,-47.082544191919176,fixed a priori subset; no score-based optimization
contact_friction,visible_pusht_futures_2026-10-08,block,True,fixed_norm_offset,16,10,finest3,3,0.0,0.0,100.0,0.6915522411616162,69.15522411616162,-69.15522411616162,fixed a priori subset; no score-based optimization
contact_friction,visible_pusht_futures_2026-10-08,block,True,fixed_norm_offset,16,15,all5,5,0.2,20.0,80.0,0.7012574968434343,70.12574968434343,-50.125749684343425,fixed a priori subset; no score-based optimization
contact_friction,visible_pusht_futures_2026-10-08,block,True,fixed_norm_offset,16,15,coarsest3,3,0.3333333333333333,33.33333333333333,66.66666666666667,0.738682396885522,73.8682396885522,-40.534906355218865,fixed a priori subset; no score-based optimization
contact_friction,visible_pusht_futures_2026-10-08,block,True,fixed_norm_offset,16,15,finest3,3,0.0,0.0,100.0,0.6598853114478115,65.98853114478115,-65.98853114478115,fixed a priori subset; no score-based optimization
contact_friction,visible_pusht_futures_2026-10-08,block,True,fixed_norm_offset,16,20,all5,5,0.2,20.0,80.0,0.6911663510101009,69.11663510101009,-49.11663510101009,fixed a priori subset; no score-based optimization
contact_friction,visible_pusht_futures_2026-10-08,block,True,fixed_norm_offset,16,20,coarsest3,3,0.3333333333333333,33.33333333333333,66.66666666666667,0.7218638204966329,72.1863820496633,-38.85304871632996,fixed a priori subset; no score-based optimization
contact_friction,visible_pusht_futures_2026-10-08,block,True,fixed_norm_offset,16,20,finest3,3,0.0,0.0,100.0,0.6598202072811448,65.98202072811448,-65.98202072811448,fixed a priori subset; no score-based optimization
contact_friction,visible_pusht_futures_2026-10-08,block,True,fixed_norm_offset,16,25,all5,5,0.2,20.0,80.0,0.691127288510101,69.1127288510101,-49.1127288510101,fixed a priori subset; no score-based optimization
contact_friction,visible_pusht_futures_2026-10-08,block,True,fixed_norm_offset,16,25,coarsest3,3,0.3333333333333333,33.33333333333333,66.66666666666667,0.7217987163299663,72.17987163299662,-38.846538299663294,fixed a priori subset; no score-based optimization
contact_friction,visible_pusht_futures_2026-10-08,block,True,fixed_norm_offset,16,25,finest3,3,0.0,0.0,100.0,0.6598202072811448,65.98202072811448,-65.98202072811448,fixed a priori subset; no score-based optimization
contact_friction,visible_pusht_futures_2026-10-08,block,True,fixed_norm_offset,2,5,all5,5,0.8,80.0,19.999999999999996,0.8988214172979797,89.88214172979797,-9.882141729797967,fixed a priori subset; no score-based optimization
contact_friction,visible_pusht_futures_2026-10-08,block,True,fixed_norm_offset,2,5,coarsest3,3,1.0,100.0,0.0,0.971584990530303,97.1584990530303,2.8415009469696995,fixed a priori subset; no score-based optimization
contact_friction,visible_pusht_futures_2026-10-08,block,True,fixed_norm_offset,2,5,finest3,3,0.6666666666666666,66.66666666666666,33.333333333333336,0.8384121159511783,83.84121159511783,-17.174544928451162,fixed a priori subset; no score-based optimization
contact_friction,visible_pusht_futures_2026-10-08,block,True,fixed_norm_offset,2,10,all5,5,0.8,80.0,19.999999999999996,0.7500824652777778,75.00824652777777,4.991753472222227,fixed a priori subset; no score-based optimization
contact_friction,visible_pusht_futures_2026-10-08,block,True,fixed_norm_offset,2,10,coarsest3,3,1.0,100.0,0.0,0.8041587752525251,80.41587752525251,19.58412247474749,fixed a priori subset; no score-based optimization
contact_friction,visible_pusht_futures_2026-10-08,block,True,fixed_norm_offset,2,10,finest3,3,0.6666666666666666,66.66666666666666,33.333333333333336,0.6915522411616162,69.15522411616162,-2.4885574494949547,fixed a priori subset; no score-based optimization
contact_friction,visible_pusht_futures_2026-10-08,block,True,fixed_norm_offset,2,15,all5,5,0.8,80.0,19.999999999999996,0.7012574968434343,70.12574968434343,9.874250315656575,fixed a priori subset; no score-based optimization
contact_friction,visible_pusht_futures_2026-10-08,block,True,fixed_norm_offset,2,15,coarsest3,3,1.0,100.0,0.0,0.738682396885522,73.8682396885522,26.131760311447806,fixed a priori subset; no score-based optimization
contact_friction,visible_pusht_futures_2026-10-08,block,True,fixed_norm_offset,2,15,finest3,3,0.6666666666666666,66.66666666666666,33.333333333333336,0.6598853114478115,65.98853114478115,0.6781355218855145,fixed a priori subset; no score-based optimization
contact_friction,visible_pusht_futures_2026-10-08,block,True,fixed_norm_offset,2,20,all5,5,0.8,80.0,19.999999999999996,0.6911663510101009,69.11663510101009,10.88336489898991,fixed a priori subset; no score-based optimization
contact_friction,visible_pusht_futures_2026-10-08,block,True,fixed_norm_offset,2,20,coarsest3,3,1.0,100.0,0.0,0.7218638204966329,72.1863820496633,27.81361795033671,fixed a priori subset; no score-based optimization
contact_friction,visible_pusht_futures_2026-10-08,block,True,fixed_norm_offset,2,20,finest3,3,0.6666666666666666,66.66666666666666,33.333333333333336,0.6598202072811448,65.98202072811448,0.6846459385521864,fixed a priori subset; no score-based optimization
contact_friction,visible_pusht_futures_2026-10-08,block,True,fixed_norm_offset,2,25,all5,5,0.8,80.0,19.999999999999996,0.691127288510101,69.1127288510101,10.887271148989907,fixed a priori subset; no score-based optimization
contact_friction,visible_pusht_futures_2026-10-08,block,True,fixed_norm_offset,2,25,coarsest3,3,1.0,100.0,0.0,0.7217987163299663,72.17987163299662,27.82012836700337,fixed a priori subset; no score-based optimization
contact_friction,visible_pusht_futures_2026-10-08,block,True,fixed_norm_offset,2,25,finest3,3,0.6666666666666666,66.66666666666666,33.333333333333336,0.6598202072811448,65.98202072811448,0.6846459385521864,fixed a priori subset; no score-based optimization
contact_friction,visible_pusht_futures_2026-10-08,block,True,fixed_norm_offset,32,5,all5,5,0.0,0.0,100.0,0.8988214172979797,89.88214172979797,-89.88214172979797,fixed a priori subset; no score-based optimization
contact_friction,visible_pusht_futures_2026-10-08,block,True,fixed_norm_offset,32,5,coarsest3,3,0.0,0.0,100.0,0.971584990530303,97.1584990530303,-97.1584990530303,fixed a priori subset; no score-based optimization
contact_friction,visible_pusht_futures_2026-10-08,block,True,fixed_norm_offset,32,5,finest3,3,0.0,0.0,100.0,0.8384121159511783,83.84121159511783,-83.84121159511783,fixed a priori subset; no score-based optimization
contact_friction,visible_pusht_futures_2026-10-08,block,True,fixed_norm_offset,32,10,all5,5,0.0,0.0,100.0,0.7500824652777778,75.00824652777777,-75.00824652777777,fixed a priori subset; no score-based optimization
contact_friction,visible_pusht_futures_2026-10-08,block,True,fixed_norm_offset,32,10,coarsest3,3,0.0,0.0,100.0,0.8041587752525251,80.41587752525251,-80.41587752525251,fixed a priori subset; no score-based optimization
contact_friction,visible_pusht_futures_2026-10-08,block,True,fixed_norm_offset,32,10,finest3,3,0.0,0.0,100.0,0.6915522411616162,69.15522411616162,-69.15522411616162,fixed a priori subset; no score-based optimization
contact_friction,visible_pusht_futures_2026-10-08,block,True,fixed_norm_offset,32,15,all5,5,0.0,0.0,100.0,0.7012574968434343,70.12574968434343,-70.12574968434343,fixed a priori subset; no score-based optimization
contact_friction,visible_pusht_futures_2026-10-08,block,True,fixed_norm_offset,32,15,coarsest3,3,0.0,0.0,100.0,0.738682396885522,73.8682396885522,-73.8682396885522,fixed a priori subset; no score-based optimization
contact_friction,visible_pusht_futures_2026-10-08,block,True,fixed_norm_offset,32,15,finest3,3,0.0,0.0,100.0,0.6598853114478115,65.98853114478115,-65.98853114478115,fixed a priori subset; no score-based optimization
contact_friction,visible_pusht_futures_2026-10-08,block,True,fixed_norm_offset,32,20,all5,5,0.0,0.0,100.0,0.6911663510101009,69.11663510101009,-69.11663510101009,fixed a priori subset; no score-based optimization
contact_friction,visible_pusht_futures_2026-10-08,block,True,fixed_norm_offset,32,20,coarsest3,3,0.0,0.0,100.0,0.7218638204966329,72.1863820496633,-72.1863820496633,fixed a priori subset; no score-based optimization
contact_friction,visible_pusht_futures_2026-10-08,block,True,fixed_norm_offset,32,20,finest3,3,0.0,0.0,100.0,0.6598202072811448,65.98202072811448,-65.98202072811448,fixed a priori subset; no score-based optimization
contact_friction,visible_pusht_futures_2026-10-08,block,True,fixed_norm_offset,32,25,all5,5,0.0,0.0,100.0,0.691127288510101,69.1127288510101,-69.1127288510101,fixed a priori subset; no score-based optimization
contact_friction,visible_pusht_futures_2026-10-08,block,True,fixed_norm_offset,32,25,coarsest3,3,0.0,0.0,100.0,0.7217987163299663,72.17987163299662,-72.17987163299662,fixed a priori subset; no score-based optimization
contact_friction,visible_pusht_futures_2026-10-08,block,True,fixed_norm_offset,32,25,finest3,3,0.0,0.0,100.0,0.6598202072811448,65.98202072811448,-65.98202072811448,fixed a priori subset; no score-based optimization
contact_friction,visible_pusht_futures_2026-10-08,block,True,fixed_norm_offset,4,5,all5,5,0.6,60.0,40.0,0.8988214172979797,89.88214172979797,-29.882141729797972,fixed a priori subset; no score-based optimization
contact_friction,visible_pusht_futures_2026-10-08,block,True,fixed_norm_offset,4,5,coarsest3,3,1.0,100.0,0.0,0.971584990530303,97.1584990530303,2.8415009469696995,fixed a priori subset; no score-based optimization
contact_friction,visible_pusht_futures_2026-10-08,block,True,fixed_norm_offset,4,5,finest3,3,0.3333333333333333,33.33333333333333,66.66666666666667,0.8384121159511783,83.84121159511783,-50.50787826178449,fixed a priori subset; no score-based optimization
contact_friction,visible_pusht_futures_2026-10-08,block,True,fixed_norm_offset,4,10,all5,5,0.6,60.0,40.0,0.7500824652777778,75.00824652777777,-15.00824652777778,fixed a priori subset; no score-based optimization
contact_friction,visible_pusht_futures_2026-10-08,block,True,fixed_norm_offset,4,10,coarsest3,3,1.0,100.0,0.0,0.8041587752525251,80.41587752525251,19.58412247474749,fixed a priori subset; no score-based optimization
contact_friction,visible_pusht_futures_2026-10-08,block,True,fixed_norm_offset,4,10,finest3,3,0.3333333333333333,33.33333333333333,66.66666666666667,0.6915522411616162,69.15522411616162,-35.821890782828284,fixed a priori subset; no score-based optimization
contact_friction,visible_pusht_futures_2026-10-08,block,True,fixed_norm_offset,4,15,all5,5,0.6,60.0,40.0,0.7012574968434343,70.12574968434343,-10.125749684343432,fixed a priori subset; no score-based optimization
contact_friction,visible_pusht_futures_2026-10-08,block,True,fixed_norm_offset,4,15,coarsest3,3,1.0,100.0,0.0,0.738682396885522,73.8682396885522,26.131760311447806,fixed a priori subset; no score-based optimization
contact_friction,visible_pusht_futures_2026-10-08,block,True,fixed_norm_offset,4,15,finest3,3,0.3333333333333333,33.33333333333333,66.66666666666667,0.6598853114478115,65.98853114478115,-32.65519781144782,fixed a priori subset; no score-based optimization
contact_friction,visible_pusht_futures_2026-10-08,block,True,fixed_norm_offset,4,20,all5,5,0.6,60.0,40.0,0.6911663510101009,69.11663510101009,-9.116635101010095,fixed a priori subset; no score-based optimization
contact_friction,visible_pusht_futures_2026-10-08,block,True,fixed_norm_offset,4,20,coarsest3,3,1.0,100.0,0.0,0.7218638204966329,72.1863820496633,27.81361795033671,fixed a priori subset; no score-based optimization
contact_friction,visible_pusht_futures_2026-10-08,block,True,fixed_norm_offset,4,20,finest3,3,0.3333333333333333,33.33333333333333,66.66666666666667,0.6598202072811448,65.98202072811448,-32.64868739478114,fixed a priori subset; no score-based optimization
contact_friction,visible_pusht_futures_2026-10-08,block,True,fixed_norm_offset,4,25,all5,5,0.6,60.0,40.0,0.691127288510101,69.1127288510101,-9.112728851010099,fixed a priori subset; no score-based optimization
contact_friction,visible_pusht_futures_2026-10-08,block,True,fixed_norm_offset,4,25,coarsest3,3,1.0,100.0,0.0,0.7217987163299663,72.17987163299662,27.82012836700337,fixed a priori subset; no score-based optimization
contact_friction,visible_pusht_futures_2026-10-08,block,True,fixed_norm_offset,4,25,finest3,3,0.3333333333333333,33.33333333333333,66.66666666666667,0.6598202072811448,65.98202072811448,-32.64868739478114,fixed a priori subset; no score-based optimization
contact_friction,visible_pusht_futures_2026-10-08,block,True,fixed_norm_offset,64,5,all5,5,0.0,0.0,100.0,0.8988214172979797,89.88214172979797,-89.88214172979797,fixed a priori subset; no score-based optimization
contact_friction,visible_pusht_futures_2026-10-08,block,True,fixed_norm_offset,64,5,coarsest3,3,0.0,0.0,100.0,0.971584990530303,97.1584990530303,-97.1584990530303,fixed a priori subset; no score-based optimization
contact_friction,visible_pusht_futures_2026-10-08,block,True,fixed_norm_offset,64,5,finest3,3,0.0,0.0,100.0,0.8384121159511783,83.84121159511783,-83.84121159511783,fixed a priori subset; no score-based optimization
contact_friction,visible_pusht_futures_2026-10-08,block,True,fixed_norm_offset,64,10,all5,5,0.0,0.0,100.0,0.7500824652777778,75.00824652777777,-75.00824652777777,fixed a priori subset; no score-based optimization
contact_friction,visible_pusht_futures_2026-10-08,block,True,fixed_norm_offset,64,10,coarsest3,3,0.0,0.0,100.0,0.8041587752525251,80.41587752525251,-80.41587752525251,fixed a priori subset; no score-based optimization
contact_friction,visible_pusht_futures_2026-10-08,block,True,fixed_norm_offset,64,10,finest3,3,0.0,0.0,100.0,0.6915522411616162,69.15522411616162,-69.15522411616162,fixed a priori subset; no score-based optimization
contact_friction,visible_pusht_futures_2026-10-08,block,True,fixed_norm_offset,64,15,all5,5,0.0,0.0,100.0,0.7012574968434343,70.12574968434343,-70.12574968434343,fixed a priori subset; no score-based optimization
contact_friction,visible_pusht_futures_2026-10-08,block,True,fixed_norm_offset,64,15,coarsest3,3,0.0,0.0,100.0,0.738682396885522,73.8682396885522,-73.8682396885522,fixed a priori subset; no score-based optimization
contact_friction,visible_pusht_futures_2026-10-08,block,True,fixed_norm_offset,64,15,finest3,3,0.0,0.0,100.0,0.6598853114478115,65.98853114478115,-65.98853114478115,fixed a priori subset; no score-based optimization
contact_friction,visible_pusht_futures_2026-10-08,block,True,fixed_norm_offset,64,20,all5,5,0.0,0.0,100.0,0.6911663510101009,69.11663510101009,-69.11663510101009,fixed a priori subset; no score-based optimization
contact_friction,visible_pusht_futures_2026-10-08,block,True,fixed_norm_offset,64,20,coarsest3,3,0.0,0.0,100.0,0.7218638204966329,72.1863820496633,-72.1863820496633,fixed a priori subset; no score-based optimization
contact_friction,visible_pusht_futures_2026-10-08,block,True,fixed_norm_offset,64,20,finest3,3,0.0,0.0,100.0,0.6598202072811448,65.98202072811448,-65.98202072811448,fixed a priori subset; no score-based optimization
contact_friction,visible_pusht_futures_2026-10-08,block,True,fixed_norm_offset,64,25,all5,5,0.0,0.0,100.0,0.691127288510101,69.1127288510101,-69.1127288510101,fixed a priori subset; no score-based optimization
contact_friction,visible_pusht_futures_2026-10-08,block,True,fixed_norm_offset,64,25,coarsest3,3,0.0,0.0,100.0,0.7217987163299663,72.17987163299662,-72.17987163299662,fixed a priori subset; no score-based optimization
contact_friction,visible_pusht_futures_2026-10-08,block,True,fixed_norm_offset,64,25,finest3,3,0.0,0.0,100.0,0.6598202072811448,65.98202072811448,-65.98202072811448,fixed a priori subset; no score-based optimization
contact_friction,visible_pusht_futures_2026-10-08,block,True,fixed_norm_offset,8,5,all5,5,0.4,40.0,60.0,0.8988214172979797,89.88214172979797,-49.882141729797965,fixed a priori subset; no score-based optimization
contact_friction,visible_pusht_futures_2026-10-08,block,True,fixed_norm_offset,8,5,coarsest3,3,0.6666666666666666,66.66666666666666,33.333333333333336,0.971584990530303,97.1584990530303,-30.491832386363637,fixed a priori subset; no score-based optimization
contact_friction,visible_pusht_futures_2026-10-08,block,True,fixed_norm_offset,8,5,finest3,3,0.0,0.0,100.0,0.8384121159511783,83.84121159511783,-83.84121159511783,fixed a priori subset; no score-based optimization
contact_friction,visible_pusht_futures_2026-10-08,block,True,fixed_norm_offset,8,10,all5,5,0.4,40.0,60.0,0.7500824652777778,75.00824652777777,-35.00824652777778,fixed a priori subset; no score-based optimization
contact_friction,visible_pusht_futures_2026-10-08,block,True,fixed_norm_offset,8,10,coarsest3,3,0.6666666666666666,66.66666666666666,33.333333333333336,0.8041587752525251,80.41587752525251,-13.749210858585847,fixed a priori subset; no score-based optimization
contact_friction,visible_pusht_futures_2026-10-08,block,True,fixed_norm_offset,8,10,finest3,3,0.0,0.0,100.0,0.6915522411616162,69.15522411616162,-69.15522411616162,fixed a priori subset; no score-based optimization
contact_friction,visible_pusht_futures_2026-10-08,block,True,fixed_norm_offset,8,15,all5,5,0.4,40.0,60.0,0.7012574968434343,70.12574968434343,-30.12574968434343,fixed a priori subset; no score-based optimization
contact_friction,visible_pusht_futures_2026-10-08,block,True,fixed_norm_offset,8,15,coarsest3,3,0.6666666666666666,66.66666666666666,33.333333333333336,0.738682396885522,73.8682396885522,-7.201573021885532,fixed a priori subset; no score-based optimization
contact_friction,visible_pusht_futures_2026-10-08,block,True,fixed_norm_offset,8,15,finest3,3,0.0,0.0,100.0,0.6598853114478115,65.98853114478115,-65.98853114478115,fixed a priori subset; no score-based optimization
contact_friction,visible_pusht_futures_2026-10-08,block,True,fixed_norm_offset,8,20,all5,5,0.4,40.0,60.0,0.6911663510101009,69.11663510101009,-29.11663510101009,fixed a priori subset; no score-based optimization
contact_friction,visible_pusht_futures_2026-10-08,block,True,fixed_norm_offset,8,20,coarsest3,3,0.6666666666666666,66.66666666666666,33.333333333333336,0.7218638204966329,72.1863820496633,-5.519715382996626,fixed a priori subset; no score-based optimization
contact_friction,visible_pusht_futures_2026-10-08,block,True,fixed_norm_offset,8,20,finest3,3,0.0,0.0,100.0,0.6598202072811448,65.98202072811448,-65.98202072811448,fixed a priori subset; no score-based optimization
contact_friction,visible_pusht_futures_2026-10-08,block,True,fixed_norm_offset,8,25,all5,5,0.4,40.0,60.0,0.691127288510101,69.1127288510101,-29.112728851010093,fixed a priori subset; no score-based optimization
contact_friction,visible_pusht_futures_2026-10-08,block,True,fixed_norm_offset,8,25,coarsest3,3,0.6666666666666666,66.66666666666666,33.333333333333336,0.7217987163299663,72.17987163299662,-5.513204966329965,fixed a priori subset; no score-based optimization
contact_friction,visible_pusht_futures_2026-10-08,block,True,fixed_norm_offset,8,25,finest3,3,0.0,0.0,100.0,0.6598202072811448,65.98202072811448,-65.98202072811448,fixed a priori subset; no score-based optimization
contact_friction,visible_pusht_futures_2026-10-08,block,True,temporal_lag_prepend_current,one_horizon,5,all5,5,0.6855981691919191,68.5598169191919,31.440183080808094,0.8988214172979797,89.88214172979797,-21.322324810606062,fixed a priori subset; no score-based optimization
contact_friction,visible_pusht_futures_2026-10-08,block,True,temporal_lag_prepend_current,one_horizon,5,coarsest3,3,0.9404356060606059,94.0435606060606,5.956439393939405,0.971584990530303,97.1584990530303,-3.114938446969706,fixed a priori subset; no score-based optimization
contact_friction,visible_pusht_futures_2026-10-08,block,True,temporal_lag_prepend_current,one_horizon,5,finest3,3,0.5044119581228955,50.44119581228955,49.55880418771045,0.8384121159511783,83.84121159511783,-33.40001578282828,fixed a priori subset; no score-based optimization
contact_friction,visible_pusht_futures_2026-10-08,block,True,temporal_lag_prepend_current,one_horizon,10,all5,5,0.5813719223484849,58.13719223484849,41.86280776515151,0.7500824652777778,75.00824652777777,-16.871054292929287,fixed a priori subset; no score-based optimization
contact_friction,visible_pusht_futures_2026-10-08,block,True,temporal_lag_prepend_current,one_horizon,10,coarsest3,3,0.7163990162037037,71.63990162037037,28.360098379629626,0.8041587752525251,80.41587752525251,-8.775975904882138,fixed a priori subset; no score-based optimization
contact_friction,visible_pusht_futures_2026-10-08,block,True,temporal_lag_prepend_current,one_horizon,10,finest3,3,0.4767558396464647,47.67558396464647,52.324416035353536,0.6915522411616162,69.15522411616162,-21.47964015151515,fixed a priori subset; no score-based optimization
contact_friction,visible_pusht_futures_2026-10-08,block,True,temporal_lag_prepend_current,one_horizon,15,all5,5,0.6436083491161616,64.36083491161617,35.63916508838384,0.7012574968434343,70.12574968434343,-5.76491477272727,fixed a priori subset; no score-based optimization
contact_friction,visible_pusht_futures_2026-10-08,block,True,temporal_lag_prepend_current,one_horizon,15,coarsest3,3,0.7403645833333332,74.03645833333331,25.96354166666668,0.738682396885522,73.8682396885522,0.16821864478112625,fixed a priori subset; no score-based optimization
contact_friction,visible_pusht_futures_2026-10-08,block,True,temporal_lag_prepend_current,one_horizon,15,finest3,3,0.563560737584175,56.3560737584175,43.6439262415825,0.6598853114478115,65.98853114478115,-9.632457386363647,fixed a priori subset; no score-based optimization
contact_friction,visible_pusht_futures_2026-10-08,block,True,temporal_lag_prepend_current,one_horizon,20,all5,5,0.7760022095959596,77.60022095959596,22.399779040404045,0.6911663510101009,69.11663510101009,8.483585858585862,fixed a priori subset; no score-based optimization
contact_friction,visible_pusht_futures_2026-10-08,block,True,temporal_lag_prepend_current,one_horizon,20,coarsest3,3,0.8539634627525253,85.39634627525253,14.603653724747467,0.7218638204966329,72.1863820496633,13.209964225589243,fixed a priori subset; no score-based optimization
contact_friction,visible_pusht_futures_2026-10-08,block,True,temporal_lag_prepend_current,one_horizon,20,finest3,3,0.7088475904882156,70.88475904882155,29.115240951178446,0.6598202072811448,65.98202072811448,4.902738320707078,fixed a priori subset; no score-based optimization
contact_friction,visible_pusht_futures_2026-10-08,block,True,temporal_lag_prepend_current,one_horizon,25,all5,5,0.8739543876262627,87.39543876262627,12.604561237373735,0.691127288510101,69.1127288510101,18.28270991161617,fixed a priori subset; no score-based optimization
contact_friction,visible_pusht_futures_2026-10-08,block,True,temporal_lag_prepend_current,one_horizon,25,coarsest3,3,0.9312388204966329,93.12388204966328,6.876117950336713,0.7217987163299663,72.17987163299662,20.944010416666657,fixed a priori subset; no score-based optimization
contact_friction,visible_pusht_futures_2026-10-08,block,True,temporal_lag_prepend_current,one_horizon,25,finest3,3,0.8244554924242425,82.44554924242425,17.554450757575747,0.6598202072811448,65.98202072811448,16.46352851430978,fixed a priori subset; no score-based optimization
contact_friction,visible_pusht_futures_2026-10-08,block,True,wrong_condition_true_future,cyclic_shift_by_1,5,all5,5,0.6583112373737373,65.83112373737373,34.16887626262627,0.8988214172979797,89.88214172979797,-24.05101799242424,fixed a priori subset; no score-based optimization
contact_friction,visible_pusht_futures_2026-10-08,block,True,wrong_condition_true_future,cyclic_shift_by_1,5,coarsest3,3,0.8949573863636363,89.49573863636363,10.504261363636369,0.971584990530303,97.1584990530303,-7.66276041666667,fixed a priori subset; no score-based optimization
contact_friction,visible_pusht_futures_2026-10-08,block,True,wrong_condition_true_future,cyclic_shift_by_1,5,finest3,3,0.4873487478956229,48.73487478956229,51.26512521043771,0.8384121159511783,83.84121159511783,-35.106336805555536,fixed a priori subset; no score-based optimization
contact_friction,visible_pusht_futures_2026-10-08,block,True,wrong_condition_true_future,cyclic_shift_by_1,10,all5,5,0.3662973484848484,36.629734848484844,63.370265151515156,0.7500824652777778,75.00824652777777,-38.378511679292934,fixed a priori subset; no score-based optimization
contact_friction,visible_pusht_futures_2026-10-08,block,True,wrong_condition_true_future,cyclic_shift_by_1,10,coarsest3,3,0.47554187710437695,47.554187710437695,52.44581228956231,0.8041587752525251,80.41587752525251,-32.86168981481482,fixed a priori subset; no score-based optimization
contact_friction,visible_pusht_futures_2026-10-08,block,True,wrong_condition_true_future,cyclic_shift_by_1,10,finest3,3,0.2927675189393939,29.27675189393939,70.72324810606061,0.6915522411616162,69.15522411616162,-39.87847222222223,fixed a priori subset; no score-based optimization
contact_friction,visible_pusht_futures_2026-10-08,block,True,wrong_condition_true_future,cyclic_shift_by_1,15,all5,5,0.326958648989899,32.6958648989899,67.3041351010101,0.7012574968434343,70.12574968434343,-37.42988478535353,fixed a priori subset; no score-based optimization
contact_friction,visible_pusht_futures_2026-10-08,block,True,wrong_condition_true_future,cyclic_shift_by_1,15,coarsest3,3,0.41023779461279464,41.02377946127946,58.97622053872054,0.738682396885522,73.8682396885522,-32.844460227272734,fixed a priori subset; no score-based optimization
contact_friction,visible_pusht_futures_2026-10-08,block,True,wrong_condition_true_future,cyclic_shift_by_1,15,finest3,3,0.2608401725589226,26.08401725589226,73.91598274410774,0.6598853114478115,65.98853114478115,-39.904513888888886,fixed a priori subset; no score-based optimization
contact_friction,visible_pusht_futures_2026-10-08,block,True,wrong_condition_true_future,cyclic_shift_by_1,20,all5,5,0.3080366161616162,30.80366161616162,69.19633838383838,0.6911663510101009,69.11663510101009,-38.31297348484847,fixed a priori subset; no score-based optimization
contact_friction,visible_pusht_futures_2026-10-08,block,True,wrong_condition_true_future,cyclic_shift_by_1,20,coarsest3,3,0.37870107323232327,37.870107323232325,62.129892676767675,0.7218638204966329,72.1863820496633,-34.31627472643096,fixed a priori subset; no score-based optimization
contact_friction,visible_pusht_futures_2026-10-08,block,True,wrong_condition_true_future,cyclic_shift_by_1,20,finest3,3,0.2608401725589226,26.08401725589226,73.91598274410774,0.6598202072811448,65.98202072811448,-39.898003472222214,fixed a priori subset; no score-based optimization
contact_friction,visible_pusht_futures_2026-10-08,block,True,wrong_condition_true_future,cyclic_shift_by_1,25,all5,5,0.30795849116161617,30.795849116161616,69.20415088383838,0.691127288510101,69.1127288510101,-38.31687973484848,fixed a priori subset; no score-based optimization
contact_friction,visible_pusht_futures_2026-10-08,block,True,wrong_condition_true_future,cyclic_shift_by_1,25,coarsest3,3,0.3785708648989899,37.85708648989899,62.14291351010102,0.7217987163299663,72.17987163299662,-34.32278514309764,fixed a priori subset; no score-based optimization
contact_friction,visible_pusht_futures_2026-10-08,block,True,wrong_condition_true_future,cyclic_shift_by_1,25,finest3,3,0.2608401725589226,26.08401725589226,73.91598274410774,0.6598202072811448,65.98202072811448,-39.898003472222214,fixed a priori subset; no score-based optimization
door,legacy_tworoom_multistep_panels_2026-09-30,agent,True,condition_mean_common_privileged,mean_across_hidden_conditions,5,all5,5,0.41666666666666663,41.666666666666664,58.333333333333336,0.7083333333333333,70.83333333333333,-29.166666666666664,fixed a priori subset; no score-based optimization
door,legacy_tworoom_multistep_panels_2026-09-30,agent,True,condition_mean_common_privileged,mean_across_hidden_conditions,5,coarsest3,3,0.5277777777777778,52.77777777777778,47.22222222222222,0.7638888888888888,76.38888888888889,-23.611111111111104,fixed a priori subset; no score-based optimization
door,legacy_tworoom_multistep_panels_2026-09-30,agent,True,condition_mean_common_privileged,mean_across_hidden_conditions,5,finest3,3,0.25,25.0,75.0,0.625,62.5,-37.5,fixed a priori subset; no score-based optimization
door,legacy_tworoom_multistep_panels_2026-09-30,agent,True,condition_mean_common_privileged,mean_across_hidden_conditions,10,all5,5,0.2333333333333333,23.333333333333332,76.66666666666667,0.6166666666666667,61.66666666666667,-38.33333333333334,fixed a priori subset; no score-based optimization
door,legacy_tworoom_multistep_panels_2026-09-30,agent,True,condition_mean_common_privileged,mean_across_hidden_conditions,10,coarsest3,3,0.27777777777777773,27.777777777777775,72.22222222222223,0.638888888888889,63.88888888888889,-36.11111111111112,fixed a priori subset; no score-based optimization
door,legacy_tworoom_multistep_panels_2026-09-30,agent,True,condition_mean_common_privileged,mean_across_hidden_conditions,10,finest3,3,0.16666666666666666,16.666666666666664,83.33333333333334,0.5833333333333334,58.333333333333336,-41.66666666666667,fixed a priori subset; no score-based optimization
door,legacy_tworoom_multistep_panels_2026-09-30,agent,True,condition_mean_common_privileged,mean_across_hidden_conditions,15,all5,5,0.2,20.0,80.0,0.6,60.0,-40.0,fixed a priori subset; no score-based optimization
door,legacy_tworoom_multistep_panels_2026-09-30,agent,True,condition_mean_common_privileged,mean_across_hidden_conditions,15,coarsest3,3,0.2222222222222222,22.22222222222222,77.77777777777779,0.6111111111111112,61.111111111111114,-38.88888888888889,fixed a priori subset; no score-based optimization
door,legacy_tworoom_multistep_panels_2026-09-30,agent,True,condition_mean_common_privileged,mean_across_hidden_conditions,15,finest3,3,0.16666666666666666,16.666666666666664,83.33333333333334,0.5833333333333334,58.333333333333336,-41.66666666666667,fixed a priori subset; no score-based optimization
door,legacy_tworoom_multistep_panels_2026-09-30,agent,True,condition_mean_common_privileged,mean_across_hidden_conditions,20,all5,5,0.2,20.0,80.0,0.6,60.0,-40.0,fixed a priori subset; no score-based optimization
door,legacy_tworoom_multistep_panels_2026-09-30,agent,True,condition_mean_common_privileged,mean_across_hidden_conditions,20,coarsest3,3,0.2222222222222222,22.22222222222222,77.77777777777779,0.6111111111111112,61.111111111111114,-38.88888888888889,fixed a priori subset; no score-based optimization
door,legacy_tworoom_multistep_panels_2026-09-30,agent,True,condition_mean_common_privileged,mean_across_hidden_conditions,20,finest3,3,0.16666666666666666,16.666666666666664,83.33333333333334,0.5833333333333334,58.333333333333336,-41.66666666666667,fixed a priori subset; no score-based optimization
door,legacy_tworoom_multistep_panels_2026-09-30,agent,True,condition_mean_common_privileged,mean_across_hidden_conditions,25,all5,5,0.2,20.0,80.0,0.6,60.0,-40.0,fixed a priori subset; no score-based optimization
door,legacy_tworoom_multistep_panels_2026-09-30,agent,True,condition_mean_common_privileged,mean_across_hidden_conditions,25,coarsest3,3,0.2222222222222222,22.22222222222222,77.77777777777779,0.6111111111111112,61.111111111111114,-38.88888888888889,fixed a priori subset; no score-based optimization
door,legacy_tworoom_multistep_panels_2026-09-30,agent,True,condition_mean_common_privileged,mean_across_hidden_conditions,25,finest3,3,0.16666666666666666,16.666666666666664,83.33333333333334,0.5833333333333334,58.333333333333336,-41.66666666666667,fixed a priori subset; no score-based optimization
door,legacy_tworoom_multistep_panels_2026-09-30,agent,True,current_state_displacement_scale,0,5,all5,5,0.4666666666666666,46.666666666666664,53.33333333333334,0.7083333333333333,70.83333333333333,-24.166666666666664,fixed a priori subset; no score-based optimization
door,legacy_tworoom_multistep_panels_2026-09-30,agent,True,current_state_displacement_scale,0,5,coarsest3,3,0.47222222222222215,47.222222222222214,52.77777777777779,0.7638888888888888,76.38888888888889,-29.166666666666668,fixed a priori subset; no score-based optimization
door,legacy_tworoom_multistep_panels_2026-09-30,agent,True,current_state_displacement_scale,0,5,finest3,3,0.4583333333333333,45.83333333333333,54.16666666666667,0.625,62.5,-16.666666666666668,fixed a priori subset; no score-based optimization
door,legacy_tworoom_multistep_panels_2026-09-30,agent,True,current_state_displacement_scale,0,10,all5,5,0.4583333333333333,45.83333333333333,54.16666666666667,0.6166666666666667,61.66666666666667,-15.833333333333337,fixed a priori subset; no score-based optimization
door,legacy_tworoom_multistep_panels_2026-09-30,agent,True,current_state_displacement_scale,0,10,coarsest3,3,0.4583333333333333,45.83333333333333,54.16666666666667,0.638888888888889,63.88888888888889,-18.055555555555564,fixed a priori subset; no score-based optimization
door,legacy_tworoom_multistep_panels_2026-09-30,agent,True,current_state_displacement_scale,0,10,finest3,3,0.4583333333333333,45.83333333333333,54.16666666666667,0.5833333333333334,58.333333333333336,-12.500000000000005,fixed a priori subset; no score-based optimization
door,legacy_tworoom_multistep_panels_2026-09-30,agent,True,current_state_displacement_scale,0,15,all5,5,0.4583333333333333,45.83333333333333,54.16666666666667,0.6,60.0,-14.166666666666666,fixed a priori subset; no score-based optimization
door,legacy_tworoom_multistep_panels_2026-09-30,agent,True,current_state_displacement_scale,0,15,coarsest3,3,0.4583333333333333,45.83333333333333,54.16666666666667,0.6111111111111112,61.111111111111114,-15.277777777777784,fixed a priori subset; no score-based optimization
door,legacy_tworoom_multistep_panels_2026-09-30,agent,True,current_state_displacement_scale,0,15,finest3,3,0.4583333333333333,45.83333333333333,54.16666666666667,0.5833333333333334,58.333333333333336,-12.500000000000005,fixed a priori subset; no score-based optimization
door,legacy_tworoom_multistep_panels_2026-09-30,agent,True,current_state_displacement_scale,0,20,all5,5,0.4583333333333333,45.83333333333333,54.16666666666667,0.6,60.0,-14.166666666666666,fixed a priori subset; no score-based optimization
door,legacy_tworoom_multistep_panels_2026-09-30,agent,True,current_state_displacement_scale,0,20,coarsest3,3,0.4583333333333333,45.83333333333333,54.16666666666667,0.6111111111111112,61.111111111111114,-15.277777777777784,fixed a priori subset; no score-based optimization
door,legacy_tworoom_multistep_panels_2026-09-30,agent,True,current_state_displacement_scale,0,20,finest3,3,0.4583333333333333,45.83333333333333,54.16666666666667,0.5833333333333334,58.333333333333336,-12.500000000000005,fixed a priori subset; no score-based optimization
door,legacy_tworoom_multistep_panels_2026-09-30,agent,True,current_state_displacement_scale,0,25,all5,5,0.4583333333333333,45.83333333333333,54.16666666666667,0.6,60.0,-14.166666666666666,fixed a priori subset; no score-based optimization
door,legacy_tworoom_multistep_panels_2026-09-30,agent,True,current_state_displacement_scale,0,25,coarsest3,3,0.4583333333333333,45.83333333333333,54.16666666666667,0.6111111111111112,61.111111111111114,-15.277777777777784,fixed a priori subset; no score-based optimization
door,legacy_tworoom_multistep_panels_2026-09-30,agent,True,current_state_displacement_scale,0,25,finest3,3,0.4583333333333333,45.83333333333333,54.16666666666667,0.5833333333333334,58.333333333333336,-12.500000000000005,fixed a priori subset; no score-based optimization
door,legacy_tworoom_multistep_panels_2026-09-30,agent,True,current_state_displacement_scale,0.5,5,all5,5,0.575,57.49999999999999,42.50000000000001,0.7083333333333333,70.83333333333333,-13.33333333333333,fixed a priori subset; no score-based optimization
door,legacy_tworoom_multistep_panels_2026-09-30,agent,True,current_state_displacement_scale,0.5,5,coarsest3,3,0.6527777777777778,65.27777777777779,34.72222222222222,0.7638888888888888,76.38888888888889,-11.111111111111105,fixed a priori subset; no score-based optimization
door,legacy_tworoom_multistep_panels_2026-09-30,agent,True,current_state_displacement_scale,0.5,5,finest3,3,0.4583333333333333,45.83333333333333,54.16666666666667,0.625,62.5,-16.666666666666668,fixed a priori subset; no score-based optimization
door,legacy_tworoom_multistep_panels_2026-09-30,agent,True,current_state_displacement_scale,0.5,10,all5,5,0.4916666666666666,49.16666666666666,50.83333333333334,0.6166666666666667,61.66666666666667,-12.50000000000001,fixed a priori subset; no score-based optimization
door,legacy_tworoom_multistep_panels_2026-09-30,agent,True,current_state_displacement_scale,0.5,10,coarsest3,3,0.5138888888888888,51.388888888888886,48.611111111111114,0.638888888888889,63.88888888888889,-12.50000000000001,fixed a priori subset; no score-based optimization
door,legacy_tworoom_multistep_panels_2026-09-30,agent,True,current_state_displacement_scale,0.5,10,finest3,3,0.4583333333333333,45.83333333333333,54.16666666666667,0.5833333333333334,58.333333333333336,-12.500000000000005,fixed a priori subset; no score-based optimization
door,legacy_tworoom_multistep_panels_2026-09-30,agent,True,current_state_displacement_scale,0.5,15,all5,5,0.4833333333333333,48.33333333333333,51.66666666666667,0.6,60.0,-11.66666666666667,fixed a priori subset; no score-based optimization
door,legacy_tworoom_multistep_panels_2026-09-30,agent,True,current_state_displacement_scale,0.5,15,coarsest3,3,0.5,50.0,50.0,0.6111111111111112,61.111111111111114,-11.111111111111116,fixed a priori subset; no score-based optimization
door,legacy_tworoom_multistep_panels_2026-09-30,agent,True,current_state_displacement_scale,0.5,15,finest3,3,0.4583333333333333,45.83333333333333,54.16666666666667,0.5833333333333334,58.333333333333336,-12.500000000000005,fixed a priori subset; no score-based optimization
door,legacy_tworoom_multistep_panels_2026-09-30,agent,True,current_state_displacement_scale,0.5,20,all5,5,0.4833333333333333,48.33333333333333,51.66666666666667,0.6,60.0,-11.66666666666667,fixed a priori subset; no score-based optimization
door,legacy_tworoom_multistep_panels_2026-09-30,agent,True,current_state_displacement_scale,0.5,20,coarsest3,3,0.5,50.0,50.0,0.6111111111111112,61.111111111111114,-11.111111111111116,fixed a priori subset; no score-based optimization
door,legacy_tworoom_multistep_panels_2026-09-30,agent,True,current_state_displacement_scale,0.5,20,finest3,3,0.4583333333333333,45.83333333333333,54.16666666666667,0.5833333333333334,58.333333333333336,-12.500000000000005,fixed a priori subset; no score-based optimization
door,legacy_tworoom_multistep_panels_2026-09-30,agent,True,current_state_displacement_scale,0.5,25,all5,5,0.4833333333333333,48.33333333333333,51.66666666666667,0.6,60.0,-11.66666666666667,fixed a priori subset; no score-based optimization
door,legacy_tworoom_multistep_panels_2026-09-30,agent,True,current_state_displacement_scale,0.5,25,coarsest3,3,0.5,50.0,50.0,0.6111111111111112,61.111111111111114,-11.111111111111116,fixed a priori subset; no score-based optimization
door,legacy_tworoom_multistep_panels_2026-09-30,agent,True,current_state_displacement_scale,0.5,25,finest3,3,0.4583333333333333,45.83333333333333,54.16666666666667,0.5833333333333334,58.333333333333336,-12.500000000000005,fixed a priori subset; no score-based optimization
door,legacy_tworoom_multistep_panels_2026-09-30,agent,True,current_state_displacement_scale,1,5,all5,5,1.0,100.0,0.0,0.7083333333333333,70.83333333333333,29.166666666666675,fixed a priori subset; no score-based optimization
door,legacy_tworoom_multistep_panels_2026-09-30,agent,True,current_state_displacement_scale,1,5,coarsest3,3,1.0,100.0,0.0,0.7638888888888888,76.38888888888889,23.611111111111114,fixed a priori subset; no score-based optimization
door,legacy_tworoom_multistep_panels_2026-09-30,agent,True,current_state_displacement_scale,1,5,finest3,3,1.0,100.0,0.0,0.625,62.5,37.5,fixed a priori subset; no score-based optimization
door,legacy_tworoom_multistep_panels_2026-09-30,agent,True,current_state_displacement_scale,1,10,all5,5,1.0,100.0,0.0,0.6166666666666667,61.66666666666667,38.33333333333333,fixed a priori subset; no score-based optimization
door,legacy_tworoom_multistep_panels_2026-09-30,agent,True,current_state_displacement_scale,1,10,coarsest3,3,1.0,100.0,0.0,0.638888888888889,63.88888888888889,36.11111111111111,fixed a priori subset; no score-based optimization
door,legacy_tworoom_multistep_panels_2026-09-30,agent,True,current_state_displacement_scale,1,10,finest3,3,1.0,100.0,0.0,0.5833333333333334,58.333333333333336,41.666666666666664,fixed a priori subset; no score-based optimization
door,legacy_tworoom_multistep_panels_2026-09-30,agent,True,current_state_displacement_scale,1,15,all5,5,1.0,100.0,0.0,0.6,60.0,40.0,fixed a priori subset; no score-based optimization
door,legacy_tworoom_multistep_panels_2026-09-30,agent,True,current_state_displacement_scale,1,15,coarsest3,3,1.0,100.0,0.0,0.6111111111111112,61.111111111111114,38.888888888888886,fixed a priori subset; no score-based optimization
door,legacy_tworoom_multistep_panels_2026-09-30,agent,True,current_state_displacement_scale,1,15,finest3,3,1.0,100.0,0.0,0.5833333333333334,58.333333333333336,41.666666666666664,fixed a priori subset; no score-based optimization
door,legacy_tworoom_multistep_panels_2026-09-30,agent,True,current_state_displacement_scale,1,20,all5,5,1.0,100.0,0.0,0.6,60.0,40.0,fixed a priori subset; no score-based optimization
door,legacy_tworoom_multistep_panels_2026-09-30,agent,True,current_state_displacement_scale,1,20,coarsest3,3,1.0,100.0,0.0,0.6111111111111112,61.111111111111114,38.888888888888886,fixed a priori subset; no score-based optimization
door,legacy_tworoom_multistep_panels_2026-09-30,agent,True,current_state_displacement_scale,1,20,finest3,3,1.0,100.0,0.0,0.5833333333333334,58.333333333333336,41.666666666666664,fixed a priori subset; no score-based optimization
door,legacy_tworoom_multistep_panels_2026-09-30,agent,True,current_state_displacement_scale,1,25,all5,5,1.0,100.0,0.0,0.6,60.0,40.0,fixed a priori subset; no score-based optimization
door,legacy_tworoom_multistep_panels_2026-09-30,agent,True,current_state_displacement_scale,1,25,coarsest3,3,1.0,100.0,0.0,0.6111111111111112,61.111111111111114,38.888888888888886,fixed a priori subset; no score-based optimization
door,legacy_tworoom_multistep_panels_2026-09-30,agent,True,current_state_displacement_scale,1,25,finest3,3,1.0,100.0,0.0,0.5833333333333334,58.333333333333336,41.666666666666664,fixed a priori subset; no score-based optimization
door,legacy_tworoom_multistep_panels_2026-09-30,agent,True,current_state_displacement_scale,1.5,5,all5,5,0.575,57.49999999999999,42.50000000000001,0.7083333333333333,70.83333333333333,-13.33333333333333,fixed a priori subset; no score-based optimization
door,legacy_tworoom_multistep_panels_2026-09-30,agent,True,current_state_displacement_scale,1.5,5,coarsest3,3,0.6527777777777778,65.27777777777779,34.72222222222222,0.7638888888888888,76.38888888888889,-11.111111111111105,fixed a priori subset; no score-based optimization
door,legacy_tworoom_multistep_panels_2026-09-30,agent,True,current_state_displacement_scale,1.5,5,finest3,3,0.4583333333333333,45.83333333333333,54.16666666666667,0.625,62.5,-16.666666666666668,fixed a priori subset; no score-based optimization
door,legacy_tworoom_multistep_panels_2026-09-30,agent,True,current_state_displacement_scale,1.5,10,all5,5,0.4916666666666666,49.16666666666666,50.83333333333334,0.6166666666666667,61.66666666666667,-12.50000000000001,fixed a priori subset; no score-based optimization
door,legacy_tworoom_multistep_panels_2026-09-30,agent,True,current_state_displacement_scale,1.5,10,coarsest3,3,0.5138888888888888,51.388888888888886,48.611111111111114,0.638888888888889,63.88888888888889,-12.50000000000001,fixed a priori subset; no score-based optimization
door,legacy_tworoom_multistep_panels_2026-09-30,agent,True,current_state_displacement_scale,1.5,10,finest3,3,0.4583333333333333,45.83333333333333,54.16666666666667,0.5833333333333334,58.333333333333336,-12.500000000000005,fixed a priori subset; no score-based optimization
door,legacy_tworoom_multistep_panels_2026-09-30,agent,True,current_state_displacement_scale,1.5,15,all5,5,0.4833333333333333,48.33333333333333,51.66666666666667,0.6,60.0,-11.66666666666667,fixed a priori subset; no score-based optimization
door,legacy_tworoom_multistep_panels_2026-09-30,agent,True,current_state_displacement_scale,1.5,15,coarsest3,3,0.5,50.0,50.0,0.6111111111111112,61.111111111111114,-11.111111111111116,fixed a priori subset; no score-based optimization
door,legacy_tworoom_multistep_panels_2026-09-30,agent,True,current_state_displacement_scale,1.5,15,finest3,3,0.4583333333333333,45.83333333333333,54.16666666666667,0.5833333333333334,58.333333333333336,-12.500000000000005,fixed a priori subset; no score-based optimization
door,legacy_tworoom_multistep_panels_2026-09-30,agent,True,current_state_displacement_scale,1.5,20,all5,5,0.4833333333333333,48.33333333333333,51.66666666666667,0.6,60.0,-11.66666666666667,fixed a priori subset; no score-based optimization
door,legacy_tworoom_multistep_panels_2026-09-30,agent,True,current_state_displacement_scale,1.5,20,coarsest3,3,0.5,50.0,50.0,0.6111111111111112,61.111111111111114,-11.111111111111116,fixed a priori subset; no score-based optimization
door,legacy_tworoom_multistep_panels_2026-09-30,agent,True,current_state_displacement_scale,1.5,20,finest3,3,0.4583333333333333,45.83333333333333,54.16666666666667,0.5833333333333334,58.333333333333336,-12.500000000000005,fixed a priori subset; no score-based optimization
door,legacy_tworoom_multistep_panels_2026-09-30,agent,True,current_state_displacement_scale,1.5,25,all5,5,0.4833333333333333,48.33333333333333,51.66666666666667,0.6,60.0,-11.66666666666667,fixed a priori subset; no score-based optimization
door,legacy_tworoom_multistep_panels_2026-09-30,agent,True,current_state_displacement_scale,1.5,25,coarsest3,3,0.5,50.0,50.0,0.6111111111111112,61.111111111111114,-11.111111111111116,fixed a priori subset; no score-based optimization
door,legacy_tworoom_multistep_panels_2026-09-30,agent,True,current_state_displacement_scale,1.5,25,finest3,3,0.4583333333333333,45.83333333333333,54.16666666666667,0.5833333333333334,58.333333333333336,-12.500000000000005,fixed a priori subset; no score-based optimization
door,legacy_tworoom_multistep_panels_2026-09-30,agent,True,current_state_displacement_scale,2,5,all5,5,0.4666666666666666,46.666666666666664,53.33333333333334,0.7083333333333333,70.83333333333333,-24.166666666666664,fixed a priori subset; no score-based optimization
door,legacy_tworoom_multistep_panels_2026-09-30,agent,True,current_state_displacement_scale,2,5,coarsest3,3,0.47222222222222215,47.222222222222214,52.77777777777779,0.7638888888888888,76.38888888888889,-29.166666666666668,fixed a priori subset; no score-based optimization
door,legacy_tworoom_multistep_panels_2026-09-30,agent,True,current_state_displacement_scale,2,5,finest3,3,0.4583333333333333,45.83333333333333,54.16666666666667,0.625,62.5,-16.666666666666668,fixed a priori subset; no score-based optimization
door,legacy_tworoom_multistep_panels_2026-09-30,agent,True,current_state_displacement_scale,2,10,all5,5,0.4583333333333333,45.83333333333333,54.16666666666667,0.6166666666666667,61.66666666666667,-15.833333333333337,fixed a priori subset; no score-based optimization
door,legacy_tworoom_multistep_panels_2026-09-30,agent,True,current_state_displacement_scale,2,10,coarsest3,3,0.4583333333333333,45.83333333333333,54.16666666666667,0.638888888888889,63.88888888888889,-18.055555555555564,fixed a priori subset; no score-based optimization
door,legacy_tworoom_multistep_panels_2026-09-30,agent,True,current_state_displacement_scale,2,10,finest3,3,0.4583333333333333,45.83333333333333,54.16666666666667,0.5833333333333334,58.333333333333336,-12.500000000000005,fixed a priori subset; no score-based optimization
door,legacy_tworoom_multistep_panels_2026-09-30,agent,True,current_state_displacement_scale,2,15,all5,5,0.4583333333333333,45.83333333333333,54.16666666666667,0.6,60.0,-14.166666666666666,fixed a priori subset; no score-based optimization
door,legacy_tworoom_multistep_panels_2026-09-30,agent,True,current_state_displacement_scale,2,15,coarsest3,3,0.4583333333333333,45.83333333333333,54.16666666666667,0.6111111111111112,61.111111111111114,-15.277777777777784,fixed a priori subset; no score-based optimization
door,legacy_tworoom_multistep_panels_2026-09-30,agent,True,current_state_displacement_scale,2,15,finest3,3,0.4583333333333333,45.83333333333333,54.16666666666667,0.5833333333333334,58.333333333333336,-12.500000000000005,fixed a priori subset; no score-based optimization
door,legacy_tworoom_multistep_panels_2026-09-30,agent,True,current_state_displacement_scale,2,20,all5,5,0.4583333333333333,45.83333333333333,54.16666666666667,0.6,60.0,-14.166666666666666,fixed a priori subset; no score-based optimization
door,legacy_tworoom_multistep_panels_2026-09-30,agent,True,current_state_displacement_scale,2,20,coarsest3,3,0.4583333333333333,45.83333333333333,54.16666666666667,0.6111111111111112,61.111111111111114,-15.277777777777784,fixed a priori subset; no score-based optimization
door,legacy_tworoom_multistep_panels_2026-09-30,agent,True,current_state_displacement_scale,2,20,finest3,3,0.4583333333333333,45.83333333333333,54.16666666666667,0.5833333333333334,58.333333333333336,-12.500000000000005,fixed a priori subset; no score-based optimization
door,legacy_tworoom_multistep_panels_2026-09-30,agent,True,current_state_displacement_scale,2,25,all5,5,0.4583333333333333,45.83333333333333,54.16666666666667,0.6,60.0,-14.166666666666666,fixed a priori subset; no score-based optimization
door,legacy_tworoom_multistep_panels_2026-09-30,agent,True,current_state_displacement_scale,2,25,coarsest3,3,0.4583333333333333,45.83333333333333,54.16666666666667,0.6111111111111112,61.111111111111114,-15.277777777777784,fixed a priori subset; no score-based optimization
door,legacy_tworoom_multistep_panels_2026-09-30,agent,True,current_state_displacement_scale,2,25,finest3,3,0.4583333333333333,45.83333333333333,54.16666666666667,0.5833333333333334,58.333333333333336,-12.500000000000005,fixed a priori subset; no score-based optimization
door,legacy_tworoom_multistep_panels_2026-09-30,agent,True,exact_truth,,5,all5,5,1.0,100.0,0.0,0.7083333333333333,70.83333333333333,29.166666666666675,fixed a priori subset; no score-based optimization
door,legacy_tworoom_multistep_panels_2026-09-30,agent,True,exact_truth,,5,coarsest3,3,1.0,100.0,0.0,0.7638888888888888,76.38888888888889,23.611111111111114,fixed a priori subset; no score-based optimization
door,legacy_tworoom_multistep_panels_2026-09-30,agent,True,exact_truth,,5,finest3,3,1.0,100.0,0.0,0.625,62.5,37.5,fixed a priori subset; no score-based optimization
door,legacy_tworoom_multistep_panels_2026-09-30,agent,True,exact_truth,,10,all5,5,1.0,100.0,0.0,0.6166666666666667,61.66666666666667,38.33333333333333,fixed a priori subset; no score-based optimization
door,legacy_tworoom_multistep_panels_2026-09-30,agent,True,exact_truth,,10,coarsest3,3,1.0,100.0,0.0,0.638888888888889,63.88888888888889,36.11111111111111,fixed a priori subset; no score-based optimization
door,legacy_tworoom_multistep_panels_2026-09-30,agent,True,exact_truth,,10,finest3,3,1.0,100.0,0.0,0.5833333333333334,58.333333333333336,41.666666666666664,fixed a priori subset; no score-based optimization
door,legacy_tworoom_multistep_panels_2026-09-30,agent,True,exact_truth,,15,all5,5,1.0,100.0,0.0,0.6,60.0,40.0,fixed a priori subset; no score-based optimization
door,legacy_tworoom_multistep_panels_2026-09-30,agent,True,exact_truth,,15,coarsest3,3,1.0,100.0,0.0,0.6111111111111112,61.111111111111114,38.888888888888886,fixed a priori subset; no score-based optimization
door,legacy_tworoom_multistep_panels_2026-09-30,agent,True,exact_truth,,15,finest3,3,1.0,100.0,0.0,0.5833333333333334,58.333333333333336,41.666666666666664,fixed a priori subset; no score-based optimization
door,legacy_tworoom_multistep_panels_2026-09-30,agent,True,exact_truth,,20,all5,5,1.0,100.0,0.0,0.6,60.0,40.0,fixed a priori subset; no score-based optimization
door,legacy_tworoom_multistep_panels_2026-09-30,agent,True,exact_truth,,20,coarsest3,3,1.0,100.0,0.0,0.6111111111111112,61.111111111111114,38.888888888888886,fixed a priori subset; no score-based optimization
door,legacy_tworoom_multistep_panels_2026-09-30,agent,True,exact_truth,,20,finest3,3,1.0,100.0,0.0,0.5833333333333334,58.333333333333336,41.666666666666664,fixed a priori subset; no score-based optimization
door,legacy_tworoom_multistep_panels_2026-09-30,agent,True,exact_truth,,25,all5,5,1.0,100.0,0.0,0.6,60.0,40.0,fixed a priori subset; no score-based optimization
door,legacy_tworoom_multistep_panels_2026-09-30,agent,True,exact_truth,,25,coarsest3,3,1.0,100.0,0.0,0.6111111111111112,61.111111111111114,38.888888888888886,fixed a priori subset; no score-based optimization
door,legacy_tworoom_multistep_panels_2026-09-30,agent,True,exact_truth,,25,finest3,3,1.0,100.0,0.0,0.5833333333333334,58.333333333333336,41.666666666666664,fixed a priori subset; no score-based optimization
door,legacy_tworoom_multistep_panels_2026-09-30,agent,True,fixed_norm_offset,1,5,all5,5,0.8,80.0,19.999999999999996,0.7083333333333333,70.83333333333333,9.166666666666679,fixed a priori subset; no score-based optimization
door,legacy_tworoom_multistep_panels_2026-09-30,agent,True,fixed_norm_offset,1,5,coarsest3,3,1.0,100.0,0.0,0.7638888888888888,76.38888888888889,23.611111111111114,fixed a priori subset; no score-based optimization
door,legacy_tworoom_multistep_panels_2026-09-30,agent,True,fixed_norm_offset,1,5,finest3,3,0.6666666666666666,66.66666666666666,33.333333333333336,0.625,62.5,4.1666666666666625,fixed a priori subset; no score-based optimization
door,legacy_tworoom_multistep_panels_2026-09-30,agent,True,fixed_norm_offset,1,10,all5,5,0.8,80.0,19.999999999999996,0.6166666666666667,61.66666666666667,18.333333333333336,fixed a priori subset; no score-based optimization
door,legacy_tworoom_multistep_panels_2026-09-30,agent,True,fixed_norm_offset,1,10,coarsest3,3,1.0,100.0,0.0,0.638888888888889,63.88888888888889,36.11111111111111,fixed a priori subset; no score-based optimization
door,legacy_tworoom_multistep_panels_2026-09-30,agent,True,fixed_norm_offset,1,10,finest3,3,0.6666666666666666,66.66666666666666,33.333333333333336,0.5833333333333334,58.333333333333336,8.333333333333325,fixed a priori subset; no score-based optimization
door,legacy_tworoom_multistep_panels_2026-09-30,agent,True,fixed_norm_offset,1,15,all5,5,0.8,80.0,19.999999999999996,0.6,60.0,20.000000000000007,fixed a priori subset; no score-based optimization
door,legacy_tworoom_multistep_panels_2026-09-30,agent,True,fixed_norm_offset,1,15,coarsest3,3,1.0,100.0,0.0,0.6111111111111112,61.111111111111114,38.888888888888886,fixed a priori subset; no score-based optimization
door,legacy_tworoom_multistep_panels_2026-09-30,agent,True,fixed_norm_offset,1,15,finest3,3,0.6666666666666666,66.66666666666666,33.333333333333336,0.5833333333333334,58.333333333333336,8.333333333333325,fixed a priori subset; no score-based optimization
door,legacy_tworoom_multistep_panels_2026-09-30,agent,True,fixed_norm_offset,1,20,all5,5,0.8,80.0,19.999999999999996,0.6,60.0,20.000000000000007,fixed a priori subset; no score-based optimization
door,legacy_tworoom_multistep_panels_2026-09-30,agent,True,fixed_norm_offset,1,20,coarsest3,3,1.0,100.0,0.0,0.6111111111111112,61.111111111111114,38.888888888888886,fixed a priori subset; no score-based optimization
door,legacy_tworoom_multistep_panels_2026-09-30,agent,True,fixed_norm_offset,1,20,finest3,3,0.6666666666666666,66.66666666666666,33.333333333333336,0.5833333333333334,58.333333333333336,8.333333333333325,fixed a priori subset; no score-based optimization
door,legacy_tworoom_multistep_panels_2026-09-30,agent,True,fixed_norm_offset,1,25,all5,5,0.8,80.0,19.999999999999996,0.6,60.0,20.000000000000007,fixed a priori subset; no score-based optimization
door,legacy_tworoom_multistep_panels_2026-09-30,agent,True,fixed_norm_offset,1,25,coarsest3,3,1.0,100.0,0.0,0.6111111111111112,61.111111111111114,38.888888888888886,fixed a priori subset; no score-based optimization
door,legacy_tworoom_multistep_panels_2026-09-30,agent,True,fixed_norm_offset,1,25,finest3,3,0.6666666666666666,66.66666666666666,33.333333333333336,0.5833333333333334,58.333333333333336,8.333333333333325,fixed a priori subset; no score-based optimization
door,legacy_tworoom_multistep_panels_2026-09-30,agent,True,fixed_norm_offset,16,5,all5,5,0.0,0.0,100.0,0.7083333333333333,70.83333333333333,-70.83333333333333,fixed a priori subset; no score-based optimization
door,legacy_tworoom_multistep_panels_2026-09-30,agent,True,fixed_norm_offset,16,5,coarsest3,3,0.0,0.0,100.0,0.7638888888888888,76.38888888888889,-76.38888888888889,fixed a priori subset; no score-based optimization
door,legacy_tworoom_multistep_panels_2026-09-30,agent,True,fixed_norm_offset,16,5,finest3,3,0.0,0.0,100.0,0.625,62.5,-62.5,fixed a priori subset; no score-based optimization
door,legacy_tworoom_multistep_panels_2026-09-30,agent,True,fixed_norm_offset,16,10,all5,5,0.0,0.0,100.0,0.6166666666666667,61.66666666666667,-61.66666666666667,fixed a priori subset; no score-based optimization
door,legacy_tworoom_multistep_panels_2026-09-30,agent,True,fixed_norm_offset,16,10,coarsest3,3,0.0,0.0,100.0,0.638888888888889,63.88888888888889,-63.88888888888889,fixed a priori subset; no score-based optimization
door,legacy_tworoom_multistep_panels_2026-09-30,agent,True,fixed_norm_offset,16,10,finest3,3,0.0,0.0,100.0,0.5833333333333334,58.333333333333336,-58.333333333333336,fixed a priori subset; no score-based optimization
door,legacy_tworoom_multistep_panels_2026-09-30,agent,True,fixed_norm_offset,16,15,all5,5,0.0,0.0,100.0,0.6,60.0,-60.0,fixed a priori subset; no score-based optimization
door,legacy_tworoom_multistep_panels_2026-09-30,agent,True,fixed_norm_offset,16,15,coarsest3,3,0.0,0.0,100.0,0.6111111111111112,61.111111111111114,-61.111111111111114,fixed a priori subset; no score-based optimization
door,legacy_tworoom_multistep_panels_2026-09-30,agent,True,fixed_norm_offset,16,15,finest3,3,0.0,0.0,100.0,0.5833333333333334,58.333333333333336,-58.333333333333336,fixed a priori subset; no score-based optimization
door,legacy_tworoom_multistep_panels_2026-09-30,agent,True,fixed_norm_offset,16,20,all5,5,0.0,0.0,100.0,0.6,60.0,-60.0,fixed a priori subset; no score-based optimization
door,legacy_tworoom_multistep_panels_2026-09-30,agent,True,fixed_norm_offset,16,20,coarsest3,3,0.0,0.0,100.0,0.6111111111111112,61.111111111111114,-61.111111111111114,fixed a priori subset; no score-based optimization
door,legacy_tworoom_multistep_panels_2026-09-30,agent,True,fixed_norm_offset,16,20,finest3,3,0.0,0.0,100.0,0.5833333333333334,58.333333333333336,-58.333333333333336,fixed a priori subset; no score-based optimization
door,legacy_tworoom_multistep_panels_2026-09-30,agent,True,fixed_norm_offset,16,25,all5,5,0.0,0.0,100.0,0.6,60.0,-60.0,fixed a priori subset; no score-based optimization
door,legacy_tworoom_multistep_panels_2026-09-30,agent,True,fixed_norm_offset,16,25,coarsest3,3,0.0,0.0,100.0,0.6111111111111112,61.111111111111114,-61.111111111111114,fixed a priori subset; no score-based optimization
door,legacy_tworoom_multistep_panels_2026-09-30,agent,True,fixed_norm_offset,16,25,finest3,3,0.0,0.0,100.0,0.5833333333333334,58.333333333333336,-58.333333333333336,fixed a priori subset; no score-based optimization
door,legacy_tworoom_multistep_panels_2026-09-30,agent,True,fixed_norm_offset,2,5,all5,5,0.6,60.0,40.0,0.7083333333333333,70.83333333333333,-10.833333333333329,fixed a priori subset; no score-based optimization
door,legacy_tworoom_multistep_panels_2026-09-30,agent,True,fixed_norm_offset,2,5,coarsest3,3,1.0,100.0,0.0,0.7638888888888888,76.38888888888889,23.611111111111114,fixed a priori subset; no score-based optimization
door,legacy_tworoom_multistep_panels_2026-09-30,agent,True,fixed_norm_offset,2,5,finest3,3,0.3333333333333333,33.33333333333333,66.66666666666667,0.625,62.5,-29.166666666666668,fixed a priori subset; no score-based optimization
door,legacy_tworoom_multistep_panels_2026-09-30,agent,True,fixed_norm_offset,2,10,all5,5,0.6,60.0,40.0,0.6166666666666667,61.66666666666667,-1.6666666666666718,fixed a priori subset; no score-based optimization
door,legacy_tworoom_multistep_panels_2026-09-30,agent,True,fixed_norm_offset,2,10,coarsest3,3,1.0,100.0,0.0,0.638888888888889,63.88888888888889,36.11111111111111,fixed a priori subset; no score-based optimization
door,legacy_tworoom_multistep_panels_2026-09-30,agent,True,fixed_norm_offset,2,10,finest3,3,0.3333333333333333,33.33333333333333,66.66666666666667,0.5833333333333334,58.333333333333336,-25.000000000000007,fixed a priori subset; no score-based optimization
door,legacy_tworoom_multistep_panels_2026-09-30,agent,True,fixed_norm_offset,2,15,all5,5,0.6,60.0,40.0,0.6,60.0,0.0,fixed a priori subset; no score-based optimization
door,legacy_tworoom_multistep_panels_2026-09-30,agent,True,fixed_norm_offset,2,15,coarsest3,3,1.0,100.0,0.0,0.6111111111111112,61.111111111111114,38.888888888888886,fixed a priori subset; no score-based optimization
door,legacy_tworoom_multistep_panels_2026-09-30,agent,True,fixed_norm_offset,2,15,finest3,3,0.3333333333333333,33.33333333333333,66.66666666666667,0.5833333333333334,58.333333333333336,-25.000000000000007,fixed a priori subset; no score-based optimization
door,legacy_tworoom_multistep_panels_2026-09-30,agent,True,fixed_norm_offset,2,20,all5,5,0.6,60.0,40.0,0.6,60.0,0.0,fixed a priori subset; no score-based optimization
door,legacy_tworoom_multistep_panels_2026-09-30,agent,True,fixed_norm_offset,2,20,coarsest3,3,1.0,100.0,0.0,0.6111111111111112,61.111111111111114,38.888888888888886,fixed a priori subset; no score-based optimization
door,legacy_tworoom_multistep_panels_2026-09-30,agent,True,fixed_norm_offset,2,20,finest3,3,0.3333333333333333,33.33333333333333,66.66666666666667,0.5833333333333334,58.333333333333336,-25.000000000000007,fixed a priori subset; no score-based optimization
door,legacy_tworoom_multistep_panels_2026-09-30,agent,True,fixed_norm_offset,2,25,all5,5,0.6,60.0,40.0,0.6,60.0,0.0,fixed a priori subset; no score-based optimization
door,legacy_tworoom_multistep_panels_2026-09-30,agent,True,fixed_norm_offset,2,25,coarsest3,3,1.0,100.0,0.0,0.6111111111111112,61.111111111111114,38.888888888888886,fixed a priori subset; no score-based optimization
door,legacy_tworoom_multistep_panels_2026-09-30,agent,True,fixed_norm_offset,2,25,finest3,3,0.3333333333333333,33.33333333333333,66.66666666666667,0.5833333333333334,58.333333333333336,-25.000000000000007,fixed a priori subset; no score-based optimization
door,legacy_tworoom_multistep_panels_2026-09-30,agent,True,fixed_norm_offset,32,5,all5,5,0.0,0.0,100.0,0.7083333333333333,70.83333333333333,-70.83333333333333,fixed a priori subset; no score-based optimization
door,legacy_tworoom_multistep_panels_2026-09-30,agent,True,fixed_norm_offset,32,5,coarsest3,3,0.0,0.0,100.0,0.7638888888888888,76.38888888888889,-76.38888888888889,fixed a priori subset; no score-based optimization
door,legacy_tworoom_multistep_panels_2026-09-30,agent,True,fixed_norm_offset,32,5,finest3,3,0.0,0.0,100.0,0.625,62.5,-62.5,fixed a priori subset; no score-based optimization
door,legacy_tworoom_multistep_panels_2026-09-30,agent,True,fixed_norm_offset,32,10,all5,5,0.0,0.0,100.0,0.6166666666666667,61.66666666666667,-61.66666666666667,fixed a priori subset; no score-based optimization
door,legacy_tworoom_multistep_panels_2026-09-30,agent,True,fixed_norm_offset,32,10,coarsest3,3,0.0,0.0,100.0,0.638888888888889,63.88888888888889,-63.88888888888889,fixed a priori subset; no score-based optimization
door,legacy_tworoom_multistep_panels_2026-09-30,agent,True,fixed_norm_offset,32,10,finest3,3,0.0,0.0,100.0,0.5833333333333334,58.333333333333336,-58.333333333333336,fixed a priori subset; no score-based optimization
door,legacy_tworoom_multistep_panels_2026-09-30,agent,True,fixed_norm_offset,32,15,all5,5,0.0,0.0,100.0,0.6,60.0,-60.0,fixed a priori subset; no score-based optimization
door,legacy_tworoom_multistep_panels_2026-09-30,agent,True,fixed_norm_offset,32,15,coarsest3,3,0.0,0.0,100.0,0.6111111111111112,61.111111111111114,-61.111111111111114,fixed a priori subset; no score-based optimization
door,legacy_tworoom_multistep_panels_2026-09-30,agent,True,fixed_norm_offset,32,15,finest3,3,0.0,0.0,100.0,0.5833333333333334,58.333333333333336,-58.333333333333336,fixed a priori subset; no score-based optimization
door,legacy_tworoom_multistep_panels_2026-09-30,agent,True,fixed_norm_offset,32,20,all5,5,0.0,0.0,100.0,0.6,60.0,-60.0,fixed a priori subset; no score-based optimization
door,legacy_tworoom_multistep_panels_2026-09-30,agent,True,fixed_norm_offset,32,20,coarsest3,3,0.0,0.0,100.0,0.6111111111111112,61.111111111111114,-61.111111111111114,fixed a priori subset; no score-based optimization
door,legacy_tworoom_multistep_panels_2026-09-30,agent,True,fixed_norm_offset,32,20,finest3,3,0.0,0.0,100.0,0.5833333333333334,58.333333333333336,-58.333333333333336,fixed a priori subset; no score-based optimization
door,legacy_tworoom_multistep_panels_2026-09-30,agent,True,fixed_norm_offset,32,25,all5,5,0.0,0.0,100.0,0.6,60.0,-60.0,fixed a priori subset; no score-based optimization
door,legacy_tworoom_multistep_panels_2026-09-30,agent,True,fixed_norm_offset,32,25,coarsest3,3,0.0,0.0,100.0,0.6111111111111112,61.111111111111114,-61.111111111111114,fixed a priori subset; no score-based optimization
door,legacy_tworoom_multistep_panels_2026-09-30,agent,True,fixed_norm_offset,32,25,finest3,3,0.0,0.0,100.0,0.5833333333333334,58.333333333333336,-58.333333333333336,fixed a priori subset; no score-based optimization
door,legacy_tworoom_multistep_panels_2026-09-30,agent,True,fixed_norm_offset,4,5,all5,5,0.4,40.0,60.0,0.7083333333333333,70.83333333333333,-30.833333333333325,fixed a priori subset; no score-based optimization
door,legacy_tworoom_multistep_panels_2026-09-30,agent,True,fixed_norm_offset,4,5,coarsest3,3,0.6666666666666666,66.66666666666666,33.333333333333336,0.7638888888888888,76.38888888888889,-9.722222222222221,fixed a priori subset; no score-based optimization
door,legacy_tworoom_multistep_panels_2026-09-30,agent,True,fixed_norm_offset,4,5,finest3,3,0.0,0.0,100.0,0.625,62.5,-62.5,fixed a priori subset; no score-based optimization
door,legacy_tworoom_multistep_panels_2026-09-30,agent,True,fixed_norm_offset,4,10,all5,5,0.4,40.0,60.0,0.6166666666666667,61.66666666666667,-21.666666666666668,fixed a priori subset; no score-based optimization
door,legacy_tworoom_multistep_panels_2026-09-30,agent,True,fixed_norm_offset,4,10,coarsest3,3,0.6666666666666666,66.66666666666666,33.333333333333336,0.638888888888889,63.88888888888889,2.777777777777768,fixed a priori subset; no score-based optimization
door,legacy_tworoom_multistep_panels_2026-09-30,agent,True,fixed_norm_offset,4,10,finest3,3,0.0,0.0,100.0,0.5833333333333334,58.333333333333336,-58.333333333333336,fixed a priori subset; no score-based optimization
door,legacy_tworoom_multistep_panels_2026-09-30,agent,True,fixed_norm_offset,4,15,all5,5,0.4,40.0,60.0,0.6,60.0,-19.999999999999996,fixed a priori subset; no score-based optimization
door,legacy_tworoom_multistep_panels_2026-09-30,agent,True,fixed_norm_offset,4,15,coarsest3,3,0.6666666666666666,66.66666666666666,33.333333333333336,0.6111111111111112,61.111111111111114,5.5555555555555465,fixed a priori subset; no score-based optimization
door,legacy_tworoom_multistep_panels_2026-09-30,agent,True,fixed_norm_offset,4,15,finest3,3,0.0,0.0,100.0,0.5833333333333334,58.333333333333336,-58.333333333333336,fixed a priori subset; no score-based optimization
door,legacy_tworoom_multistep_panels_2026-09-30,agent,True,fixed_norm_offset,4,20,all5,5,0.4,40.0,60.0,0.6,60.0,-19.999999999999996,fixed a priori subset; no score-based optimization
door,legacy_tworoom_multistep_panels_2026-09-30,agent,True,fixed_norm_offset,4,20,coarsest3,3,0.6666666666666666,66.66666666666666,33.333333333333336,0.6111111111111112,61.111111111111114,5.5555555555555465,fixed a priori subset; no score-based optimization
door,legacy_tworoom_multistep_panels_2026-09-30,agent,True,fixed_norm_offset,4,20,finest3,3,0.0,0.0,100.0,0.5833333333333334,58.333333333333336,-58.333333333333336,fixed a priori subset; no score-based optimization
door,legacy_tworoom_multistep_panels_2026-09-30,agent,True,fixed_norm_offset,4,25,all5,5,0.4,40.0,60.0,0.6,60.0,-19.999999999999996,fixed a priori subset; no score-based optimization
door,legacy_tworoom_multistep_panels_2026-09-30,agent,True,fixed_norm_offset,4,25,coarsest3,3,0.6666666666666666,66.66666666666666,33.333333333333336,0.6111111111111112,61.111111111111114,5.5555555555555465,fixed a priori subset; no score-based optimization
door,legacy_tworoom_multistep_panels_2026-09-30,agent,True,fixed_norm_offset,4,25,finest3,3,0.0,0.0,100.0,0.5833333333333334,58.333333333333336,-58.333333333333336,fixed a priori subset; no score-based optimization
door,legacy_tworoom_multistep_panels_2026-09-30,agent,True,fixed_norm_offset,64,5,all5,5,0.0,0.0,100.0,0.7083333333333333,70.83333333333333,-70.83333333333333,fixed a priori subset; no score-based optimization
door,legacy_tworoom_multistep_panels_2026-09-30,agent,True,fixed_norm_offset,64,5,coarsest3,3,0.0,0.0,100.0,0.7638888888888888,76.38888888888889,-76.38888888888889,fixed a priori subset; no score-based optimization
door,legacy_tworoom_multistep_panels_2026-09-30,agent,True,fixed_norm_offset,64,5,finest3,3,0.0,0.0,100.0,0.625,62.5,-62.5,fixed a priori subset; no score-based optimization
door,legacy_tworoom_multistep_panels_2026-09-30,agent,True,fixed_norm_offset,64,10,all5,5,0.0,0.0,100.0,0.6166666666666667,61.66666666666667,-61.66666666666667,fixed a priori subset; no score-based optimization
door,legacy_tworoom_multistep_panels_2026-09-30,agent,True,fixed_norm_offset,64,10,coarsest3,3,0.0,0.0,100.0,0.638888888888889,63.88888888888889,-63.88888888888889,fixed a priori subset; no score-based optimization
door,legacy_tworoom_multistep_panels_2026-09-30,agent,True,fixed_norm_offset,64,10,finest3,3,0.0,0.0,100.0,0.5833333333333334,58.333333333333336,-58.333333333333336,fixed a priori subset; no score-based optimization
door,legacy_tworoom_multistep_panels_2026-09-30,agent,True,fixed_norm_offset,64,15,all5,5,0.0,0.0,100.0,0.6,60.0,-60.0,fixed a priori subset; no score-based optimization
door,legacy_tworoom_multistep_panels_2026-09-30,agent,True,fixed_norm_offset,64,15,coarsest3,3,0.0,0.0,100.0,0.6111111111111112,61.111111111111114,-61.111111111111114,fixed a priori subset; no score-based optimization
door,legacy_tworoom_multistep_panels_2026-09-30,agent,True,fixed_norm_offset,64,15,finest3,3,0.0,0.0,100.0,0.5833333333333334,58.333333333333336,-58.333333333333336,fixed a priori subset; no score-based optimization
door,legacy_tworoom_multistep_panels_2026-09-30,agent,True,fixed_norm_offset,64,20,all5,5,0.0,0.0,100.0,0.6,60.0,-60.0,fixed a priori subset; no score-based optimization
door,legacy_tworoom_multistep_panels_2026-09-30,agent,True,fixed_norm_offset,64,20,coarsest3,3,0.0,0.0,100.0,0.6111111111111112,61.111111111111114,-61.111111111111114,fixed a priori subset; no score-based optimization
door,legacy_tworoom_multistep_panels_2026-09-30,agent,True,fixed_norm_offset,64,20,finest3,3,0.0,0.0,100.0,0.5833333333333334,58.333333333333336,-58.333333333333336,fixed a priori subset; no score-based optimization
door,legacy_tworoom_multistep_panels_2026-09-30,agent,True,fixed_norm_offset,64,25,all5,5,0.0,0.0,100.0,0.6,60.0,-60.0,fixed a priori subset; no score-based optimization
door,legacy_tworoom_multistep_panels_2026-09-30,agent,True,fixed_norm_offset,64,25,coarsest3,3,0.0,0.0,100.0,0.6111111111111112,61.111111111111114,-61.111111111111114,fixed a priori subset; no score-based optimization
door,legacy_tworoom_multistep_panels_2026-09-30,agent,True,fixed_norm_offset,64,25,finest3,3,0.0,0.0,100.0,0.5833333333333334,58.333333333333336,-58.333333333333336,fixed a priori subset; no score-based optimization
door,legacy_tworoom_multistep_panels_2026-09-30,agent,True,fixed_norm_offset,8,5,all5,5,0.2,20.0,80.0,0.7083333333333333,70.83333333333333,-50.83333333333333,fixed a priori subset; no score-based optimization
door,legacy_tworoom_multistep_panels_2026-09-30,agent,True,fixed_norm_offset,8,5,coarsest3,3,0.3333333333333333,33.33333333333333,66.66666666666667,0.7638888888888888,76.38888888888889,-43.05555555555555,fixed a priori subset; no score-based optimization
door,legacy_tworoom_multistep_panels_2026-09-30,agent,True,fixed_norm_offset,8,5,finest3,3,0.0,0.0,100.0,0.625,62.5,-62.5,fixed a priori subset; no score-based optimization
door,legacy_tworoom_multistep_panels_2026-09-30,agent,True,fixed_norm_offset,8,10,all5,5,0.2,20.0,80.0,0.6166666666666667,61.66666666666667,-41.66666666666667,fixed a priori subset; no score-based optimization
door,legacy_tworoom_multistep_panels_2026-09-30,agent,True,fixed_norm_offset,8,10,coarsest3,3,0.3333333333333333,33.33333333333333,66.66666666666667,0.638888888888889,63.88888888888889,-30.555555555555564,fixed a priori subset; no score-based optimization
door,legacy_tworoom_multistep_panels_2026-09-30,agent,True,fixed_norm_offset,8,10,finest3,3,0.0,0.0,100.0,0.5833333333333334,58.333333333333336,-58.333333333333336,fixed a priori subset; no score-based optimization
door,legacy_tworoom_multistep_panels_2026-09-30,agent,True,fixed_norm_offset,8,15,all5,5,0.2,20.0,80.0,0.6,60.0,-40.0,fixed a priori subset; no score-based optimization
door,legacy_tworoom_multistep_panels_2026-09-30,agent,True,fixed_norm_offset,8,15,coarsest3,3,0.3333333333333333,33.33333333333333,66.66666666666667,0.6111111111111112,61.111111111111114,-27.777777777777786,fixed a priori subset; no score-based optimization
door,legacy_tworoom_multistep_panels_2026-09-30,agent,True,fixed_norm_offset,8,15,finest3,3,0.0,0.0,100.0,0.5833333333333334,58.333333333333336,-58.333333333333336,fixed a priori subset; no score-based optimization
door,legacy_tworoom_multistep_panels_2026-09-30,agent,True,fixed_norm_offset,8,20,all5,5,0.2,20.0,80.0,0.6,60.0,-40.0,fixed a priori subset; no score-based optimization
door,legacy_tworoom_multistep_panels_2026-09-30,agent,True,fixed_norm_offset,8,20,coarsest3,3,0.3333333333333333,33.33333333333333,66.66666666666667,0.6111111111111112,61.111111111111114,-27.777777777777786,fixed a priori subset; no score-based optimization
door,legacy_tworoom_multistep_panels_2026-09-30,agent,True,fixed_norm_offset,8,20,finest3,3,0.0,0.0,100.0,0.5833333333333334,58.333333333333336,-58.333333333333336,fixed a priori subset; no score-based optimization
door,legacy_tworoom_multistep_panels_2026-09-30,agent,True,fixed_norm_offset,8,25,all5,5,0.2,20.0,80.0,0.6,60.0,-40.0,fixed a priori subset; no score-based optimization
door,legacy_tworoom_multistep_panels_2026-09-30,agent,True,fixed_norm_offset,8,25,coarsest3,3,0.3333333333333333,33.33333333333333,66.66666666666667,0.6111111111111112,61.111111111111114,-27.777777777777786,fixed a priori subset; no score-based optimization
door,legacy_tworoom_multistep_panels_2026-09-30,agent,True,fixed_norm_offset,8,25,finest3,3,0.0,0.0,100.0,0.5833333333333334,58.333333333333336,-58.333333333333336,fixed a priori subset; no score-based optimization
door,legacy_tworoom_multistep_panels_2026-09-30,agent,True,temporal_lag_prepend_current,one_horizon,5,all5,5,0.4666666666666666,46.666666666666664,53.33333333333334,0.7083333333333333,70.83333333333333,-24.166666666666664,fixed a priori subset; no score-based optimization
door,legacy_tworoom_multistep_panels_2026-09-30,agent,True,temporal_lag_prepend_current,one_horizon,5,coarsest3,3,0.47222222222222215,47.222222222222214,52.77777777777779,0.7638888888888888,76.38888888888889,-29.166666666666668,fixed a priori subset; no score-based optimization
door,legacy_tworoom_multistep_panels_2026-09-30,agent,True,temporal_lag_prepend_current,one_horizon,5,finest3,3,0.4583333333333333,45.83333333333333,54.16666666666667,0.625,62.5,-16.666666666666668,fixed a priori subset; no score-based optimization
door,legacy_tworoom_multistep_panels_2026-09-30,agent,True,temporal_lag_prepend_current,one_horizon,10,all5,5,0.5083333333333333,50.83333333333333,49.16666666666667,0.6166666666666667,61.66666666666667,-10.83333333333334,fixed a priori subset; no score-based optimization
door,legacy_tworoom_multistep_panels_2026-09-30,agent,True,temporal_lag_prepend_current,one_horizon,10,coarsest3,3,0.5138888888888888,51.388888888888886,48.611111111111114,0.638888888888889,63.88888888888889,-12.50000000000001,fixed a priori subset; no score-based optimization
door,legacy_tworoom_multistep_panels_2026-09-30,agent,True,temporal_lag_prepend_current,one_horizon,10,finest3,3,0.5,50.0,50.0,0.5833333333333334,58.333333333333336,-8.333333333333337,fixed a priori subset; no score-based optimization
door,legacy_tworoom_multistep_panels_2026-09-30,agent,True,temporal_lag_prepend_current,one_horizon,15,all5,5,0.6333333333333333,63.33333333333333,36.66666666666667,0.6,60.0,3.3333333333333326,fixed a priori subset; no score-based optimization
door,legacy_tworoom_multistep_panels_2026-09-30,agent,True,temporal_lag_prepend_current,one_horizon,15,coarsest3,3,0.6388888888888888,63.888888888888886,36.111111111111114,0.6111111111111112,61.111111111111114,2.777777777777768,fixed a priori subset; no score-based optimization
door,legacy_tworoom_multistep_panels_2026-09-30,agent,True,temporal_lag_prepend_current,one_horizon,15,finest3,3,0.625,62.5,37.5,0.5833333333333334,58.333333333333336,4.1666666666666625,fixed a priori subset; no score-based optimization
door,legacy_tworoom_multistep_panels_2026-09-30,agent,True,temporal_lag_prepend_current,one_horizon,20,all5,5,0.7083333333333334,70.83333333333334,29.166666666666664,0.6,60.0,10.83333333333334,fixed a priori subset; no score-based optimization
door,legacy_tworoom_multistep_panels_2026-09-30,agent,True,temporal_lag_prepend_current,one_horizon,20,coarsest3,3,0.7361111111111112,73.61111111111111,26.388888888888886,0.6111111111111112,61.111111111111114,12.5,fixed a priori subset; no score-based optimization
door,legacy_tworoom_multistep_panels_2026-09-30,agent,True,temporal_lag_prepend_current,one_horizon,20,finest3,3,0.6666666666666666,66.66666666666666,33.333333333333336,0.5833333333333334,58.333333333333336,8.333333333333325,fixed a priori subset; no score-based optimization
door,legacy_tworoom_multistep_panels_2026-09-30,agent,True,temporal_lag_prepend_current,one_horizon,25,all5,5,0.8916666666666666,89.16666666666666,10.83333333333334,0.6,60.0,29.166666666666664,fixed a priori subset; no score-based optimization
door,legacy_tworoom_multistep_panels_2026-09-30,agent,True,temporal_lag_prepend_current,one_horizon,25,coarsest3,3,0.9305555555555555,93.05555555555554,6.9444444444444535,0.6111111111111112,61.111111111111114,31.944444444444432,fixed a priori subset; no score-based optimization
door,legacy_tworoom_multistep_panels_2026-09-30,agent,True,temporal_lag_prepend_current,one_horizon,25,finest3,3,0.8333333333333331,83.33333333333331,16.666666666666686,0.5833333333333334,58.333333333333336,24.99999999999998,fixed a priori subset; no score-based optimization
door,legacy_tworoom_multistep_panels_2026-09-30,agent,True,wrong_condition_true_future,cyclic_shift_by_1,5,all5,5,0.26666666666666666,26.666666666666668,73.33333333333334,0.7083333333333333,70.83333333333333,-44.16666666666666,fixed a priori subset; no score-based optimization
door,legacy_tworoom_multistep_panels_2026-09-30,agent,True,wrong_condition_true_future,cyclic_shift_by_1,5,coarsest3,3,0.27777777777777773,27.777777777777775,72.22222222222223,0.7638888888888888,76.38888888888889,-48.61111111111111,fixed a priori subset; no score-based optimization
door,legacy_tworoom_multistep_panels_2026-09-30,agent,True,wrong_condition_true_future,cyclic_shift_by_1,5,finest3,3,0.25,25.0,75.0,0.625,62.5,-37.5,fixed a priori subset; no score-based optimization
door,legacy_tworoom_multistep_panels_2026-09-30,agent,True,wrong_condition_true_future,cyclic_shift_by_1,10,all5,5,0.16666666666666666,16.666666666666664,83.33333333333334,0.6166666666666667,61.66666666666667,-45.00000000000001,fixed a priori subset; no score-based optimization
door,legacy_tworoom_multistep_panels_2026-09-30,agent,True,wrong_condition_true_future,cyclic_shift_by_1,10,coarsest3,3,0.16666666666666666,16.666666666666664,83.33333333333334,0.638888888888889,63.88888888888889,-47.22222222222223,fixed a priori subset; no score-based optimization
door,legacy_tworoom_multistep_panels_2026-09-30,agent,True,wrong_condition_true_future,cyclic_shift_by_1,10,finest3,3,0.16666666666666666,16.666666666666664,83.33333333333334,0.5833333333333334,58.333333333333336,-41.66666666666667,fixed a priori subset; no score-based optimization
door,legacy_tworoom_multistep_panels_2026-09-30,agent,True,wrong_condition_true_future,cyclic_shift_by_1,15,all5,5,0.16666666666666666,16.666666666666664,83.33333333333334,0.6,60.0,-43.333333333333336,fixed a priori subset; no score-based optimization
door,legacy_tworoom_multistep_panels_2026-09-30,agent,True,wrong_condition_true_future,cyclic_shift_by_1,15,coarsest3,3,0.16666666666666666,16.666666666666664,83.33333333333334,0.6111111111111112,61.111111111111114,-44.44444444444445,fixed a priori subset; no score-based optimization
door,legacy_tworoom_multistep_panels_2026-09-30,agent,True,wrong_condition_true_future,cyclic_shift_by_1,15,finest3,3,0.16666666666666666,16.666666666666664,83.33333333333334,0.5833333333333334,58.333333333333336,-41.66666666666667,fixed a priori subset; no score-based optimization
door,legacy_tworoom_multistep_panels_2026-09-30,agent,True,wrong_condition_true_future,cyclic_shift_by_1,20,all5,5,0.16666666666666666,16.666666666666664,83.33333333333334,0.6,60.0,-43.333333333333336,fixed a priori subset; no score-based optimization
door,legacy_tworoom_multistep_panels_2026-09-30,agent,True,wrong_condition_true_future,cyclic_shift_by_1,20,coarsest3,3,0.16666666666666666,16.666666666666664,83.33333333333334,0.6111111111111112,61.111111111111114,-44.44444444444445,fixed a priori subset; no score-based optimization
door,legacy_tworoom_multistep_panels_2026-09-30,agent,True,wrong_condition_true_future,cyclic_shift_by_1,20,finest3,3,0.16666666666666666,16.666666666666664,83.33333333333334,0.5833333333333334,58.333333333333336,-41.66666666666667,fixed a priori subset; no score-based optimization
door,legacy_tworoom_multistep_panels_2026-09-30,agent,True,wrong_condition_true_future,cyclic_shift_by_1,25,all5,5,0.16666666666666666,16.666666666666664,83.33333333333334,0.6,60.0,-43.333333333333336,fixed a priori subset; no score-based optimization
door,legacy_tworoom_multistep_panels_2026-09-30,agent,True,wrong_condition_true_future,cyclic_shift_by_1,25,coarsest3,3,0.16666666666666666,16.666666666666664,83.33333333333334,0.6111111111111112,61.111111111111114,-44.44444444444445,fixed a priori subset; no score-based optimization
door,legacy_tworoom_multistep_panels_2026-09-30,agent,True,wrong_condition_true_future,cyclic_shift_by_1,25,finest3,3,0.16666666666666666,16.666666666666664,83.33333333333334,0.5833333333333334,58.333333333333336,-41.66666666666667,fixed a priori subset; no score-based optimization
motion_damping,visible_pusht_futures_2026-10-08,agent,False,condition_mean_common_privileged,mean_across_hidden_conditions,5,all5,5,1.0,100.0,0.0,1.0,100.0,0.0,fixed a priori subset; no score-based optimization
motion_damping,visible_pusht_futures_2026-10-08,agent,False,condition_mean_common_privileged,mean_across_hidden_conditions,5,coarsest3,3,1.0,100.0,0.0,1.0,100.0,0.0,fixed a priori subset; no score-based optimization
motion_damping,visible_pusht_futures_2026-10-08,agent,False,condition_mean_common_privileged,mean_across_hidden_conditions,5,finest3,3,1.0,100.0,0.0,1.0,100.0,0.0,fixed a priori subset; no score-based optimization
motion_damping,visible_pusht_futures_2026-10-08,agent,False,condition_mean_common_privileged,mean_across_hidden_conditions,10,all5,5,1.0,100.0,0.0,1.0,100.0,0.0,fixed a priori subset; no score-based optimization
motion_damping,visible_pusht_futures_2026-10-08,agent,False,condition_mean_common_privileged,mean_across_hidden_conditions,10,coarsest3,3,1.0,100.0,0.0,1.0,100.0,0.0,fixed a priori subset; no score-based optimization
motion_damping,visible_pusht_futures_2026-10-08,agent,False,condition_mean_common_privileged,mean_across_hidden_conditions,10,finest3,3,1.0,100.0,0.0,1.0,100.0,0.0,fixed a priori subset; no score-based optimization
motion_damping,visible_pusht_futures_2026-10-08,agent,False,condition_mean_common_privileged,mean_across_hidden_conditions,15,all5,5,1.0,100.0,0.0,1.0,100.0,0.0,fixed a priori subset; no score-based optimization
motion_damping,visible_pusht_futures_2026-10-08,agent,False,condition_mean_common_privileged,mean_across_hidden_conditions,15,coarsest3,3,1.0,100.0,0.0,1.0,100.0,0.0,fixed a priori subset; no score-based optimization
motion_damping,visible_pusht_futures_2026-10-08,agent,False,condition_mean_common_privileged,mean_across_hidden_conditions,15,finest3,3,1.0,100.0,0.0,1.0,100.0,0.0,fixed a priori subset; no score-based optimization
motion_damping,visible_pusht_futures_2026-10-08,agent,False,condition_mean_common_privileged,mean_across_hidden_conditions,20,all5,5,1.0,100.0,0.0,1.0,100.0,0.0,fixed a priori subset; no score-based optimization
motion_damping,visible_pusht_futures_2026-10-08,agent,False,condition_mean_common_privileged,mean_across_hidden_conditions,20,coarsest3,3,1.0,100.0,0.0,1.0,100.0,0.0,fixed a priori subset; no score-based optimization
motion_damping,visible_pusht_futures_2026-10-08,agent,False,condition_mean_common_privileged,mean_across_hidden_conditions,20,finest3,3,1.0,100.0,0.0,1.0,100.0,0.0,fixed a priori subset; no score-based optimization
motion_damping,visible_pusht_futures_2026-10-08,agent,False,condition_mean_common_privileged,mean_across_hidden_conditions,25,all5,5,1.0,100.0,0.0,1.0,100.0,0.0,fixed a priori subset; no score-based optimization
motion_damping,visible_pusht_futures_2026-10-08,agent,False,condition_mean_common_privileged,mean_across_hidden_conditions,25,coarsest3,3,1.0,100.0,0.0,1.0,100.0,0.0,fixed a priori subset; no score-based optimization
motion_damping,visible_pusht_futures_2026-10-08,agent,False,condition_mean_common_privileged,mean_across_hidden_conditions,25,finest3,3,1.0,100.0,0.0,1.0,100.0,0.0,fixed a priori subset; no score-based optimization
motion_damping,visible_pusht_futures_2026-10-08,agent,False,current_state_displacement_scale,0,5,all5,5,0.15127130681818185,15.127130681818185,84.87286931818181,1.0,100.0,-84.87286931818181,fixed a priori subset; no score-based optimization
motion_damping,visible_pusht_futures_2026-10-08,agent,False,current_state_displacement_scale,0,5,coarsest3,3,0.1809981323653199,18.09981323653199,81.90018676346801,1.0,100.0,-81.90018676346801,fixed a priori subset; no score-based optimization
motion_damping,visible_pusht_futures_2026-10-08,agent,False,current_state_displacement_scale,0,5,finest3,3,0.11042094118265995,11.042094118265995,88.957905881734,1.0,100.0,-88.957905881734,fixed a priori subset; no score-based optimization
motion_damping,visible_pusht_futures_2026-10-08,agent,False,current_state_displacement_scale,0,10,all5,5,0.19815873579545457,19.815873579545457,80.18412642045453,1.0,100.0,-80.18412642045453,fixed a priori subset; no score-based optimization
motion_damping,visible_pusht_futures_2026-10-08,agent,False,current_state_displacement_scale,0,10,coarsest3,3,0.22336286037457917,22.336286037457917,77.66371396254208,1.0,100.0,-77.66371396254208,fixed a priori subset; no score-based optimization
motion_damping,visible_pusht_futures_2026-10-08,agent,False,current_state_displacement_scale,0,10,finest3,3,0.17785965119949498,17.7859651199495,82.2140348800505,1.0,100.0,-82.2140348800505,fixed a priori subset; no score-based optimization
motion_damping,visible_pusht_futures_2026-10-08,agent,False,current_state_displacement_scale,0,15,all5,5,0.12301353377525255,12.301353377525254,87.69864662247474,1.0,100.0,-87.69864662247474,fixed a priori subset; no score-based optimization
motion_damping,visible_pusht_futures_2026-10-08,agent,False,current_state_displacement_scale,0,15,coarsest3,3,0.13390184396043772,13.390184396043772,86.60981560395624,1.0,100.0,-86.60981560395624,fixed a priori subset; no score-based optimization
motion_damping,visible_pusht_futures_2026-10-08,agent,False,current_state_displacement_scale,0,15,finest3,3,0.10829420507154885,10.829420507154886,89.17057949284512,1.0,100.0,-89.17057949284512,fixed a priori subset; no score-based optimization
motion_damping,visible_pusht_futures_2026-10-08,agent,False,current_state_displacement_scale,0,20,all5,5,0.11198488794191921,11.198488794191922,88.80151120580808,1.0,100.0,-88.80151120580808,fixed a priori subset; no score-based optimization
motion_damping,visible_pusht_futures_2026-10-08,agent,False,current_state_displacement_scale,0,20,coarsest3,3,0.11552076757154883,11.552076757154882,88.44792324284512,1.0,100.0,-88.44792324284512,fixed a priori subset; no score-based optimization
motion_damping,visible_pusht_futures_2026-10-08,agent,False,current_state_displacement_scale,0,20,finest3,3,0.10668106849747477,10.668106849747478,89.33189315025251,1.0,100.0,-89.33189315025251,fixed a priori subset; no score-based optimization
motion_damping,visible_pusht_futures_2026-10-08,agent,False,current_state_displacement_scale,0,25,all5,5,0.11198488794191921,11.198488794191922,88.80151120580808,1.0,100.0,-88.80151120580808,fixed a priori subset; no score-based optimization
motion_damping,visible_pusht_futures_2026-10-08,agent,False,current_state_displacement_scale,0,25,coarsest3,3,0.11552076757154883,11.552076757154882,88.44792324284512,1.0,100.0,-88.44792324284512,fixed a priori subset; no score-based optimization
motion_damping,visible_pusht_futures_2026-10-08,agent,False,current_state_displacement_scale,0,25,finest3,3,0.10668106849747477,10.668106849747478,89.33189315025251,1.0,100.0,-89.33189315025251,fixed a priori subset; no score-based optimization
motion_damping,visible_pusht_futures_2026-10-08,agent,False,current_state_displacement_scale,0.5,5,all5,5,0.2504794034090909,25.047940340909093,74.9520596590909,1.0,100.0,-74.9520596590909,fixed a priori subset; no score-based optimization
motion_damping,visible_pusht_futures_2026-10-08,agent,False,current_state_displacement_scale,0.5,5,coarsest3,3,0.3426050873316499,34.26050873316499,65.739491266835,1.0,100.0,-65.739491266835,fixed a priori subset; no score-based optimization
motion_damping,visible_pusht_futures_2026-10-08,agent,False,current_state_displacement_scale,0.5,5,finest3,3,0.12388303609006736,12.388303609006735,87.61169639099326,1.0,100.0,-87.61169639099326,fixed a priori subset; no score-based optimization
motion_damping,visible_pusht_futures_2026-10-08,agent,False,current_state_displacement_scale,0.5,10,all5,5,0.2409493371212122,24.094933712121218,75.90506628787878,1.0,100.0,-75.90506628787878,fixed a priori subset; no score-based optimization
motion_damping,visible_pusht_futures_2026-10-08,agent,False,current_state_displacement_scale,0.5,10,coarsest3,3,0.2698804450757576,26.988044507575758,73.01195549242424,1.0,100.0,-73.01195549242424,fixed a priori subset; no score-based optimization
motion_damping,visible_pusht_futures_2026-10-08,agent,False,current_state_displacement_scale,0.5,10,finest3,3,0.2047864714856903,20.478647148569028,79.52135285143098,1.0,100.0,-79.52135285143098,fixed a priori subset; no score-based optimization
motion_damping,visible_pusht_futures_2026-10-08,agent,False,current_state_displacement_scale,0.5,15,all5,5,0.1548129734848485,15.48129734848485,84.51870265151516,1.0,100.0,-84.51870265151516,fixed a priori subset; no score-based optimization
motion_damping,visible_pusht_futures_2026-10-08,agent,False,current_state_displacement_scale,0.5,15,coarsest3,3,0.18528777356902357,18.528777356902356,81.47122264309765,1.0,100.0,-81.47122264309765,fixed a priori subset; no score-based optimization
motion_damping,visible_pusht_futures_2026-10-08,agent,False,current_state_displacement_scale,0.5,15,finest3,3,0.11552076757154883,11.552076757154882,88.44792324284512,1.0,100.0,-88.44792324284512,fixed a priori subset; no score-based optimization
motion_damping,visible_pusht_futures_2026-10-08,agent,False,current_state_displacement_scale,0.5,20,all5,5,0.12353436710858587,12.353436710858587,87.64656328914141,1.0,100.0,-87.64656328914141,fixed a priori subset; no score-based optimization
motion_damping,visible_pusht_futures_2026-10-08,agent,False,current_state_displacement_scale,0.5,20,coarsest3,3,0.13476989951599327,13.476989951599327,86.52301004840068,1.0,100.0,-86.52301004840068,fixed a priori subset; no score-based optimization
motion_damping,visible_pusht_futures_2026-10-08,agent,False,current_state_displacement_scale,0.5,20,finest3,3,0.10829420507154885,10.829420507154886,89.17057949284512,1.0,100.0,-89.17057949284512,fixed a priori subset; no score-based optimization
motion_damping,visible_pusht_futures_2026-10-08,agent,False,current_state_displacement_scale,0.5,25,all5,5,0.12318714488636366,12.318714488636367,87.68128551136364,1.0,100.0,-87.68128551136364,fixed a priori subset; no score-based optimization
motion_damping,visible_pusht_futures_2026-10-08,agent,False,current_state_displacement_scale,0.5,25,coarsest3,3,0.13419119581228958,13.419119581228959,86.58088041877105,1.0,100.0,-86.58088041877105,fixed a priori subset; no score-based optimization
motion_damping,visible_pusht_futures_2026-10-08,agent,False,current_state_displacement_scale,0.5,25,finest3,3,0.10829420507154885,10.829420507154886,89.17057949284512,1.0,100.0,-89.17057949284512,fixed a priori subset; no score-based optimization
motion_damping,visible_pusht_futures_2026-10-08,agent,False,current_state_displacement_scale,1,5,all5,5,1.0,100.0,0.0,1.0,100.0,0.0,fixed a priori subset; no score-based optimization
motion_damping,visible_pusht_futures_2026-10-08,agent,False,current_state_displacement_scale,1,5,coarsest3,3,1.0,100.0,0.0,1.0,100.0,0.0,fixed a priori subset; no score-based optimization
motion_damping,visible_pusht_futures_2026-10-08,agent,False,current_state_displacement_scale,1,5,finest3,3,1.0,100.0,0.0,1.0,100.0,0.0,fixed a priori subset; no score-based optimization
motion_damping,visible_pusht_futures_2026-10-08,agent,False,current_state_displacement_scale,1,10,all5,5,1.0,100.0,0.0,1.0,100.0,0.0,fixed a priori subset; no score-based optimization
motion_damping,visible_pusht_futures_2026-10-08,agent,False,current_state_displacement_scale,1,10,coarsest3,3,1.0,100.0,0.0,1.0,100.0,0.0,fixed a priori subset; no score-based optimization
motion_damping,visible_pusht_futures_2026-10-08,agent,False,current_state_displacement_scale,1,10,finest3,3,1.0,100.0,0.0,1.0,100.0,0.0,fixed a priori subset; no score-based optimization
motion_damping,visible_pusht_futures_2026-10-08,agent,False,current_state_displacement_scale,1,15,all5,5,1.0,100.0,0.0,1.0,100.0,0.0,fixed a priori subset; no score-based optimization
motion_damping,visible_pusht_futures_2026-10-08,agent,False,current_state_displacement_scale,1,15,coarsest3,3,1.0,100.0,0.0,1.0,100.0,0.0,fixed a priori subset; no score-based optimization
motion_damping,visible_pusht_futures_2026-10-08,agent,False,current_state_displacement_scale,1,15,finest3,3,1.0,100.0,0.0,1.0,100.0,0.0,fixed a priori subset; no score-based optimization
motion_damping,visible_pusht_futures_2026-10-08,agent,False,current_state_displacement_scale,1,20,all5,5,1.0,100.0,0.0,1.0,100.0,0.0,fixed a priori subset; no score-based optimization
motion_damping,visible_pusht_futures_2026-10-08,agent,False,current_state_displacement_scale,1,20,coarsest3,3,1.0,100.0,0.0,1.0,100.0,0.0,fixed a priori subset; no score-based optimization
motion_damping,visible_pusht_futures_2026-10-08,agent,False,current_state_displacement_scale,1,20,finest3,3,1.0,100.0,0.0,1.0,100.0,0.0,fixed a priori subset; no score-based optimization
motion_damping,visible_pusht_futures_2026-10-08,agent,False,current_state_displacement_scale,1,25,all5,5,1.0,100.0,0.0,1.0,100.0,0.0,fixed a priori subset; no score-based optimization
motion_damping,visible_pusht_futures_2026-10-08,agent,False,current_state_displacement_scale,1,25,coarsest3,3,1.0,100.0,0.0,1.0,100.0,0.0,fixed a priori subset; no score-based optimization
motion_damping,visible_pusht_futures_2026-10-08,agent,False,current_state_displacement_scale,1,25,finest3,3,1.0,100.0,0.0,1.0,100.0,0.0,fixed a priori subset; no score-based optimization
motion_damping,visible_pusht_futures_2026-10-08,agent,False,current_state_displacement_scale,1.5,5,all5,5,0.2504794034090909,25.047940340909093,74.9520596590909,1.0,100.0,-74.9520596590909,fixed a priori subset; no score-based optimization
motion_damping,visible_pusht_futures_2026-10-08,agent,False,current_state_displacement_scale,1.5,5,coarsest3,3,0.3426050873316499,34.26050873316499,65.739491266835,1.0,100.0,-65.739491266835,fixed a priori subset; no score-based optimization
motion_damping,visible_pusht_futures_2026-10-08,agent,False,current_state_displacement_scale,1.5,5,finest3,3,0.12388303609006736,12.388303609006735,87.61169639099326,1.0,100.0,-87.61169639099326,fixed a priori subset; no score-based optimization
motion_damping,visible_pusht_futures_2026-10-08,agent,False,current_state_displacement_scale,1.5,10,all5,5,0.2409493371212122,24.094933712121218,75.90506628787878,1.0,100.0,-75.90506628787878,fixed a priori subset; no score-based optimization
motion_damping,visible_pusht_futures_2026-10-08,agent,False,current_state_displacement_scale,1.5,10,coarsest3,3,0.2698804450757576,26.988044507575758,73.01195549242424,1.0,100.0,-73.01195549242424,fixed a priori subset; no score-based optimization
motion_damping,visible_pusht_futures_2026-10-08,agent,False,current_state_displacement_scale,1.5,10,finest3,3,0.2047864714856903,20.478647148569028,79.52135285143098,1.0,100.0,-79.52135285143098,fixed a priori subset; no score-based optimization
motion_damping,visible_pusht_futures_2026-10-08,agent,False,current_state_displacement_scale,1.5,15,all5,5,0.1548129734848485,15.48129734848485,84.51870265151516,1.0,100.0,-84.51870265151516,fixed a priori subset; no score-based optimization
motion_damping,visible_pusht_futures_2026-10-08,agent,False,current_state_displacement_scale,1.5,15,coarsest3,3,0.18528777356902357,18.528777356902356,81.47122264309765,1.0,100.0,-81.47122264309765,fixed a priori subset; no score-based optimization
motion_damping,visible_pusht_futures_2026-10-08,agent,False,current_state_displacement_scale,1.5,15,finest3,3,0.11552076757154883,11.552076757154882,88.44792324284512,1.0,100.0,-88.44792324284512,fixed a priori subset; no score-based optimization
motion_damping,visible_pusht_futures_2026-10-08,agent,False,current_state_displacement_scale,1.5,20,all5,5,0.12353436710858587,12.353436710858587,87.64656328914141,1.0,100.0,-87.64656328914141,fixed a priori subset; no score-based optimization
motion_damping,visible_pusht_futures_2026-10-08,agent,False,current_state_displacement_scale,1.5,20,coarsest3,3,0.13476989951599327,13.476989951599327,86.52301004840068,1.0,100.0,-86.52301004840068,fixed a priori subset; no score-based optimization
motion_damping,visible_pusht_futures_2026-10-08,agent,False,current_state_displacement_scale,1.5,20,finest3,3,0.10829420507154885,10.829420507154886,89.17057949284512,1.0,100.0,-89.17057949284512,fixed a priori subset; no score-based optimization
motion_damping,visible_pusht_futures_2026-10-08,agent,False,current_state_displacement_scale,1.5,25,all5,5,0.12318714488636366,12.318714488636367,87.68128551136364,1.0,100.0,-87.68128551136364,fixed a priori subset; no score-based optimization
motion_damping,visible_pusht_futures_2026-10-08,agent,False,current_state_displacement_scale,1.5,25,coarsest3,3,0.13419119581228958,13.419119581228959,86.58088041877105,1.0,100.0,-86.58088041877105,fixed a priori subset; no score-based optimization
motion_damping,visible_pusht_futures_2026-10-08,agent,False,current_state_displacement_scale,1.5,25,finest3,3,0.10829420507154885,10.829420507154886,89.17057949284512,1.0,100.0,-89.17057949284512,fixed a priori subset; no score-based optimization
motion_damping,visible_pusht_futures_2026-10-08,agent,False,current_state_displacement_scale,2,5,all5,5,0.15127130681818185,15.127130681818185,84.87286931818181,1.0,100.0,-84.87286931818181,fixed a priori subset; no score-based optimization
motion_damping,visible_pusht_futures_2026-10-08,agent,False,current_state_displacement_scale,2,5,coarsest3,3,0.1809981323653199,18.09981323653199,81.90018676346801,1.0,100.0,-81.90018676346801,fixed a priori subset; no score-based optimization
motion_damping,visible_pusht_futures_2026-10-08,agent,False,current_state_displacement_scale,2,5,finest3,3,0.11042094118265995,11.042094118265995,88.957905881734,1.0,100.0,-88.957905881734,fixed a priori subset; no score-based optimization
motion_damping,visible_pusht_futures_2026-10-08,agent,False,current_state_displacement_scale,2,10,all5,5,0.19815873579545457,19.815873579545457,80.18412642045453,1.0,100.0,-80.18412642045453,fixed a priori subset; no score-based optimization
motion_damping,visible_pusht_futures_2026-10-08,agent,False,current_state_displacement_scale,2,10,coarsest3,3,0.22336286037457917,22.336286037457917,77.66371396254208,1.0,100.0,-77.66371396254208,fixed a priori subset; no score-based optimization
motion_damping,visible_pusht_futures_2026-10-08,agent,False,current_state_displacement_scale,2,10,finest3,3,0.17785965119949498,17.7859651199495,82.2140348800505,1.0,100.0,-82.2140348800505,fixed a priori subset; no score-based optimization
motion_damping,visible_pusht_futures_2026-10-08,agent,False,current_state_displacement_scale,2,15,all5,5,0.12301353377525255,12.301353377525254,87.69864662247474,1.0,100.0,-87.69864662247474,fixed a priori subset; no score-based optimization
motion_damping,visible_pusht_futures_2026-10-08,agent,False,current_state_displacement_scale,2,15,coarsest3,3,0.13390184396043772,13.390184396043772,86.60981560395624,1.0,100.0,-86.60981560395624,fixed a priori subset; no score-based optimization
motion_damping,visible_pusht_futures_2026-10-08,agent,False,current_state_displacement_scale,2,15,finest3,3,0.10829420507154885,10.829420507154886,89.17057949284512,1.0,100.0,-89.17057949284512,fixed a priori subset; no score-based optimization
motion_damping,visible_pusht_futures_2026-10-08,agent,False,current_state_displacement_scale,2,20,all5,5,0.11198488794191921,11.198488794191922,88.80151120580808,1.0,100.0,-88.80151120580808,fixed a priori subset; no score-based optimization
motion_damping,visible_pusht_futures_2026-10-08,agent,False,current_state_displacement_scale,2,20,coarsest3,3,0.11552076757154883,11.552076757154882,88.44792324284512,1.0,100.0,-88.44792324284512,fixed a priori subset; no score-based optimization
motion_damping,visible_pusht_futures_2026-10-08,agent,False,current_state_displacement_scale,2,20,finest3,3,0.10668106849747477,10.668106849747478,89.33189315025251,1.0,100.0,-89.33189315025251,fixed a priori subset; no score-based optimization
motion_damping,visible_pusht_futures_2026-10-08,agent,False,current_state_displacement_scale,2,25,all5,5,0.11198488794191921,11.198488794191922,88.80151120580808,1.0,100.0,-88.80151120580808,fixed a priori subset; no score-based optimization
motion_damping,visible_pusht_futures_2026-10-08,agent,False,current_state_displacement_scale,2,25,coarsest3,3,0.11552076757154883,11.552076757154882,88.44792324284512,1.0,100.0,-88.44792324284512,fixed a priori subset; no score-based optimization
motion_damping,visible_pusht_futures_2026-10-08,agent,False,current_state_displacement_scale,2,25,finest3,3,0.10668106849747477,10.668106849747478,89.33189315025251,1.0,100.0,-89.33189315025251,fixed a priori subset; no score-based optimization
motion_damping,visible_pusht_futures_2026-10-08,agent,False,exact_truth,,5,all5,5,1.0,100.0,0.0,1.0,100.0,0.0,fixed a priori subset; no score-based optimization
motion_damping,visible_pusht_futures_2026-10-08,agent,False,exact_truth,,5,coarsest3,3,1.0,100.0,0.0,1.0,100.0,0.0,fixed a priori subset; no score-based optimization
motion_damping,visible_pusht_futures_2026-10-08,agent,False,exact_truth,,5,finest3,3,1.0,100.0,0.0,1.0,100.0,0.0,fixed a priori subset; no score-based optimization
motion_damping,visible_pusht_futures_2026-10-08,agent,False,exact_truth,,10,all5,5,1.0,100.0,0.0,1.0,100.0,0.0,fixed a priori subset; no score-based optimization
motion_damping,visible_pusht_futures_2026-10-08,agent,False,exact_truth,,10,coarsest3,3,1.0,100.0,0.0,1.0,100.0,0.0,fixed a priori subset; no score-based optimization
motion_damping,visible_pusht_futures_2026-10-08,agent,False,exact_truth,,10,finest3,3,1.0,100.0,0.0,1.0,100.0,0.0,fixed a priori subset; no score-based optimization
motion_damping,visible_pusht_futures_2026-10-08,agent,False,exact_truth,,15,all5,5,1.0,100.0,0.0,1.0,100.0,0.0,fixed a priori subset; no score-based optimization
motion_damping,visible_pusht_futures_2026-10-08,agent,False,exact_truth,,15,coarsest3,3,1.0,100.0,0.0,1.0,100.0,0.0,fixed a priori subset; no score-based optimization
motion_damping,visible_pusht_futures_2026-10-08,agent,False,exact_truth,,15,finest3,3,1.0,100.0,0.0,1.0,100.0,0.0,fixed a priori subset; no score-based optimization
motion_damping,visible_pusht_futures_2026-10-08,agent,False,exact_truth,,20,all5,5,1.0,100.0,0.0,1.0,100.0,0.0,fixed a priori subset; no score-based optimization
motion_damping,visible_pusht_futures_2026-10-08,agent,False,exact_truth,,20,coarsest3,3,1.0,100.0,0.0,1.0,100.0,0.0,fixed a priori subset; no score-based optimization
motion_damping,visible_pusht_futures_2026-10-08,agent,False,exact_truth,,20,finest3,3,1.0,100.0,0.0,1.0,100.0,0.0,fixed a priori subset; no score-based optimization
motion_damping,visible_pusht_futures_2026-10-08,agent,False,exact_truth,,25,all5,5,1.0,100.0,0.0,1.0,100.0,0.0,fixed a priori subset; no score-based optimization
motion_damping,visible_pusht_futures_2026-10-08,agent,False,exact_truth,,25,coarsest3,3,1.0,100.0,0.0,1.0,100.0,0.0,fixed a priori subset; no score-based optimization
motion_damping,visible_pusht_futures_2026-10-08,agent,False,exact_truth,,25,finest3,3,1.0,100.0,0.0,1.0,100.0,0.0,fixed a priori subset; no score-based optimization
motion_damping,visible_pusht_futures_2026-10-08,agent,False,fixed_norm_offset,1,5,all5,5,1.0,100.0,0.0,1.0,100.0,0.0,fixed a priori subset; no score-based optimization
motion_damping,visible_pusht_futures_2026-10-08,agent,False,fixed_norm_offset,1,5,coarsest3,3,1.0,100.0,0.0,1.0,100.0,0.0,fixed a priori subset; no score-based optimization
motion_damping,visible_pusht_futures_2026-10-08,agent,False,fixed_norm_offset,1,5,finest3,3,1.0,100.0,0.0,1.0,100.0,0.0,fixed a priori subset; no score-based optimization
motion_damping,visible_pusht_futures_2026-10-08,agent,False,fixed_norm_offset,1,10,all5,5,1.0,100.0,0.0,1.0,100.0,0.0,fixed a priori subset; no score-based optimization
motion_damping,visible_pusht_futures_2026-10-08,agent,False,fixed_norm_offset,1,10,coarsest3,3,1.0,100.0,0.0,1.0,100.0,0.0,fixed a priori subset; no score-based optimization
motion_damping,visible_pusht_futures_2026-10-08,agent,False,fixed_norm_offset,1,10,finest3,3,1.0,100.0,0.0,1.0,100.0,0.0,fixed a priori subset; no score-based optimization
motion_damping,visible_pusht_futures_2026-10-08,agent,False,fixed_norm_offset,1,15,all5,5,1.0,100.0,0.0,1.0,100.0,0.0,fixed a priori subset; no score-based optimization
motion_damping,visible_pusht_futures_2026-10-08,agent,False,fixed_norm_offset,1,15,coarsest3,3,1.0,100.0,0.0,1.0,100.0,0.0,fixed a priori subset; no score-based optimization
motion_damping,visible_pusht_futures_2026-10-08,agent,False,fixed_norm_offset,1,15,finest3,3,1.0,100.0,0.0,1.0,100.0,0.0,fixed a priori subset; no score-based optimization
motion_damping,visible_pusht_futures_2026-10-08,agent,False,fixed_norm_offset,1,20,all5,5,1.0,100.0,0.0,1.0,100.0,0.0,fixed a priori subset; no score-based optimization
motion_damping,visible_pusht_futures_2026-10-08,agent,False,fixed_norm_offset,1,20,coarsest3,3,1.0,100.0,0.0,1.0,100.0,0.0,fixed a priori subset; no score-based optimization
motion_damping,visible_pusht_futures_2026-10-08,agent,False,fixed_norm_offset,1,20,finest3,3,1.0,100.0,0.0,1.0,100.0,0.0,fixed a priori subset; no score-based optimization
motion_damping,visible_pusht_futures_2026-10-08,agent,False,fixed_norm_offset,1,25,all5,5,1.0,100.0,0.0,1.0,100.0,0.0,fixed a priori subset; no score-based optimization
motion_damping,visible_pusht_futures_2026-10-08,agent,False,fixed_norm_offset,1,25,coarsest3,3,1.0,100.0,0.0,1.0,100.0,0.0,fixed a priori subset; no score-based optimization
motion_damping,visible_pusht_futures_2026-10-08,agent,False,fixed_norm_offset,1,25,finest3,3,1.0,100.0,0.0,1.0,100.0,0.0,fixed a priori subset; no score-based optimization
motion_damping,visible_pusht_futures_2026-10-08,agent,False,fixed_norm_offset,16,5,all5,5,0.2,20.0,80.0,1.0,100.0,-80.0,fixed a priori subset; no score-based optimization
motion_damping,visible_pusht_futures_2026-10-08,agent,False,fixed_norm_offset,16,5,coarsest3,3,0.3333333333333333,33.33333333333333,66.66666666666667,1.0,100.0,-66.66666666666667,fixed a priori subset; no score-based optimization
motion_damping,visible_pusht_futures_2026-10-08,agent,False,fixed_norm_offset,16,5,finest3,3,0.0,0.0,100.0,1.0,100.0,-100.0,fixed a priori subset; no score-based optimization
motion_damping,visible_pusht_futures_2026-10-08,agent,False,fixed_norm_offset,16,10,all5,5,0.2,20.0,80.0,1.0,100.0,-80.0,fixed a priori subset; no score-based optimization
motion_damping,visible_pusht_futures_2026-10-08,agent,False,fixed_norm_offset,16,10,coarsest3,3,0.3333333333333333,33.33333333333333,66.66666666666667,1.0,100.0,-66.66666666666667,fixed a priori subset; no score-based optimization
motion_damping,visible_pusht_futures_2026-10-08,agent,False,fixed_norm_offset,16,10,finest3,3,0.0,0.0,100.0,1.0,100.0,-100.0,fixed a priori subset; no score-based optimization
motion_damping,visible_pusht_futures_2026-10-08,agent,False,fixed_norm_offset,16,15,all5,5,0.2,20.0,80.0,1.0,100.0,-80.0,fixed a priori subset; no score-based optimization
motion_damping,visible_pusht_futures_2026-10-08,agent,False,fixed_norm_offset,16,15,coarsest3,3,0.3333333333333333,33.33333333333333,66.66666666666667,1.0,100.0,-66.66666666666667,fixed a priori subset; no score-based optimization
motion_damping,visible_pusht_futures_2026-10-08,agent,False,fixed_norm_offset,16,15,finest3,3,0.0,0.0,100.0,1.0,100.0,-100.0,fixed a priori subset; no score-based optimization
motion_damping,visible_pusht_futures_2026-10-08,agent,False,fixed_norm_offset,16,20,all5,5,0.2,20.0,80.0,1.0,100.0,-80.0,fixed a priori subset; no score-based optimization
motion_damping,visible_pusht_futures_2026-10-08,agent,False,fixed_norm_offset,16,20,coarsest3,3,0.3333333333333333,33.33333333333333,66.66666666666667,1.0,100.0,-66.66666666666667,fixed a priori subset; no score-based optimization
motion_damping,visible_pusht_futures_2026-10-08,agent,False,fixed_norm_offset,16,20,finest3,3,0.0,0.0,100.0,1.0,100.0,-100.0,fixed a priori subset; no score-based optimization
motion_damping,visible_pusht_futures_2026-10-08,agent,False,fixed_norm_offset,16,25,all5,5,0.2,20.0,80.0,1.0,100.0,-80.0,fixed a priori subset; no score-based optimization
motion_damping,visible_pusht_futures_2026-10-08,agent,False,fixed_norm_offset,16,25,coarsest3,3,0.3333333333333333,33.33333333333333,66.66666666666667,1.0,100.0,-66.66666666666667,fixed a priori subset; no score-based optimization
motion_damping,visible_pusht_futures_2026-10-08,agent,False,fixed_norm_offset,16,25,finest3,3,0.0,0.0,100.0,1.0,100.0,-100.0,fixed a priori subset; no score-based optimization
motion_damping,visible_pusht_futures_2026-10-08,agent,False,fixed_norm_offset,2,5,all5,5,0.8,80.0,19.999999999999996,1.0,100.0,-19.999999999999996,fixed a priori subset; no score-based optimization
motion_damping,visible_pusht_futures_2026-10-08,agent,False,fixed_norm_offset,2,5,coarsest3,3,1.0,100.0,0.0,1.0,100.0,0.0,fixed a priori subset; no score-based optimization
motion_damping,visible_pusht_futures_2026-10-08,agent,False,fixed_norm_offset,2,5,finest3,3,0.6666666666666666,66.66666666666666,33.333333333333336,1.0,100.0,-33.333333333333336,fixed a priori subset; no score-based optimization
motion_damping,visible_pusht_futures_2026-10-08,agent,False,fixed_norm_offset,2,10,all5,5,0.8,80.0,19.999999999999996,1.0,100.0,-19.999999999999996,fixed a priori subset; no score-based optimization
motion_damping,visible_pusht_futures_2026-10-08,agent,False,fixed_norm_offset,2,10,coarsest3,3,1.0,100.0,0.0,1.0,100.0,0.0,fixed a priori subset; no score-based optimization
motion_damping,visible_pusht_futures_2026-10-08,agent,False,fixed_norm_offset,2,10,finest3,3,0.6666666666666666,66.66666666666666,33.333333333333336,1.0,100.0,-33.333333333333336,fixed a priori subset; no score-based optimization
motion_damping,visible_pusht_futures_2026-10-08,agent,False,fixed_norm_offset,2,15,all5,5,0.8,80.0,19.999999999999996,1.0,100.0,-19.999999999999996,fixed a priori subset; no score-based optimization
motion_damping,visible_pusht_futures_2026-10-08,agent,False,fixed_norm_offset,2,15,coarsest3,3,1.0,100.0,0.0,1.0,100.0,0.0,fixed a priori subset; no score-based optimization
motion_damping,visible_pusht_futures_2026-10-08,agent,False,fixed_norm_offset,2,15,finest3,3,0.6666666666666666,66.66666666666666,33.333333333333336,1.0,100.0,-33.333333333333336,fixed a priori subset; no score-based optimization
motion_damping,visible_pusht_futures_2026-10-08,agent,False,fixed_norm_offset,2,20,all5,5,0.8,80.0,19.999999999999996,1.0,100.0,-19.999999999999996,fixed a priori subset; no score-based optimization
motion_damping,visible_pusht_futures_2026-10-08,agent,False,fixed_norm_offset,2,20,coarsest3,3,1.0,100.0,0.0,1.0,100.0,0.0,fixed a priori subset; no score-based optimization
motion_damping,visible_pusht_futures_2026-10-08,agent,False,fixed_norm_offset,2,20,finest3,3,0.6666666666666666,66.66666666666666,33.333333333333336,1.0,100.0,-33.333333333333336,fixed a priori subset; no score-based optimization
motion_damping,visible_pusht_futures_2026-10-08,agent,False,fixed_norm_offset,2,25,all5,5,0.8,80.0,19.999999999999996,1.0,100.0,-19.999999999999996,fixed a priori subset; no score-based optimization
motion_damping,visible_pusht_futures_2026-10-08,agent,False,fixed_norm_offset,2,25,coarsest3,3,1.0,100.0,0.0,1.0,100.0,0.0,fixed a priori subset; no score-based optimization
motion_damping,visible_pusht_futures_2026-10-08,agent,False,fixed_norm_offset,2,25,finest3,3,0.6666666666666666,66.66666666666666,33.333333333333336,1.0,100.0,-33.333333333333336,fixed a priori subset; no score-based optimization
motion_damping,visible_pusht_futures_2026-10-08,agent,False,fixed_norm_offset,32,5,all5,5,0.0,0.0,100.0,1.0,100.0,-100.0,fixed a priori subset; no score-based optimization
motion_damping,visible_pusht_futures_2026-10-08,agent,False,fixed_norm_offset,32,5,coarsest3,3,0.0,0.0,100.0,1.0,100.0,-100.0,fixed a priori subset; no score-based optimization
motion_damping,visible_pusht_futures_2026-10-08,agent,False,fixed_norm_offset,32,5,finest3,3,0.0,0.0,100.0,1.0,100.0,-100.0,fixed a priori subset; no score-based optimization
motion_damping,visible_pusht_futures_2026-10-08,agent,False,fixed_norm_offset,32,10,all5,5,0.0,0.0,100.0,1.0,100.0,-100.0,fixed a priori subset; no score-based optimization
motion_damping,visible_pusht_futures_2026-10-08,agent,False,fixed_norm_offset,32,10,coarsest3,3,0.0,0.0,100.0,1.0,100.0,-100.0,fixed a priori subset; no score-based optimization
motion_damping,visible_pusht_futures_2026-10-08,agent,False,fixed_norm_offset,32,10,finest3,3,0.0,0.0,100.0,1.0,100.0,-100.0,fixed a priori subset; no score-based optimization
motion_damping,visible_pusht_futures_2026-10-08,agent,False,fixed_norm_offset,32,15,all5,5,0.0,0.0,100.0,1.0,100.0,-100.0,fixed a priori subset; no score-based optimization
motion_damping,visible_pusht_futures_2026-10-08,agent,False,fixed_norm_offset,32,15,coarsest3,3,0.0,0.0,100.0,1.0,100.0,-100.0,fixed a priori subset; no score-based optimization
motion_damping,visible_pusht_futures_2026-10-08,agent,False,fixed_norm_offset,32,15,finest3,3,0.0,0.0,100.0,1.0,100.0,-100.0,fixed a priori subset; no score-based optimization
motion_damping,visible_pusht_futures_2026-10-08,agent,False,fixed_norm_offset,32,20,all5,5,0.0,0.0,100.0,1.0,100.0,-100.0,fixed a priori subset; no score-based optimization
motion_damping,visible_pusht_futures_2026-10-08,agent,False,fixed_norm_offset,32,20,coarsest3,3,0.0,0.0,100.0,1.0,100.0,-100.0,fixed a priori subset; no score-based optimization
motion_damping,visible_pusht_futures_2026-10-08,agent,False,fixed_norm_offset,32,20,finest3,3,0.0,0.0,100.0,1.0,100.0,-100.0,fixed a priori subset; no score-based optimization
motion_damping,visible_pusht_futures_2026-10-08,agent,False,fixed_norm_offset,32,25,all5,5,0.0,0.0,100.0,1.0,100.0,-100.0,fixed a priori subset; no score-based optimization
motion_damping,visible_pusht_futures_2026-10-08,agent,False,fixed_norm_offset,32,25,coarsest3,3,0.0,0.0,100.0,1.0,100.0,-100.0,fixed a priori subset; no score-based optimization
motion_damping,visible_pusht_futures_2026-10-08,agent,False,fixed_norm_offset,32,25,finest3,3,0.0,0.0,100.0,1.0,100.0,-100.0,fixed a priori subset; no score-based optimization
motion_damping,visible_pusht_futures_2026-10-08,agent,False,fixed_norm_offset,4,5,all5,5,0.6,60.0,40.0,1.0,100.0,-40.0,fixed a priori subset; no score-based optimization
motion_damping,visible_pusht_futures_2026-10-08,agent,False,fixed_norm_offset,4,5,coarsest3,3,1.0,100.0,0.0,1.0,100.0,0.0,fixed a priori subset; no score-based optimization
motion_damping,visible_pusht_futures_2026-10-08,agent,False,fixed_norm_offset,4,5,finest3,3,0.3333333333333333,33.33333333333333,66.66666666666667,1.0,100.0,-66.66666666666667,fixed a priori subset; no score-based optimization
motion_damping,visible_pusht_futures_2026-10-08,agent,False,fixed_norm_offset,4,10,all5,5,0.6,60.0,40.0,1.0,100.0,-40.0,fixed a priori subset; no score-based optimization
motion_damping,visible_pusht_futures_2026-10-08,agent,False,fixed_norm_offset,4,10,coarsest3,3,1.0,100.0,0.0,1.0,100.0,0.0,fixed a priori subset; no score-based optimization
motion_damping,visible_pusht_futures_2026-10-08,agent,False,fixed_norm_offset,4,10,finest3,3,0.3333333333333333,33.33333333333333,66.66666666666667,1.0,100.0,-66.66666666666667,fixed a priori subset; no score-based optimization
motion_damping,visible_pusht_futures_2026-10-08,agent,False,fixed_norm_offset,4,15,all5,5,0.6,60.0,40.0,1.0,100.0,-40.0,fixed a priori subset; no score-based optimization
motion_damping,visible_pusht_futures_2026-10-08,agent,False,fixed_norm_offset,4,15,coarsest3,3,1.0,100.0,0.0,1.0,100.0,0.0,fixed a priori subset; no score-based optimization
motion_damping,visible_pusht_futures_2026-10-08,agent,False,fixed_norm_offset,4,15,finest3,3,0.3333333333333333,33.33333333333333,66.66666666666667,1.0,100.0,-66.66666666666667,fixed a priori subset; no score-based optimization
motion_damping,visible_pusht_futures_2026-10-08,agent,False,fixed_norm_offset,4,20,all5,5,0.6,60.0,40.0,1.0,100.0,-40.0,fixed a priori subset; no score-based optimization
motion_damping,visible_pusht_futures_2026-10-08,agent,False,fixed_norm_offset,4,20,coarsest3,3,1.0,100.0,0.0,1.0,100.0,0.0,fixed a priori subset; no score-based optimization
motion_damping,visible_pusht_futures_2026-10-08,agent,False,fixed_norm_offset,4,20,finest3,3,0.3333333333333333,33.33333333333333,66.66666666666667,1.0,100.0,-66.66666666666667,fixed a priori subset; no score-based optimization
motion_damping,visible_pusht_futures_2026-10-08,agent,False,fixed_norm_offset,4,25,all5,5,0.6,60.0,40.0,1.0,100.0,-40.0,fixed a priori subset; no score-based optimization
motion_damping,visible_pusht_futures_2026-10-08,agent,False,fixed_norm_offset,4,25,coarsest3,3,1.0,100.0,0.0,1.0,100.0,0.0,fixed a priori subset; no score-based optimization
motion_damping,visible_pusht_futures_2026-10-08,agent,False,fixed_norm_offset,4,25,finest3,3,0.3333333333333333,33.33333333333333,66.66666666666667,1.0,100.0,-66.66666666666667,fixed a priori subset; no score-based optimization
motion_damping,visible_pusht_futures_2026-10-08,agent,False,fixed_norm_offset,64,5,all5,5,0.0,0.0,100.0,1.0,100.0,-100.0,fixed a priori subset; no score-based optimization
motion_damping,visible_pusht_futures_2026-10-08,agent,False,fixed_norm_offset,64,5,coarsest3,3,0.0,0.0,100.0,1.0,100.0,-100.0,fixed a priori subset; no score-based optimization
motion_damping,visible_pusht_futures_2026-10-08,agent,False,fixed_norm_offset,64,5,finest3,3,0.0,0.0,100.0,1.0,100.0,-100.0,fixed a priori subset; no score-based optimization
motion_damping,visible_pusht_futures_2026-10-08,agent,False,fixed_norm_offset,64,10,all5,5,0.0,0.0,100.0,1.0,100.0,-100.0,fixed a priori subset; no score-based optimization
motion_damping,visible_pusht_futures_2026-10-08,agent,False,fixed_norm_offset,64,10,coarsest3,3,0.0,0.0,100.0,1.0,100.0,-100.0,fixed a priori subset; no score-based optimization
motion_damping,visible_pusht_futures_2026-10-08,agent,False,fixed_norm_offset,64,10,finest3,3,0.0,0.0,100.0,1.0,100.0,-100.0,fixed a priori subset; no score-based optimization
motion_damping,visible_pusht_futures_2026-10-08,agent,False,fixed_norm_offset,64,15,all5,5,0.0,0.0,100.0,1.0,100.0,-100.0,fixed a priori subset; no score-based optimization
motion_damping,visible_pusht_futures_2026-10-08,agent,False,fixed_norm_offset,64,15,coarsest3,3,0.0,0.0,100.0,1.0,100.0,-100.0,fixed a priori subset; no score-based optimization
motion_damping,visible_pusht_futures_2026-10-08,agent,False,fixed_norm_offset,64,15,finest3,3,0.0,0.0,100.0,1.0,100.0,-100.0,fixed a priori subset; no score-based optimization
motion_damping,visible_pusht_futures_2026-10-08,agent,False,fixed_norm_offset,64,20,all5,5,0.0,0.0,100.0,1.0,100.0,-100.0,fixed a priori subset; no score-based optimization
motion_damping,visible_pusht_futures_2026-10-08,agent,False,fixed_norm_offset,64,20,coarsest3,3,0.0,0.0,100.0,1.0,100.0,-100.0,fixed a priori subset; no score-based optimization
motion_damping,visible_pusht_futures_2026-10-08,agent,False,fixed_norm_offset,64,20,finest3,3,0.0,0.0,100.0,1.0,100.0,-100.0,fixed a priori subset; no score-based optimization
motion_damping,visible_pusht_futures_2026-10-08,agent,False,fixed_norm_offset,64,25,all5,5,0.0,0.0,100.0,1.0,100.0,-100.0,fixed a priori subset; no score-based optimization
motion_damping,visible_pusht_futures_2026-10-08,agent,False,fixed_norm_offset,64,25,coarsest3,3,0.0,0.0,100.0,1.0,100.0,-100.0,fixed a priori subset; no score-based optimization
motion_damping,visible_pusht_futures_2026-10-08,agent,False,fixed_norm_offset,64,25,finest3,3,0.0,0.0,100.0,1.0,100.0,-100.0,fixed a priori subset; no score-based optimization
motion_damping,visible_pusht_futures_2026-10-08,agent,False,fixed_norm_offset,8,5,all5,5,0.4,40.0,60.0,1.0,100.0,-60.0,fixed a priori subset; no score-based optimization
motion_damping,visible_pusht_futures_2026-10-08,agent,False,fixed_norm_offset,8,5,coarsest3,3,0.6666666666666666,66.66666666666666,33.333333333333336,1.0,100.0,-33.333333333333336,fixed a priori subset; no score-based optimization
motion_damping,visible_pusht_futures_2026-10-08,agent,False,fixed_norm_offset,8,5,finest3,3,0.0,0.0,100.0,1.0,100.0,-100.0,fixed a priori subset; no score-based optimization
motion_damping,visible_pusht_futures_2026-10-08,agent,False,fixed_norm_offset,8,10,all5,5,0.4,40.0,60.0,1.0,100.0,-60.0,fixed a priori subset; no score-based optimization
motion_damping,visible_pusht_futures_2026-10-08,agent,False,fixed_norm_offset,8,10,coarsest3,3,0.6666666666666666,66.66666666666666,33.333333333333336,1.0,100.0,-33.333333333333336,fixed a priori subset; no score-based optimization
motion_damping,visible_pusht_futures_2026-10-08,agent,False,fixed_norm_offset,8,10,finest3,3,0.0,0.0,100.0,1.0,100.0,-100.0,fixed a priori subset; no score-based optimization
motion_damping,visible_pusht_futures_2026-10-08,agent,False,fixed_norm_offset,8,15,all5,5,0.4,40.0,60.0,1.0,100.0,-60.0,fixed a priori subset; no score-based optimization
motion_damping,visible_pusht_futures_2026-10-08,agent,False,fixed_norm_offset,8,15,coarsest3,3,0.6666666666666666,66.66666666666666,33.333333333333336,1.0,100.0,-33.333333333333336,fixed a priori subset; no score-based optimization
motion_damping,visible_pusht_futures_2026-10-08,agent,False,fixed_norm_offset,8,15,finest3,3,0.0,0.0,100.0,1.0,100.0,-100.0,fixed a priori subset; no score-based optimization
motion_damping,visible_pusht_futures_2026-10-08,agent,False,fixed_norm_offset,8,20,all5,5,0.4,40.0,60.0,1.0,100.0,-60.0,fixed a priori subset; no score-based optimization
motion_damping,visible_pusht_futures_2026-10-08,agent,False,fixed_norm_offset,8,20,coarsest3,3,0.6666666666666666,66.66666666666666,33.333333333333336,1.0,100.0,-33.333333333333336,fixed a priori subset; no score-based optimization
motion_damping,visible_pusht_futures_2026-10-08,agent,False,fixed_norm_offset,8,20,finest3,3,0.0,0.0,100.0,1.0,100.0,-100.0,fixed a priori subset; no score-based optimization
motion_damping,visible_pusht_futures_2026-10-08,agent,False,fixed_norm_offset,8,25,all5,5,0.4,40.0,60.0,1.0,100.0,-60.0,fixed a priori subset; no score-based optimization
motion_damping,visible_pusht_futures_2026-10-08,agent,False,fixed_norm_offset,8,25,coarsest3,3,0.6666666666666666,66.66666666666666,33.333333333333336,1.0,100.0,-33.333333333333336,fixed a priori subset; no score-based optimization
motion_damping,visible_pusht_futures_2026-10-08,agent,False,fixed_norm_offset,8,25,finest3,3,0.0,0.0,100.0,1.0,100.0,-100.0,fixed a priori subset; no score-based optimization
motion_damping,visible_pusht_futures_2026-10-08,agent,False,temporal_lag_prepend_current,one_horizon,5,all5,5,0.15127130681818185,15.127130681818185,84.87286931818181,1.0,100.0,-84.87286931818181,fixed a priori subset; no score-based optimization
motion_damping,visible_pusht_futures_2026-10-08,agent,False,temporal_lag_prepend_current,one_horizon,5,coarsest3,3,0.1809981323653199,18.09981323653199,81.90018676346801,1.0,100.0,-81.90018676346801,fixed a priori subset; no score-based optimization
motion_damping,visible_pusht_futures_2026-10-08,agent,False,temporal_lag_prepend_current,one_horizon,5,finest3,3,0.11042094118265995,11.042094118265995,88.957905881734,1.0,100.0,-88.957905881734,fixed a priori subset; no score-based optimization
motion_damping,visible_pusht_futures_2026-10-08,agent,False,temporal_lag_prepend_current,one_horizon,10,all5,5,0.21527994791666666,21.527994791666664,78.47200520833333,1.0,100.0,-78.47200520833333,fixed a priori subset; no score-based optimization
motion_damping,visible_pusht_futures_2026-10-08,agent,False,temporal_lag_prepend_current,one_horizon,10,coarsest3,3,0.28767920086279464,28.767920086279464,71.23207991372054,1.0,100.0,-71.23207991372054,fixed a priori subset; no score-based optimization
motion_damping,visible_pusht_futures_2026-10-08,agent,False,temporal_lag_prepend_current,one_horizon,10,finest3,3,0.1459812973484849,14.59812973484849,85.40187026515152,1.0,100.0,-85.40187026515152,fixed a priori subset; no score-based optimization
motion_damping,visible_pusht_futures_2026-10-08,agent,False,temporal_lag_prepend_current,one_horizon,15,all5,5,0.3225512941919192,32.25512941919192,67.74487058080808,1.0,100.0,-67.74487058080808,fixed a priori subset; no score-based optimization
motion_damping,visible_pusht_futures_2026-10-08,agent,False,temporal_lag_prepend_current,one_horizon,15,coarsest3,3,0.3943602693602693,39.43602693602693,60.56397306397307,1.0,100.0,-60.56397306397307,fixed a priori subset; no score-based optimization
motion_damping,visible_pusht_futures_2026-10-08,agent,False,temporal_lag_prepend_current,one_horizon,15,finest3,3,0.25364616214225594,25.364616214225595,74.63538378577441,1.0,100.0,-74.63538378577441,fixed a priori subset; no score-based optimization
motion_damping,visible_pusht_futures_2026-10-08,agent,False,temporal_lag_prepend_current,one_horizon,20,all5,5,0.43449494949494943,43.44949494949494,56.55050505050505,1.0,100.0,-56.55050505050505,fixed a priori subset; no score-based optimization
motion_damping,visible_pusht_futures_2026-10-08,agent,False,temporal_lag_prepend_current,one_horizon,20,coarsest3,3,0.5007519860058923,50.07519860058923,49.92480139941077,1.0,100.0,-49.92480139941077,fixed a priori subset; no score-based optimization
motion_damping,visible_pusht_futures_2026-10-08,agent,False,temporal_lag_prepend_current,one_horizon,20,finest3,3,0.3693875605008417,36.93875605008417,63.061243949915834,1.0,100.0,-63.061243949915834,fixed a priori subset; no score-based optimization
motion_damping,visible_pusht_futures_2026-10-08,agent,False,temporal_lag_prepend_current,one_horizon,25,all5,5,0.5466485164141414,54.66485164141414,45.33514835858586,1.0,100.0,-45.33514835858586,fixed a priori subset; no score-based optimization
motion_damping,visible_pusht_futures_2026-10-08,agent,False,temporal_lag_prepend_current,one_horizon,25,coarsest3,3,0.6058850220959595,60.58850220959595,39.41149779040405,1.0,100.0,-39.41149779040405,fixed a priori subset; no score-based optimization
motion_damping,visible_pusht_futures_2026-10-08,agent,False,temporal_lag_prepend_current,one_horizon,25,finest3,3,0.48673749210858586,48.67374921085859,51.32625078914141,1.0,100.0,-51.32625078914141,fixed a priori subset; no score-based optimization
motion_damping,visible_pusht_futures_2026-10-08,agent,False,wrong_condition_true_future,cyclic_shift_by_1,5,all5,5,1.0,100.0,0.0,1.0,100.0,0.0,fixed a priori subset; no score-based optimization
motion_damping,visible_pusht_futures_2026-10-08,agent,False,wrong_condition_true_future,cyclic_shift_by_1,5,coarsest3,3,1.0,100.0,0.0,1.0,100.0,0.0,fixed a priori subset; no score-based optimization
motion_damping,visible_pusht_futures_2026-10-08,agent,False,wrong_condition_true_future,cyclic_shift_by_1,5,finest3,3,1.0,100.0,0.0,1.0,100.0,0.0,fixed a priori subset; no score-based optimization
motion_damping,visible_pusht_futures_2026-10-08,agent,False,wrong_condition_true_future,cyclic_shift_by_1,10,all5,5,1.0,100.0,0.0,1.0,100.0,0.0,fixed a priori subset; no score-based optimization
motion_damping,visible_pusht_futures_2026-10-08,agent,False,wrong_condition_true_future,cyclic_shift_by_1,10,coarsest3,3,1.0,100.0,0.0,1.0,100.0,0.0,fixed a priori subset; no score-based optimization
motion_damping,visible_pusht_futures_2026-10-08,agent,False,wrong_condition_true_future,cyclic_shift_by_1,10,finest3,3,1.0,100.0,0.0,1.0,100.0,0.0,fixed a priori subset; no score-based optimization
motion_damping,visible_pusht_futures_2026-10-08,agent,False,wrong_condition_true_future,cyclic_shift_by_1,15,all5,5,1.0,100.0,0.0,1.0,100.0,0.0,fixed a priori subset; no score-based optimization
motion_damping,visible_pusht_futures_2026-10-08,agent,False,wrong_condition_true_future,cyclic_shift_by_1,15,coarsest3,3,1.0,100.0,0.0,1.0,100.0,0.0,fixed a priori subset; no score-based optimization
motion_damping,visible_pusht_futures_2026-10-08,agent,False,wrong_condition_true_future,cyclic_shift_by_1,15,finest3,3,1.0,100.0,0.0,1.0,100.0,0.0,fixed a priori subset; no score-based optimization
motion_damping,visible_pusht_futures_2026-10-08,agent,False,wrong_condition_true_future,cyclic_shift_by_1,20,all5,5,1.0,100.0,0.0,1.0,100.0,0.0,fixed a priori subset; no score-based optimization
motion_damping,visible_pusht_futures_2026-10-08,agent,False,wrong_condition_true_future,cyclic_shift_by_1,20,coarsest3,3,1.0,100.0,0.0,1.0,100.0,0.0,fixed a priori subset; no score-based optimization
motion_damping,visible_pusht_futures_2026-10-08,agent,False,wrong_condition_true_future,cyclic_shift_by_1,20,finest3,3,1.0,100.0,0.0,1.0,100.0,0.0,fixed a priori subset; no score-based optimization
motion_damping,visible_pusht_futures_2026-10-08,agent,False,wrong_condition_true_future,cyclic_shift_by_1,25,all5,5,1.0,100.0,0.0,1.0,100.0,0.0,fixed a priori subset; no score-based optimization
motion_damping,visible_pusht_futures_2026-10-08,agent,False,wrong_condition_true_future,cyclic_shift_by_1,25,coarsest3,3,1.0,100.0,0.0,1.0,100.0,0.0,fixed a priori subset; no score-based optimization
motion_damping,visible_pusht_futures_2026-10-08,agent,False,wrong_condition_true_future,cyclic_shift_by_1,25,finest3,3,1.0,100.0,0.0,1.0,100.0,0.0,fixed a priori subset; no score-based optimization
motion_damping,visible_pusht_futures_2026-10-08,block,True,condition_mean_common_privileged,mean_across_hidden_conditions,5,all5,5,0.9802777777777777,98.02777777777777,1.9722222222222308,0.9901388888888889,99.01388888888889,-0.9861111111111209,fixed a priori subset; no score-based optimization
motion_damping,visible_pusht_futures_2026-10-08,block,True,condition_mean_common_privileged,mean_across_hidden_conditions,5,coarsest3,3,1.0,100.0,0.0,1.0,100.0,0.0,fixed a priori subset; no score-based optimization
motion_damping,visible_pusht_futures_2026-10-08,block,True,condition_mean_common_privileged,mean_across_hidden_conditions,5,finest3,3,0.9671296296296297,96.71296296296296,3.2870370370370328,0.9835648148148147,98.35648148148147,-1.6435185185185053,fixed a priori subset; no score-based optimization
motion_damping,visible_pusht_futures_2026-10-08,block,True,condition_mean_common_privileged,mean_across_hidden_conditions,10,all5,5,0.520898042929293,52.0898042929293,47.9101957070707,0.7604490214646464,76.04490214646464,-23.955097853535346,fixed a priori subset; no score-based optimization
motion_damping,visible_pusht_futures_2026-10-08,block,True,condition_mean_common_privileged,mean_across_hidden_conditions,10,coarsest3,3,0.8361791745580808,83.61791745580808,16.382082544191924,0.9180895872790403,91.80895872790403,-8.191041272095955,fixed a priori subset; no score-based optimization
motion_damping,visible_pusht_futures_2026-10-08,block,True,condition_mean_common_privileged,mean_across_hidden_conditions,10,finest3,3,0.21801872895622898,21.8018728956229,78.19812710437711,0.6090093644781145,60.900936447811446,-39.099063552188554,fixed a priori subset; no score-based optimization
motion_damping,visible_pusht_futures_2026-10-08,block,True,condition_mean_common_privileged,mean_across_hidden_conditions,15,all5,5,0.2697413589015151,26.974135890151512,73.02586410984848,0.6348706794507576,63.48706794507576,-36.51293205492425,fixed a priori subset; no score-based optimization
motion_damping,visible_pusht_futures_2026-10-08,block,True,condition_mean_common_privileged,mean_across_hidden_conditions,15,coarsest3,3,0.4484115240951179,44.84115240951179,55.158847590488215,0.7242057620475588,72.42057620475589,-27.57942379524409,fixed a priori subset; no score-based optimization
motion_damping,visible_pusht_futures_2026-10-08,block,True,condition_mean_common_privileged,mean_across_hidden_conditions,15,finest3,3,0.047326783459595956,4.732678345959595,95.2673216540404,0.523663391729798,52.36633917297981,-47.63366082702021,fixed a priori subset; no score-based optimization
motion_damping,visible_pusht_futures_2026-10-08,block,True,condition_mean_common_privileged,mean_across_hidden_conditions,20,all5,5,0.177173492739899,17.7173492739899,82.2826507260101,0.5885867463699496,58.858674636994955,-41.14132536300505,fixed a priori subset; no score-based optimization
motion_damping,visible_pusht_futures_2026-10-08,block,True,condition_mean_common_privileged,mean_across_hidden_conditions,20,coarsest3,3,0.2945657749368687,29.45657749368687,70.54342250631314,0.6472828874684343,64.72828874684343,-35.27171125315656,fixed a priori subset; no score-based optimization
motion_damping,visible_pusht_futures_2026-10-08,block,True,condition_mean_common_privileged,mean_across_hidden_conditions,20,finest3,3,0.003776041666666667,0.37760416666666674,99.62239583333333,0.5018880208333334,50.18880208333334,-49.81119791666667,fixed a priori subset; no score-based optimization
motion_damping,visible_pusht_futures_2026-10-08,block,True,condition_mean_common_privileged,mean_across_hidden_conditions,25,all5,5,0.11704170612373736,11.704170612373737,88.29582938762627,0.5585208530618686,55.85208530618686,-44.14791469381312,fixed a priori subset; no score-based optimization
motion_damping,visible_pusht_futures_2026-10-08,block,True,condition_mean_common_privileged,mean_across_hidden_conditions,25,coarsest3,3,0.19492483428030302,19.4924834280303,80.50751657196969,0.5974624171401515,59.74624171401515,-40.253758285984844,fixed a priori subset; no score-based optimization
motion_damping,visible_pusht_futures_2026-10-08,block,True,condition_mean_common_privileged,mean_across_hidden_conditions,25,finest3,3,0.0015769675925925925,0.15769675925925924,99.84230324074073,0.5007884837962963,50.078848379629626,-49.92115162037037,fixed a priori subset; no score-based optimization
motion_damping,visible_pusht_futures_2026-10-08,block,True,current_state_displacement_scale,0,5,all5,5,0.3530093907828283,35.30093907828283,64.69906092171718,0.9901388888888889,99.01388888888889,-63.71294981060607,fixed a priori subset; no score-based optimization
motion_damping,visible_pusht_futures_2026-10-08,block,True,current_state_displacement_scale,0,5,coarsest3,3,0.5883489846380471,58.834898463804706,41.165101536195294,1.0,100.0,-41.165101536195294,fixed a priori subset; no score-based optimization
motion_damping,visible_pusht_futures_2026-10-08,block,True,current_state_displacement_scale,0,5,finest3,3,0.09464304503367003,9.464304503367003,90.535695496633,0.9835648148148147,98.35648148148147,-88.89217697811446,fixed a priori subset; no score-based optimization
motion_damping,visible_pusht_futures_2026-10-08,block,True,current_state_displacement_scale,0,10,all5,5,0.12710927635732322,12.710927635732322,87.28907236426768,0.7604490214646464,76.04490214646464,-63.333974510732325,fixed a priori subset; no score-based optimization
motion_damping,visible_pusht_futures_2026-10-08,block,True,current_state_displacement_scale,0,10,coarsest3,3,0.21184879392887201,21.1848793928872,78.8151206071128,0.9180895872790403,91.80895872790403,-70.62407933501683,fixed a priori subset; no score-based optimization
motion_damping,visible_pusht_futures_2026-10-08,block,True,current_state_displacement_scale,0,10,finest3,3,0.012235966435185186,1.2235966435185186,98.77640335648148,0.6090093644781145,60.900936447811446,-59.67733980429293,fixed a priori subset; no score-based optimization
motion_damping,visible_pusht_futures_2026-10-08,block,True,current_state_displacement_scale,0,15,all5,5,0.08126785432449495,8.126785432449495,91.8732145675505,0.6348706794507576,63.48706794507576,-55.36028251262627,fixed a priori subset; no score-based optimization
motion_damping,visible_pusht_futures_2026-10-08,block,True,current_state_displacement_scale,0,15,coarsest3,3,0.13544642387415826,13.544642387415825,86.45535761258417,0.7242057620475588,72.42057620475589,-58.875933817340055,fixed a priori subset; no score-based optimization
motion_damping,visible_pusht_futures_2026-10-08,block,True,current_state_displacement_scale,0,15,finest3,3,0.0,0.0,100.0,0.523663391729798,52.36633917297981,-52.36633917297981,fixed a priori subset; no score-based optimization
motion_damping,visible_pusht_futures_2026-10-08,block,True,current_state_displacement_scale,0,20,all5,5,0.06139115767045454,6.139115767045454,93.86088423295455,0.5885867463699496,58.858674636994955,-52.7195588699495,fixed a priori subset; no score-based optimization
motion_damping,visible_pusht_futures_2026-10-08,block,True,current_state_displacement_scale,0,20,coarsest3,3,0.10231859611742423,10.231859611742424,89.76814038825758,0.6472828874684343,64.72828874684343,-54.49642913510101,fixed a priori subset; no score-based optimization
motion_damping,visible_pusht_futures_2026-10-08,block,True,current_state_displacement_scale,0,20,finest3,3,0.0,0.0,100.0,0.5018880208333334,50.18880208333334,-50.18880208333334,fixed a priori subset; no score-based optimization
motion_damping,visible_pusht_futures_2026-10-08,block,True,current_state_displacement_scale,0,25,all5,5,0.05230291193181817,5.2302911931818175,94.76970880681819,0.5585208530618686,55.85208530618686,-50.621794113005045,fixed a priori subset; no score-based optimization
motion_damping,visible_pusht_futures_2026-10-08,block,True,current_state_displacement_scale,0,25,coarsest3,3,0.08717151988636362,8.717151988636363,91.28284801136364,0.5974624171401515,59.74624171401515,-51.02908972537878,fixed a priori subset; no score-based optimization
motion_damping,visible_pusht_futures_2026-10-08,block,True,current_state_displacement_scale,0,25,finest3,3,0.0,0.0,100.0,0.5007884837962963,50.078848379629626,-50.078848379629626,fixed a priori subset; no score-based optimization
motion_damping,visible_pusht_futures_2026-10-08,block,True,current_state_displacement_scale,0.5,5,all5,5,0.5530093907828283,55.30093907828283,44.69906092171717,0.9901388888888889,99.01388888888889,-43.71294981060606,fixed a priori subset; no score-based optimization
motion_damping,visible_pusht_futures_2026-10-08,block,True,current_state_displacement_scale,0.5,5,coarsest3,3,0.8270392729377104,82.70392729377105,17.29607270622896,1.0,100.0,-17.29607270622896,fixed a priori subset; no score-based optimization
motion_damping,visible_pusht_futures_2026-10-08,block,True,current_state_displacement_scale,0.5,5,finest3,3,0.2834770228324916,28.34770228324916,71.65229771675084,0.9835648148148147,98.35648148148147,-70.00877919823232,fixed a priori subset; no score-based optimization
motion_damping,visible_pusht_futures_2026-10-08,block,True,current_state_displacement_scale,0.5,10,all5,5,0.2461038115530303,24.61038115530303,75.38961884469697,0.7604490214646464,76.04490214646464,-51.43452099116161,fixed a priori subset; no score-based optimization
motion_damping,visible_pusht_futures_2026-10-08,block,True,current_state_displacement_scale,0.5,10,coarsest3,3,0.3979370528198653,39.79370528198653,60.20629471801347,0.9180895872790403,91.80895872790403,-52.01525344591751,fixed a priori subset; no score-based optimization
motion_damping,visible_pusht_futures_2026-10-08,block,True,current_state_displacement_scale,0.5,10,finest3,3,0.07792902988215487,7.792902988215487,92.20709701178451,0.6090093644781145,60.900936447811446,-53.10803345959596,fixed a priori subset; no score-based optimization
motion_damping,visible_pusht_futures_2026-10-08,block,True,current_state_displacement_scale,0.5,15,all5,5,0.1642922387941919,16.42922387941919,83.57077612058082,0.6348706794507576,63.48706794507576,-47.05784406565657,fixed a priori subset; no score-based optimization
motion_damping,visible_pusht_futures_2026-10-08,block,True,current_state_displacement_scale,0.5,15,coarsest3,3,0.2738203979903198,27.382039799031983,72.61796020096803,0.7242057620475588,72.42057620475589,-45.0385364057239,fixed a priori subset; no score-based optimization
motion_damping,visible_pusht_futures_2026-10-08,block,True,current_state_displacement_scale,0.5,15,finest3,3,0.04576263941498316,4.576263941498316,95.42373605850169,0.523663391729798,52.36633917297981,-47.79007523148149,fixed a priori subset; no score-based optimization
motion_damping,visible_pusht_futures_2026-10-08,block,True,current_state_displacement_scale,0.5,20,all5,5,0.1271575126262626,12.71575126262626,87.28424873737374,0.5885867463699496,58.858674636994955,-46.14292337436869,fixed a priori subset; no score-based optimization
motion_damping,visible_pusht_futures_2026-10-08,block,True,current_state_displacement_scale,0.5,20,coarsest3,3,0.21192918771043767,21.192918771043768,78.80708122895624,0.6472828874684343,64.72828874684343,-43.53536997579967,fixed a priori subset; no score-based optimization
motion_damping,visible_pusht_futures_2026-10-08,block,True,current_state_displacement_scale,0.5,20,finest3,3,0.043545974063552186,4.354597406355219,95.64540259364477,0.5018880208333334,50.18880208333334,-45.83420467697812,fixed a priori subset; no score-based optimization
motion_damping,visible_pusht_futures_2026-10-08,block,True,current_state_displacement_scale,0.5,25,all5,5,0.11207238399621211,11.207238399621211,88.79276160037878,0.5585208530618686,55.85208530618686,-44.64484690656565,fixed a priori subset; no score-based optimization
motion_damping,visible_pusht_futures_2026-10-08,block,True,current_state_displacement_scale,0.5,25,coarsest3,3,0.1867873066603535,18.67873066603535,81.32126933396465,0.5974624171401515,59.74624171401515,-41.0675110479798,fixed a priori subset; no score-based optimization
motion_damping,visible_pusht_futures_2026-10-08,block,True,current_state_displacement_scale,0.5,25,finest3,3,0.04326385600799663,4.326385600799663,95.67361439920033,0.5007884837962963,50.078848379629626,-45.75246277882996,fixed a priori subset; no score-based optimization
motion_damping,visible_pusht_futures_2026-10-08,block,True,current_state_displacement_scale,1,5,all5,5,1.0,100.0,0.0,0.9901388888888889,99.01388888888889,0.9861111111111098,fixed a priori subset; no score-based optimization
motion_damping,visible_pusht_futures_2026-10-08,block,True,current_state_displacement_scale,1,5,coarsest3,3,1.0,100.0,0.0,1.0,100.0,0.0,fixed a priori subset; no score-based optimization
motion_damping,visible_pusht_futures_2026-10-08,block,True,current_state_displacement_scale,1,5,finest3,3,1.0,100.0,0.0,0.9835648148148147,98.35648148148147,1.6435185185185275,fixed a priori subset; no score-based optimization
motion_damping,visible_pusht_futures_2026-10-08,block,True,current_state_displacement_scale,1,10,all5,5,1.0,100.0,0.0,0.7604490214646464,76.04490214646464,23.955097853535356,fixed a priori subset; no score-based optimization
motion_damping,visible_pusht_futures_2026-10-08,block,True,current_state_displacement_scale,1,10,coarsest3,3,1.0,100.0,0.0,0.9180895872790403,91.80895872790403,8.191041272095967,fixed a priori subset; no score-based optimization
motion_damping,visible_pusht_futures_2026-10-08,block,True,current_state_displacement_scale,1,10,finest3,3,1.0,100.0,0.0,0.6090093644781145,60.900936447811446,39.099063552188554,fixed a priori subset; no score-based optimization
motion_damping,visible_pusht_futures_2026-10-08,block,True,current_state_displacement_scale,1,15,all5,5,1.0,100.0,0.0,0.6348706794507576,63.48706794507576,36.51293205492424,fixed a priori subset; no score-based optimization
motion_damping,visible_pusht_futures_2026-10-08,block,True,current_state_displacement_scale,1,15,coarsest3,3,1.0,100.0,0.0,0.7242057620475588,72.42057620475589,27.579423795244118,fixed a priori subset; no score-based optimization
motion_damping,visible_pusht_futures_2026-10-08,block,True,current_state_displacement_scale,1,15,finest3,3,1.0,100.0,0.0,0.523663391729798,52.36633917297981,47.63366082702019,fixed a priori subset; no score-based optimization
motion_damping,visible_pusht_futures_2026-10-08,block,True,current_state_displacement_scale,1,20,all5,5,1.0,100.0,0.0,0.5885867463699496,58.858674636994955,41.141325363005045,fixed a priori subset; no score-based optimization
motion_damping,visible_pusht_futures_2026-10-08,block,True,current_state_displacement_scale,1,20,coarsest3,3,1.0,100.0,0.0,0.6472828874684343,64.72828874684343,35.27171125315657,fixed a priori subset; no score-based optimization
motion_damping,visible_pusht_futures_2026-10-08,block,True,current_state_displacement_scale,1,20,finest3,3,1.0,100.0,0.0,0.5018880208333334,50.18880208333334,49.81119791666666,fixed a priori subset; no score-based optimization
motion_damping,visible_pusht_futures_2026-10-08,block,True,current_state_displacement_scale,1,25,all5,5,1.0,100.0,0.0,0.5585208530618686,55.85208530618686,44.14791469381314,fixed a priori subset; no score-based optimization
motion_damping,visible_pusht_futures_2026-10-08,block,True,current_state_displacement_scale,1,25,coarsest3,3,1.0,100.0,0.0,0.5974624171401515,59.74624171401515,40.25375828598485,fixed a priori subset; no score-based optimization
motion_damping,visible_pusht_futures_2026-10-08,block,True,current_state_displacement_scale,1,25,finest3,3,1.0,100.0,0.0,0.5007884837962963,50.078848379629626,49.921151620370374,fixed a priori subset; no score-based optimization
motion_damping,visible_pusht_futures_2026-10-08,block,True,current_state_displacement_scale,1.5,5,all5,5,0.5530093907828283,55.30093907828283,44.69906092171717,0.9901388888888889,99.01388888888889,-43.71294981060606,fixed a priori subset; no score-based optimization
motion_damping,visible_pusht_futures_2026-10-08,block,True,current_state_displacement_scale,1.5,5,coarsest3,3,0.8270392729377104,82.70392729377105,17.29607270622896,1.0,100.0,-17.29607270622896,fixed a priori subset; no score-based optimization
motion_damping,visible_pusht_futures_2026-10-08,block,True,current_state_displacement_scale,1.5,5,finest3,3,0.2834770228324916,28.34770228324916,71.65229771675084,0.9835648148148147,98.35648148148147,-70.00877919823232,fixed a priori subset; no score-based optimization
motion_damping,visible_pusht_futures_2026-10-08,block,True,current_state_displacement_scale,1.5,10,all5,5,0.2461038115530303,24.61038115530303,75.38961884469697,0.7604490214646464,76.04490214646464,-51.43452099116161,fixed a priori subset; no score-based optimization
motion_damping,visible_pusht_futures_2026-10-08,block,True,current_state_displacement_scale,1.5,10,coarsest3,3,0.3979370528198653,39.79370528198653,60.20629471801347,0.9180895872790403,91.80895872790403,-52.01525344591751,fixed a priori subset; no score-based optimization
motion_damping,visible_pusht_futures_2026-10-08,block,True,current_state_displacement_scale,1.5,10,finest3,3,0.07792902988215487,7.792902988215487,92.20709701178451,0.6090093644781145,60.900936447811446,-53.10803345959596,fixed a priori subset; no score-based optimization
motion_damping,visible_pusht_futures_2026-10-08,block,True,current_state_displacement_scale,1.5,15,all5,5,0.1642922387941919,16.42922387941919,83.57077612058082,0.6348706794507576,63.48706794507576,-47.05784406565657,fixed a priori subset; no score-based optimization
motion_damping,visible_pusht_futures_2026-10-08,block,True,current_state_displacement_scale,1.5,15,coarsest3,3,0.2738203979903198,27.382039799031983,72.61796020096803,0.7242057620475588,72.42057620475589,-45.0385364057239,fixed a priori subset; no score-based optimization
motion_damping,visible_pusht_futures_2026-10-08,block,True,current_state_displacement_scale,1.5,15,finest3,3,0.04576263941498316,4.576263941498316,95.42373605850169,0.523663391729798,52.36633917297981,-47.79007523148149,fixed a priori subset; no score-based optimization
motion_damping,visible_pusht_futures_2026-10-08,block,True,current_state_displacement_scale,1.5,20,all5,5,0.1271575126262626,12.71575126262626,87.28424873737374,0.5885867463699496,58.858674636994955,-46.14292337436869,fixed a priori subset; no score-based optimization
motion_damping,visible_pusht_futures_2026-10-08,block,True,current_state_displacement_scale,1.5,20,coarsest3,3,0.21192918771043767,21.192918771043768,78.80708122895624,0.6472828874684343,64.72828874684343,-43.53536997579967,fixed a priori subset; no score-based optimization
motion_damping,visible_pusht_futures_2026-10-08,block,True,current_state_displacement_scale,1.5,20,finest3,3,0.043545974063552186,4.354597406355219,95.64540259364477,0.5018880208333334,50.18880208333334,-45.83420467697812,fixed a priori subset; no score-based optimization
motion_damping,visible_pusht_futures_2026-10-08,block,True,current_state_displacement_scale,1.5,25,all5,5,0.11207238399621211,11.207238399621211,88.79276160037878,0.5585208530618686,55.85208530618686,-44.64484690656565,fixed a priori subset; no score-based optimization
motion_damping,visible_pusht_futures_2026-10-08,block,True,current_state_displacement_scale,1.5,25,coarsest3,3,0.1867873066603535,18.67873066603535,81.32126933396465,0.5974624171401515,59.74624171401515,-41.0675110479798,fixed a priori subset; no score-based optimization
motion_damping,visible_pusht_futures_2026-10-08,block,True,current_state_displacement_scale,1.5,25,finest3,3,0.04326385600799663,4.326385600799663,95.67361439920033,0.5007884837962963,50.078848379629626,-45.75246277882996,fixed a priori subset; no score-based optimization
motion_damping,visible_pusht_futures_2026-10-08,block,True,current_state_displacement_scale,2,5,all5,5,0.3530093907828283,35.30093907828283,64.69906092171718,0.9901388888888889,99.01388888888889,-63.71294981060607,fixed a priori subset; no score-based optimization
motion_damping,visible_pusht_futures_2026-10-08,block,True,current_state_displacement_scale,2,5,coarsest3,3,0.5883489846380471,58.834898463804706,41.165101536195294,1.0,100.0,-41.165101536195294,fixed a priori subset; no score-based optimization
motion_damping,visible_pusht_futures_2026-10-08,block,True,current_state_displacement_scale,2,5,finest3,3,0.09464304503367003,9.464304503367003,90.535695496633,0.9835648148148147,98.35648148148147,-88.89217697811446,fixed a priori subset; no score-based optimization
motion_damping,visible_pusht_futures_2026-10-08,block,True,current_state_displacement_scale,2,10,all5,5,0.12710927635732322,12.710927635732322,87.28907236426768,0.7604490214646464,76.04490214646464,-63.333974510732325,fixed a priori subset; no score-based optimization
motion_damping,visible_pusht_futures_2026-10-08,block,True,current_state_displacement_scale,2,10,coarsest3,3,0.21184879392887201,21.1848793928872,78.8151206071128,0.9180895872790403,91.80895872790403,-70.62407933501683,fixed a priori subset; no score-based optimization
motion_damping,visible_pusht_futures_2026-10-08,block,True,current_state_displacement_scale,2,10,finest3,3,0.012235966435185186,1.2235966435185186,98.77640335648148,0.6090093644781145,60.900936447811446,-59.67733980429293,fixed a priori subset; no score-based optimization
motion_damping,visible_pusht_futures_2026-10-08,block,True,current_state_displacement_scale,2,15,all5,5,0.08126785432449495,8.126785432449495,91.8732145675505,0.6348706794507576,63.48706794507576,-55.36028251262627,fixed a priori subset; no score-based optimization
motion_damping,visible_pusht_futures_2026-10-08,block,True,current_state_displacement_scale,2,15,coarsest3,3,0.13544642387415826,13.544642387415825,86.45535761258417,0.7242057620475588,72.42057620475589,-58.875933817340055,fixed a priori subset; no score-based optimization
motion_damping,visible_pusht_futures_2026-10-08,block,True,current_state_displacement_scale,2,15,finest3,3,0.0,0.0,100.0,0.523663391729798,52.36633917297981,-52.36633917297981,fixed a priori subset; no score-based optimization
motion_damping,visible_pusht_futures_2026-10-08,block,True,current_state_displacement_scale,2,20,all5,5,0.06139115767045454,6.139115767045454,93.86088423295455,0.5885867463699496,58.858674636994955,-52.7195588699495,fixed a priori subset; no score-based optimization
motion_damping,visible_pusht_futures_2026-10-08,block,True,current_state_displacement_scale,2,20,coarsest3,3,0.10231859611742423,10.231859611742424,89.76814038825758,0.6472828874684343,64.72828874684343,-54.49642913510101,fixed a priori subset; no score-based optimization
motion_damping,visible_pusht_futures_2026-10-08,block,True,current_state_displacement_scale,2,20,finest3,3,0.0,0.0,100.0,0.5018880208333334,50.18880208333334,-50.18880208333334,fixed a priori subset; no score-based optimization
motion_damping,visible_pusht_futures_2026-10-08,block,True,current_state_displacement_scale,2,25,all5,5,0.05230291193181817,5.2302911931818175,94.76970880681819,0.5585208530618686,55.85208530618686,-50.621794113005045,fixed a priori subset; no score-based optimization
motion_damping,visible_pusht_futures_2026-10-08,block,True,current_state_displacement_scale,2,25,coarsest3,3,0.08717151988636362,8.717151988636363,91.28284801136364,0.5974624171401515,59.74624171401515,-51.02908972537878,fixed a priori subset; no score-based optimization
motion_damping,visible_pusht_futures_2026-10-08,block,True,current_state_displacement_scale,2,25,finest3,3,0.0,0.0,100.0,0.5007884837962963,50.078848379629626,-50.078848379629626,fixed a priori subset; no score-based optimization
motion_damping,visible_pusht_futures_2026-10-08,block,True,exact_truth,,5,all5,5,1.0,100.0,0.0,0.9901388888888889,99.01388888888889,0.9861111111111098,fixed a priori subset; no score-based optimization
motion_damping,visible_pusht_futures_2026-10-08,block,True,exact_truth,,5,coarsest3,3,1.0,100.0,0.0,1.0,100.0,0.0,fixed a priori subset; no score-based optimization
motion_damping,visible_pusht_futures_2026-10-08,block,True,exact_truth,,5,finest3,3,1.0,100.0,0.0,0.9835648148148147,98.35648148148147,1.6435185185185275,fixed a priori subset; no score-based optimization
motion_damping,visible_pusht_futures_2026-10-08,block,True,exact_truth,,10,all5,5,1.0,100.0,0.0,0.7604490214646464,76.04490214646464,23.955097853535356,fixed a priori subset; no score-based optimization
motion_damping,visible_pusht_futures_2026-10-08,block,True,exact_truth,,10,coarsest3,3,1.0,100.0,0.0,0.9180895872790403,91.80895872790403,8.191041272095967,fixed a priori subset; no score-based optimization
motion_damping,visible_pusht_futures_2026-10-08,block,True,exact_truth,,10,finest3,3,1.0,100.0,0.0,0.6090093644781145,60.900936447811446,39.099063552188554,fixed a priori subset; no score-based optimization
motion_damping,visible_pusht_futures_2026-10-08,block,True,exact_truth,,15,all5,5,1.0,100.0,0.0,0.6348706794507576,63.48706794507576,36.51293205492424,fixed a priori subset; no score-based optimization
motion_damping,visible_pusht_futures_2026-10-08,block,True,exact_truth,,15,coarsest3,3,1.0,100.0,0.0,0.7242057620475588,72.42057620475589,27.579423795244118,fixed a priori subset; no score-based optimization
motion_damping,visible_pusht_futures_2026-10-08,block,True,exact_truth,,15,finest3,3,1.0,100.0,0.0,0.523663391729798,52.36633917297981,47.63366082702019,fixed a priori subset; no score-based optimization
motion_damping,visible_pusht_futures_2026-10-08,block,True,exact_truth,,20,all5,5,1.0,100.0,0.0,0.5885867463699496,58.858674636994955,41.141325363005045,fixed a priori subset; no score-based optimization
motion_damping,visible_pusht_futures_2026-10-08,block,True,exact_truth,,20,coarsest3,3,1.0,100.0,0.0,0.6472828874684343,64.72828874684343,35.27171125315657,fixed a priori subset; no score-based optimization
motion_damping,visible_pusht_futures_2026-10-08,block,True,exact_truth,,20,finest3,3,1.0,100.0,0.0,0.5018880208333334,50.18880208333334,49.81119791666666,fixed a priori subset; no score-based optimization
motion_damping,visible_pusht_futures_2026-10-08,block,True,exact_truth,,25,all5,5,1.0,100.0,0.0,0.5585208530618686,55.85208530618686,44.14791469381314,fixed a priori subset; no score-based optimization
motion_damping,visible_pusht_futures_2026-10-08,block,True,exact_truth,,25,coarsest3,3,1.0,100.0,0.0,0.5974624171401515,59.74624171401515,40.25375828598485,fixed a priori subset; no score-based optimization
motion_damping,visible_pusht_futures_2026-10-08,block,True,exact_truth,,25,finest3,3,1.0,100.0,0.0,0.5007884837962963,50.078848379629626,49.921151620370374,fixed a priori subset; no score-based optimization
motion_damping,visible_pusht_futures_2026-10-08,block,True,fixed_norm_offset,1,5,all5,5,1.0,100.0,0.0,0.9901388888888889,99.01388888888889,0.9861111111111098,fixed a priori subset; no score-based optimization
motion_damping,visible_pusht_futures_2026-10-08,block,True,fixed_norm_offset,1,5,coarsest3,3,1.0,100.0,0.0,1.0,100.0,0.0,fixed a priori subset; no score-based optimization
motion_damping,visible_pusht_futures_2026-10-08,block,True,fixed_norm_offset,1,5,finest3,3,1.0,100.0,0.0,0.9835648148148147,98.35648148148147,1.6435185185185275,fixed a priori subset; no score-based optimization
motion_damping,visible_pusht_futures_2026-10-08,block,True,fixed_norm_offset,1,10,all5,5,1.0,100.0,0.0,0.7604490214646464,76.04490214646464,23.955097853535356,fixed a priori subset; no score-based optimization
motion_damping,visible_pusht_futures_2026-10-08,block,True,fixed_norm_offset,1,10,coarsest3,3,1.0,100.0,0.0,0.9180895872790403,91.80895872790403,8.191041272095967,fixed a priori subset; no score-based optimization
motion_damping,visible_pusht_futures_2026-10-08,block,True,fixed_norm_offset,1,10,finest3,3,1.0,100.0,0.0,0.6090093644781145,60.900936447811446,39.099063552188554,fixed a priori subset; no score-based optimization
motion_damping,visible_pusht_futures_2026-10-08,block,True,fixed_norm_offset,1,15,all5,5,1.0,100.0,0.0,0.6348706794507576,63.48706794507576,36.51293205492424,fixed a priori subset; no score-based optimization
motion_damping,visible_pusht_futures_2026-10-08,block,True,fixed_norm_offset,1,15,coarsest3,3,1.0,100.0,0.0,0.7242057620475588,72.42057620475589,27.579423795244118,fixed a priori subset; no score-based optimization
motion_damping,visible_pusht_futures_2026-10-08,block,True,fixed_norm_offset,1,15,finest3,3,1.0,100.0,0.0,0.523663391729798,52.36633917297981,47.63366082702019,fixed a priori subset; no score-based optimization
motion_damping,visible_pusht_futures_2026-10-08,block,True,fixed_norm_offset,1,20,all5,5,1.0,100.0,0.0,0.5885867463699496,58.858674636994955,41.141325363005045,fixed a priori subset; no score-based optimization
motion_damping,visible_pusht_futures_2026-10-08,block,True,fixed_norm_offset,1,20,coarsest3,3,1.0,100.0,0.0,0.6472828874684343,64.72828874684343,35.27171125315657,fixed a priori subset; no score-based optimization
motion_damping,visible_pusht_futures_2026-10-08,block,True,fixed_norm_offset,1,20,finest3,3,1.0,100.0,0.0,0.5018880208333334,50.18880208333334,49.81119791666666,fixed a priori subset; no score-based optimization
motion_damping,visible_pusht_futures_2026-10-08,block,True,fixed_norm_offset,1,25,all5,5,1.0,100.0,0.0,0.5585208530618686,55.85208530618686,44.14791469381314,fixed a priori subset; no score-based optimization
motion_damping,visible_pusht_futures_2026-10-08,block,True,fixed_norm_offset,1,25,coarsest3,3,1.0,100.0,0.0,0.5974624171401515,59.74624171401515,40.25375828598485,fixed a priori subset; no score-based optimization
motion_damping,visible_pusht_futures_2026-10-08,block,True,fixed_norm_offset,1,25,finest3,3,1.0,100.0,0.0,0.5007884837962963,50.078848379629626,49.921151620370374,fixed a priori subset; no score-based optimization
motion_damping,visible_pusht_futures_2026-10-08,block,True,fixed_norm_offset,16,5,all5,5,0.2,20.0,80.0,0.9901388888888889,99.01388888888889,-79.0138888888889,fixed a priori subset; no score-based optimization
motion_damping,visible_pusht_futures_2026-10-08,block,True,fixed_norm_offset,16,5,coarsest3,3,0.3333333333333333,33.33333333333333,66.66666666666667,1.0,100.0,-66.66666666666667,fixed a priori subset; no score-based optimization
motion_damping,visible_pusht_futures_2026-10-08,block,True,fixed_norm_offset,16,5,finest3,3,0.0,0.0,100.0,0.9835648148148147,98.35648148148147,-98.35648148148147,fixed a priori subset; no score-based optimization
motion_damping,visible_pusht_futures_2026-10-08,block,True,fixed_norm_offset,16,10,all5,5,0.2,20.0,80.0,0.7604490214646464,76.04490214646464,-56.04490214646465,fixed a priori subset; no score-based optimization
motion_damping,visible_pusht_futures_2026-10-08,block,True,fixed_norm_offset,16,10,coarsest3,3,0.3333333333333333,33.33333333333333,66.66666666666667,0.9180895872790403,91.80895872790403,-58.4756253945707,fixed a priori subset; no score-based optimization
motion_damping,visible_pusht_futures_2026-10-08,block,True,fixed_norm_offset,16,10,finest3,3,0.0,0.0,100.0,0.6090093644781145,60.900936447811446,-60.900936447811446,fixed a priori subset; no score-based optimization
motion_damping,visible_pusht_futures_2026-10-08,block,True,fixed_norm_offset,16,15,all5,5,0.2,20.0,80.0,0.6348706794507576,63.48706794507576,-43.48706794507576,fixed a priori subset; no score-based optimization
motion_damping,visible_pusht_futures_2026-10-08,block,True,fixed_norm_offset,16,15,coarsest3,3,0.3333333333333333,33.33333333333333,66.66666666666667,0.7242057620475588,72.42057620475589,-39.08724287142255,fixed a priori subset; no score-based optimization
motion_damping,visible_pusht_futures_2026-10-08,block,True,fixed_norm_offset,16,15,finest3,3,0.0,0.0,100.0,0.523663391729798,52.36633917297981,-52.36633917297981,fixed a priori subset; no score-based optimization
motion_damping,visible_pusht_futures_2026-10-08,block,True,fixed_norm_offset,16,20,all5,5,0.2,20.0,80.0,0.5885867463699496,58.858674636994955,-38.858674636994955,fixed a priori subset; no score-based optimization
motion_damping,visible_pusht_futures_2026-10-08,block,True,fixed_norm_offset,16,20,coarsest3,3,0.3333333333333333,33.33333333333333,66.66666666666667,0.6472828874684343,64.72828874684343,-31.3949554135101,fixed a priori subset; no score-based optimization
motion_damping,visible_pusht_futures_2026-10-08,block,True,fixed_norm_offset,16,20,finest3,3,0.0,0.0,100.0,0.5018880208333334,50.18880208333334,-50.18880208333334,fixed a priori subset; no score-based optimization
motion_damping,visible_pusht_futures_2026-10-08,block,True,fixed_norm_offset,16,25,all5,5,0.2,20.0,80.0,0.5585208530618686,55.85208530618686,-35.85208530618686,fixed a priori subset; no score-based optimization
motion_damping,visible_pusht_futures_2026-10-08,block,True,fixed_norm_offset,16,25,coarsest3,3,0.3333333333333333,33.33333333333333,66.66666666666667,0.5974624171401515,59.74624171401515,-26.412908380681817,fixed a priori subset; no score-based optimization
motion_damping,visible_pusht_futures_2026-10-08,block,True,fixed_norm_offset,16,25,finest3,3,0.0,0.0,100.0,0.5007884837962963,50.078848379629626,-50.078848379629626,fixed a priori subset; no score-based optimization
motion_damping,visible_pusht_futures_2026-10-08,block,True,fixed_norm_offset,2,5,all5,5,0.8,80.0,19.999999999999996,0.9901388888888889,99.01388888888889,-19.013888888888886,fixed a priori subset; no score-based optimization
motion_damping,visible_pusht_futures_2026-10-08,block,True,fixed_norm_offset,2,5,coarsest3,3,1.0,100.0,0.0,1.0,100.0,0.0,fixed a priori subset; no score-based optimization
motion_damping,visible_pusht_futures_2026-10-08,block,True,fixed_norm_offset,2,5,finest3,3,0.6666666666666666,66.66666666666666,33.333333333333336,0.9835648148148147,98.35648148148147,-31.68981481481481,fixed a priori subset; no score-based optimization
motion_damping,visible_pusht_futures_2026-10-08,block,True,fixed_norm_offset,2,10,all5,5,0.8,80.0,19.999999999999996,0.7604490214646464,76.04490214646464,3.955097853535361,fixed a priori subset; no score-based optimization
motion_damping,visible_pusht_futures_2026-10-08,block,True,fixed_norm_offset,2,10,coarsest3,3,1.0,100.0,0.0,0.9180895872790403,91.80895872790403,8.191041272095967,fixed a priori subset; no score-based optimization
motion_damping,visible_pusht_futures_2026-10-08,block,True,fixed_norm_offset,2,10,finest3,3,0.6666666666666666,66.66666666666666,33.333333333333336,0.6090093644781145,60.900936447811446,5.765730218855214,fixed a priori subset; no score-based optimization
motion_damping,visible_pusht_futures_2026-10-08,block,True,fixed_norm_offset,2,15,all5,5,0.8,80.0,19.999999999999996,0.6348706794507576,63.48706794507576,16.512932054924246,fixed a priori subset; no score-based optimization
motion_damping,visible_pusht_futures_2026-10-08,block,True,fixed_norm_offset,2,15,coarsest3,3,1.0,100.0,0.0,0.7242057620475588,72.42057620475589,27.579423795244118,fixed a priori subset; no score-based optimization
motion_damping,visible_pusht_futures_2026-10-08,block,True,fixed_norm_offset,2,15,finest3,3,0.6666666666666666,66.66666666666666,33.333333333333336,0.523663391729798,52.36633917297981,14.30032749368686,fixed a priori subset; no score-based optimization
motion_damping,visible_pusht_futures_2026-10-08,block,True,fixed_norm_offset,2,20,all5,5,0.8,80.0,19.999999999999996,0.5885867463699496,58.858674636994955,21.14132536300505,fixed a priori subset; no score-based optimization
motion_damping,visible_pusht_futures_2026-10-08,block,True,fixed_norm_offset,2,20,coarsest3,3,1.0,100.0,0.0,0.6472828874684343,64.72828874684343,35.27171125315657,fixed a priori subset; no score-based optimization
motion_damping,visible_pusht_futures_2026-10-08,block,True,fixed_norm_offset,2,20,finest3,3,0.6666666666666666,66.66666666666666,33.333333333333336,0.5018880208333334,50.18880208333334,16.477864583333325,fixed a priori subset; no score-based optimization
motion_damping,visible_pusht_futures_2026-10-08,block,True,fixed_norm_offset,2,25,all5,5,0.8,80.0,19.999999999999996,0.5585208530618686,55.85208530618686,24.147914693813142,fixed a priori subset; no score-based optimization
motion_damping,visible_pusht_futures_2026-10-08,block,True,fixed_norm_offset,2,25,coarsest3,3,1.0,100.0,0.0,0.5974624171401515,59.74624171401515,40.25375828598485,fixed a priori subset; no score-based optimization
motion_damping,visible_pusht_futures_2026-10-08,block,True,fixed_norm_offset,2,25,finest3,3,0.6666666666666666,66.66666666666666,33.333333333333336,0.5007884837962963,50.078848379629626,16.587818287037038,fixed a priori subset; no score-based optimization
motion_damping,visible_pusht_futures_2026-10-08,block,True,fixed_norm_offset,32,5,all5,5,0.0,0.0,100.0,0.9901388888888889,99.01388888888889,-99.01388888888889,fixed a priori subset; no score-based optimization
motion_damping,visible_pusht_futures_2026-10-08,block,True,fixed_norm_offset,32,5,coarsest3,3,0.0,0.0,100.0,1.0,100.0,-100.0,fixed a priori subset; no score-based optimization
motion_damping,visible_pusht_futures_2026-10-08,block,True,fixed_norm_offset,32,5,finest3,3,0.0,0.0,100.0,0.9835648148148147,98.35648148148147,-98.35648148148147,fixed a priori subset; no score-based optimization
motion_damping,visible_pusht_futures_2026-10-08,block,True,fixed_norm_offset,32,10,all5,5,0.0,0.0,100.0,0.7604490214646464,76.04490214646464,-76.04490214646464,fixed a priori subset; no score-based optimization
motion_damping,visible_pusht_futures_2026-10-08,block,True,fixed_norm_offset,32,10,coarsest3,3,0.0,0.0,100.0,0.9180895872790403,91.80895872790403,-91.80895872790403,fixed a priori subset; no score-based optimization
motion_damping,visible_pusht_futures_2026-10-08,block,True,fixed_norm_offset,32,10,finest3,3,0.0,0.0,100.0,0.6090093644781145,60.900936447811446,-60.900936447811446,fixed a priori subset; no score-based optimization
motion_damping,visible_pusht_futures_2026-10-08,block,True,fixed_norm_offset,32,15,all5,5,0.0,0.0,100.0,0.6348706794507576,63.48706794507576,-63.48706794507576,fixed a priori subset; no score-based optimization
motion_damping,visible_pusht_futures_2026-10-08,block,True,fixed_norm_offset,32,15,coarsest3,3,0.0,0.0,100.0,0.7242057620475588,72.42057620475589,-72.42057620475589,fixed a priori subset; no score-based optimization
motion_damping,visible_pusht_futures_2026-10-08,block,True,fixed_norm_offset,32,15,finest3,3,0.0,0.0,100.0,0.523663391729798,52.36633917297981,-52.36633917297981,fixed a priori subset; no score-based optimization
motion_damping,visible_pusht_futures_2026-10-08,block,True,fixed_norm_offset,32,20,all5,5,0.0,0.0,100.0,0.5885867463699496,58.858674636994955,-58.858674636994955,fixed a priori subset; no score-based optimization
motion_damping,visible_pusht_futures_2026-10-08,block,True,fixed_norm_offset,32,20,coarsest3,3,0.0,0.0,100.0,0.6472828874684343,64.72828874684343,-64.72828874684343,fixed a priori subset; no score-based optimization
motion_damping,visible_pusht_futures_2026-10-08,block,True,fixed_norm_offset,32,20,finest3,3,0.0,0.0,100.0,0.5018880208333334,50.18880208333334,-50.18880208333334,fixed a priori subset; no score-based optimization
motion_damping,visible_pusht_futures_2026-10-08,block,True,fixed_norm_offset,32,25,all5,5,0.0,0.0,100.0,0.5585208530618686,55.85208530618686,-55.85208530618686,fixed a priori subset; no score-based optimization
motion_damping,visible_pusht_futures_2026-10-08,block,True,fixed_norm_offset,32,25,coarsest3,3,0.0,0.0,100.0,0.5974624171401515,59.74624171401515,-59.74624171401515,fixed a priori subset; no score-based optimization
motion_damping,visible_pusht_futures_2026-10-08,block,True,fixed_norm_offset,32,25,finest3,3,0.0,0.0,100.0,0.5007884837962963,50.078848379629626,-50.078848379629626,fixed a priori subset; no score-based optimization
motion_damping,visible_pusht_futures_2026-10-08,block,True,fixed_norm_offset,4,5,all5,5,0.6,60.0,40.0,0.9901388888888889,99.01388888888889,-39.01388888888889,fixed a priori subset; no score-based optimization
motion_damping,visible_pusht_futures_2026-10-08,block,True,fixed_norm_offset,4,5,coarsest3,3,1.0,100.0,0.0,1.0,100.0,0.0,fixed a priori subset; no score-based optimization
motion_damping,visible_pusht_futures_2026-10-08,block,True,fixed_norm_offset,4,5,finest3,3,0.3333333333333333,33.33333333333333,66.66666666666667,0.9835648148148147,98.35648148148147,-65.02314814814814,fixed a priori subset; no score-based optimization
motion_damping,visible_pusht_futures_2026-10-08,block,True,fixed_norm_offset,4,10,all5,5,0.6,60.0,40.0,0.7604490214646464,76.04490214646464,-16.044902146464647,fixed a priori subset; no score-based optimization
motion_damping,visible_pusht_futures_2026-10-08,block,True,fixed_norm_offset,4,10,coarsest3,3,1.0,100.0,0.0,0.9180895872790403,91.80895872790403,8.191041272095967,fixed a priori subset; no score-based optimization
motion_damping,visible_pusht_futures_2026-10-08,block,True,fixed_norm_offset,4,10,finest3,3,0.3333333333333333,33.33333333333333,66.66666666666667,0.6090093644781145,60.900936447811446,-27.567603114478118,fixed a priori subset; no score-based optimization
motion_damping,visible_pusht_futures_2026-10-08,block,True,fixed_norm_offset,4,15,all5,5,0.6,60.0,40.0,0.6348706794507576,63.48706794507576,-3.4870679450757613,fixed a priori subset; no score-based optimization
motion_damping,visible_pusht_futures_2026-10-08,block,True,fixed_norm_offset,4,15,coarsest3,3,1.0,100.0,0.0,0.7242057620475588,72.42057620475589,27.579423795244118,fixed a priori subset; no score-based optimization
motion_damping,visible_pusht_futures_2026-10-08,block,True,fixed_norm_offset,4,15,finest3,3,0.3333333333333333,33.33333333333333,66.66666666666667,0.523663391729798,52.36633917297981,-19.03300583964647,fixed a priori subset; no score-based optimization
motion_damping,visible_pusht_futures_2026-10-08,block,True,fixed_norm_offset,4,20,all5,5,0.6,60.0,40.0,0.5885867463699496,58.858674636994955,1.1413253630050413,fixed a priori subset; no score-based optimization
motion_damping,visible_pusht_futures_2026-10-08,block,True,fixed_norm_offset,4,20,coarsest3,3,1.0,100.0,0.0,0.6472828874684343,64.72828874684343,35.27171125315657,fixed a priori subset; no score-based optimization
motion_damping,visible_pusht_futures_2026-10-08,block,True,fixed_norm_offset,4,20,finest3,3,0.3333333333333333,33.33333333333333,66.66666666666667,0.5018880208333334,50.18880208333334,-16.855468750000007,fixed a priori subset; no score-based optimization
motion_damping,visible_pusht_futures_2026-10-08,block,True,fixed_norm_offset,4,25,all5,5,0.6,60.0,40.0,0.5585208530618686,55.85208530618686,4.147914693813137,fixed a priori subset; no score-based optimization
motion_damping,visible_pusht_futures_2026-10-08,block,True,fixed_norm_offset,4,25,coarsest3,3,1.0,100.0,0.0,0.5974624171401515,59.74624171401515,40.25375828598485,fixed a priori subset; no score-based optimization
motion_damping,visible_pusht_futures_2026-10-08,block,True,fixed_norm_offset,4,25,finest3,3,0.3333333333333333,33.33333333333333,66.66666666666667,0.5007884837962963,50.078848379629626,-16.745515046296294,fixed a priori subset; no score-based optimization
motion_damping,visible_pusht_futures_2026-10-08,block,True,fixed_norm_offset,64,5,all5,5,0.0,0.0,100.0,0.9901388888888889,99.01388888888889,-99.01388888888889,fixed a priori subset; no score-based optimization
motion_damping,visible_pusht_futures_2026-10-08,block,True,fixed_norm_offset,64,5,coarsest3,3,0.0,0.0,100.0,1.0,100.0,-100.0,fixed a priori subset; no score-based optimization
motion_damping,visible_pusht_futures_2026-10-08,block,True,fixed_norm_offset,64,5,finest3,3,0.0,0.0,100.0,0.9835648148148147,98.35648148148147,-98.35648148148147,fixed a priori subset; no score-based optimization
motion_damping,visible_pusht_futures_2026-10-08,block,True,fixed_norm_offset,64,10,all5,5,0.0,0.0,100.0,0.7604490214646464,76.04490214646464,-76.04490214646464,fixed a priori subset; no score-based optimization
motion_damping,visible_pusht_futures_2026-10-08,block,True,fixed_norm_offset,64,10,coarsest3,3,0.0,0.0,100.0,0.9180895872790403,91.80895872790403,-91.80895872790403,fixed a priori subset; no score-based optimization
motion_damping,visible_pusht_futures_2026-10-08,block,True,fixed_norm_offset,64,10,finest3,3,0.0,0.0,100.0,0.6090093644781145,60.900936447811446,-60.900936447811446,fixed a priori subset; no score-based optimization
motion_damping,visible_pusht_futures_2026-10-08,block,True,fixed_norm_offset,64,15,all5,5,0.0,0.0,100.0,0.6348706794507576,63.48706794507576,-63.48706794507576,fixed a priori subset; no score-based optimization
motion_damping,visible_pusht_futures_2026-10-08,block,True,fixed_norm_offset,64,15,coarsest3,3,0.0,0.0,100.0,0.7242057620475588,72.42057620475589,-72.42057620475589,fixed a priori subset; no score-based optimization
motion_damping,visible_pusht_futures_2026-10-08,block,True,fixed_norm_offset,64,15,finest3,3,0.0,0.0,100.0,0.523663391729798,52.36633917297981,-52.36633917297981,fixed a priori subset; no score-based optimization
motion_damping,visible_pusht_futures_2026-10-08,block,True,fixed_norm_offset,64,20,all5,5,0.0,0.0,100.0,0.5885867463699496,58.858674636994955,-58.858674636994955,fixed a priori subset; no score-based optimization
motion_damping,visible_pusht_futures_2026-10-08,block,True,fixed_norm_offset,64,20,coarsest3,3,0.0,0.0,100.0,0.6472828874684343,64.72828874684343,-64.72828874684343,fixed a priori subset; no score-based optimization
motion_damping,visible_pusht_futures_2026-10-08,block,True,fixed_norm_offset,64,20,finest3,3,0.0,0.0,100.0,0.5018880208333334,50.18880208333334,-50.18880208333334,fixed a priori subset; no score-based optimization
motion_damping,visible_pusht_futures_2026-10-08,block,True,fixed_norm_offset,64,25,all5,5,0.0,0.0,100.0,0.5585208530618686,55.85208530618686,-55.85208530618686,fixed a priori subset; no score-based optimization
motion_damping,visible_pusht_futures_2026-10-08,block,True,fixed_norm_offset,64,25,coarsest3,3,0.0,0.0,100.0,0.5974624171401515,59.74624171401515,-59.74624171401515,fixed a priori subset; no score-based optimization
motion_damping,visible_pusht_futures_2026-10-08,block,True,fixed_norm_offset,64,25,finest3,3,0.0,0.0,100.0,0.5007884837962963,50.078848379629626,-50.078848379629626,fixed a priori subset; no score-based optimization
motion_damping,visible_pusht_futures_2026-10-08,block,True,fixed_norm_offset,8,5,all5,5,0.4,40.0,60.0,0.9901388888888889,99.01388888888889,-59.013888888888886,fixed a priori subset; no score-based optimization
motion_damping,visible_pusht_futures_2026-10-08,block,True,fixed_norm_offset,8,5,coarsest3,3,0.6666666666666666,66.66666666666666,33.333333333333336,1.0,100.0,-33.333333333333336,fixed a priori subset; no score-based optimization
motion_damping,visible_pusht_futures_2026-10-08,block,True,fixed_norm_offset,8,5,finest3,3,0.0,0.0,100.0,0.9835648148148147,98.35648148148147,-98.35648148148147,fixed a priori subset; no score-based optimization
motion_damping,visible_pusht_futures_2026-10-08,block,True,fixed_norm_offset,8,10,all5,5,0.4,40.0,60.0,0.7604490214646464,76.04490214646464,-36.04490214646464,fixed a priori subset; no score-based optimization
motion_damping,visible_pusht_futures_2026-10-08,block,True,fixed_norm_offset,8,10,coarsest3,3,0.6666666666666666,66.66666666666666,33.333333333333336,0.9180895872790403,91.80895872790403,-25.14229206123737,fixed a priori subset; no score-based optimization
motion_damping,visible_pusht_futures_2026-10-08,block,True,fixed_norm_offset,8,10,finest3,3,0.0,0.0,100.0,0.6090093644781145,60.900936447811446,-60.900936447811446,fixed a priori subset; no score-based optimization
motion_damping,visible_pusht_futures_2026-10-08,block,True,fixed_norm_offset,8,15,all5,5,0.4,40.0,60.0,0.6348706794507576,63.48706794507576,-23.487067945075758,fixed a priori subset; no score-based optimization
motion_damping,visible_pusht_futures_2026-10-08,block,True,fixed_norm_offset,8,15,coarsest3,3,0.6666666666666666,66.66666666666666,33.333333333333336,0.7242057620475588,72.42057620475589,-5.75390953808922,fixed a priori subset; no score-based optimization
motion_damping,visible_pusht_futures_2026-10-08,block,True,fixed_norm_offset,8,15,finest3,3,0.0,0.0,100.0,0.523663391729798,52.36633917297981,-52.36633917297981,fixed a priori subset; no score-based optimization
motion_damping,visible_pusht_futures_2026-10-08,block,True,fixed_norm_offset,8,20,all5,5,0.4,40.0,60.0,0.5885867463699496,58.858674636994955,-18.858674636994955,fixed a priori subset; no score-based optimization
motion_damping,visible_pusht_futures_2026-10-08,block,True,fixed_norm_offset,8,20,coarsest3,3,0.6666666666666666,66.66666666666666,33.333333333333336,0.6472828874684343,64.72828874684343,1.938377919823231,fixed a priori subset; no score-based optimization
motion_damping,visible_pusht_futures_2026-10-08,block,True,fixed_norm_offset,8,20,finest3,3,0.0,0.0,100.0,0.5018880208333334,50.18880208333334,-50.18880208333334,fixed a priori subset; no score-based optimization
motion_damping,visible_pusht_futures_2026-10-08,block,True,fixed_norm_offset,8,25,all5,5,0.4,40.0,60.0,0.5585208530618686,55.85208530618686,-15.852085306186858,fixed a priori subset; no score-based optimization
motion_damping,visible_pusht_futures_2026-10-08,block,True,fixed_norm_offset,8,25,coarsest3,3,0.6666666666666666,66.66666666666666,33.333333333333336,0.5974624171401515,59.74624171401515,6.920424952651516,fixed a priori subset; no score-based optimization
motion_damping,visible_pusht_futures_2026-10-08,block,True,fixed_norm_offset,8,25,finest3,3,0.0,0.0,100.0,0.5007884837962963,50.078848379629626,-50.078848379629626,fixed a priori subset; no score-based optimization
motion_damping,visible_pusht_futures_2026-10-08,block,True,temporal_lag_prepend_current,one_horizon,5,all5,5,0.3530093907828283,35.30093907828283,64.69906092171718,0.9901388888888889,99.01388888888889,-63.71294981060607,fixed a priori subset; no score-based optimization
motion_damping,visible_pusht_futures_2026-10-08,block,True,temporal_lag_prepend_current,one_horizon,5,coarsest3,3,0.5883489846380471,58.834898463804706,41.165101536195294,1.0,100.0,-41.165101536195294,fixed a priori subset; no score-based optimization
motion_damping,visible_pusht_futures_2026-10-08,block,True,temporal_lag_prepend_current,one_horizon,5,finest3,3,0.09464304503367003,9.464304503367003,90.535695496633,0.9835648148148147,98.35648148148147,-88.89217697811446,fixed a priori subset; no score-based optimization
motion_damping,visible_pusht_futures_2026-10-08,block,True,temporal_lag_prepend_current,one_horizon,10,all5,5,0.2218143347537879,22.18143347537879,77.81856652462122,0.7604490214646464,76.04490214646464,-53.863468671085855,fixed a priori subset; no score-based optimization
motion_damping,visible_pusht_futures_2026-10-08,block,True,temporal_lag_prepend_current,one_horizon,10,coarsest3,3,0.3231611361005893,32.31611361005893,67.68388638994108,0.9180895872790403,91.80895872790403,-59.49284511784511,fixed a priori subset; no score-based optimization
motion_damping,visible_pusht_futures_2026-10-08,block,True,temporal_lag_prepend_current,one_horizon,10,finest3,3,0.10975395228324915,10.975395228324915,89.02460477167509,0.6090093644781145,60.900936447811446,-49.92554121948653,fixed a priori subset; no score-based optimization
motion_damping,visible_pusht_futures_2026-10-08,block,True,temporal_lag_prepend_current,one_horizon,15,all5,5,0.2829369870580808,28.29369870580808,71.70630129419192,0.6348706794507576,63.48706794507576,-35.19336923926768,fixed a priori subset; no score-based optimization
motion_damping,visible_pusht_futures_2026-10-08,block,True,temporal_lag_prepend_current,one_horizon,15,coarsest3,3,0.38304463909932657,38.30446390993266,61.69553609006735,0.7242057620475588,72.42057620475589,-34.116112294823225,fixed a priori subset; no score-based optimization
motion_damping,visible_pusht_futures_2026-10-08,block,True,temporal_lag_prepend_current,one_horizon,15,finest3,3,0.14781769518097643,14.781769518097644,85.21823048190235,0.523663391729798,52.36633917297981,-37.58456965488216,fixed a priori subset; no score-based optimization
motion_damping,visible_pusht_futures_2026-10-08,block,True,temporal_lag_prepend_current,one_horizon,20,all5,5,0.35910156249999997,35.91015625,64.08984375,0.5885867463699496,58.858674636994955,-22.94851838699496,fixed a priori subset; no score-based optimization
motion_damping,visible_pusht_futures_2026-10-08,block,True,temporal_lag_prepend_current,one_horizon,20,coarsest3,3,0.5055992871422559,50.55992871422559,49.44007128577441,0.6472828874684343,64.72828874684343,-14.168360032617844,fixed a priori subset; no score-based optimization
motion_damping,visible_pusht_futures_2026-10-08,block,True,temporal_lag_prepend_current,one_horizon,20,finest3,3,0.16961706912878785,16.961706912878785,83.03829308712122,0.5018880208333334,50.18880208333334,-33.227095170454554,fixed a priori subset; no score-based optimization
motion_damping,visible_pusht_futures_2026-10-08,block,True,temporal_lag_prepend_current,one_horizon,25,all5,5,0.45944937657828283,45.944937657828284,54.05506234217172,0.5585208530618686,55.85208530618686,-9.907147648358578,fixed a priori subset; no score-based optimization
motion_damping,visible_pusht_futures_2026-10-08,block,True,temporal_lag_prepend_current,one_horizon,25,coarsest3,3,0.6406897753577441,64.06897753577441,35.93102246422559,0.5974624171401515,59.74624171401515,4.32273582175926,fixed a priori subset; no score-based optimization
motion_damping,visible_pusht_futures_2026-10-08,block,True,temporal_lag_prepend_current,one_horizon,25,finest3,3,0.280132871685606,28.013287168560602,71.9867128314394,0.5007884837962963,50.078848379629626,-22.065561211069024,fixed a priori subset; no score-based optimization
motion_damping,visible_pusht_futures_2026-10-08,block,True,wrong_condition_true_future,cyclic_shift_by_1,5,all5,5,0.7802777777777778,78.02777777777779,21.972222222222214,0.9901388888888889,99.01388888888889,-20.986111111111107,fixed a priori subset; no score-based optimization
motion_damping,visible_pusht_futures_2026-10-08,block,True,wrong_condition_true_future,cyclic_shift_by_1,5,coarsest3,3,0.994140625,99.4140625,0.5859375,1.0,100.0,-0.5859375,fixed a priori subset; no score-based optimization
motion_damping,visible_pusht_futures_2026-10-08,block,True,wrong_condition_true_future,cyclic_shift_by_1,5,finest3,3,0.6337962962962963,63.37962962962963,36.62037037037037,0.9835648148148147,98.35648148148147,-34.97685185185184,fixed a priori subset; no score-based optimization
motion_damping,visible_pusht_futures_2026-10-08,block,True,wrong_condition_true_future,cyclic_shift_by_1,10,all5,5,0.32146227904040403,32.1462279040404,67.8537720959596,0.7604490214646464,76.04490214646464,-43.89867424242424,fixed a priori subset; no score-based optimization
motion_damping,visible_pusht_futures_2026-10-08,block,True,wrong_condition_true_future,cyclic_shift_by_1,10,coarsest3,3,0.5353798400673401,53.53798400673401,46.46201599326599,0.9180895872790403,91.80895872790403,-38.27097472117003,fixed a priori subset; no score-based optimization
motion_damping,visible_pusht_futures_2026-10-08,block,True,wrong_condition_true_future,cyclic_shift_by_1,10,finest3,3,0.03211443865740741,3.211443865740741,96.78855613425927,0.6090093644781145,60.900936447811446,-57.68949258207071,fixed a priori subset; no score-based optimization
motion_damping,visible_pusht_futures_2026-10-08,block,True,wrong_condition_true_future,cyclic_shift_by_1,15,all5,5,0.12572166982323232,12.572166982323232,87.42783301767678,0.6348706794507576,63.48706794507576,-50.914900962752526,fixed a priori subset; no score-based optimization
motion_damping,visible_pusht_futures_2026-10-08,block,True,wrong_condition_true_future,cyclic_shift_by_1,15,coarsest3,3,0.20924676452020205,20.924676452020204,79.07532354797979,0.7242057620475588,72.42057620475589,-51.495899752735674,fixed a priori subset; no score-based optimization
motion_damping,visible_pusht_futures_2026-10-08,block,True,wrong_condition_true_future,cyclic_shift_by_1,15,finest3,3,0.0011574074074074076,0.11574074074074076,99.88425925925925,0.523663391729798,52.36633917297981,-52.25059843223906,fixed a priori subset; no score-based optimization
motion_damping,visible_pusht_futures_2026-10-08,block,True,wrong_condition_true_future,cyclic_shift_by_1,20,all5,5,0.06690518465909091,6.690518465909092,93.3094815340909,0.5885867463699496,58.858674636994955,-52.16815617108587,fixed a priori subset; no score-based optimization
motion_damping,visible_pusht_futures_2026-10-08,block,True,wrong_condition_true_future,cyclic_shift_by_1,20,coarsest3,3,0.11121928924663299,11.1219289246633,88.87807107533669,0.6472828874684343,64.72828874684343,-53.60635982218014,fixed a priori subset; no score-based optimization
motion_damping,visible_pusht_futures_2026-10-08,block,True,wrong_condition_true_future,cyclic_shift_by_1,20,finest3,3,0.0007233796296296297,0.07233796296296297,99.92766203703704,0.5018880208333334,50.18880208333334,-50.116464120370374,fixed a priori subset; no score-based optimization
motion_damping,visible_pusht_futures_2026-10-08,block,True,wrong_condition_true_future,cyclic_shift_by_1,25,all5,5,0.029156210542929294,2.9156210542929295,97.08437894570707,0.5585208530618686,55.85208530618686,-52.93646425189393,fixed a priori subset; no score-based optimization
motion_damping,visible_pusht_futures_2026-10-08,block,True,wrong_condition_true_future,cyclic_shift_by_1,25,coarsest3,3,0.048593684238215494,4.859368423821549,95.14063157617845,0.5974624171401515,59.74624171401515,-54.88687329019359,fixed a priori subset; no score-based optimization
motion_damping,visible_pusht_futures_2026-10-08,block,True,wrong_condition_true_future,cyclic_shift_by_1,25,finest3,3,0.00014467592592592592,0.014467592592592591,99.9855324074074,0.5007884837962963,50.078848379629626,-50.06438078703703,fixed a priori subset; no score-based optimization
speed,legacy_tworoom_multistep_panels_2026-09-30,agent,True,condition_mean_common_privileged,mean_across_hidden_conditions,5,all5,5,0.631908831908832,63.1908831908832,36.8091168091168,,,,fixed a priori subset; no score-based optimization
speed,legacy_tworoom_multistep_panels_2026-09-30,agent,True,condition_mean_common_privileged,mean_across_hidden_conditions,5,coarsest3,3,0.814696106362773,81.4696106362773,18.530389363722698,,,,fixed a priori subset; no score-based optimization
speed,legacy_tworoom_multistep_panels_2026-09-30,agent,True,condition_mean_common_privileged,mean_across_hidden_conditions,5,finest3,3,0.4374406457739792,43.744064577397914,56.25593542260208,,,,fixed a priori subset; no score-based optimization
speed,legacy_tworoom_multistep_panels_2026-09-30,agent,True,condition_mean_common_privileged,mean_across_hidden_conditions,10,all5,5,0.4607435897435897,46.07435897435897,53.925641025641035,,,,fixed a priori subset; no score-based optimization
speed,legacy_tworoom_multistep_panels_2026-09-30,agent,True,condition_mean_common_privileged,mean_across_hidden_conditions,10,coarsest3,3,0.6228490028490028,62.28490028490028,37.71509971509972,,,,fixed a priori subset; no score-based optimization
speed,legacy_tworoom_multistep_panels_2026-09-30,agent,True,condition_mean_common_privileged,mean_across_hidden_conditions,10,finest3,3,0.2865289648622982,28.652896486229817,71.34710351377018,,,,fixed a priori subset; no score-based optimization
speed,legacy_tworoom_multistep_panels_2026-09-30,agent,True,condition_mean_common_privileged,mean_across_hidden_conditions,15,all5,5,0.37684259259259256,37.68425925925926,62.31574074074074,,,,fixed a priori subset; no score-based optimization
speed,legacy_tworoom_multistep_panels_2026-09-30,agent,True,condition_mean_common_privileged,mean_across_hidden_conditions,15,coarsest3,3,0.5237856125356125,52.37856125356125,47.62143874643875,,,,fixed a priori subset; no score-based optimization
speed,legacy_tworoom_multistep_panels_2026-09-30,agent,True,condition_mean_common_privileged,mean_across_hidden_conditions,15,finest3,3,0.22717948717948713,22.717948717948712,77.28205128205128,,,,fixed a priori subset; no score-based optimization
speed,legacy_tworoom_multistep_panels_2026-09-30,agent,True,condition_mean_common_privileged,mean_across_hidden_conditions,20,all5,5,0.31450997150997145,31.450997150997146,68.54900284900285,,,,fixed a priori subset; no score-based optimization
speed,legacy_tworoom_multistep_panels_2026-09-30,agent,True,condition_mean_common_privileged,mean_across_hidden_conditions,20,coarsest3,3,0.4496118233618233,44.96118233618233,55.03881766381766,,,,fixed a priori subset; no score-based optimization
speed,legacy_tworoom_multistep_panels_2026-09-30,agent,True,condition_mean_common_privileged,mean_across_hidden_conditions,20,finest3,3,0.17777421652421652,17.77742165242165,82.22257834757835,,,,fixed a priori subset; no score-based optimization
speed,legacy_tworoom_multistep_panels_2026-09-30,agent,True,condition_mean_common_privileged,mean_across_hidden_conditions,25,all5,5,0.28747792022792024,28.747792022792023,71.25220797720797,,,,fixed a priori subset; no score-based optimization
speed,legacy_tworoom_multistep_panels_2026-09-30,agent,True,condition_mean_common_privileged,mean_across_hidden_conditions,25,coarsest3,3,0.41201923076923075,41.20192307692307,58.79807692307693,,,,fixed a priori subset; no score-based optimization
speed,legacy_tworoom_multistep_panels_2026-09-30,agent,True,condition_mean_common_privileged,mean_across_hidden_conditions,25,finest3,3,0.1595690883190883,15.95690883190883,84.04309116809117,,,,fixed a priori subset; no score-based optimization
speed,legacy_tworoom_multistep_panels_2026-09-30,agent,True,current_state_displacement_scale,0,5,all5,5,0.21609686609686607,21.609686609686605,78.3903133903134,,,,fixed a priori subset; no score-based optimization
speed,legacy_tworoom_multistep_panels_2026-09-30,agent,True,current_state_displacement_scale,0,5,coarsest3,3,0.32941595441595434,32.94159544159543,67.05840455840458,,,,fixed a priori subset; no score-based optimization
speed,legacy_tworoom_multistep_panels_2026-09-30,agent,True,current_state_displacement_scale,0,5,finest3,3,0.06588319088319088,6.588319088319087,93.41168091168092,,,,fixed a priori subset; no score-based optimization
speed,legacy_tworoom_multistep_panels_2026-09-30,agent,True,current_state_displacement_scale,0,10,all5,5,0.10277777777777777,10.277777777777777,89.72222222222223,,,,fixed a priori subset; no score-based optimization
speed,legacy_tworoom_multistep_panels_2026-09-30,agent,True,current_state_displacement_scale,0,10,coarsest3,3,0.14494301994301995,14.494301994301996,85.50569800569801,,,,fixed a priori subset; no score-based optimization
speed,legacy_tworoom_multistep_panels_2026-09-30,agent,True,current_state_displacement_scale,0,10,finest3,3,0.04392212725546058,4.392212725546059,95.60778727445394,,,,fixed a priori subset; no score-based optimization
speed,legacy_tworoom_multistep_panels_2026-09-30,agent,True,current_state_displacement_scale,0,15,all5,5,0.06324786324786325,6.3247863247863245,93.67521367521367,,,,fixed a priori subset; no score-based optimization
speed,legacy_tworoom_multistep_panels_2026-09-30,agent,True,current_state_displacement_scale,0,15,coarsest3,3,0.07905982905982904,7.9059829059829045,92.0940170940171,,,,fixed a priori subset; no score-based optimization
speed,legacy_tworoom_multistep_panels_2026-09-30,agent,True,current_state_displacement_scale,0,15,finest3,3,0.03952991452991453,3.9529914529914527,96.04700854700855,,,,fixed a priori subset; no score-based optimization
speed,legacy_tworoom_multistep_panels_2026-09-30,agent,True,current_state_displacement_scale,0,20,all5,5,0.05534188034188033,5.534188034188033,94.46581196581197,,,,fixed a priori subset; no score-based optimization
speed,legacy_tworoom_multistep_panels_2026-09-30,agent,True,current_state_displacement_scale,0,20,coarsest3,3,0.06588319088319088,6.588319088319087,93.41168091168092,,,,fixed a priori subset; no score-based optimization
speed,legacy_tworoom_multistep_panels_2026-09-30,agent,True,current_state_displacement_scale,0,20,finest3,3,0.03952991452991453,3.9529914529914527,96.04700854700855,,,,fixed a priori subset; no score-based optimization
speed,legacy_tworoom_multistep_panels_2026-09-30,agent,True,current_state_displacement_scale,0,25,all5,5,0.044800569800569796,4.48005698005698,95.51994301994301,,,,fixed a priori subset; no score-based optimization
speed,legacy_tworoom_multistep_panels_2026-09-30,agent,True,current_state_displacement_scale,0,25,coarsest3,3,0.04831433998100664,4.831433998100664,95.16856600189934,,,,fixed a priori subset; no score-based optimization
speed,legacy_tworoom_multistep_panels_2026-09-30,agent,True,current_state_displacement_scale,0,25,finest3,3,0.03952991452991453,3.9529914529914527,96.04700854700855,,,,fixed a priori subset; no score-based optimization
speed,legacy_tworoom_multistep_panels_2026-09-30,agent,True,current_state_displacement_scale,0.5,5,all5,5,0.39081196581196587,39.081196581196586,60.918803418803414,,,,fixed a priori subset; no score-based optimization
speed,legacy_tworoom_multistep_panels_2026-09-30,agent,True,current_state_displacement_scale,0.5,5,coarsest3,3,0.5986467236467236,59.86467236467236,40.13532763532764,,,,fixed a priori subset; no score-based optimization
speed,legacy_tworoom_multistep_panels_2026-09-30,agent,True,current_state_displacement_scale,0.5,5,finest3,3,0.14494301994301995,14.494301994301996,85.50569800569801,,,,fixed a priori subset; no score-based optimization
speed,legacy_tworoom_multistep_panels_2026-09-30,agent,True,current_state_displacement_scale,0.5,10,all5,5,0.21609686609686607,21.609686609686605,78.3903133903134,,,,fixed a priori subset; no score-based optimization
speed,legacy_tworoom_multistep_panels_2026-09-30,agent,True,current_state_displacement_scale,0.5,10,coarsest3,3,0.32941595441595434,32.94159544159543,67.05840455840458,,,,fixed a priori subset; no score-based optimization
speed,legacy_tworoom_multistep_panels_2026-09-30,agent,True,current_state_displacement_scale,0.5,10,finest3,3,0.06588319088319088,6.588319088319087,93.41168091168092,,,,fixed a priori subset; no score-based optimization
speed,legacy_tworoom_multistep_panels_2026-09-30,agent,True,current_state_displacement_scale,0.5,15,all5,5,0.137037037037037,13.7037037037037,86.29629629629629,,,,fixed a priori subset; no score-based optimization
speed,legacy_tworoom_multistep_panels_2026-09-30,agent,True,current_state_displacement_scale,0.5,15,coarsest3,3,0.20204178537511872,20.204178537511872,79.79582146248812,,,,fixed a priori subset; no score-based optimization
speed,legacy_tworoom_multistep_panels_2026-09-30,agent,True,current_state_displacement_scale,0.5,15,finest3,3,0.04392212725546058,4.392212725546059,95.60778727445394,,,,fixed a priori subset; no score-based optimization
speed,legacy_tworoom_multistep_panels_2026-09-30,agent,True,current_state_displacement_scale,0.5,20,all5,5,0.10277777777777777,10.277777777777777,89.72222222222223,,,,fixed a priori subset; no score-based optimization
speed,legacy_tworoom_multistep_panels_2026-09-30,agent,True,current_state_displacement_scale,0.5,20,coarsest3,3,0.14494301994301995,14.494301994301996,85.50569800569801,,,,fixed a priori subset; no score-based optimization
speed,legacy_tworoom_multistep_panels_2026-09-30,agent,True,current_state_displacement_scale,0.5,20,finest3,3,0.04392212725546058,4.392212725546059,95.60778727445394,,,,fixed a priori subset; no score-based optimization
speed,legacy_tworoom_multistep_panels_2026-09-30,agent,True,current_state_displacement_scale,0.5,25,all5,5,0.07642450142450141,7.642450142450141,92.35754985754986,,,,fixed a priori subset; no score-based optimization
speed,legacy_tworoom_multistep_panels_2026-09-30,agent,True,current_state_displacement_scale,0.5,25,coarsest3,3,0.10102089268755936,10.102089268755936,89.89791073124407,,,,fixed a priori subset; no score-based optimization
speed,legacy_tworoom_multistep_panels_2026-09-30,agent,True,current_state_displacement_scale,0.5,25,finest3,3,0.03952991452991453,3.9529914529914527,96.04700854700855,,,,fixed a priori subset; no score-based optimization
speed,legacy_tworoom_multistep_panels_2026-09-30,agent,True,current_state_displacement_scale,1,5,all5,5,1.0,100.0,0.0,,,,fixed a priori subset; no score-based optimization
speed,legacy_tworoom_multistep_panels_2026-09-30,agent,True,current_state_displacement_scale,1,5,coarsest3,3,1.0,100.0,0.0,,,,fixed a priori subset; no score-based optimization
speed,legacy_tworoom_multistep_panels_2026-09-30,agent,True,current_state_displacement_scale,1,5,finest3,3,1.0,100.0,0.0,,,,fixed a priori subset; no score-based optimization
speed,legacy_tworoom_multistep_panels_2026-09-30,agent,True,current_state_displacement_scale,1,10,all5,5,1.0,100.0,0.0,,,,fixed a priori subset; no score-based optimization
speed,legacy_tworoom_multistep_panels_2026-09-30,agent,True,current_state_displacement_scale,1,10,coarsest3,3,1.0,100.0,0.0,,,,fixed a priori subset; no score-based optimization
speed,legacy_tworoom_multistep_panels_2026-09-30,agent,True,current_state_displacement_scale,1,10,finest3,3,1.0,100.0,0.0,,,,fixed a priori subset; no score-based optimization
speed,legacy_tworoom_multistep_panels_2026-09-30,agent,True,current_state_displacement_scale,1,15,all5,5,1.0,100.0,0.0,,,,fixed a priori subset; no score-based optimization
speed,legacy_tworoom_multistep_panels_2026-09-30,agent,True,current_state_displacement_scale,1,15,coarsest3,3,1.0,100.0,0.0,,,,fixed a priori subset; no score-based optimization
speed,legacy_tworoom_multistep_panels_2026-09-30,agent,True,current_state_displacement_scale,1,15,finest3,3,1.0,100.0,0.0,,,,fixed a priori subset; no score-based optimization
speed,legacy_tworoom_multistep_panels_2026-09-30,agent,True,current_state_displacement_scale,1,20,all5,5,1.0,100.0,0.0,,,,fixed a priori subset; no score-based optimization
speed,legacy_tworoom_multistep_panels_2026-09-30,agent,True,current_state_displacement_scale,1,20,coarsest3,3,1.0,100.0,0.0,,,,fixed a priori subset; no score-based optimization
speed,legacy_tworoom_multistep_panels_2026-09-30,agent,True,current_state_displacement_scale,1,20,finest3,3,1.0,100.0,0.0,,,,fixed a priori subset; no score-based optimization
speed,legacy_tworoom_multistep_panels_2026-09-30,agent,True,current_state_displacement_scale,1,25,all5,5,1.0,100.0,0.0,,,,fixed a priori subset; no score-based optimization
speed,legacy_tworoom_multistep_panels_2026-09-30,agent,True,current_state_displacement_scale,1,25,coarsest3,3,1.0,100.0,0.0,,,,fixed a priori subset; no score-based optimization
speed,legacy_tworoom_multistep_panels_2026-09-30,agent,True,current_state_displacement_scale,1,25,finest3,3,1.0,100.0,0.0,,,,fixed a priori subset; no score-based optimization
speed,legacy_tworoom_multistep_panels_2026-09-30,agent,True,current_state_displacement_scale,1.5,5,all5,5,0.39081196581196587,39.081196581196586,60.918803418803414,,,,fixed a priori subset; no score-based optimization
speed,legacy_tworoom_multistep_panels_2026-09-30,agent,True,current_state_displacement_scale,1.5,5,coarsest3,3,0.5986467236467236,59.86467236467236,40.13532763532764,,,,fixed a priori subset; no score-based optimization
speed,legacy_tworoom_multistep_panels_2026-09-30,agent,True,current_state_displacement_scale,1.5,5,finest3,3,0.14494301994301995,14.494301994301996,85.50569800569801,,,,fixed a priori subset; no score-based optimization
speed,legacy_tworoom_multistep_panels_2026-09-30,agent,True,current_state_displacement_scale,1.5,10,all5,5,0.21609686609686607,21.609686609686605,78.3903133903134,,,,fixed a priori subset; no score-based optimization
speed,legacy_tworoom_multistep_panels_2026-09-30,agent,True,current_state_displacement_scale,1.5,10,coarsest3,3,0.32941595441595434,32.94159544159543,67.05840455840458,,,,fixed a priori subset; no score-based optimization
speed,legacy_tworoom_multistep_panels_2026-09-30,agent,True,current_state_displacement_scale,1.5,10,finest3,3,0.06588319088319088,6.588319088319087,93.41168091168092,,,,fixed a priori subset; no score-based optimization
speed,legacy_tworoom_multistep_panels_2026-09-30,agent,True,current_state_displacement_scale,1.5,15,all5,5,0.137037037037037,13.7037037037037,86.29629629629629,,,,fixed a priori subset; no score-based optimization
speed,legacy_tworoom_multistep_panels_2026-09-30,agent,True,current_state_displacement_scale,1.5,15,coarsest3,3,0.20204178537511872,20.204178537511872,79.79582146248812,,,,fixed a priori subset; no score-based optimization
speed,legacy_tworoom_multistep_panels_2026-09-30,agent,True,current_state_displacement_scale,1.5,15,finest3,3,0.04392212725546058,4.392212725546059,95.60778727445394,,,,fixed a priori subset; no score-based optimization
speed,legacy_tworoom_multistep_panels_2026-09-30,agent,True,current_state_displacement_scale,1.5,20,all5,5,0.10277777777777777,10.277777777777777,89.72222222222223,,,,fixed a priori subset; no score-based optimization
speed,legacy_tworoom_multistep_panels_2026-09-30,agent,True,current_state_displacement_scale,1.5,20,coarsest3,3,0.14494301994301995,14.494301994301996,85.50569800569801,,,,fixed a priori subset; no score-based optimization
speed,legacy_tworoom_multistep_panels_2026-09-30,agent,True,current_state_displacement_scale,1.5,20,finest3,3,0.04392212725546058,4.392212725546059,95.60778727445394,,,,fixed a priori subset; no score-based optimization
speed,legacy_tworoom_multistep_panels_2026-09-30,agent,True,current_state_displacement_scale,1.5,25,all5,5,0.07642450142450141,7.642450142450141,92.35754985754986,,,,fixed a priori subset; no score-based optimization
speed,legacy_tworoom_multistep_panels_2026-09-30,agent,True,current_state_displacement_scale,1.5,25,coarsest3,3,0.10102089268755936,10.102089268755936,89.89791073124407,,,,fixed a priori subset; no score-based optimization
speed,legacy_tworoom_multistep_panels_2026-09-30,agent,True,current_state_displacement_scale,1.5,25,finest3,3,0.03952991452991453,3.9529914529914527,96.04700854700855,,,,fixed a priori subset; no score-based optimization
speed,legacy_tworoom_multistep_panels_2026-09-30,agent,True,current_state_displacement_scale,2,5,all5,5,0.21609686609686607,21.609686609686605,78.3903133903134,,,,fixed a priori subset; no score-based optimization
speed,legacy_tworoom_multistep_panels_2026-09-30,agent,True,current_state_displacement_scale,2,5,coarsest3,3,0.32941595441595434,32.94159544159543,67.05840455840458,,,,fixed a priori subset; no score-based optimization
speed,legacy_tworoom_multistep_panels_2026-09-30,agent,True,current_state_displacement_scale,2,5,finest3,3,0.06588319088319088,6.588319088319087,93.41168091168092,,,,fixed a priori subset; no score-based optimization
speed,legacy_tworoom_multistep_panels_2026-09-30,agent,True,current_state_displacement_scale,2,10,all5,5,0.10277777777777777,10.277777777777777,89.72222222222223,,,,fixed a priori subset; no score-based optimization
speed,legacy_tworoom_multistep_panels_2026-09-30,agent,True,current_state_displacement_scale,2,10,coarsest3,3,0.14494301994301995,14.494301994301996,85.50569800569801,,,,fixed a priori subset; no score-based optimization
speed,legacy_tworoom_multistep_panels_2026-09-30,agent,True,current_state_displacement_scale,2,10,finest3,3,0.04392212725546058,4.392212725546059,95.60778727445394,,,,fixed a priori subset; no score-based optimization
speed,legacy_tworoom_multistep_panels_2026-09-30,agent,True,current_state_displacement_scale,2,15,all5,5,0.06324786324786325,6.3247863247863245,93.67521367521367,,,,fixed a priori subset; no score-based optimization
speed,legacy_tworoom_multistep_panels_2026-09-30,agent,True,current_state_displacement_scale,2,15,coarsest3,3,0.07905982905982904,7.9059829059829045,92.0940170940171,,,,fixed a priori subset; no score-based optimization
speed,legacy_tworoom_multistep_panels_2026-09-30,agent,True,current_state_displacement_scale,2,15,finest3,3,0.03952991452991453,3.9529914529914527,96.04700854700855,,,,fixed a priori subset; no score-based optimization
speed,legacy_tworoom_multistep_panels_2026-09-30,agent,True,current_state_displacement_scale,2,20,all5,5,0.05534188034188033,5.534188034188033,94.46581196581197,,,,fixed a priori subset; no score-based optimization
speed,legacy_tworoom_multistep_panels_2026-09-30,agent,True,current_state_displacement_scale,2,20,coarsest3,3,0.06588319088319088,6.588319088319087,93.41168091168092,,,,fixed a priori subset; no score-based optimization
speed,legacy_tworoom_multistep_panels_2026-09-30,agent,True,current_state_displacement_scale,2,20,finest3,3,0.03952991452991453,3.9529914529914527,96.04700854700855,,,,fixed a priori subset; no score-based optimization
speed,legacy_tworoom_multistep_panels_2026-09-30,agent,True,current_state_displacement_scale,2,25,all5,5,0.044800569800569796,4.48005698005698,95.51994301994301,,,,fixed a priori subset; no score-based optimization
speed,legacy_tworoom_multistep_panels_2026-09-30,agent,True,current_state_displacement_scale,2,25,coarsest3,3,0.04831433998100664,4.831433998100664,95.16856600189934,,,,fixed a priori subset; no score-based optimization
speed,legacy_tworoom_multistep_panels_2026-09-30,agent,True,current_state_displacement_scale,2,25,finest3,3,0.03952991452991453,3.9529914529914527,96.04700854700855,,,,fixed a priori subset; no score-based optimization
speed,legacy_tworoom_multistep_panels_2026-09-30,agent,True,exact_truth,,5,all5,5,1.0,100.0,0.0,,,,fixed a priori subset; no score-based optimization
speed,legacy_tworoom_multistep_panels_2026-09-30,agent,True,exact_truth,,5,coarsest3,3,1.0,100.0,0.0,,,,fixed a priori subset; no score-based optimization
speed,legacy_tworoom_multistep_panels_2026-09-30,agent,True,exact_truth,,5,finest3,3,1.0,100.0,0.0,,,,fixed a priori subset; no score-based optimization
speed,legacy_tworoom_multistep_panels_2026-09-30,agent,True,exact_truth,,10,all5,5,1.0,100.0,0.0,,,,fixed a priori subset; no score-based optimization
speed,legacy_tworoom_multistep_panels_2026-09-30,agent,True,exact_truth,,10,coarsest3,3,1.0,100.0,0.0,,,,fixed a priori subset; no score-based optimization
speed,legacy_tworoom_multistep_panels_2026-09-30,agent,True,exact_truth,,10,finest3,3,1.0,100.0,0.0,,,,fixed a priori subset; no score-based optimization
speed,legacy_tworoom_multistep_panels_2026-09-30,agent,True,exact_truth,,15,all5,5,1.0,100.0,0.0,,,,fixed a priori subset; no score-based optimization
speed,legacy_tworoom_multistep_panels_2026-09-30,agent,True,exact_truth,,15,coarsest3,3,1.0,100.0,0.0,,,,fixed a priori subset; no score-based optimization
speed,legacy_tworoom_multistep_panels_2026-09-30,agent,True,exact_truth,,15,finest3,3,1.0,100.0,0.0,,,,fixed a priori subset; no score-based optimization
speed,legacy_tworoom_multistep_panels_2026-09-30,agent,True,exact_truth,,20,all5,5,1.0,100.0,0.0,,,,fixed a priori subset; no score-based optimization
speed,legacy_tworoom_multistep_panels_2026-09-30,agent,True,exact_truth,,20,coarsest3,3,1.0,100.0,0.0,,,,fixed a priori subset; no score-based optimization
speed,legacy_tworoom_multistep_panels_2026-09-30,agent,True,exact_truth,,20,finest3,3,1.0,100.0,0.0,,,,fixed a priori subset; no score-based optimization
speed,legacy_tworoom_multistep_panels_2026-09-30,agent,True,exact_truth,,25,all5,5,1.0,100.0,0.0,,,,fixed a priori subset; no score-based optimization
speed,legacy_tworoom_multistep_panels_2026-09-30,agent,True,exact_truth,,25,coarsest3,3,1.0,100.0,0.0,,,,fixed a priori subset; no score-based optimization
speed,legacy_tworoom_multistep_panels_2026-09-30,agent,True,exact_truth,,25,finest3,3,1.0,100.0,0.0,,,,fixed a priori subset; no score-based optimization
speed,legacy_tworoom_multistep_panels_2026-09-30,agent,True,fixed_norm_offset,1,5,all5,5,0.8,80.0,19.999999999999996,,,,fixed a priori subset; no score-based optimization
speed,legacy_tworoom_multistep_panels_2026-09-30,agent,True,fixed_norm_offset,1,5,coarsest3,3,1.0,100.0,0.0,,,,fixed a priori subset; no score-based optimization
speed,legacy_tworoom_multistep_panels_2026-09-30,agent,True,fixed_norm_offset,1,5,finest3,3,0.6666666666666666,66.66666666666666,33.333333333333336,,,,fixed a priori subset; no score-based optimization
speed,legacy_tworoom_multistep_panels_2026-09-30,agent,True,fixed_norm_offset,1,10,all5,5,0.8,80.0,19.999999999999996,,,,fixed a priori subset; no score-based optimization
speed,legacy_tworoom_multistep_panels_2026-09-30,agent,True,fixed_norm_offset,1,10,coarsest3,3,1.0,100.0,0.0,,,,fixed a priori subset; no score-based optimization
speed,legacy_tworoom_multistep_panels_2026-09-30,agent,True,fixed_norm_offset,1,10,finest3,3,0.6666666666666666,66.66666666666666,33.333333333333336,,,,fixed a priori subset; no score-based optimization
speed,legacy_tworoom_multistep_panels_2026-09-30,agent,True,fixed_norm_offset,1,15,all5,5,0.8,80.0,19.999999999999996,,,,fixed a priori subset; no score-based optimization
speed,legacy_tworoom_multistep_panels_2026-09-30,agent,True,fixed_norm_offset,1,15,coarsest3,3,1.0,100.0,0.0,,,,fixed a priori subset; no score-based optimization
speed,legacy_tworoom_multistep_panels_2026-09-30,agent,True,fixed_norm_offset,1,15,finest3,3,0.6666666666666666,66.66666666666666,33.333333333333336,,,,fixed a priori subset; no score-based optimization
speed,legacy_tworoom_multistep_panels_2026-09-30,agent,True,fixed_norm_offset,1,20,all5,5,0.8,80.0,19.999999999999996,,,,fixed a priori subset; no score-based optimization
speed,legacy_tworoom_multistep_panels_2026-09-30,agent,True,fixed_norm_offset,1,20,coarsest3,3,1.0,100.0,0.0,,,,fixed a priori subset; no score-based optimization
speed,legacy_tworoom_multistep_panels_2026-09-30,agent,True,fixed_norm_offset,1,20,finest3,3,0.6666666666666666,66.66666666666666,33.333333333333336,,,,fixed a priori subset; no score-based optimization
speed,legacy_tworoom_multistep_panels_2026-09-30,agent,True,fixed_norm_offset,1,25,all5,5,0.8,80.0,19.999999999999996,,,,fixed a priori subset; no score-based optimization
speed,legacy_tworoom_multistep_panels_2026-09-30,agent,True,fixed_norm_offset,1,25,coarsest3,3,1.0,100.0,0.0,,,,fixed a priori subset; no score-based optimization
speed,legacy_tworoom_multistep_panels_2026-09-30,agent,True,fixed_norm_offset,1,25,finest3,3,0.6666666666666666,66.66666666666666,33.333333333333336,,,,fixed a priori subset; no score-based optimization
speed,legacy_tworoom_multistep_panels_2026-09-30,agent,True,fixed_norm_offset,16,5,all5,5,0.0,0.0,100.0,,,,fixed a priori subset; no score-based optimization
speed,legacy_tworoom_multistep_panels_2026-09-30,agent,True,fixed_norm_offset,16,5,coarsest3,3,0.0,0.0,100.0,,,,fixed a priori subset; no score-based optimization
speed,legacy_tworoom_multistep_panels_2026-09-30,agent,True,fixed_norm_offset,16,5,finest3,3,0.0,0.0,100.0,,,,fixed a priori subset; no score-based optimization
speed,legacy_tworoom_multistep_panels_2026-09-30,agent,True,fixed_norm_offset,16,10,all5,5,0.0,0.0,100.0,,,,fixed a priori subset; no score-based optimization
speed,legacy_tworoom_multistep_panels_2026-09-30,agent,True,fixed_norm_offset,16,10,coarsest3,3,0.0,0.0,100.0,,,,fixed a priori subset; no score-based optimization
speed,legacy_tworoom_multistep_panels_2026-09-30,agent,True,fixed_norm_offset,16,10,finest3,3,0.0,0.0,100.0,,,,fixed a priori subset; no score-based optimization
speed,legacy_tworoom_multistep_panels_2026-09-30,agent,True,fixed_norm_offset,16,15,all5,5,0.0,0.0,100.0,,,,fixed a priori subset; no score-based optimization
speed,legacy_tworoom_multistep_panels_2026-09-30,agent,True,fixed_norm_offset,16,15,coarsest3,3,0.0,0.0,100.0,,,,fixed a priori subset; no score-based optimization
speed,legacy_tworoom_multistep_panels_2026-09-30,agent,True,fixed_norm_offset,16,15,finest3,3,0.0,0.0,100.0,,,,fixed a priori subset; no score-based optimization
speed,legacy_tworoom_multistep_panels_2026-09-30,agent,True,fixed_norm_offset,16,20,all5,5,0.0,0.0,100.0,,,,fixed a priori subset; no score-based optimization
speed,legacy_tworoom_multistep_panels_2026-09-30,agent,True,fixed_norm_offset,16,20,coarsest3,3,0.0,0.0,100.0,,,,fixed a priori subset; no score-based optimization
speed,legacy_tworoom_multistep_panels_2026-09-30,agent,True,fixed_norm_offset,16,20,finest3,3,0.0,0.0,100.0,,,,fixed a priori subset; no score-based optimization
speed,legacy_tworoom_multistep_panels_2026-09-30,agent,True,fixed_norm_offset,16,25,all5,5,0.0,0.0,100.0,,,,fixed a priori subset; no score-based optimization
speed,legacy_tworoom_multistep_panels_2026-09-30,agent,True,fixed_norm_offset,16,25,coarsest3,3,0.0,0.0,100.0,,,,fixed a priori subset; no score-based optimization
speed,legacy_tworoom_multistep_panels_2026-09-30,agent,True,fixed_norm_offset,16,25,finest3,3,0.0,0.0,100.0,,,,fixed a priori subset; no score-based optimization
speed,legacy_tworoom_multistep_panels_2026-09-30,agent,True,fixed_norm_offset,2,5,all5,5,0.6,60.0,40.0,,,,fixed a priori subset; no score-based optimization
speed,legacy_tworoom_multistep_panels_2026-09-30,agent,True,fixed_norm_offset,2,5,coarsest3,3,1.0,100.0,0.0,,,,fixed a priori subset; no score-based optimization
speed,legacy_tworoom_multistep_panels_2026-09-30,agent,True,fixed_norm_offset,2,5,finest3,3,0.3333333333333333,33.33333333333333,66.66666666666667,,,,fixed a priori subset; no score-based optimization
speed,legacy_tworoom_multistep_panels_2026-09-30,agent,True,fixed_norm_offset,2,10,all5,5,0.6,60.0,40.0,,,,fixed a priori subset; no score-based optimization
speed,legacy_tworoom_multistep_panels_2026-09-30,agent,True,fixed_norm_offset,2,10,coarsest3,3,1.0,100.0,0.0,,,,fixed a priori subset; no score-based optimization
speed,legacy_tworoom_multistep_panels_2026-09-30,agent,True,fixed_norm_offset,2,10,finest3,3,0.3333333333333333,33.33333333333333,66.66666666666667,,,,fixed a priori subset; no score-based optimization
speed,legacy_tworoom_multistep_panels_2026-09-30,agent,True,fixed_norm_offset,2,15,all5,5,0.6,60.0,40.0,,,,fixed a priori subset; no score-based optimization
speed,legacy_tworoom_multistep_panels_2026-09-30,agent,True,fixed_norm_offset,2,15,coarsest3,3,1.0,100.0,0.0,,,,fixed a priori subset; no score-based optimization
speed,legacy_tworoom_multistep_panels_2026-09-30,agent,True,fixed_norm_offset,2,15,finest3,3,0.3333333333333333,33.33333333333333,66.66666666666667,,,,fixed a priori subset; no score-based optimization
speed,legacy_tworoom_multistep_panels_2026-09-30,agent,True,fixed_norm_offset,2,20,all5,5,0.6,60.0,40.0,,,,fixed a priori subset; no score-based optimization
speed,legacy_tworoom_multistep_panels_2026-09-30,agent,True,fixed_norm_offset,2,20,coarsest3,3,1.0,100.0,0.0,,,,fixed a priori subset; no score-based optimization
speed,legacy_tworoom_multistep_panels_2026-09-30,agent,True,fixed_norm_offset,2,20,finest3,3,0.3333333333333333,33.33333333333333,66.66666666666667,,,,fixed a priori subset; no score-based optimization
speed,legacy_tworoom_multistep_panels_2026-09-30,agent,True,fixed_norm_offset,2,25,all5,5,0.6,60.0,40.0,,,,fixed a priori subset; no score-based optimization
speed,legacy_tworoom_multistep_panels_2026-09-30,agent,True,fixed_norm_offset,2,25,coarsest3,3,1.0,100.0,0.0,,,,fixed a priori subset; no score-based optimization
speed,legacy_tworoom_multistep_panels_2026-09-30,agent,True,fixed_norm_offset,2,25,finest3,3,0.3333333333333333,33.33333333333333,66.66666666666667,,,,fixed a priori subset; no score-based optimization
speed,legacy_tworoom_multistep_panels_2026-09-30,agent,True,fixed_norm_offset,32,5,all5,5,0.0,0.0,100.0,,,,fixed a priori subset; no score-based optimization
speed,legacy_tworoom_multistep_panels_2026-09-30,agent,True,fixed_norm_offset,32,5,coarsest3,3,0.0,0.0,100.0,,,,fixed a priori subset; no score-based optimization
speed,legacy_tworoom_multistep_panels_2026-09-30,agent,True,fixed_norm_offset,32,5,finest3,3,0.0,0.0,100.0,,,,fixed a priori subset; no score-based optimization
speed,legacy_tworoom_multistep_panels_2026-09-30,agent,True,fixed_norm_offset,32,10,all5,5,0.0,0.0,100.0,,,,fixed a priori subset; no score-based optimization
speed,legacy_tworoom_multistep_panels_2026-09-30,agent,True,fixed_norm_offset,32,10,coarsest3,3,0.0,0.0,100.0,,,,fixed a priori subset; no score-based optimization
speed,legacy_tworoom_multistep_panels_2026-09-30,agent,True,fixed_norm_offset,32,10,finest3,3,0.0,0.0,100.0,,,,fixed a priori subset; no score-based optimization
speed,legacy_tworoom_multistep_panels_2026-09-30,agent,True,fixed_norm_offset,32,15,all5,5,0.0,0.0,100.0,,,,fixed a priori subset; no score-based optimization
speed,legacy_tworoom_multistep_panels_2026-09-30,agent,True,fixed_norm_offset,32,15,coarsest3,3,0.0,0.0,100.0,,,,fixed a priori subset; no score-based optimization
speed,legacy_tworoom_multistep_panels_2026-09-30,agent,True,fixed_norm_offset,32,15,finest3,3,0.0,0.0,100.0,,,,fixed a priori subset; no score-based optimization
speed,legacy_tworoom_multistep_panels_2026-09-30,agent,True,fixed_norm_offset,32,20,all5,5,0.0,0.0,100.0,,,,fixed a priori subset; no score-based optimization
speed,legacy_tworoom_multistep_panels_2026-09-30,agent,True,fixed_norm_offset,32,20,coarsest3,3,0.0,0.0,100.0,,,,fixed a priori subset; no score-based optimization
speed,legacy_tworoom_multistep_panels_2026-09-30,agent,True,fixed_norm_offset,32,20,finest3,3,0.0,0.0,100.0,,,,fixed a priori subset; no score-based optimization
speed,legacy_tworoom_multistep_panels_2026-09-30,agent,True,fixed_norm_offset,32,25,all5,5,0.0,0.0,100.0,,,,fixed a priori subset; no score-based optimization
speed,legacy_tworoom_multistep_panels_2026-09-30,agent,True,fixed_norm_offset,32,25,coarsest3,3,0.0,0.0,100.0,,,,fixed a priori subset; no score-based optimization
speed,legacy_tworoom_multistep_panels_2026-09-30,agent,True,fixed_norm_offset,32,25,finest3,3,0.0,0.0,100.0,,,,fixed a priori subset; no score-based optimization
speed,legacy_tworoom_multistep_panels_2026-09-30,agent,True,fixed_norm_offset,4,5,all5,5,0.4,40.0,60.0,,,,fixed a priori subset; no score-based optimization
speed,legacy_tworoom_multistep_panels_2026-09-30,agent,True,fixed_norm_offset,4,5,coarsest3,3,0.6666666666666666,66.66666666666666,33.333333333333336,,,,fixed a priori subset; no score-based optimization
speed,legacy_tworoom_multistep_panels_2026-09-30,agent,True,fixed_norm_offset,4,5,finest3,3,0.0,0.0,100.0,,,,fixed a priori subset; no score-based optimization
speed,legacy_tworoom_multistep_panels_2026-09-30,agent,True,fixed_norm_offset,4,10,all5,5,0.4,40.0,60.0,,,,fixed a priori subset; no score-based optimization
speed,legacy_tworoom_multistep_panels_2026-09-30,agent,True,fixed_norm_offset,4,10,coarsest3,3,0.6666666666666666,66.66666666666666,33.333333333333336,,,,fixed a priori subset; no score-based optimization
speed,legacy_tworoom_multistep_panels_2026-09-30,agent,True,fixed_norm_offset,4,10,finest3,3,0.0,0.0,100.0,,,,fixed a priori subset; no score-based optimization
speed,legacy_tworoom_multistep_panels_2026-09-30,agent,True,fixed_norm_offset,4,15,all5,5,0.4,40.0,60.0,,,,fixed a priori subset; no score-based optimization
speed,legacy_tworoom_multistep_panels_2026-09-30,agent,True,fixed_norm_offset,4,15,coarsest3,3,0.6666666666666666,66.66666666666666,33.333333333333336,,,,fixed a priori subset; no score-based optimization
speed,legacy_tworoom_multistep_panels_2026-09-30,agent,True,fixed_norm_offset,4,15,finest3,3,0.0,0.0,100.0,,,,fixed a priori subset; no score-based optimization
speed,legacy_tworoom_multistep_panels_2026-09-30,agent,True,fixed_norm_offset,4,20,all5,5,0.4,40.0,60.0,,,,fixed a priori subset; no score-based optimization
speed,legacy_tworoom_multistep_panels_2026-09-30,agent,True,fixed_norm_offset,4,20,coarsest3,3,0.6666666666666666,66.66666666666666,33.333333333333336,,,,fixed a priori subset; no score-based optimization
speed,legacy_tworoom_multistep_panels_2026-09-30,agent,True,fixed_norm_offset,4,20,finest3,3,0.0,0.0,100.0,,,,fixed a priori subset; no score-based optimization
speed,legacy_tworoom_multistep_panels_2026-09-30,agent,True,fixed_norm_offset,4,25,all5,5,0.4,40.0,60.0,,,,fixed a priori subset; no score-based optimization
speed,legacy_tworoom_multistep_panels_2026-09-30,agent,True,fixed_norm_offset,4,25,coarsest3,3,0.6666666666666666,66.66666666666666,33.333333333333336,,,,fixed a priori subset; no score-based optimization
speed,legacy_tworoom_multistep_panels_2026-09-30,agent,True,fixed_norm_offset,4,25,finest3,3,0.0,0.0,100.0,,,,fixed a priori subset; no score-based optimization
speed,legacy_tworoom_multistep_panels_2026-09-30,agent,True,fixed_norm_offset,64,5,all5,5,0.0,0.0,100.0,,,,fixed a priori subset; no score-based optimization
speed,legacy_tworoom_multistep_panels_2026-09-30,agent,True,fixed_norm_offset,64,5,coarsest3,3,0.0,0.0,100.0,,,,fixed a priori subset; no score-based optimization
speed,legacy_tworoom_multistep_panels_2026-09-30,agent,True,fixed_norm_offset,64,5,finest3,3,0.0,0.0,100.0,,,,fixed a priori subset; no score-based optimization
speed,legacy_tworoom_multistep_panels_2026-09-30,agent,True,fixed_norm_offset,64,10,all5,5,0.0,0.0,100.0,,,,fixed a priori subset; no score-based optimization
speed,legacy_tworoom_multistep_panels_2026-09-30,agent,True,fixed_norm_offset,64,10,coarsest3,3,0.0,0.0,100.0,,,,fixed a priori subset; no score-based optimization
speed,legacy_tworoom_multistep_panels_2026-09-30,agent,True,fixed_norm_offset,64,10,finest3,3,0.0,0.0,100.0,,,,fixed a priori subset; no score-based optimization
speed,legacy_tworoom_multistep_panels_2026-09-30,agent,True,fixed_norm_offset,64,15,all5,5,0.0,0.0,100.0,,,,fixed a priori subset; no score-based optimization
speed,legacy_tworoom_multistep_panels_2026-09-30,agent,True,fixed_norm_offset,64,15,coarsest3,3,0.0,0.0,100.0,,,,fixed a priori subset; no score-based optimization
speed,legacy_tworoom_multistep_panels_2026-09-30,agent,True,fixed_norm_offset,64,15,finest3,3,0.0,0.0,100.0,,,,fixed a priori subset; no score-based optimization
speed,legacy_tworoom_multistep_panels_2026-09-30,agent,True,fixed_norm_offset,64,20,all5,5,0.0,0.0,100.0,,,,fixed a priori subset; no score-based optimization
speed,legacy_tworoom_multistep_panels_2026-09-30,agent,True,fixed_norm_offset,64,20,coarsest3,3,0.0,0.0,100.0,,,,fixed a priori subset; no score-based optimization
speed,legacy_tworoom_multistep_panels_2026-09-30,agent,True,fixed_norm_offset,64,20,finest3,3,0.0,0.0,100.0,,,,fixed a priori subset; no score-based optimization
speed,legacy_tworoom_multistep_panels_2026-09-30,agent,True,fixed_norm_offset,64,25,all5,5,0.0,0.0,100.0,,,,fixed a priori subset; no score-based optimization
speed,legacy_tworoom_multistep_panels_2026-09-30,agent,True,fixed_norm_offset,64,25,coarsest3,3,0.0,0.0,100.0,,,,fixed a priori subset; no score-based optimization
speed,legacy_tworoom_multistep_panels_2026-09-30,agent,True,fixed_norm_offset,64,25,finest3,3,0.0,0.0,100.0,,,,fixed a priori subset; no score-based optimization
speed,legacy_tworoom_multistep_panels_2026-09-30,agent,True,fixed_norm_offset,8,5,all5,5,0.2,20.0,80.0,,,,fixed a priori subset; no score-based optimization
speed,legacy_tworoom_multistep_panels_2026-09-30,agent,True,fixed_norm_offset,8,5,coarsest3,3,0.3333333333333333,33.33333333333333,66.66666666666667,,,,fixed a priori subset; no score-based optimization
speed,legacy_tworoom_multistep_panels_2026-09-30,agent,True,fixed_norm_offset,8,5,finest3,3,0.0,0.0,100.0,,,,fixed a priori subset; no score-based optimization
speed,legacy_tworoom_multistep_panels_2026-09-30,agent,True,fixed_norm_offset,8,10,all5,5,0.2,20.0,80.0,,,,fixed a priori subset; no score-based optimization
speed,legacy_tworoom_multistep_panels_2026-09-30,agent,True,fixed_norm_offset,8,10,coarsest3,3,0.3333333333333333,33.33333333333333,66.66666666666667,,,,fixed a priori subset; no score-based optimization
speed,legacy_tworoom_multistep_panels_2026-09-30,agent,True,fixed_norm_offset,8,10,finest3,3,0.0,0.0,100.0,,,,fixed a priori subset; no score-based optimization
speed,legacy_tworoom_multistep_panels_2026-09-30,agent,True,fixed_norm_offset,8,15,all5,5,0.2,20.0,80.0,,,,fixed a priori subset; no score-based optimization
speed,legacy_tworoom_multistep_panels_2026-09-30,agent,True,fixed_norm_offset,8,15,coarsest3,3,0.3333333333333333,33.33333333333333,66.66666666666667,,,,fixed a priori subset; no score-based optimization
speed,legacy_tworoom_multistep_panels_2026-09-30,agent,True,fixed_norm_offset,8,15,finest3,3,0.0,0.0,100.0,,,,fixed a priori subset; no score-based optimization
speed,legacy_tworoom_multistep_panels_2026-09-30,agent,True,fixed_norm_offset,8,20,all5,5,0.2,20.0,80.0,,,,fixed a priori subset; no score-based optimization
speed,legacy_tworoom_multistep_panels_2026-09-30,agent,True,fixed_norm_offset,8,20,coarsest3,3,0.3333333333333333,33.33333333333333,66.66666666666667,,,,fixed a priori subset; no score-based optimization
speed,legacy_tworoom_multistep_panels_2026-09-30,agent,True,fixed_norm_offset,8,20,finest3,3,0.0,0.0,100.0,,,,fixed a priori subset; no score-based optimization
speed,legacy_tworoom_multistep_panels_2026-09-30,agent,True,fixed_norm_offset,8,25,all5,5,0.2,20.0,80.0,,,,fixed a priori subset; no score-based optimization
speed,legacy_tworoom_multistep_panels_2026-09-30,agent,True,fixed_norm_offset,8,25,coarsest3,3,0.3333333333333333,33.33333333333333,66.66666666666667,,,,fixed a priori subset; no score-based optimization
speed,legacy_tworoom_multistep_panels_2026-09-30,agent,True,fixed_norm_offset,8,25,finest3,3,0.0,0.0,100.0,,,,fixed a priori subset; no score-based optimization
speed,legacy_tworoom_multistep_panels_2026-09-30,agent,True,temporal_lag_prepend_current,one_horizon,5,all5,5,0.21609686609686607,21.609686609686605,78.3903133903134,,,,fixed a priori subset; no score-based optimization
speed,legacy_tworoom_multistep_panels_2026-09-30,agent,True,temporal_lag_prepend_current,one_horizon,5,coarsest3,3,0.32941595441595434,32.94159544159543,67.05840455840458,,,,fixed a priori subset; no score-based optimization
speed,legacy_tworoom_multistep_panels_2026-09-30,agent,True,temporal_lag_prepend_current,one_horizon,5,finest3,3,0.06588319088319088,6.588319088319087,93.41168091168092,,,,fixed a priori subset; no score-based optimization
speed,legacy_tworoom_multistep_panels_2026-09-30,agent,True,temporal_lag_prepend_current,one_horizon,10,all5,5,0.21609686609686607,21.609686609686605,78.3903133903134,,,,fixed a priori subset; no score-based optimization
speed,legacy_tworoom_multistep_panels_2026-09-30,agent,True,temporal_lag_prepend_current,one_horizon,10,coarsest3,3,0.32941595441595434,32.94159544159543,67.05840455840458,,,,fixed a priori subset; no score-based optimization
speed,legacy_tworoom_multistep_panels_2026-09-30,agent,True,temporal_lag_prepend_current,one_horizon,10,finest3,3,0.06588319088319088,6.588319088319087,93.41168091168092,,,,fixed a priori subset; no score-based optimization
speed,legacy_tworoom_multistep_panels_2026-09-30,agent,True,temporal_lag_prepend_current,one_horizon,15,all5,5,0.21749999999999997,21.749999999999996,78.25,,,,fixed a priori subset; no score-based optimization
speed,legacy_tworoom_multistep_panels_2026-09-30,agent,True,temporal_lag_prepend_current,one_horizon,15,coarsest3,3,0.33125356125356126,33.12535612535613,66.87464387464388,,,,fixed a priori subset; no score-based optimization
speed,legacy_tworoom_multistep_panels_2026-09-30,agent,True,temporal_lag_prepend_current,one_horizon,15,finest3,3,0.06669990503323836,6.669990503323836,93.33000949667615,,,,fixed a priori subset; no score-based optimization
speed,legacy_tworoom_multistep_panels_2026-09-30,agent,True,temporal_lag_prepend_current,one_horizon,20,all5,5,0.23238603988603987,23.238603988603987,76.76139601139602,,,,fixed a priori subset; no score-based optimization
speed,legacy_tworoom_multistep_panels_2026-09-30,agent,True,temporal_lag_prepend_current,one_horizon,20,coarsest3,3,0.3483475783475784,34.83475783475784,65.16524216524215,,,,fixed a priori subset; no score-based optimization
speed,legacy_tworoom_multistep_panels_2026-09-30,agent,True,temporal_lag_prepend_current,one_horizon,20,finest3,3,0.07875237416904084,7.875237416904084,92.12476258309592,,,,fixed a priori subset; no score-based optimization
speed,legacy_tworoom_multistep_panels_2026-09-30,agent,True,temporal_lag_prepend_current,one_horizon,25,all5,5,0.26882264957264956,26.882264957264958,73.11773504273505,,,,fixed a priori subset; no score-based optimization
speed,legacy_tworoom_multistep_panels_2026-09-30,agent,True,temporal_lag_prepend_current,one_horizon,25,coarsest3,3,0.388005698005698,38.800569800569804,61.199430199430196,,,,fixed a priori subset; no score-based optimization
speed,legacy_tworoom_multistep_panels_2026-09-30,agent,True,temporal_lag_prepend_current,one_horizon,25,finest3,3,0.1110980531813865,11.109805318138651,88.89019468186135,,,,fixed a priori subset; no score-based optimization
speed,legacy_tworoom_multistep_panels_2026-09-30,agent,True,wrong_condition_true_future,cyclic_shift_by_1,5,all5,5,0.41972934472934476,41.972934472934476,58.027065527065524,,,,fixed a priori subset; no score-based optimization
speed,legacy_tworoom_multistep_panels_2026-09-30,agent,True,wrong_condition_true_future,cyclic_shift_by_1,5,coarsest3,3,0.64653371320038,64.653371320038,35.346628679962,,,,fixed a priori subset; no score-based optimization
speed,legacy_tworoom_multistep_panels_2026-09-30,agent,True,wrong_condition_true_future,cyclic_shift_by_1,5,finest3,3,0.17200379867046534,17.200379867046532,82.79962013295346,,,,fixed a priori subset; no score-based optimization
speed,legacy_tworoom_multistep_panels_2026-09-30,agent,True,wrong_condition_true_future,cyclic_shift_by_1,10,all5,5,0.244215811965812,24.4215811965812,75.5784188034188,,,,fixed a priori subset; no score-based optimization
speed,legacy_tworoom_multistep_panels_2026-09-30,agent,True,wrong_condition_true_future,cyclic_shift_by_1,10,coarsest3,3,0.376280864197531,37.628086419753096,62.3719135802469,,,,fixed a priori subset; no score-based optimization
speed,legacy_tworoom_multistep_panels_2026-09-30,agent,True,wrong_condition_true_future,cyclic_shift_by_1,10,finest3,3,0.06616096866096866,6.616096866096866,93.38390313390313,,,,fixed a priori subset; no score-based optimization
speed,legacy_tworoom_multistep_panels_2026-09-30,agent,True,wrong_condition_true_future,cyclic_shift_by_1,15,all5,5,0.1594159544159544,15.94159544159544,84.05840455840456,,,,fixed a priori subset; no score-based optimization
speed,legacy_tworoom_multistep_panels_2026-09-30,agent,True,wrong_condition_true_future,cyclic_shift_by_1,15,coarsest3,3,0.23866452991452994,23.866452991452995,76.13354700854701,,,,fixed a priori subset; no score-based optimization
speed,legacy_tworoom_multistep_panels_2026-09-30,agent,True,wrong_condition_true_future,cyclic_shift_by_1,15,finest3,3,0.049423076923076924,4.9423076923076925,95.0576923076923,,,,fixed a priori subset; no score-based optimization
speed,legacy_tworoom_multistep_panels_2026-09-30,agent,True,wrong_condition_true_future,cyclic_shift_by_1,20,all5,5,0.1319451566951567,13.194515669515669,86.80548433048433,,,,fixed a priori subset; no score-based optimization
speed,legacy_tworoom_multistep_panels_2026-09-30,agent,True,wrong_condition_true_future,cyclic_shift_by_1,20,coarsest3,3,0.18746438746438746,18.746438746438745,81.25356125356126,,,,fixed a priori subset; no score-based optimization
speed,legacy_tworoom_multistep_panels_2026-09-30,agent,True,wrong_condition_true_future,cyclic_shift_by_1,20,finest3,3,0.053536324786324786,5.353632478632479,94.64636752136752,,,,fixed a priori subset; no score-based optimization
speed,legacy_tworoom_multistep_panels_2026-09-30,agent,True,wrong_condition_true_future,cyclic_shift_by_1,25,all5,5,0.1284394586894587,12.84394586894587,87.15605413105413,,,,fixed a priori subset; no score-based optimization
speed,legacy_tworoom_multistep_panels_2026-09-30,agent,True,wrong_condition_true_future,cyclic_shift_by_1,25,coarsest3,3,0.1685292022792023,16.85292022792023,83.14707977207976,,,,fixed a priori subset; no score-based optimization
speed,legacy_tworoom_multistep_panels_2026-09-30,agent,True,wrong_condition_true_future,cyclic_shift_by_1,25,finest3,3,0.07318850902184236,7.318850902184236,92.68114909781576,,,,fixed a priori subset; no score-based optimization
